ISO-10303-21;
HEADER;
/* Generated by software containing ST-Developer
 * from STEP Tools, Inc. (www.steptools.com) 
 */

FILE_DESCRIPTION(
/* description */ (''),
/* implementation_level */ '2;1');

FILE_NAME(
/* name */ 'encoder-cap.step',
/* time_stamp */ '2026-10-05T21:00:07+11:00',
/* author */ (''),
/* organization */ (''),
/* preprocessor_version */ 'ST-DEVELOPER v20.2',
/* originating_system */ 'Autodesk Translation Framework v15.15.0.0',
/* authorisation */ '');

FILE_SCHEMA (('AUTOMOTIVE_DESIGN { 1 0 10303 214 3 1 1 }'));
ENDSEC;

DATA;
#10=MECHANICAL_DESIGN_GEOMETRIC_PRESENTATION_REPRESENTATION('',(#13),#2193);
#11=SHAPE_REPRESENTATION_RELATIONSHIP('SRR','None',#2199,#12);
#12=ADVANCED_BREP_SHAPE_REPRESENTATION('',(#14),#2192);
#13=STYLED_ITEM('',(#2208),#14);
#14=MANIFOLD_SOLID_BREP('cap',#1279);
#15=CONICAL_SURFACE('',#1353,20.9674960339494,1.32509789598306);
#16=CONICAL_SURFACE('',#1356,19.3536331371081,1.07939946517123);
#17=CONICAL_SURFACE('',#1360,18.575,0.588002603547568);
#18=FACE_BOUND('',#231,.T.);
#19=FACE_BOUND('',#236,.T.);
#20=FACE_BOUND('',#243,.T.);
#21=FACE_BOUND('',#261,.T.);
#22=FACE_BOUND('',#265,.T.);
#23=FACE_BOUND('',#268,.T.);
#24=FACE_BOUND('',#271,.T.);
#25=FACE_BOUND('',#279,.T.);
#26=FACE_BOUND('',#281,.T.);
#27=FACE_BOUND('',#282,.T.);
#28=FACE_BOUND('',#283,.T.);
#29=FACE_BOUND('',#284,.T.);
#30=FACE_BOUND('',#285,.T.);
#31=FACE_BOUND('',#286,.T.);
#32=FACE_BOUND('',#287,.T.);
#33=FACE_BOUND('',#290,.T.);
#34=FACE_BOUND('',#306,.T.);
#35=FACE_BOUND('',#307,.T.);
#36=FACE_BOUND('',#308,.T.);
#37=FACE_BOUND('',#309,.T.);
#38=FACE_BOUND('',#310,.T.);
#39=FACE_BOUND('',#311,.T.);
#40=FACE_BOUND('',#312,.T.);
#41=CIRCLE('',#1283,3.);
#42=CIRCLE('',#1284,3.);
#43=CIRCLE('',#1287,3.);
#44=CIRCLE('',#1288,3.);
#45=CIRCLE('',#1291,3.);
#46=CIRCLE('',#1292,3.);
#47=CIRCLE('',#1295,3.);
#48=CIRCLE('',#1296,3.);
#49=CIRCLE('',#1299,3.);
#50=CIRCLE('',#1300,3.);
#51=CIRCLE('',#1303,3.);
#52=CIRCLE('',#1304,3.);
#53=CIRCLE('',#1305,3.);
#54=CIRCLE('',#1306,3.);
#55=CIRCLE('',#1307,1.7);
#56=CIRCLE('',#1309,3.);
#57=CIRCLE('',#1311,3.);
#58=CIRCLE('',#1314,3.);
#59=CIRCLE('',#1315,3.);
#60=CIRCLE('',#1316,3.);
#61=CIRCLE('',#1317,3.);
#62=CIRCLE('',#1318,3.);
#63=CIRCLE('',#1319,1.7);
#64=CIRCLE('',#1321,3.);
#65=CIRCLE('',#1323,3.);
#66=CIRCLE('',#1326,3.);
#67=CIRCLE('',#1329,3.);
#68=CIRCLE('',#1330,3.);
#69=CIRCLE('',#1331,3.);
#70=CIRCLE('',#1332,3.);
#71=CIRCLE('',#1333,1.7);
#72=CIRCLE('',#1335,3.);
#73=CIRCLE('',#1337,3.);
#74=CIRCLE('',#1340,3.);
#75=CIRCLE('',#1344,3.);
#76=CIRCLE('',#1347,3.);
#77=CIRCLE('',#1354,20.0266587345654);
#78=CIRCLE('',#1355,21.9083333333333);
#79=CIRCLE('',#1357,17.7989329408829);
#80=CIRCLE('',#1359,22.575);
#81=CIRCLE('',#1361,17.575);
#82=CIRCLE('',#1363,2.25);
#83=CIRCLE('',#1364,2.25);
#84=CIRCLE('',#1366,1.7);
#85=CIRCLE('',#1368,2.25);
#86=CIRCLE('',#1369,2.25);
#87=CIRCLE('',#1371,1.7);
#88=CIRCLE('',#1373,2.25);
#89=CIRCLE('',#1374,2.25);
#90=CIRCLE('',#1376,1.7);
#91=CIRCLE('',#1378,1.25);
#92=CIRCLE('',#1379,1.25);
#93=CIRCLE('',#1381,4.);
#94=CIRCLE('',#1382,3.);
#95=CIRCLE('',#1384,4.);
#96=CIRCLE('',#1385,3.);
#97=CIRCLE('',#1388,3.);
#98=CIRCLE('',#1389,3.);
#99=CIRCLE('',#1390,3.);
#100=CIRCLE('',#1391,3.);
#101=CIRCLE('',#1395,4.);
#102=CIRCLE('',#1396,4.);
#103=CIRCLE('',#1397,3.);
#104=CIRCLE('',#1398,3.);
#105=CIRCLE('',#1399,3.);
#106=CIRCLE('',#1401,25.);
#107=CIRCLE('',#1402,25.);
#108=CIRCLE('',#1404,22.575);
#109=CIRCLE('',#1413,1.7);
#110=CIRCLE('',#1415,1.7);
#111=CIRCLE('',#1417,1.7);
#112=CIRCLE('',#1419,1.7);
#113=CIRCLE('',#1421,1.7);
#114=CIRCLE('',#1423,1.7);
#115=CYLINDRICAL_SURFACE('',#1282,3.);
#116=CYLINDRICAL_SURFACE('',#1286,3.);
#117=CYLINDRICAL_SURFACE('',#1290,3.);
#118=CYLINDRICAL_SURFACE('',#1294,3.);
#119=CYLINDRICAL_SURFACE('',#1298,3.);
#120=CYLINDRICAL_SURFACE('',#1308,3.);
#121=CYLINDRICAL_SURFACE('',#1310,3.);
#122=CYLINDRICAL_SURFACE('',#1320,3.);
#123=CYLINDRICAL_SURFACE('',#1322,3.);
#124=CYLINDRICAL_SURFACE('',#1325,3.);
#125=CYLINDRICAL_SURFACE('',#1334,3.);
#126=CYLINDRICAL_SURFACE('',#1336,3.);
#127=CYLINDRICAL_SURFACE('',#1339,3.);
#128=CYLINDRICAL_SURFACE('',#1343,3.);
#129=CYLINDRICAL_SURFACE('',#1346,3.);
#130=CYLINDRICAL_SURFACE('',#1362,2.25);
#131=CYLINDRICAL_SURFACE('',#1367,2.25);
#132=CYLINDRICAL_SURFACE('',#1372,2.25);
#133=CYLINDRICAL_SURFACE('',#1377,1.25);
#134=CYLINDRICAL_SURFACE('',#1387,3.);
#135=CYLINDRICAL_SURFACE('',#1400,25.);
#136=CYLINDRICAL_SURFACE('',#1405,4.);
#137=CYLINDRICAL_SURFACE('',#1407,4.);
#138=CYLINDRICAL_SURFACE('',#1409,3.);
#139=CYLINDRICAL_SURFACE('',#1410,3.);
#140=CYLINDRICAL_SURFACE('',#1411,3.);
#141=CYLINDRICAL_SURFACE('',#1412,1.7);
#142=CYLINDRICAL_SURFACE('',#1414,1.7);
#143=CYLINDRICAL_SURFACE('',#1416,1.7);
#144=CYLINDRICAL_SURFACE('',#1418,1.7);
#145=CYLINDRICAL_SURFACE('',#1420,1.7);
#146=CYLINDRICAL_SURFACE('',#1422,1.7);
#147=CYLINDRICAL_SURFACE('',#1424,22.575);
#148=FACE_OUTER_BOUND('',#219,.T.);
#149=FACE_OUTER_BOUND('',#220,.T.);
#150=FACE_OUTER_BOUND('',#221,.T.);
#151=FACE_OUTER_BOUND('',#222,.T.);
#152=FACE_OUTER_BOUND('',#223,.T.);
#153=FACE_OUTER_BOUND('',#224,.T.);
#154=FACE_OUTER_BOUND('',#225,.T.);
#155=FACE_OUTER_BOUND('',#226,.T.);
#156=FACE_OUTER_BOUND('',#227,.T.);
#157=FACE_OUTER_BOUND('',#228,.T.);
#158=FACE_OUTER_BOUND('',#229,.T.);
#159=FACE_OUTER_BOUND('',#230,.T.);
#160=FACE_OUTER_BOUND('',#232,.T.);
#161=FACE_OUTER_BOUND('',#233,.T.);
#162=FACE_OUTER_BOUND('',#234,.T.);
#163=FACE_OUTER_BOUND('',#235,.T.);
#164=FACE_OUTER_BOUND('',#237,.T.);
#165=FACE_OUTER_BOUND('',#238,.T.);
#166=FACE_OUTER_BOUND('',#239,.T.);
#167=FACE_OUTER_BOUND('',#240,.T.);
#168=FACE_OUTER_BOUND('',#241,.T.);
#169=FACE_OUTER_BOUND('',#242,.T.);
#170=FACE_OUTER_BOUND('',#244,.T.);
#171=FACE_OUTER_BOUND('',#245,.T.);
#172=FACE_OUTER_BOUND('',#246,.T.);
#173=FACE_OUTER_BOUND('',#247,.T.);
#174=FACE_OUTER_BOUND('',#248,.T.);
#175=FACE_OUTER_BOUND('',#249,.T.);
#176=FACE_OUTER_BOUND('',#250,.T.);
#177=FACE_OUTER_BOUND('',#251,.T.);
#178=FACE_OUTER_BOUND('',#252,.T.);
#179=FACE_OUTER_BOUND('',#253,.T.);
#180=FACE_OUTER_BOUND('',#254,.T.);
#181=FACE_OUTER_BOUND('',#255,.T.);
#182=FACE_OUTER_BOUND('',#256,.T.);
#183=FACE_OUTER_BOUND('',#257,.T.);
#184=FACE_OUTER_BOUND('',#258,.T.);
#185=FACE_OUTER_BOUND('',#259,.T.);
#186=FACE_OUTER_BOUND('',#260,.T.);
#187=FACE_OUTER_BOUND('',#262,.T.);
#188=FACE_OUTER_BOUND('',#263,.T.);
#189=FACE_OUTER_BOUND('',#264,.T.);
#190=FACE_OUTER_BOUND('',#266,.T.);
#191=FACE_OUTER_BOUND('',#267,.T.);
#192=FACE_OUTER_BOUND('',#269,.T.);
#193=FACE_OUTER_BOUND('',#270,.T.);
#194=FACE_OUTER_BOUND('',#272,.T.);
#195=FACE_OUTER_BOUND('',#273,.T.);
#196=FACE_OUTER_BOUND('',#274,.T.);
#197=FACE_OUTER_BOUND('',#275,.T.);
#198=FACE_OUTER_BOUND('',#276,.T.);
#199=FACE_OUTER_BOUND('',#277,.T.);
#200=FACE_OUTER_BOUND('',#278,.T.);
#201=FACE_OUTER_BOUND('',#280,.T.);
#202=FACE_OUTER_BOUND('',#288,.T.);
#203=FACE_OUTER_BOUND('',#289,.T.);
#204=FACE_OUTER_BOUND('',#291,.T.);
#205=FACE_OUTER_BOUND('',#292,.T.);
#206=FACE_OUTER_BOUND('',#293,.T.);
#207=FACE_OUTER_BOUND('',#294,.T.);
#208=FACE_OUTER_BOUND('',#295,.T.);
#209=FACE_OUTER_BOUND('',#296,.T.);
#210=FACE_OUTER_BOUND('',#297,.T.);
#211=FACE_OUTER_BOUND('',#298,.T.);
#212=FACE_OUTER_BOUND('',#299,.T.);
#213=FACE_OUTER_BOUND('',#300,.T.);
#214=FACE_OUTER_BOUND('',#301,.T.);
#215=FACE_OUTER_BOUND('',#302,.T.);
#216=FACE_OUTER_BOUND('',#303,.T.);
#217=FACE_OUTER_BOUND('',#304,.T.);
#218=FACE_OUTER_BOUND('',#305,.T.);
#219=EDGE_LOOP('',(#817,#818,#819,#820));
#220=EDGE_LOOP('',(#821,#822,#823,#824));
#221=EDGE_LOOP('',(#825,#826,#827,#828));
#222=EDGE_LOOP('',(#829,#830,#831,#832));
#223=EDGE_LOOP('',(#833,#834,#835,#836));
#224=EDGE_LOOP('',(#837,#838,#839,#840));
#225=EDGE_LOOP('',(#841,#842,#843,#844));
#226=EDGE_LOOP('',(#845,#846,#847,#848));
#227=EDGE_LOOP('',(#849,#850,#851,#852));
#228=EDGE_LOOP('',(#853,#854,#855,#856));
#229=EDGE_LOOP('',(#857,#858,#859,#860));
#230=EDGE_LOOP('',(#861,#862,#863,#864,#865,#866,#867,#868,#869,#870,#871,
#872));
#231=EDGE_LOOP('',(#873));
#232=EDGE_LOOP('',(#874,#875,#876,#877));
#233=EDGE_LOOP('',(#878,#879,#880,#881));
#234=EDGE_LOOP('',(#882,#883,#884,#885));
#235=EDGE_LOOP('',(#886,#887,#888,#889,#890,#891,#892,#893,#894,#895,#896,
#897));
#236=EDGE_LOOP('',(#898));
#237=EDGE_LOOP('',(#899,#900,#901,#902));
#238=EDGE_LOOP('',(#903,#904,#905,#906));
#239=EDGE_LOOP('',(#907,#908,#909,#910));
#240=EDGE_LOOP('',(#911,#912,#913,#914));
#241=EDGE_LOOP('',(#915,#916,#917,#918));
#242=EDGE_LOOP('',(#919,#920,#921,#922,#923,#924,#925,#926,#927,#928,#929,
#930));
#243=EDGE_LOOP('',(#931));
#244=EDGE_LOOP('',(#932,#933,#934,#935));
#245=EDGE_LOOP('',(#936,#937,#938,#939));
#246=EDGE_LOOP('',(#940,#941,#942,#943));
#247=EDGE_LOOP('',(#944,#945,#946,#947));
#248=EDGE_LOOP('',(#948,#949,#950,#951));
#249=EDGE_LOOP('',(#952,#953,#954,#955));
#250=EDGE_LOOP('',(#956,#957,#958,#959));
#251=EDGE_LOOP('',(#960,#961,#962,#963));
#252=EDGE_LOOP('',(#964,#965,#966,#967));
#253=EDGE_LOOP('',(#968,#969,#970,#971));
#254=EDGE_LOOP('',(#972,#973,#974,#975));
#255=EDGE_LOOP('',(#976,#977,#978,#979));
#256=EDGE_LOOP('',(#980,#981,#982,#983));
#257=EDGE_LOOP('',(#984,#985,#986,#987));
#258=EDGE_LOOP('',(#988,#989,#990,#991));
#259=EDGE_LOOP('',(#992,#993,#994,#995));
#260=EDGE_LOOP('',(#996));
#261=EDGE_LOOP('',(#997));
#262=EDGE_LOOP('',(#998,#999,#1000,#1001));
#263=EDGE_LOOP('',(#1002,#1003,#1004,#1005));
#264=EDGE_LOOP('',(#1006));
#265=EDGE_LOOP('',(#1007));
#266=EDGE_LOOP('',(#1008,#1009,#1010,#1011));
#267=EDGE_LOOP('',(#1012));
#268=EDGE_LOOP('',(#1013));
#269=EDGE_LOOP('',(#1014,#1015,#1016,#1017));
#270=EDGE_LOOP('',(#1018));
#271=EDGE_LOOP('',(#1019));
#272=EDGE_LOOP('',(#1020,#1021,#1022,#1023));
#273=EDGE_LOOP('',(#1024,#1025,#1026,#1027));
#274=EDGE_LOOP('',(#1028,#1029,#1030,#1031));
#275=EDGE_LOOP('',(#1032,#1033,#1034,#1035));
#276=EDGE_LOOP('',(#1036,#1037,#1038,#1039,#1040,#1041,#1042,#1043,#1044,
#1045,#1046,#1047));
#277=EDGE_LOOP('',(#1048,#1049,#1050,#1051));
#278=EDGE_LOOP('',(#1052));
#279=EDGE_LOOP('',(#1053));
#280=EDGE_LOOP('',(#1054));
#281=EDGE_LOOP('',(#1055));
#282=EDGE_LOOP('',(#1056));
#283=EDGE_LOOP('',(#1057));
#284=EDGE_LOOP('',(#1058,#1059,#1060,#1061,#1062,#1063,#1064,#1065,#1066));
#285=EDGE_LOOP('',(#1067,#1068,#1069,#1070,#1071,#1072,#1073,#1074,#1075,
#1076,#1077,#1078));
#286=EDGE_LOOP('',(#1079,#1080,#1081,#1082,#1083,#1084,#1085,#1086,#1087,
#1088,#1089,#1090));
#287=EDGE_LOOP('',(#1091,#1092,#1093,#1094,#1095,#1096,#1097,#1098,#1099,
#1100,#1101,#1102));
#288=EDGE_LOOP('',(#1103,#1104,#1105,#1106));
#289=EDGE_LOOP('',(#1107));
#290=EDGE_LOOP('',(#1108));
#291=EDGE_LOOP('',(#1109,#1110,#1111,#1112));
#292=EDGE_LOOP('',(#1113,#1114,#1115,#1116));
#293=EDGE_LOOP('',(#1117,#1118,#1119,#1120));
#294=EDGE_LOOP('',(#1121,#1122,#1123,#1124));
#295=EDGE_LOOP('',(#1125,#1126,#1127,#1128));
#296=EDGE_LOOP('',(#1129,#1130,#1131,#1132));
#297=EDGE_LOOP('',(#1133,#1134,#1135,#1136));
#298=EDGE_LOOP('',(#1137,#1138,#1139,#1140));
#299=EDGE_LOOP('',(#1141,#1142,#1143,#1144));
#300=EDGE_LOOP('',(#1145,#1146,#1147,#1148));
#301=EDGE_LOOP('',(#1149,#1150,#1151,#1152));
#302=EDGE_LOOP('',(#1153,#1154,#1155,#1156));
#303=EDGE_LOOP('',(#1157,#1158,#1159,#1160));
#304=EDGE_LOOP('',(#1161,#1162,#1163,#1164));
#305=EDGE_LOOP('',(#1165));
#306=EDGE_LOOP('',(#1166));
#307=EDGE_LOOP('',(#1167));
#308=EDGE_LOOP('',(#1168));
#309=EDGE_LOOP('',(#1169));
#310=EDGE_LOOP('',(#1170));
#311=EDGE_LOOP('',(#1171));
#312=EDGE_LOOP('',(#1172));
#313=LINE('',#1826,#417);
#314=LINE('',#1828,#418);
#315=LINE('',#1830,#419);
#316=LINE('',#1831,#420);
#317=LINE('',#1836,#421);
#318=LINE('',#1841,#422);
#319=LINE('',#1843,#423);
#320=LINE('',#1845,#424);
#321=LINE('',#1846,#425);
#322=LINE('',#1851,#426);
#323=LINE('',#1856,#427);
#324=LINE('',#1858,#428);
#325=LINE('',#1860,#429);
#326=LINE('',#1861,#430);
#327=LINE('',#1866,#431);
#328=LINE('',#1871,#432);
#329=LINE('',#1873,#433);
#330=LINE('',#1875,#434);
#331=LINE('',#1876,#435);
#332=LINE('',#1881,#436);
#333=LINE('',#1886,#437);
#334=LINE('',#1888,#438);
#335=LINE('',#1890,#439);
#336=LINE('',#1891,#440);
#337=LINE('',#1896,#441);
#338=LINE('',#1900,#442);
#339=LINE('',#1902,#443);
#340=LINE('',#1903,#444);
#341=LINE('',#1908,#445);
#342=LINE('',#1912,#446);
#343=LINE('',#1916,#447);
#344=LINE('',#1922,#448);
#345=LINE('',#1925,#449);
#346=LINE('',#1930,#450);
#347=LINE('',#1932,#451);
#348=LINE('',#1934,#452);
#349=LINE('',#1935,#453);
#350=LINE('',#1940,#454);
#351=LINE('',#1944,#455);
#352=LINE('',#1949,#456);
#353=LINE('',#1952,#457);
#354=LINE('',#1958,#458);
#355=LINE('',#1961,#459);
#356=LINE('',#1966,#460);
#357=LINE('',#1967,#461);
#358=LINE('',#1968,#462);
#359=LINE('',#1973,#463);
#360=LINE('',#1975,#464);
#361=LINE('',#1976,#465);
#362=LINE('',#1981,#466);
#363=LINE('',#1985,#467);
#364=LINE('',#1989,#468);
#365=LINE('',#1995,#469);
#366=LINE('',#1998,#470);
#367=LINE('',#2003,#471);
#368=LINE('',#2004,#472);
#369=LINE('',#2005,#473);
#370=LINE('',#2009,#474);
#371=LINE('',#2012,#475);
#372=LINE('',#2013,#476);
#373=LINE('',#2016,#477);
#374=LINE('',#2021,#478);
#375=LINE('',#2022,#479);
#376=LINE('',#2023,#480);
#377=LINE('',#2027,#481);
#378=LINE('',#2030,#482);
#379=LINE('',#2031,#483);
#380=LINE('',#2033,#484);
#381=LINE('',#2036,#485);
#382=LINE('',#2037,#486);
#383=LINE('',#2040,#487);
#384=LINE('',#2041,#488);
#385=LINE('',#2046,#489);
#386=LINE('',#2051,#490);
#387=LINE('',#2058,#491);
#388=LINE('',#2063,#492);
#389=LINE('',#2072,#493);
#390=LINE('',#2081,#494);
#391=LINE('',#2090,#495);
#392=LINE('',#2095,#496);
#393=LINE('',#2099,#497);
#394=LINE('',#2104,#498);
#395=LINE('',#2108,#499);
#396=LINE('',#2112,#500);
#397=LINE('',#2114,#501);
#398=LINE('',#2115,#502);
#399=LINE('',#2119,#503);
#400=LINE('',#2121,#504);
#401=LINE('',#2125,#505);
#402=LINE('',#2129,#506);
#403=LINE('',#2132,#507);
#404=LINE('',#2133,#508);
#405=LINE('',#2138,#509);
#406=LINE('',#2141,#510);
#407=LINE('',#2149,#511);
#408=LINE('',#2155,#512);
#409=LINE('',#2158,#513);
#410=LINE('',#2165,#514);
#411=LINE('',#2169,#515);
#412=LINE('',#2173,#516);
#413=LINE('',#2177,#517);
#414=LINE('',#2181,#518);
#415=LINE('',#2185,#519);
#416=LINE('',#2188,#520);
#417=VECTOR('',#1430,10.);
#418=VECTOR('',#1431,10.);
#419=VECTOR('',#1432,10.);
#420=VECTOR('',#1433,10.);
#421=VECTOR('',#1438,10.);
#422=VECTOR('',#1443,10.);
#423=VECTOR('',#1444,10.);
#424=VECTOR('',#1445,10.);
#425=VECTOR('',#1446,10.);
#426=VECTOR('',#1451,10.);
#427=VECTOR('',#1456,10.);
#428=VECTOR('',#1457,10.);
#429=VECTOR('',#1458,10.);
#430=VECTOR('',#1459,10.);
#431=VECTOR('',#1464,10.);
#432=VECTOR('',#1469,10.);
#433=VECTOR('',#1470,10.);
#434=VECTOR('',#1471,10.);
#435=VECTOR('',#1472,10.);
#436=VECTOR('',#1477,10.);
#437=VECTOR('',#1482,10.);
#438=VECTOR('',#1483,10.);
#439=VECTOR('',#1484,10.);
#440=VECTOR('',#1485,10.);
#441=VECTOR('',#1490,10.);
#442=VECTOR('',#1495,10.);
#443=VECTOR('',#1496,10.);
#444=VECTOR('',#1497,10.);
#445=VECTOR('',#1502,10.);
#446=VECTOR('',#1505,10.);
#447=VECTOR('',#1510,10.);
#448=VECTOR('',#1517,10.);
#449=VECTOR('',#1520,10.);
#450=VECTOR('',#1525,10.);
#451=VECTOR('',#1526,10.);
#452=VECTOR('',#1527,10.);
#453=VECTOR('',#1528,10.);
#454=VECTOR('',#1533,10.);
#455=VECTOR('',#1536,10.);
#456=VECTOR('',#1541,10.);
#457=VECTOR('',#1544,10.);
#458=VECTOR('',#1551,10.);
#459=VECTOR('',#1554,10.);
#460=VECTOR('',#1559,10.);
#461=VECTOR('',#1560,10.);
#462=VECTOR('',#1561,10.);
#463=VECTOR('',#1568,10.);
#464=VECTOR('',#1569,10.);
#465=VECTOR('',#1570,10.);
#466=VECTOR('',#1575,10.);
#467=VECTOR('',#1578,10.);
#468=VECTOR('',#1583,10.);
#469=VECTOR('',#1590,10.);
#470=VECTOR('',#1593,10.);
#471=VECTOR('',#1598,10.);
#472=VECTOR('',#1599,10.);
#473=VECTOR('',#1600,10.);
#474=VECTOR('',#1607,10.);
#475=VECTOR('',#1610,10.);
#476=VECTOR('',#1611,10.);
#477=VECTOR('',#1614,10.);
#478=VECTOR('',#1619,10.);
#479=VECTOR('',#1620,10.);
#480=VECTOR('',#1621,10.);
#481=VECTOR('',#1628,10.);
#482=VECTOR('',#1631,10.);
#483=VECTOR('',#1632,10.);
#484=VECTOR('',#1635,10.);
#485=VECTOR('',#1638,10.);
#486=VECTOR('',#1639,10.);
#487=VECTOR('',#1642,10.);
#488=VECTOR('',#1643,10.);
#489=VECTOR('',#1648,20.9674960339494);
#490=VECTOR('',#1655,19.3536331371081);
#491=VECTOR('',#1664,18.575);
#492=VECTOR('',#1669,2.25);
#493=VECTOR('',#1680,2.25);
#494=VECTOR('',#1691,2.25);
#495=VECTOR('',#1702,1.25);
#496=VECTOR('',#1707,10.);
#497=VECTOR('',#1710,10.);
#498=VECTOR('',#1715,10.);
#499=VECTOR('',#1718,10.);
#500=VECTOR('',#1723,10.);
#501=VECTOR('',#1724,10.);
#502=VECTOR('',#1725,10.);
#503=VECTOR('',#1730,10.);
#504=VECTOR('',#1731,10.);
#505=VECTOR('',#1734,3.);
#506=VECTOR('',#1739,10.);
#507=VECTOR('',#1742,10.);
#508=VECTOR('',#1743,10.);
#509=VECTOR('',#1750,10.);
#510=VECTOR('',#1753,10.);
#511=VECTOR('',#1764,25.);
#512=VECTOR('',#1773,10.);
#513=VECTOR('',#1778,10.);
#514=VECTOR('',#1789,1.7);
#515=VECTOR('',#1794,1.7);
#516=VECTOR('',#1799,1.7);
#517=VECTOR('',#1804,1.7);
#518=VECTOR('',#1809,1.7);
#519=VECTOR('',#1814,1.7);
#520=VECTOR('',#1819,22.575);
#521=VERTEX_POINT('',#1824);
#522=VERTEX_POINT('',#1825);
#523=VERTEX_POINT('',#1827);
#524=VERTEX_POINT('',#1829);
#525=VERTEX_POINT('',#1833);
#526=VERTEX_POINT('',#1835);
#527=VERTEX_POINT('',#1839);
#528=VERTEX_POINT('',#1840);
#529=VERTEX_POINT('',#1842);
#530=VERTEX_POINT('',#1844);
#531=VERTEX_POINT('',#1848);
#532=VERTEX_POINT('',#1850);
#533=VERTEX_POINT('',#1854);
#534=VERTEX_POINT('',#1855);
#535=VERTEX_POINT('',#1857);
#536=VERTEX_POINT('',#1859);
#537=VERTEX_POINT('',#1863);
#538=VERTEX_POINT('',#1865);
#539=VERTEX_POINT('',#1869);
#540=VERTEX_POINT('',#1870);
#541=VERTEX_POINT('',#1872);
#542=VERTEX_POINT('',#1874);
#543=VERTEX_POINT('',#1878);
#544=VERTEX_POINT('',#1880);
#545=VERTEX_POINT('',#1884);
#546=VERTEX_POINT('',#1885);
#547=VERTEX_POINT('',#1887);
#548=VERTEX_POINT('',#1889);
#549=VERTEX_POINT('',#1893);
#550=VERTEX_POINT('',#1895);
#551=VERTEX_POINT('',#1899);
#552=VERTEX_POINT('',#1901);
#553=VERTEX_POINT('',#1905);
#554=VERTEX_POINT('',#1907);
#555=VERTEX_POINT('',#1909);
#556=VERTEX_POINT('',#1911);
#557=VERTEX_POINT('',#1914);
#558=VERTEX_POINT('',#1917);
#559=VERTEX_POINT('',#1920);
#560=VERTEX_POINT('',#1924);
#561=VERTEX_POINT('',#1928);
#562=VERTEX_POINT('',#1929);
#563=VERTEX_POINT('',#1931);
#564=VERTEX_POINT('',#1933);
#565=VERTEX_POINT('',#1937);
#566=VERTEX_POINT('',#1939);
#567=VERTEX_POINT('',#1941);
#568=VERTEX_POINT('',#1943);
#569=VERTEX_POINT('',#1946);
#570=VERTEX_POINT('',#1948);
#571=VERTEX_POINT('',#1950);
#572=VERTEX_POINT('',#1953);
#573=VERTEX_POINT('',#1956);
#574=VERTEX_POINT('',#1960);
#575=VERTEX_POINT('',#1964);
#576=VERTEX_POINT('',#1965);
#577=VERTEX_POINT('',#1972);
#578=VERTEX_POINT('',#1974);
#579=VERTEX_POINT('',#1978);
#580=VERTEX_POINT('',#1980);
#581=VERTEX_POINT('',#1982);
#582=VERTEX_POINT('',#1984);
#583=VERTEX_POINT('',#1987);
#584=VERTEX_POINT('',#1990);
#585=VERTEX_POINT('',#1993);
#586=VERTEX_POINT('',#1997);
#587=VERTEX_POINT('',#2001);
#588=VERTEX_POINT('',#2002);
#589=VERTEX_POINT('',#2011);
#590=VERTEX_POINT('',#2015);
#591=VERTEX_POINT('',#2019);
#592=VERTEX_POINT('',#2020);
#593=VERTEX_POINT('',#2029);
#594=VERTEX_POINT('',#2035);
#595=VERTEX_POINT('',#2039);
#596=VERTEX_POINT('',#2043);
#597=VERTEX_POINT('',#2045);
#598=VERTEX_POINT('',#2049);
#599=VERTEX_POINT('',#2053);
#600=VERTEX_POINT('',#2056);
#601=VERTEX_POINT('',#2060);
#602=VERTEX_POINT('',#2062);
#603=VERTEX_POINT('',#2066);
#604=VERTEX_POINT('',#2069);
#605=VERTEX_POINT('',#2071);
#606=VERTEX_POINT('',#2075);
#607=VERTEX_POINT('',#2078);
#608=VERTEX_POINT('',#2080);
#609=VERTEX_POINT('',#2084);
#610=VERTEX_POINT('',#2087);
#611=VERTEX_POINT('',#2089);
#612=VERTEX_POINT('',#2093);
#613=VERTEX_POINT('',#2094);
#614=VERTEX_POINT('',#2096);
#615=VERTEX_POINT('',#2098);
#616=VERTEX_POINT('',#2102);
#617=VERTEX_POINT('',#2103);
#618=VERTEX_POINT('',#2105);
#619=VERTEX_POINT('',#2107);
#620=VERTEX_POINT('',#2111);
#621=VERTEX_POINT('',#2113);
#622=VERTEX_POINT('',#2117);
#623=VERTEX_POINT('',#2120);
#624=VERTEX_POINT('',#2122);
#625=VERTEX_POINT('',#2124);
#626=VERTEX_POINT('',#2127);
#627=VERTEX_POINT('',#2131);
#628=VERTEX_POINT('',#2136);
#629=VERTEX_POINT('',#2139);
#630=VERTEX_POINT('',#2146);
#631=VERTEX_POINT('',#2148);
#632=VERTEX_POINT('',#2152);
#633=VERTEX_POINT('',#2164);
#634=VERTEX_POINT('',#2168);
#635=VERTEX_POINT('',#2172);
#636=VERTEX_POINT('',#2176);
#637=VERTEX_POINT('',#2180);
#638=VERTEX_POINT('',#2184);
#639=EDGE_CURVE('',#521,#522,#313,.T.);
#640=EDGE_CURVE('',#523,#522,#314,.T.);
#641=EDGE_CURVE('',#524,#523,#315,.T.);
#642=EDGE_CURVE('',#521,#524,#316,.T.);
#643=EDGE_CURVE('',#524,#525,#41,.T.);
#644=EDGE_CURVE('',#525,#526,#317,.T.);
#645=EDGE_CURVE('',#521,#526,#42,.T.);
#646=EDGE_CURVE('',#527,#528,#318,.T.);
#647=EDGE_CURVE('',#529,#528,#319,.T.);
#648=EDGE_CURVE('',#530,#529,#320,.T.);
#649=EDGE_CURVE('',#527,#530,#321,.T.);
#650=EDGE_CURVE('',#530,#531,#43,.T.);
#651=EDGE_CURVE('',#531,#532,#322,.T.);
#652=EDGE_CURVE('',#527,#532,#44,.T.);
#653=EDGE_CURVE('',#533,#534,#323,.T.);
#654=EDGE_CURVE('',#535,#534,#324,.T.);
#655=EDGE_CURVE('',#536,#535,#325,.T.);
#656=EDGE_CURVE('',#533,#536,#326,.T.);
#657=EDGE_CURVE('',#536,#537,#45,.T.);
#658=EDGE_CURVE('',#537,#538,#327,.T.);
#659=EDGE_CURVE('',#533,#538,#46,.T.);
#660=EDGE_CURVE('',#539,#540,#328,.T.);
#661=EDGE_CURVE('',#541,#540,#329,.T.);
#662=EDGE_CURVE('',#542,#541,#330,.T.);
#663=EDGE_CURVE('',#539,#542,#331,.T.);
#664=EDGE_CURVE('',#542,#543,#47,.T.);
#665=EDGE_CURVE('',#543,#544,#332,.T.);
#666=EDGE_CURVE('',#539,#544,#48,.T.);
#667=EDGE_CURVE('',#545,#546,#333,.T.);
#668=EDGE_CURVE('',#547,#546,#334,.T.);
#669=EDGE_CURVE('',#548,#547,#335,.T.);
#670=EDGE_CURVE('',#545,#548,#336,.T.);
#671=EDGE_CURVE('',#548,#549,#49,.T.);
#672=EDGE_CURVE('',#549,#550,#337,.T.);
#673=EDGE_CURVE('',#545,#550,#50,.T.);
#674=EDGE_CURVE('',#551,#550,#338,.T.);
#675=EDGE_CURVE('',#552,#549,#339,.T.);
#676=EDGE_CURVE('',#551,#552,#340,.T.);
#677=EDGE_CURVE('',#553,#541,#51,.T.);
#678=EDGE_CURVE('',#553,#554,#341,.T.);
#679=EDGE_CURVE('',#555,#554,#52,.T.);
#680=EDGE_CURVE('',#555,#556,#342,.T.);
#681=EDGE_CURVE('',#552,#556,#53,.T.);
#682=EDGE_CURVE('',#557,#547,#54,.T.);
#683=EDGE_CURVE('',#557,#543,#343,.T.);
#684=EDGE_CURVE('',#558,#558,#55,.T.);
#685=EDGE_CURVE('',#559,#546,#56,.T.);
#686=EDGE_CURVE('',#559,#557,#344,.T.);
#687=EDGE_CURVE('',#556,#560,#345,.T.);
#688=EDGE_CURVE('',#551,#560,#57,.T.);
#689=EDGE_CURVE('',#561,#562,#346,.T.);
#690=EDGE_CURVE('',#563,#562,#347,.T.);
#691=EDGE_CURVE('',#564,#563,#348,.T.);
#692=EDGE_CURVE('',#561,#564,#349,.T.);
#693=EDGE_CURVE('',#565,#535,#58,.T.);
#694=EDGE_CURVE('',#565,#566,#350,.T.);
#695=EDGE_CURVE('',#567,#566,#59,.T.);
#696=EDGE_CURVE('',#567,#568,#351,.T.);
#697=EDGE_CURVE('',#564,#568,#60,.T.);
#698=EDGE_CURVE('',#569,#563,#61,.T.);
#699=EDGE_CURVE('',#569,#570,#352,.T.);
#700=EDGE_CURVE('',#571,#570,#62,.T.);
#701=EDGE_CURVE('',#571,#537,#353,.T.);
#702=EDGE_CURVE('',#572,#572,#63,.T.);
#703=EDGE_CURVE('',#573,#562,#64,.T.);
#704=EDGE_CURVE('',#573,#569,#354,.T.);
#705=EDGE_CURVE('',#568,#574,#355,.T.);
#706=EDGE_CURVE('',#561,#574,#65,.T.);
#707=EDGE_CURVE('',#575,#576,#356,.T.);
#708=EDGE_CURVE('',#566,#576,#357,.T.);
#709=EDGE_CURVE('',#575,#565,#358,.T.);
#710=EDGE_CURVE('',#575,#534,#66,.T.);
#711=EDGE_CURVE('',#577,#532,#359,.T.);
#712=EDGE_CURVE('',#578,#531,#360,.T.);
#713=EDGE_CURVE('',#577,#578,#361,.T.);
#714=EDGE_CURVE('',#579,#523,#67,.T.);
#715=EDGE_CURVE('',#579,#580,#362,.T.);
#716=EDGE_CURVE('',#581,#580,#68,.T.);
#717=EDGE_CURVE('',#581,#582,#363,.T.);
#718=EDGE_CURVE('',#578,#582,#69,.T.);
#719=EDGE_CURVE('',#583,#529,#70,.T.);
#720=EDGE_CURVE('',#583,#525,#364,.T.);
#721=EDGE_CURVE('',#584,#584,#71,.T.);
#722=EDGE_CURVE('',#585,#528,#72,.T.);
#723=EDGE_CURVE('',#585,#583,#365,.T.);
#724=EDGE_CURVE('',#582,#586,#366,.T.);
#725=EDGE_CURVE('',#577,#586,#73,.T.);
#726=EDGE_CURVE('',#587,#588,#367,.T.);
#727=EDGE_CURVE('',#580,#588,#368,.T.);
#728=EDGE_CURVE('',#587,#579,#369,.T.);
#729=EDGE_CURVE('',#587,#522,#74,.T.);
#730=EDGE_CURVE('',#585,#526,#370,.T.);
#731=EDGE_CURVE('',#589,#538,#371,.T.);
#732=EDGE_CURVE('',#589,#571,#372,.T.);
#733=EDGE_CURVE('',#570,#590,#373,.T.);
#734=EDGE_CURVE('',#589,#590,#75,.T.);
#735=EDGE_CURVE('',#591,#592,#374,.T.);
#736=EDGE_CURVE('',#554,#592,#375,.T.);
#737=EDGE_CURVE('',#591,#553,#376,.T.);
#738=EDGE_CURVE('',#591,#540,#76,.T.);
#739=EDGE_CURVE('',#559,#544,#377,.T.);
#740=EDGE_CURVE('',#593,#560,#378,.T.);
#741=EDGE_CURVE('',#593,#555,#379,.T.);
#742=EDGE_CURVE('',#573,#590,#380,.T.);
#743=EDGE_CURVE('',#594,#574,#381,.T.);
#744=EDGE_CURVE('',#594,#567,#382,.T.);
#745=EDGE_CURVE('',#595,#586,#383,.T.);
#746=EDGE_CURVE('',#595,#581,#384,.T.);
#747=EDGE_CURVE('',#596,#596,#77,.T.);
#748=EDGE_CURVE('',#596,#597,#385,.T.);
#749=EDGE_CURVE('',#597,#597,#78,.T.);
#750=EDGE_CURVE('',#598,#598,#79,.T.);
#751=EDGE_CURVE('',#598,#596,#386,.T.);
#752=EDGE_CURVE('',#599,#599,#80,.T.);
#753=EDGE_CURVE('',#600,#600,#81,.T.);
#754=EDGE_CURVE('',#600,#598,#387,.T.);
#755=EDGE_CURVE('',#601,#601,#82,.T.);
#756=EDGE_CURVE('',#601,#602,#388,.T.);
#757=EDGE_CURVE('',#602,#602,#83,.T.);
#758=EDGE_CURVE('',#603,#603,#84,.T.);
#759=EDGE_CURVE('',#604,#604,#85,.T.);
#760=EDGE_CURVE('',#604,#605,#389,.T.);
#761=EDGE_CURVE('',#605,#605,#86,.T.);
#762=EDGE_CURVE('',#606,#606,#87,.T.);
#763=EDGE_CURVE('',#607,#607,#88,.T.);
#764=EDGE_CURVE('',#607,#608,#390,.T.);
#765=EDGE_CURVE('',#608,#608,#89,.T.);
#766=EDGE_CURVE('',#609,#609,#90,.T.);
#767=EDGE_CURVE('',#610,#610,#91,.T.);
#768=EDGE_CURVE('',#610,#611,#391,.T.);
#769=EDGE_CURVE('',#611,#611,#92,.T.);
#770=EDGE_CURVE('',#612,#613,#392,.T.);
#771=EDGE_CURVE('',#614,#612,#93,.T.);
#772=EDGE_CURVE('',#615,#614,#393,.T.);
#773=EDGE_CURVE('',#613,#615,#94,.T.);
#774=EDGE_CURVE('',#616,#617,#394,.T.);
#775=EDGE_CURVE('',#618,#616,#95,.T.);
#776=EDGE_CURVE('',#619,#618,#395,.T.);
#777=EDGE_CURVE('',#617,#619,#96,.T.);
#778=EDGE_CURVE('',#620,#614,#396,.T.);
#779=EDGE_CURVE('',#621,#620,#397,.T.);
#780=EDGE_CURVE('',#621,#615,#398,.T.);
#781=EDGE_CURVE('',#622,#621,#97,.T.);
#782=EDGE_CURVE('',#622,#617,#399,.T.);
#783=EDGE_CURVE('',#623,#619,#400,.T.);
#784=EDGE_CURVE('',#624,#623,#98,.T.);
#785=EDGE_CURVE('',#624,#625,#401,.T.);
#786=EDGE_CURVE('',#625,#625,#99,.T.);
#787=EDGE_CURVE('',#626,#624,#100,.T.);
#788=EDGE_CURVE('',#626,#613,#402,.T.);
#789=EDGE_CURVE('',#627,#618,#403,.T.);
#790=EDGE_CURVE('',#623,#627,#404,.T.);
#791=EDGE_CURVE('',#620,#628,#101,.T.);
#792=EDGE_CURVE('',#628,#626,#405,.T.);
#793=EDGE_CURVE('',#627,#629,#102,.T.);
#794=EDGE_CURVE('',#629,#622,#406,.T.);
#795=EDGE_CURVE('',#595,#588,#103,.T.);
#796=EDGE_CURVE('',#593,#592,#104,.T.);
#797=EDGE_CURVE('',#594,#576,#105,.T.);
#798=EDGE_CURVE('',#630,#630,#106,.T.);
#799=EDGE_CURVE('',#630,#631,#407,.T.);
#800=EDGE_CURVE('',#631,#631,#107,.T.);
#801=EDGE_CURVE('',#632,#632,#108,.T.);
#802=EDGE_CURVE('',#629,#616,#408,.T.);
#803=EDGE_CURVE('',#628,#612,#409,.T.);
#804=EDGE_CURVE('',#603,#633,#410,.T.);
#805=EDGE_CURVE('',#633,#633,#109,.T.);
#806=EDGE_CURVE('',#572,#634,#411,.T.);
#807=EDGE_CURVE('',#634,#634,#110,.T.);
#808=EDGE_CURVE('',#558,#635,#412,.T.);
#809=EDGE_CURVE('',#635,#635,#111,.T.);
#810=EDGE_CURVE('',#584,#636,#413,.T.);
#811=EDGE_CURVE('',#636,#636,#112,.T.);
#812=EDGE_CURVE('',#609,#637,#414,.T.);
#813=EDGE_CURVE('',#637,#637,#113,.T.);
#814=EDGE_CURVE('',#606,#638,#415,.T.);
#815=EDGE_CURVE('',#638,#638,#114,.T.);
#816=EDGE_CURVE('',#632,#599,#416,.T.);
#817=ORIENTED_EDGE('',*,*,#639,.T.);
#818=ORIENTED_EDGE('',*,*,#640,.F.);
#819=ORIENTED_EDGE('',*,*,#641,.F.);
#820=ORIENTED_EDGE('',*,*,#642,.F.);
#821=ORIENTED_EDGE('',*,*,#642,.T.);
#822=ORIENTED_EDGE('',*,*,#643,.T.);
#823=ORIENTED_EDGE('',*,*,#644,.T.);
#824=ORIENTED_EDGE('',*,*,#645,.F.);
#825=ORIENTED_EDGE('',*,*,#646,.T.);
#826=ORIENTED_EDGE('',*,*,#647,.F.);
#827=ORIENTED_EDGE('',*,*,#648,.F.);
#828=ORIENTED_EDGE('',*,*,#649,.F.);
#829=ORIENTED_EDGE('',*,*,#649,.T.);
#830=ORIENTED_EDGE('',*,*,#650,.T.);
#831=ORIENTED_EDGE('',*,*,#651,.T.);
#832=ORIENTED_EDGE('',*,*,#652,.F.);
#833=ORIENTED_EDGE('',*,*,#653,.T.);
#834=ORIENTED_EDGE('',*,*,#654,.F.);
#835=ORIENTED_EDGE('',*,*,#655,.F.);
#836=ORIENTED_EDGE('',*,*,#656,.F.);
#837=ORIENTED_EDGE('',*,*,#656,.T.);
#838=ORIENTED_EDGE('',*,*,#657,.T.);
#839=ORIENTED_EDGE('',*,*,#658,.T.);
#840=ORIENTED_EDGE('',*,*,#659,.F.);
#841=ORIENTED_EDGE('',*,*,#660,.T.);
#842=ORIENTED_EDGE('',*,*,#661,.F.);
#843=ORIENTED_EDGE('',*,*,#662,.F.);
#844=ORIENTED_EDGE('',*,*,#663,.F.);
#845=ORIENTED_EDGE('',*,*,#663,.T.);
#846=ORIENTED_EDGE('',*,*,#664,.T.);
#847=ORIENTED_EDGE('',*,*,#665,.T.);
#848=ORIENTED_EDGE('',*,*,#666,.F.);
#849=ORIENTED_EDGE('',*,*,#667,.T.);
#850=ORIENTED_EDGE('',*,*,#668,.F.);
#851=ORIENTED_EDGE('',*,*,#669,.F.);
#852=ORIENTED_EDGE('',*,*,#670,.F.);
#853=ORIENTED_EDGE('',*,*,#670,.T.);
#854=ORIENTED_EDGE('',*,*,#671,.T.);
#855=ORIENTED_EDGE('',*,*,#672,.T.);
#856=ORIENTED_EDGE('',*,*,#673,.F.);
#857=ORIENTED_EDGE('',*,*,#674,.T.);
#858=ORIENTED_EDGE('',*,*,#672,.F.);
#859=ORIENTED_EDGE('',*,*,#675,.F.);
#860=ORIENTED_EDGE('',*,*,#676,.F.);
#861=ORIENTED_EDGE('',*,*,#662,.T.);
#862=ORIENTED_EDGE('',*,*,#677,.F.);
#863=ORIENTED_EDGE('',*,*,#678,.T.);
#864=ORIENTED_EDGE('',*,*,#679,.F.);
#865=ORIENTED_EDGE('',*,*,#680,.T.);
#866=ORIENTED_EDGE('',*,*,#681,.F.);
#867=ORIENTED_EDGE('',*,*,#675,.T.);
#868=ORIENTED_EDGE('',*,*,#671,.F.);
#869=ORIENTED_EDGE('',*,*,#669,.T.);
#870=ORIENTED_EDGE('',*,*,#682,.F.);
#871=ORIENTED_EDGE('',*,*,#683,.T.);
#872=ORIENTED_EDGE('',*,*,#664,.F.);
#873=ORIENTED_EDGE('',*,*,#684,.F.);
#874=ORIENTED_EDGE('',*,*,#668,.T.);
#875=ORIENTED_EDGE('',*,*,#685,.F.);
#876=ORIENTED_EDGE('',*,*,#686,.T.);
#877=ORIENTED_EDGE('',*,*,#682,.T.);
#878=ORIENTED_EDGE('',*,*,#676,.T.);
#879=ORIENTED_EDGE('',*,*,#681,.T.);
#880=ORIENTED_EDGE('',*,*,#687,.T.);
#881=ORIENTED_EDGE('',*,*,#688,.F.);
#882=ORIENTED_EDGE('',*,*,#689,.T.);
#883=ORIENTED_EDGE('',*,*,#690,.F.);
#884=ORIENTED_EDGE('',*,*,#691,.F.);
#885=ORIENTED_EDGE('',*,*,#692,.F.);
#886=ORIENTED_EDGE('',*,*,#655,.T.);
#887=ORIENTED_EDGE('',*,*,#693,.F.);
#888=ORIENTED_EDGE('',*,*,#694,.T.);
#889=ORIENTED_EDGE('',*,*,#695,.F.);
#890=ORIENTED_EDGE('',*,*,#696,.T.);
#891=ORIENTED_EDGE('',*,*,#697,.F.);
#892=ORIENTED_EDGE('',*,*,#691,.T.);
#893=ORIENTED_EDGE('',*,*,#698,.F.);
#894=ORIENTED_EDGE('',*,*,#699,.T.);
#895=ORIENTED_EDGE('',*,*,#700,.F.);
#896=ORIENTED_EDGE('',*,*,#701,.T.);
#897=ORIENTED_EDGE('',*,*,#657,.F.);
#898=ORIENTED_EDGE('',*,*,#702,.F.);
#899=ORIENTED_EDGE('',*,*,#690,.T.);
#900=ORIENTED_EDGE('',*,*,#703,.F.);
#901=ORIENTED_EDGE('',*,*,#704,.T.);
#902=ORIENTED_EDGE('',*,*,#698,.T.);
#903=ORIENTED_EDGE('',*,*,#692,.T.);
#904=ORIENTED_EDGE('',*,*,#697,.T.);
#905=ORIENTED_EDGE('',*,*,#705,.T.);
#906=ORIENTED_EDGE('',*,*,#706,.F.);
#907=ORIENTED_EDGE('',*,*,#707,.T.);
#908=ORIENTED_EDGE('',*,*,#708,.F.);
#909=ORIENTED_EDGE('',*,*,#694,.F.);
#910=ORIENTED_EDGE('',*,*,#709,.F.);
#911=ORIENTED_EDGE('',*,*,#654,.T.);
#912=ORIENTED_EDGE('',*,*,#710,.F.);
#913=ORIENTED_EDGE('',*,*,#709,.T.);
#914=ORIENTED_EDGE('',*,*,#693,.T.);
#915=ORIENTED_EDGE('',*,*,#711,.T.);
#916=ORIENTED_EDGE('',*,*,#651,.F.);
#917=ORIENTED_EDGE('',*,*,#712,.F.);
#918=ORIENTED_EDGE('',*,*,#713,.F.);
#919=ORIENTED_EDGE('',*,*,#641,.T.);
#920=ORIENTED_EDGE('',*,*,#714,.F.);
#921=ORIENTED_EDGE('',*,*,#715,.T.);
#922=ORIENTED_EDGE('',*,*,#716,.F.);
#923=ORIENTED_EDGE('',*,*,#717,.T.);
#924=ORIENTED_EDGE('',*,*,#718,.F.);
#925=ORIENTED_EDGE('',*,*,#712,.T.);
#926=ORIENTED_EDGE('',*,*,#650,.F.);
#927=ORIENTED_EDGE('',*,*,#648,.T.);
#928=ORIENTED_EDGE('',*,*,#719,.F.);
#929=ORIENTED_EDGE('',*,*,#720,.T.);
#930=ORIENTED_EDGE('',*,*,#643,.F.);
#931=ORIENTED_EDGE('',*,*,#721,.F.);
#932=ORIENTED_EDGE('',*,*,#647,.T.);
#933=ORIENTED_EDGE('',*,*,#722,.F.);
#934=ORIENTED_EDGE('',*,*,#723,.T.);
#935=ORIENTED_EDGE('',*,*,#719,.T.);
#936=ORIENTED_EDGE('',*,*,#713,.T.);
#937=ORIENTED_EDGE('',*,*,#718,.T.);
#938=ORIENTED_EDGE('',*,*,#724,.T.);
#939=ORIENTED_EDGE('',*,*,#725,.F.);
#940=ORIENTED_EDGE('',*,*,#726,.T.);
#941=ORIENTED_EDGE('',*,*,#727,.F.);
#942=ORIENTED_EDGE('',*,*,#715,.F.);
#943=ORIENTED_EDGE('',*,*,#728,.F.);
#944=ORIENTED_EDGE('',*,*,#640,.T.);
#945=ORIENTED_EDGE('',*,*,#729,.F.);
#946=ORIENTED_EDGE('',*,*,#728,.T.);
#947=ORIENTED_EDGE('',*,*,#714,.T.);
#948=ORIENTED_EDGE('',*,*,#730,.T.);
#949=ORIENTED_EDGE('',*,*,#644,.F.);
#950=ORIENTED_EDGE('',*,*,#720,.F.);
#951=ORIENTED_EDGE('',*,*,#723,.F.);
#952=ORIENTED_EDGE('',*,*,#731,.T.);
#953=ORIENTED_EDGE('',*,*,#658,.F.);
#954=ORIENTED_EDGE('',*,*,#701,.F.);
#955=ORIENTED_EDGE('',*,*,#732,.F.);
#956=ORIENTED_EDGE('',*,*,#732,.T.);
#957=ORIENTED_EDGE('',*,*,#700,.T.);
#958=ORIENTED_EDGE('',*,*,#733,.T.);
#959=ORIENTED_EDGE('',*,*,#734,.F.);
#960=ORIENTED_EDGE('',*,*,#735,.T.);
#961=ORIENTED_EDGE('',*,*,#736,.F.);
#962=ORIENTED_EDGE('',*,*,#678,.F.);
#963=ORIENTED_EDGE('',*,*,#737,.F.);
#964=ORIENTED_EDGE('',*,*,#661,.T.);
#965=ORIENTED_EDGE('',*,*,#738,.F.);
#966=ORIENTED_EDGE('',*,*,#737,.T.);
#967=ORIENTED_EDGE('',*,*,#677,.T.);
#968=ORIENTED_EDGE('',*,*,#739,.T.);
#969=ORIENTED_EDGE('',*,*,#665,.F.);
#970=ORIENTED_EDGE('',*,*,#683,.F.);
#971=ORIENTED_EDGE('',*,*,#686,.F.);
#972=ORIENTED_EDGE('',*,*,#740,.T.);
#973=ORIENTED_EDGE('',*,*,#687,.F.);
#974=ORIENTED_EDGE('',*,*,#680,.F.);
#975=ORIENTED_EDGE('',*,*,#741,.F.);
#976=ORIENTED_EDGE('',*,*,#742,.T.);
#977=ORIENTED_EDGE('',*,*,#733,.F.);
#978=ORIENTED_EDGE('',*,*,#699,.F.);
#979=ORIENTED_EDGE('',*,*,#704,.F.);
#980=ORIENTED_EDGE('',*,*,#743,.T.);
#981=ORIENTED_EDGE('',*,*,#705,.F.);
#982=ORIENTED_EDGE('',*,*,#696,.F.);
#983=ORIENTED_EDGE('',*,*,#744,.F.);
#984=ORIENTED_EDGE('',*,*,#745,.T.);
#985=ORIENTED_EDGE('',*,*,#724,.F.);
#986=ORIENTED_EDGE('',*,*,#717,.F.);
#987=ORIENTED_EDGE('',*,*,#746,.F.);
#988=ORIENTED_EDGE('',*,*,#747,.T.);
#989=ORIENTED_EDGE('',*,*,#748,.T.);
#990=ORIENTED_EDGE('',*,*,#749,.T.);
#991=ORIENTED_EDGE('',*,*,#748,.F.);
#992=ORIENTED_EDGE('',*,*,#750,.T.);
#993=ORIENTED_EDGE('',*,*,#751,.T.);
#994=ORIENTED_EDGE('',*,*,#747,.F.);
#995=ORIENTED_EDGE('',*,*,#751,.F.);
#996=ORIENTED_EDGE('',*,*,#752,.F.);
#997=ORIENTED_EDGE('',*,*,#749,.F.);
#998=ORIENTED_EDGE('',*,*,#753,.F.);
#999=ORIENTED_EDGE('',*,*,#754,.T.);
#1000=ORIENTED_EDGE('',*,*,#750,.F.);
#1001=ORIENTED_EDGE('',*,*,#754,.F.);
#1002=ORIENTED_EDGE('',*,*,#755,.F.);
#1003=ORIENTED_EDGE('',*,*,#756,.T.);
#1004=ORIENTED_EDGE('',*,*,#757,.T.);
#1005=ORIENTED_EDGE('',*,*,#756,.F.);
#1006=ORIENTED_EDGE('',*,*,#757,.F.);
#1007=ORIENTED_EDGE('',*,*,#758,.F.);
#1008=ORIENTED_EDGE('',*,*,#759,.F.);
#1009=ORIENTED_EDGE('',*,*,#760,.T.);
#1010=ORIENTED_EDGE('',*,*,#761,.T.);
#1011=ORIENTED_EDGE('',*,*,#760,.F.);
#1012=ORIENTED_EDGE('',*,*,#761,.F.);
#1013=ORIENTED_EDGE('',*,*,#762,.F.);
#1014=ORIENTED_EDGE('',*,*,#763,.F.);
#1015=ORIENTED_EDGE('',*,*,#764,.T.);
#1016=ORIENTED_EDGE('',*,*,#765,.T.);
#1017=ORIENTED_EDGE('',*,*,#764,.F.);
#1018=ORIENTED_EDGE('',*,*,#765,.F.);
#1019=ORIENTED_EDGE('',*,*,#766,.F.);
#1020=ORIENTED_EDGE('',*,*,#767,.F.);
#1021=ORIENTED_EDGE('',*,*,#768,.T.);
#1022=ORIENTED_EDGE('',*,*,#769,.F.);
#1023=ORIENTED_EDGE('',*,*,#768,.F.);
#1024=ORIENTED_EDGE('',*,*,#770,.F.);
#1025=ORIENTED_EDGE('',*,*,#771,.F.);
#1026=ORIENTED_EDGE('',*,*,#772,.F.);
#1027=ORIENTED_EDGE('',*,*,#773,.F.);
#1028=ORIENTED_EDGE('',*,*,#774,.F.);
#1029=ORIENTED_EDGE('',*,*,#775,.F.);
#1030=ORIENTED_EDGE('',*,*,#776,.F.);
#1031=ORIENTED_EDGE('',*,*,#777,.F.);
#1032=ORIENTED_EDGE('',*,*,#772,.T.);
#1033=ORIENTED_EDGE('',*,*,#778,.F.);
#1034=ORIENTED_EDGE('',*,*,#779,.F.);
#1035=ORIENTED_EDGE('',*,*,#780,.T.);
#1036=ORIENTED_EDGE('',*,*,#773,.T.);
#1037=ORIENTED_EDGE('',*,*,#780,.F.);
#1038=ORIENTED_EDGE('',*,*,#781,.F.);
#1039=ORIENTED_EDGE('',*,*,#782,.T.);
#1040=ORIENTED_EDGE('',*,*,#777,.T.);
#1041=ORIENTED_EDGE('',*,*,#783,.F.);
#1042=ORIENTED_EDGE('',*,*,#784,.F.);
#1043=ORIENTED_EDGE('',*,*,#785,.T.);
#1044=ORIENTED_EDGE('',*,*,#786,.T.);
#1045=ORIENTED_EDGE('',*,*,#785,.F.);
#1046=ORIENTED_EDGE('',*,*,#787,.F.);
#1047=ORIENTED_EDGE('',*,*,#788,.T.);
#1048=ORIENTED_EDGE('',*,*,#776,.T.);
#1049=ORIENTED_EDGE('',*,*,#789,.F.);
#1050=ORIENTED_EDGE('',*,*,#790,.F.);
#1051=ORIENTED_EDGE('',*,*,#783,.T.);
#1052=ORIENTED_EDGE('',*,*,#786,.F.);
#1053=ORIENTED_EDGE('',*,*,#769,.T.);
#1054=ORIENTED_EDGE('',*,*,#753,.T.);
#1055=ORIENTED_EDGE('',*,*,#755,.T.);
#1056=ORIENTED_EDGE('',*,*,#759,.T.);
#1057=ORIENTED_EDGE('',*,*,#763,.T.);
#1058=ORIENTED_EDGE('',*,*,#781,.T.);
#1059=ORIENTED_EDGE('',*,*,#779,.T.);
#1060=ORIENTED_EDGE('',*,*,#791,.T.);
#1061=ORIENTED_EDGE('',*,*,#792,.T.);
#1062=ORIENTED_EDGE('',*,*,#787,.T.);
#1063=ORIENTED_EDGE('',*,*,#784,.T.);
#1064=ORIENTED_EDGE('',*,*,#790,.T.);
#1065=ORIENTED_EDGE('',*,*,#793,.T.);
#1066=ORIENTED_EDGE('',*,*,#794,.T.);
#1067=ORIENTED_EDGE('',*,*,#795,.T.);
#1068=ORIENTED_EDGE('',*,*,#726,.F.);
#1069=ORIENTED_EDGE('',*,*,#729,.T.);
#1070=ORIENTED_EDGE('',*,*,#639,.F.);
#1071=ORIENTED_EDGE('',*,*,#645,.T.);
#1072=ORIENTED_EDGE('',*,*,#730,.F.);
#1073=ORIENTED_EDGE('',*,*,#722,.T.);
#1074=ORIENTED_EDGE('',*,*,#646,.F.);
#1075=ORIENTED_EDGE('',*,*,#652,.T.);
#1076=ORIENTED_EDGE('',*,*,#711,.F.);
#1077=ORIENTED_EDGE('',*,*,#725,.T.);
#1078=ORIENTED_EDGE('',*,*,#745,.F.);
#1079=ORIENTED_EDGE('',*,*,#796,.T.);
#1080=ORIENTED_EDGE('',*,*,#735,.F.);
#1081=ORIENTED_EDGE('',*,*,#738,.T.);
#1082=ORIENTED_EDGE('',*,*,#660,.F.);
#1083=ORIENTED_EDGE('',*,*,#666,.T.);
#1084=ORIENTED_EDGE('',*,*,#739,.F.);
#1085=ORIENTED_EDGE('',*,*,#685,.T.);
#1086=ORIENTED_EDGE('',*,*,#667,.F.);
#1087=ORIENTED_EDGE('',*,*,#673,.T.);
#1088=ORIENTED_EDGE('',*,*,#674,.F.);
#1089=ORIENTED_EDGE('',*,*,#688,.T.);
#1090=ORIENTED_EDGE('',*,*,#740,.F.);
#1091=ORIENTED_EDGE('',*,*,#797,.T.);
#1092=ORIENTED_EDGE('',*,*,#707,.F.);
#1093=ORIENTED_EDGE('',*,*,#710,.T.);
#1094=ORIENTED_EDGE('',*,*,#653,.F.);
#1095=ORIENTED_EDGE('',*,*,#659,.T.);
#1096=ORIENTED_EDGE('',*,*,#731,.F.);
#1097=ORIENTED_EDGE('',*,*,#734,.T.);
#1098=ORIENTED_EDGE('',*,*,#742,.F.);
#1099=ORIENTED_EDGE('',*,*,#703,.T.);
#1100=ORIENTED_EDGE('',*,*,#689,.F.);
#1101=ORIENTED_EDGE('',*,*,#706,.T.);
#1102=ORIENTED_EDGE('',*,*,#743,.F.);
#1103=ORIENTED_EDGE('',*,*,#798,.F.);
#1104=ORIENTED_EDGE('',*,*,#799,.T.);
#1105=ORIENTED_EDGE('',*,*,#800,.F.);
#1106=ORIENTED_EDGE('',*,*,#799,.F.);
#1107=ORIENTED_EDGE('',*,*,#798,.T.);
#1108=ORIENTED_EDGE('',*,*,#801,.F.);
#1109=ORIENTED_EDGE('',*,*,#775,.T.);
#1110=ORIENTED_EDGE('',*,*,#802,.F.);
#1111=ORIENTED_EDGE('',*,*,#793,.F.);
#1112=ORIENTED_EDGE('',*,*,#789,.T.);
#1113=ORIENTED_EDGE('',*,*,#774,.T.);
#1114=ORIENTED_EDGE('',*,*,#782,.F.);
#1115=ORIENTED_EDGE('',*,*,#794,.F.);
#1116=ORIENTED_EDGE('',*,*,#802,.T.);
#1117=ORIENTED_EDGE('',*,*,#771,.T.);
#1118=ORIENTED_EDGE('',*,*,#803,.F.);
#1119=ORIENTED_EDGE('',*,*,#791,.F.);
#1120=ORIENTED_EDGE('',*,*,#778,.T.);
#1121=ORIENTED_EDGE('',*,*,#770,.T.);
#1122=ORIENTED_EDGE('',*,*,#788,.F.);
#1123=ORIENTED_EDGE('',*,*,#792,.F.);
#1124=ORIENTED_EDGE('',*,*,#803,.T.);
#1125=ORIENTED_EDGE('',*,*,#708,.T.);
#1126=ORIENTED_EDGE('',*,*,#797,.F.);
#1127=ORIENTED_EDGE('',*,*,#744,.T.);
#1128=ORIENTED_EDGE('',*,*,#695,.T.);
#1129=ORIENTED_EDGE('',*,*,#736,.T.);
#1130=ORIENTED_EDGE('',*,*,#796,.F.);
#1131=ORIENTED_EDGE('',*,*,#741,.T.);
#1132=ORIENTED_EDGE('',*,*,#679,.T.);
#1133=ORIENTED_EDGE('',*,*,#727,.T.);
#1134=ORIENTED_EDGE('',*,*,#795,.F.);
#1135=ORIENTED_EDGE('',*,*,#746,.T.);
#1136=ORIENTED_EDGE('',*,*,#716,.T.);
#1137=ORIENTED_EDGE('',*,*,#758,.T.);
#1138=ORIENTED_EDGE('',*,*,#804,.T.);
#1139=ORIENTED_EDGE('',*,*,#805,.F.);
#1140=ORIENTED_EDGE('',*,*,#804,.F.);
#1141=ORIENTED_EDGE('',*,*,#702,.T.);
#1142=ORIENTED_EDGE('',*,*,#806,.T.);
#1143=ORIENTED_EDGE('',*,*,#807,.F.);
#1144=ORIENTED_EDGE('',*,*,#806,.F.);
#1145=ORIENTED_EDGE('',*,*,#684,.T.);
#1146=ORIENTED_EDGE('',*,*,#808,.T.);
#1147=ORIENTED_EDGE('',*,*,#809,.F.);
#1148=ORIENTED_EDGE('',*,*,#808,.F.);
#1149=ORIENTED_EDGE('',*,*,#721,.T.);
#1150=ORIENTED_EDGE('',*,*,#810,.T.);
#1151=ORIENTED_EDGE('',*,*,#811,.F.);
#1152=ORIENTED_EDGE('',*,*,#810,.F.);
#1153=ORIENTED_EDGE('',*,*,#766,.T.);
#1154=ORIENTED_EDGE('',*,*,#812,.T.);
#1155=ORIENTED_EDGE('',*,*,#813,.F.);
#1156=ORIENTED_EDGE('',*,*,#812,.F.);
#1157=ORIENTED_EDGE('',*,*,#762,.T.);
#1158=ORIENTED_EDGE('',*,*,#814,.T.);
#1159=ORIENTED_EDGE('',*,*,#815,.F.);
#1160=ORIENTED_EDGE('',*,*,#814,.F.);
#1161=ORIENTED_EDGE('',*,*,#801,.T.);
#1162=ORIENTED_EDGE('',*,*,#816,.T.);
#1163=ORIENTED_EDGE('',*,*,#752,.T.);
#1164=ORIENTED_EDGE('',*,*,#816,.F.);
#1165=ORIENTED_EDGE('',*,*,#800,.T.);
#1166=ORIENTED_EDGE('',*,*,#767,.T.);
#1167=ORIENTED_EDGE('',*,*,#805,.T.);
#1168=ORIENTED_EDGE('',*,*,#807,.T.);
#1169=ORIENTED_EDGE('',*,*,#809,.T.);
#1170=ORIENTED_EDGE('',*,*,#811,.T.);
#1171=ORIENTED_EDGE('',*,*,#813,.T.);
#1172=ORIENTED_EDGE('',*,*,#815,.T.);
#1173=PLANE('',#1281);
#1174=PLANE('',#1285);
#1175=PLANE('',#1289);
#1176=PLANE('',#1293);
#1177=PLANE('',#1297);
#1178=PLANE('',#1301);
#1179=PLANE('',#1302);
#1180=PLANE('',#1312);
#1181=PLANE('',#1313);
#1182=PLANE('',#1324);
#1183=PLANE('',#1327);
#1184=PLANE('',#1328);
#1185=PLANE('',#1338);
#1186=PLANE('',#1341);
#1187=PLANE('',#1342);
#1188=PLANE('',#1345);
#1189=PLANE('',#1348);
#1190=PLANE('',#1349);
#1191=PLANE('',#1350);
#1192=PLANE('',#1351);
#1193=PLANE('',#1352);
#1194=PLANE('',#1358);
#1195=PLANE('',#1365);
#1196=PLANE('',#1370);
#1197=PLANE('',#1375);
#1198=PLANE('',#1380);
#1199=PLANE('',#1383);
#1200=PLANE('',#1386);
#1201=PLANE('',#1392);
#1202=PLANE('',#1393);
#1203=PLANE('',#1394);
#1204=PLANE('',#1403);
#1205=PLANE('',#1406);
#1206=PLANE('',#1408);
#1207=PLANE('',#1425);
#1208=ADVANCED_FACE('',(#148),#1173,.T.);
#1209=ADVANCED_FACE('',(#149),#115,.F.);
#1210=ADVANCED_FACE('',(#150),#1174,.T.);
#1211=ADVANCED_FACE('',(#151),#116,.F.);
#1212=ADVANCED_FACE('',(#152),#1175,.T.);
#1213=ADVANCED_FACE('',(#153),#117,.F.);
#1214=ADVANCED_FACE('',(#154),#1176,.T.);
#1215=ADVANCED_FACE('',(#155),#118,.F.);
#1216=ADVANCED_FACE('',(#156),#1177,.T.);
#1217=ADVANCED_FACE('',(#157),#119,.F.);
#1218=ADVANCED_FACE('',(#158),#1178,.T.);
#1219=ADVANCED_FACE('',(#159,#18),#1179,.T.);
#1220=ADVANCED_FACE('',(#160),#120,.F.);
#1221=ADVANCED_FACE('',(#161),#121,.F.);
#1222=ADVANCED_FACE('',(#162),#1180,.T.);
#1223=ADVANCED_FACE('',(#163,#19),#1181,.T.);
#1224=ADVANCED_FACE('',(#164),#122,.F.);
#1225=ADVANCED_FACE('',(#165),#123,.F.);
#1226=ADVANCED_FACE('',(#166),#1182,.T.);
#1227=ADVANCED_FACE('',(#167),#124,.F.);
#1228=ADVANCED_FACE('',(#168),#1183,.T.);
#1229=ADVANCED_FACE('',(#169,#20),#1184,.T.);
#1230=ADVANCED_FACE('',(#170),#125,.F.);
#1231=ADVANCED_FACE('',(#171),#126,.F.);
#1232=ADVANCED_FACE('',(#172),#1185,.T.);
#1233=ADVANCED_FACE('',(#173),#127,.F.);
#1234=ADVANCED_FACE('',(#174),#1186,.T.);
#1235=ADVANCED_FACE('',(#175),#1187,.T.);
#1236=ADVANCED_FACE('',(#176),#128,.F.);
#1237=ADVANCED_FACE('',(#177),#1188,.T.);
#1238=ADVANCED_FACE('',(#178),#129,.F.);
#1239=ADVANCED_FACE('',(#179),#1189,.T.);
#1240=ADVANCED_FACE('',(#180),#1190,.T.);
#1241=ADVANCED_FACE('',(#181),#1191,.T.);
#1242=ADVANCED_FACE('',(#182),#1192,.T.);
#1243=ADVANCED_FACE('',(#183),#1193,.T.);
#1244=ADVANCED_FACE('',(#184),#15,.F.);
#1245=ADVANCED_FACE('',(#185),#16,.F.);
#1246=ADVANCED_FACE('',(#186,#21),#1194,.T.);
#1247=ADVANCED_FACE('',(#187),#17,.F.);
#1248=ADVANCED_FACE('',(#188),#130,.F.);
#1249=ADVANCED_FACE('',(#189,#22),#1195,.T.);
#1250=ADVANCED_FACE('',(#190),#131,.F.);
#1251=ADVANCED_FACE('',(#191,#23),#1196,.T.);
#1252=ADVANCED_FACE('',(#192),#132,.F.);
#1253=ADVANCED_FACE('',(#193,#24),#1197,.T.);
#1254=ADVANCED_FACE('',(#194),#133,.F.);
#1255=ADVANCED_FACE('',(#195),#1198,.T.);
#1256=ADVANCED_FACE('',(#196),#1199,.T.);
#1257=ADVANCED_FACE('',(#197),#1200,.T.);
#1258=ADVANCED_FACE('',(#198),#134,.F.);
#1259=ADVANCED_FACE('',(#199),#1201,.T.);
#1260=ADVANCED_FACE('',(#200,#25),#1202,.T.);
#1261=ADVANCED_FACE('',(#201,#26,#27,#28,#29,#30,#31,#32),#1203,.F.);
#1262=ADVANCED_FACE('',(#202),#135,.T.);
#1263=ADVANCED_FACE('',(#203,#33),#1204,.F.);
#1264=ADVANCED_FACE('',(#204),#136,.T.);
#1265=ADVANCED_FACE('',(#205),#1205,.T.);
#1266=ADVANCED_FACE('',(#206),#137,.T.);
#1267=ADVANCED_FACE('',(#207),#1206,.T.);
#1268=ADVANCED_FACE('',(#208),#138,.F.);
#1269=ADVANCED_FACE('',(#209),#139,.F.);
#1270=ADVANCED_FACE('',(#210),#140,.F.);
#1271=ADVANCED_FACE('',(#211),#141,.F.);
#1272=ADVANCED_FACE('',(#212),#142,.F.);
#1273=ADVANCED_FACE('',(#213),#143,.F.);
#1274=ADVANCED_FACE('',(#214),#144,.F.);
#1275=ADVANCED_FACE('',(#215),#145,.F.);
#1276=ADVANCED_FACE('',(#216),#146,.F.);
#1277=ADVANCED_FACE('',(#217),#147,.T.);
#1278=ADVANCED_FACE('',(#218,#34,#35,#36,#37,#38,#39,#40),#1207,.T.);
#1279=CLOSED_SHELL('',(#1208,#1209,#1210,#1211,#1212,#1213,#1214,#1215,
#1216,#1217,#1218,#1219,#1220,#1221,#1222,#1223,#1224,#1225,#1226,#1227,
#1228,#1229,#1230,#1231,#1232,#1233,#1234,#1235,#1236,#1237,#1238,#1239,
#1240,#1241,#1242,#1243,#1244,#1245,#1246,#1247,#1248,#1249,#1250,#1251,
#1252,#1253,#1254,#1255,#1256,#1257,#1258,#1259,#1260,#1261,#1262,#1263,
#1264,#1265,#1266,#1267,#1268,#1269,#1270,#1271,#1272,#1273,#1274,#1275,
#1276,#1277,#1278));
#1280=AXIS2_PLACEMENT_3D('',#1822,#1426,#1427);
#1281=AXIS2_PLACEMENT_3D('',#1823,#1428,#1429);
#1282=AXIS2_PLACEMENT_3D('',#1832,#1434,#1435);
#1283=AXIS2_PLACEMENT_3D('',#1834,#1436,#1437);
#1284=AXIS2_PLACEMENT_3D('',#1837,#1439,#1440);
#1285=AXIS2_PLACEMENT_3D('',#1838,#1441,#1442);
#1286=AXIS2_PLACEMENT_3D('',#1847,#1447,#1448);
#1287=AXIS2_PLACEMENT_3D('',#1849,#1449,#1450);
#1288=AXIS2_PLACEMENT_3D('',#1852,#1452,#1453);
#1289=AXIS2_PLACEMENT_3D('',#1853,#1454,#1455);
#1290=AXIS2_PLACEMENT_3D('',#1862,#1460,#1461);
#1291=AXIS2_PLACEMENT_3D('',#1864,#1462,#1463);
#1292=AXIS2_PLACEMENT_3D('',#1867,#1465,#1466);
#1293=AXIS2_PLACEMENT_3D('',#1868,#1467,#1468);
#1294=AXIS2_PLACEMENT_3D('',#1877,#1473,#1474);
#1295=AXIS2_PLACEMENT_3D('',#1879,#1475,#1476);
#1296=AXIS2_PLACEMENT_3D('',#1882,#1478,#1479);
#1297=AXIS2_PLACEMENT_3D('',#1883,#1480,#1481);
#1298=AXIS2_PLACEMENT_3D('',#1892,#1486,#1487);
#1299=AXIS2_PLACEMENT_3D('',#1894,#1488,#1489);
#1300=AXIS2_PLACEMENT_3D('',#1897,#1491,#1492);
#1301=AXIS2_PLACEMENT_3D('',#1898,#1493,#1494);
#1302=AXIS2_PLACEMENT_3D('',#1904,#1498,#1499);
#1303=AXIS2_PLACEMENT_3D('',#1906,#1500,#1501);
#1304=AXIS2_PLACEMENT_3D('',#1910,#1503,#1504);
#1305=AXIS2_PLACEMENT_3D('',#1913,#1506,#1507);
#1306=AXIS2_PLACEMENT_3D('',#1915,#1508,#1509);
#1307=AXIS2_PLACEMENT_3D('',#1918,#1511,#1512);
#1308=AXIS2_PLACEMENT_3D('',#1919,#1513,#1514);
#1309=AXIS2_PLACEMENT_3D('',#1921,#1515,#1516);
#1310=AXIS2_PLACEMENT_3D('',#1923,#1518,#1519);
#1311=AXIS2_PLACEMENT_3D('',#1926,#1521,#1522);
#1312=AXIS2_PLACEMENT_3D('',#1927,#1523,#1524);
#1313=AXIS2_PLACEMENT_3D('',#1936,#1529,#1530);
#1314=AXIS2_PLACEMENT_3D('',#1938,#1531,#1532);
#1315=AXIS2_PLACEMENT_3D('',#1942,#1534,#1535);
#1316=AXIS2_PLACEMENT_3D('',#1945,#1537,#1538);
#1317=AXIS2_PLACEMENT_3D('',#1947,#1539,#1540);
#1318=AXIS2_PLACEMENT_3D('',#1951,#1542,#1543);
#1319=AXIS2_PLACEMENT_3D('',#1954,#1545,#1546);
#1320=AXIS2_PLACEMENT_3D('',#1955,#1547,#1548);
#1321=AXIS2_PLACEMENT_3D('',#1957,#1549,#1550);
#1322=AXIS2_PLACEMENT_3D('',#1959,#1552,#1553);
#1323=AXIS2_PLACEMENT_3D('',#1962,#1555,#1556);
#1324=AXIS2_PLACEMENT_3D('',#1963,#1557,#1558);
#1325=AXIS2_PLACEMENT_3D('',#1969,#1562,#1563);
#1326=AXIS2_PLACEMENT_3D('',#1970,#1564,#1565);
#1327=AXIS2_PLACEMENT_3D('',#1971,#1566,#1567);
#1328=AXIS2_PLACEMENT_3D('',#1977,#1571,#1572);
#1329=AXIS2_PLACEMENT_3D('',#1979,#1573,#1574);
#1330=AXIS2_PLACEMENT_3D('',#1983,#1576,#1577);
#1331=AXIS2_PLACEMENT_3D('',#1986,#1579,#1580);
#1332=AXIS2_PLACEMENT_3D('',#1988,#1581,#1582);
#1333=AXIS2_PLACEMENT_3D('',#1991,#1584,#1585);
#1334=AXIS2_PLACEMENT_3D('',#1992,#1586,#1587);
#1335=AXIS2_PLACEMENT_3D('',#1994,#1588,#1589);
#1336=AXIS2_PLACEMENT_3D('',#1996,#1591,#1592);
#1337=AXIS2_PLACEMENT_3D('',#1999,#1594,#1595);
#1338=AXIS2_PLACEMENT_3D('',#2000,#1596,#1597);
#1339=AXIS2_PLACEMENT_3D('',#2006,#1601,#1602);
#1340=AXIS2_PLACEMENT_3D('',#2007,#1603,#1604);
#1341=AXIS2_PLACEMENT_3D('',#2008,#1605,#1606);
#1342=AXIS2_PLACEMENT_3D('',#2010,#1608,#1609);
#1343=AXIS2_PLACEMENT_3D('',#2014,#1612,#1613);
#1344=AXIS2_PLACEMENT_3D('',#2017,#1615,#1616);
#1345=AXIS2_PLACEMENT_3D('',#2018,#1617,#1618);
#1346=AXIS2_PLACEMENT_3D('',#2024,#1622,#1623);
#1347=AXIS2_PLACEMENT_3D('',#2025,#1624,#1625);
#1348=AXIS2_PLACEMENT_3D('',#2026,#1626,#1627);
#1349=AXIS2_PLACEMENT_3D('',#2028,#1629,#1630);
#1350=AXIS2_PLACEMENT_3D('',#2032,#1633,#1634);
#1351=AXIS2_PLACEMENT_3D('',#2034,#1636,#1637);
#1352=AXIS2_PLACEMENT_3D('',#2038,#1640,#1641);
#1353=AXIS2_PLACEMENT_3D('',#2042,#1644,#1645);
#1354=AXIS2_PLACEMENT_3D('',#2044,#1646,#1647);
#1355=AXIS2_PLACEMENT_3D('',#2047,#1649,#1650);
#1356=AXIS2_PLACEMENT_3D('',#2048,#1651,#1652);
#1357=AXIS2_PLACEMENT_3D('',#2050,#1653,#1654);
#1358=AXIS2_PLACEMENT_3D('',#2052,#1656,#1657);
#1359=AXIS2_PLACEMENT_3D('',#2054,#1658,#1659);
#1360=AXIS2_PLACEMENT_3D('',#2055,#1660,#1661);
#1361=AXIS2_PLACEMENT_3D('',#2057,#1662,#1663);
#1362=AXIS2_PLACEMENT_3D('',#2059,#1665,#1666);
#1363=AXIS2_PLACEMENT_3D('',#2061,#1667,#1668);
#1364=AXIS2_PLACEMENT_3D('',#2064,#1670,#1671);
#1365=AXIS2_PLACEMENT_3D('',#2065,#1672,#1673);
#1366=AXIS2_PLACEMENT_3D('',#2067,#1674,#1675);
#1367=AXIS2_PLACEMENT_3D('',#2068,#1676,#1677);
#1368=AXIS2_PLACEMENT_3D('',#2070,#1678,#1679);
#1369=AXIS2_PLACEMENT_3D('',#2073,#1681,#1682);
#1370=AXIS2_PLACEMENT_3D('',#2074,#1683,#1684);
#1371=AXIS2_PLACEMENT_3D('',#2076,#1685,#1686);
#1372=AXIS2_PLACEMENT_3D('',#2077,#1687,#1688);
#1373=AXIS2_PLACEMENT_3D('',#2079,#1689,#1690);
#1374=AXIS2_PLACEMENT_3D('',#2082,#1692,#1693);
#1375=AXIS2_PLACEMENT_3D('',#2083,#1694,#1695);
#1376=AXIS2_PLACEMENT_3D('',#2085,#1696,#1697);
#1377=AXIS2_PLACEMENT_3D('',#2086,#1698,#1699);
#1378=AXIS2_PLACEMENT_3D('',#2088,#1700,#1701);
#1379=AXIS2_PLACEMENT_3D('',#2091,#1703,#1704);
#1380=AXIS2_PLACEMENT_3D('',#2092,#1705,#1706);
#1381=AXIS2_PLACEMENT_3D('',#2097,#1708,#1709);
#1382=AXIS2_PLACEMENT_3D('',#2100,#1711,#1712);
#1383=AXIS2_PLACEMENT_3D('',#2101,#1713,#1714);
#1384=AXIS2_PLACEMENT_3D('',#2106,#1716,#1717);
#1385=AXIS2_PLACEMENT_3D('',#2109,#1719,#1720);
#1386=AXIS2_PLACEMENT_3D('',#2110,#1721,#1722);
#1387=AXIS2_PLACEMENT_3D('',#2116,#1726,#1727);
#1388=AXIS2_PLACEMENT_3D('',#2118,#1728,#1729);
#1389=AXIS2_PLACEMENT_3D('',#2123,#1732,#1733);
#1390=AXIS2_PLACEMENT_3D('',#2126,#1735,#1736);
#1391=AXIS2_PLACEMENT_3D('',#2128,#1737,#1738);
#1392=AXIS2_PLACEMENT_3D('',#2130,#1740,#1741);
#1393=AXIS2_PLACEMENT_3D('',#2134,#1744,#1745);
#1394=AXIS2_PLACEMENT_3D('',#2135,#1746,#1747);
#1395=AXIS2_PLACEMENT_3D('',#2137,#1748,#1749);
#1396=AXIS2_PLACEMENT_3D('',#2140,#1751,#1752);
#1397=AXIS2_PLACEMENT_3D('',#2142,#1754,#1755);
#1398=AXIS2_PLACEMENT_3D('',#2143,#1756,#1757);
#1399=AXIS2_PLACEMENT_3D('',#2144,#1758,#1759);
#1400=AXIS2_PLACEMENT_3D('',#2145,#1760,#1761);
#1401=AXIS2_PLACEMENT_3D('',#2147,#1762,#1763);
#1402=AXIS2_PLACEMENT_3D('',#2150,#1765,#1766);
#1403=AXIS2_PLACEMENT_3D('',#2151,#1767,#1768);
#1404=AXIS2_PLACEMENT_3D('',#2153,#1769,#1770);
#1405=AXIS2_PLACEMENT_3D('',#2154,#1771,#1772);
#1406=AXIS2_PLACEMENT_3D('',#2156,#1774,#1775);
#1407=AXIS2_PLACEMENT_3D('',#2157,#1776,#1777);
#1408=AXIS2_PLACEMENT_3D('',#2159,#1779,#1780);
#1409=AXIS2_PLACEMENT_3D('',#2160,#1781,#1782);
#1410=AXIS2_PLACEMENT_3D('',#2161,#1783,#1784);
#1411=AXIS2_PLACEMENT_3D('',#2162,#1785,#1786);
#1412=AXIS2_PLACEMENT_3D('',#2163,#1787,#1788);
#1413=AXIS2_PLACEMENT_3D('',#2166,#1790,#1791);
#1414=AXIS2_PLACEMENT_3D('',#2167,#1792,#1793);
#1415=AXIS2_PLACEMENT_3D('',#2170,#1795,#1796);
#1416=AXIS2_PLACEMENT_3D('',#2171,#1797,#1798);
#1417=AXIS2_PLACEMENT_3D('',#2174,#1800,#1801);
#1418=AXIS2_PLACEMENT_3D('',#2175,#1802,#1803);
#1419=AXIS2_PLACEMENT_3D('',#2178,#1805,#1806);
#1420=AXIS2_PLACEMENT_3D('',#2179,#1807,#1808);
#1421=AXIS2_PLACEMENT_3D('',#2182,#1810,#1811);
#1422=AXIS2_PLACEMENT_3D('',#2183,#1812,#1813);
#1423=AXIS2_PLACEMENT_3D('',#2186,#1815,#1816);
#1424=AXIS2_PLACEMENT_3D('',#2187,#1817,#1818);
#1425=AXIS2_PLACEMENT_3D('',#2189,#1820,#1821);
#1426=DIRECTION('axis',(0.,0.,1.));
#1427=DIRECTION('refdir',(1.,0.,0.));
#1428=DIRECTION('center_axis',(-0.866025403784437,0.,-0.500000000000002));
#1429=DIRECTION('ref_axis',(0.500000000000002,0.,-0.866025403784437));
#1430=DIRECTION('',(0.500000000000002,0.,-0.866025403784437));
#1431=DIRECTION('',(0.,1.,2.22044604925031E-16));
#1432=DIRECTION('',(0.500000000000002,1.92296268638356E-16,-0.866025403784437));
#1433=DIRECTION('',(0.,-1.,-2.22044604925031E-16));
#1434=DIRECTION('center_axis',(0.,-1.,-2.22044604925031E-16));
#1435=DIRECTION('ref_axis',(1.,0.,0.));
#1436=DIRECTION('center_axis',(0.,-1.,-2.22044604925031E-16));
#1437=DIRECTION('ref_axis',(1.,0.,0.));
#1438=DIRECTION('',(0.,1.,2.22044604925031E-16));
#1439=DIRECTION('center_axis',(0.,-1.,-2.22044604925031E-16));
#1440=DIRECTION('ref_axis',(1.,0.,0.));
#1441=DIRECTION('center_axis',(0.866025403784439,0.,-0.5));
#1442=DIRECTION('ref_axis',(0.5,0.,0.866025403784438));
#1443=DIRECTION('',(0.5,0.,0.866025403784439));
#1444=DIRECTION('',(0.,1.,2.22044604925031E-16));
#1445=DIRECTION('',(0.5,-1.92296268638356E-16,0.866025403784438));
#1446=DIRECTION('',(0.,-1.,-2.22044604925031E-16));
#1447=DIRECTION('center_axis',(0.,-1.,-2.22044604925031E-16));
#1448=DIRECTION('ref_axis',(-1.,-7.17445913537323E-31,3.23108914886517E-15));
#1449=DIRECTION('center_axis',(0.,-1.,-2.22044604925031E-16));
#1450=DIRECTION('ref_axis',(1.,0.,0.));
#1451=DIRECTION('',(0.,1.,2.22044604925031E-16));
#1452=DIRECTION('center_axis',(0.,-1.,-2.22044604925031E-16));
#1453=DIRECTION('ref_axis',(1.,0.,0.));
#1454=DIRECTION('center_axis',(0.,0.,1.));
#1455=DIRECTION('ref_axis',(-1.,0.,0.));
#1456=DIRECTION('',(-1.,0.,0.));
#1457=DIRECTION('',(0.,1.,2.22044604925031E-16));
#1458=DIRECTION('',(-1.,0.,0.));
#1459=DIRECTION('',(0.,-1.,-2.22044604925031E-16));
#1460=DIRECTION('center_axis',(0.,-1.,-2.22044604925031E-16));
#1461=DIRECTION('ref_axis',(1.,0.,0.));
#1462=DIRECTION('center_axis',(0.,-1.,-2.22044604925031E-16));
#1463=DIRECTION('ref_axis',(1.,0.,0.));
#1464=DIRECTION('',(0.,1.,2.22044604925031E-16));
#1465=DIRECTION('center_axis',(0.,-1.,-2.22044604925031E-16));
#1466=DIRECTION('ref_axis',(1.,0.,0.));
#1467=DIRECTION('center_axis',(-0.866025403784439,0.,0.5));
#1468=DIRECTION('ref_axis',(-0.5,0.,-0.866025403784439));
#1469=DIRECTION('',(-0.5,0.,-0.866025403784439));
#1470=DIRECTION('',(0.,1.,2.22044604925031E-16));
#1471=DIRECTION('',(-0.5,1.92296268638356E-16,-0.866025403784439));
#1472=DIRECTION('',(0.,-1.,-2.22044604925031E-16));
#1473=DIRECTION('center_axis',(0.,-1.,-2.22044604925031E-16));
#1474=DIRECTION('ref_axis',(1.,0.,0.));
#1475=DIRECTION('center_axis',(0.,-1.,-2.22044604925031E-16));
#1476=DIRECTION('ref_axis',(1.,0.,0.));
#1477=DIRECTION('',(0.,1.,2.22044604925031E-16));
#1478=DIRECTION('center_axis',(0.,-1.,-2.22044604925031E-16));
#1479=DIRECTION('ref_axis',(1.,0.,0.));
#1480=DIRECTION('center_axis',(0.,0.,-1.));
#1481=DIRECTION('ref_axis',(1.,0.,0.));
#1482=DIRECTION('',(1.,0.,0.));
#1483=DIRECTION('',(0.,1.,2.22044604925031E-16));
#1484=DIRECTION('',(1.,0.,0.));
#1485=DIRECTION('',(0.,-1.,-2.22044604925031E-16));
#1486=DIRECTION('center_axis',(0.,-1.,-2.22044604925031E-16));
#1487=DIRECTION('ref_axis',(1.,0.,0.));
#1488=DIRECTION('center_axis',(0.,-1.,-2.22044604925031E-16));
#1489=DIRECTION('ref_axis',(1.,0.,0.));
#1490=DIRECTION('',(0.,1.,2.22044604925031E-16));
#1491=DIRECTION('center_axis',(0.,-1.,-2.22044604925031E-16));
#1492=DIRECTION('ref_axis',(1.,0.,0.));
#1493=DIRECTION('center_axis',(0.866025403784439,0.,-0.5));
#1494=DIRECTION('ref_axis',(0.5,0.,0.866025403784439));
#1495=DIRECTION('',(0.5,0.,0.866025403784439));
#1496=DIRECTION('',(0.5,-1.92296268638356E-16,0.866025403784439));
#1497=DIRECTION('',(0.,-1.,-2.22044604925031E-16));
#1498=DIRECTION('center_axis',(0.,1.,2.22044604925031E-16));
#1499=DIRECTION('ref_axis',(1.,0.,0.));
#1500=DIRECTION('center_axis',(0.,-1.,-2.22044604925031E-16));
#1501=DIRECTION('ref_axis',(1.,0.,0.));
#1502=DIRECTION('',(-1.,0.,0.));
#1503=DIRECTION('center_axis',(0.,-1.,-2.22044604925031E-16));
#1504=DIRECTION('ref_axis',(1.,0.,0.));
#1505=DIRECTION('',(-0.5,-1.92296268638356E-16,0.866025403784439));
#1506=DIRECTION('center_axis',(0.,-1.,-2.22044604925031E-16));
#1507=DIRECTION('ref_axis',(1.,0.,0.));
#1508=DIRECTION('center_axis',(0.,-1.,-2.22044604925031E-16));
#1509=DIRECTION('ref_axis',(1.,0.,0.));
#1510=DIRECTION('',(0.5,1.92296268638356E-16,-0.866025403784439));
#1511=DIRECTION('center_axis',(0.,1.,2.22044604925031E-16));
#1512=DIRECTION('ref_axis',(1.,0.,0.));
#1513=DIRECTION('center_axis',(0.,-1.,-2.22044604925031E-16));
#1514=DIRECTION('ref_axis',(1.,0.,0.));
#1515=DIRECTION('center_axis',(0.,-1.,-2.22044604925031E-16));
#1516=DIRECTION('ref_axis',(1.,0.,0.));
#1517=DIRECTION('',(0.,-1.,-2.22044604925031E-16));
#1518=DIRECTION('center_axis',(0.,-1.,-2.22044604925031E-16));
#1519=DIRECTION('ref_axis',(-1.,-7.17445913537323E-31,3.23108914886517E-15));
#1520=DIRECTION('',(0.,1.,2.22044604925031E-16));
#1521=DIRECTION('center_axis',(0.,-1.,-2.22044604925031E-16));
#1522=DIRECTION('ref_axis',(1.,0.,0.));
#1523=DIRECTION('center_axis',(0.,0.,-1.));
#1524=DIRECTION('ref_axis',(1.,0.,0.));
#1525=DIRECTION('',(1.,0.,0.));
#1526=DIRECTION('',(0.,1.,2.22044604925031E-16));
#1527=DIRECTION('',(1.,0.,0.));
#1528=DIRECTION('',(0.,-1.,-2.22044604925031E-16));
#1529=DIRECTION('center_axis',(0.,1.,2.22044604925031E-16));
#1530=DIRECTION('ref_axis',(1.,0.,0.));
#1531=DIRECTION('center_axis',(0.,-1.,-2.22044604925031E-16));
#1532=DIRECTION('ref_axis',(1.,0.,0.));
#1533=DIRECTION('',(-0.499999999999998,-1.92296268638357E-16,0.86602540378444));
#1534=DIRECTION('center_axis',(0.,-1.,-2.22044604925031E-16));
#1535=DIRECTION('ref_axis',(1.,0.,0.));
#1536=DIRECTION('',(0.500000000000002,-1.92296268638356E-16,0.866025403784437));
#1537=DIRECTION('center_axis',(0.,-1.,-2.22044604925031E-16));
#1538=DIRECTION('ref_axis',(1.,0.,0.));
#1539=DIRECTION('center_axis',(0.,-1.,-2.22044604925031E-16));
#1540=DIRECTION('ref_axis',(1.,0.,0.));
#1541=DIRECTION('',(0.5,1.92296268638356E-16,-0.866025403784438));
#1542=DIRECTION('center_axis',(0.,-1.,-2.22044604925031E-16));
#1543=DIRECTION('ref_axis',(1.,0.,0.));
#1544=DIRECTION('',(-0.499999999999998,1.92296268638357E-16,-0.86602540378444));
#1545=DIRECTION('center_axis',(0.,1.,2.22044604925031E-16));
#1546=DIRECTION('ref_axis',(1.,0.,0.));
#1547=DIRECTION('center_axis',(0.,-1.,-2.22044604925031E-16));
#1548=DIRECTION('ref_axis',(1.,0.,0.));
#1549=DIRECTION('center_axis',(0.,-1.,-2.22044604925031E-16));
#1550=DIRECTION('ref_axis',(1.,0.,0.));
#1551=DIRECTION('',(0.,-1.,-2.22044604925031E-16));
#1552=DIRECTION('center_axis',(0.,-1.,-2.22044604925031E-16));
#1553=DIRECTION('ref_axis',(1.,0.,0.));
#1554=DIRECTION('',(0.,1.,2.22044604925031E-16));
#1555=DIRECTION('center_axis',(0.,-1.,-2.22044604925031E-16));
#1556=DIRECTION('ref_axis',(1.,0.,0.));
#1557=DIRECTION('center_axis',(0.86602540378444,0.,0.499999999999998));
#1558=DIRECTION('ref_axis',(-0.499999999999998,0.,0.86602540378444));
#1559=DIRECTION('',(-0.499999999999998,0.,0.86602540378444));
#1560=DIRECTION('',(0.,1.,2.22044604925031E-16));
#1561=DIRECTION('',(0.,-1.,-2.22044604925031E-16));
#1562=DIRECTION('center_axis',(0.,-1.,-2.22044604925031E-16));
#1563=DIRECTION('ref_axis',(1.,0.,0.));
#1564=DIRECTION('center_axis',(0.,-1.,-2.22044604925031E-16));
#1565=DIRECTION('ref_axis',(1.,0.,0.));
#1566=DIRECTION('center_axis',(0.86602540378444,0.,0.499999999999998));
#1567=DIRECTION('ref_axis',(-0.499999999999998,0.,0.86602540378444));
#1568=DIRECTION('',(-0.499999999999998,0.,0.86602540378444));
#1569=DIRECTION('',(-0.499999999999998,-1.92296268638357E-16,0.86602540378444));
#1570=DIRECTION('',(0.,-1.,-2.22044604925031E-16));
#1571=DIRECTION('center_axis',(0.,1.,2.22044604925031E-16));
#1572=DIRECTION('ref_axis',(1.,0.,0.));
#1573=DIRECTION('center_axis',(0.,-1.,-2.22044604925031E-16));
#1574=DIRECTION('ref_axis',(1.,0.,0.));
#1575=DIRECTION('',(-0.500000000000002,1.92296268638356E-16,-0.866025403784437));
#1576=DIRECTION('center_axis',(0.,-1.,-2.22044604925031E-16));
#1577=DIRECTION('ref_axis',(1.,0.,0.));
#1578=DIRECTION('',(-1.,0.,0.));
#1579=DIRECTION('center_axis',(0.,-1.,-2.22044604925031E-16));
#1580=DIRECTION('ref_axis',(1.,0.,0.));
#1581=DIRECTION('center_axis',(0.,-1.,-2.22044604925031E-16));
#1582=DIRECTION('ref_axis',(1.,0.,0.));
#1583=DIRECTION('',(1.,0.,0.));
#1584=DIRECTION('center_axis',(0.,1.,2.22044604925031E-16));
#1585=DIRECTION('ref_axis',(1.,0.,0.));
#1586=DIRECTION('center_axis',(0.,-1.,-2.22044604925031E-16));
#1587=DIRECTION('ref_axis',(1.,0.,0.));
#1588=DIRECTION('center_axis',(0.,-1.,-2.22044604925031E-16));
#1589=DIRECTION('ref_axis',(1.,0.,0.));
#1590=DIRECTION('',(0.,-1.,-2.22044604925031E-16));
#1591=DIRECTION('center_axis',(0.,-1.,-2.22044604925031E-16));
#1592=DIRECTION('ref_axis',(1.,0.,0.));
#1593=DIRECTION('',(0.,1.,2.22044604925031E-16));
#1594=DIRECTION('center_axis',(0.,-1.,-2.22044604925031E-16));
#1595=DIRECTION('ref_axis',(1.,0.,0.));
#1596=DIRECTION('center_axis',(-0.866025403784437,0.,0.500000000000002));
#1597=DIRECTION('ref_axis',(-0.500000000000002,0.,-0.866025403784437));
#1598=DIRECTION('',(-0.500000000000002,0.,-0.866025403784437));
#1599=DIRECTION('',(0.,1.,2.22044604925031E-16));
#1600=DIRECTION('',(0.,-1.,-2.22044604925031E-16));
#1601=DIRECTION('center_axis',(0.,-1.,-2.22044604925031E-16));
#1602=DIRECTION('ref_axis',(1.,0.,0.));
#1603=DIRECTION('center_axis',(0.,-1.,-2.22044604925031E-16));
#1604=DIRECTION('ref_axis',(1.,0.,0.));
#1605=DIRECTION('center_axis',(0.,0.,-1.));
#1606=DIRECTION('ref_axis',(1.,0.,0.));
#1607=DIRECTION('',(1.,0.,0.));
#1608=DIRECTION('center_axis',(-0.86602540378444,0.,0.499999999999998));
#1609=DIRECTION('ref_axis',(-0.499999999999998,0.,-0.86602540378444));
#1610=DIRECTION('',(-0.499999999999998,0.,-0.86602540378444));
#1611=DIRECTION('',(0.,-1.,-2.22044604925031E-16));
#1612=DIRECTION('center_axis',(0.,-1.,-2.22044604925031E-16));
#1613=DIRECTION('ref_axis',(1.,0.,0.));
#1614=DIRECTION('',(0.,1.,2.22044604925031E-16));
#1615=DIRECTION('center_axis',(0.,-1.,-2.22044604925031E-16));
#1616=DIRECTION('ref_axis',(1.,0.,0.));
#1617=DIRECTION('center_axis',(0.,0.,1.));
#1618=DIRECTION('ref_axis',(-1.,0.,0.));
#1619=DIRECTION('',(-1.,0.,0.));
#1620=DIRECTION('',(0.,1.,2.22044604925031E-16));
#1621=DIRECTION('',(0.,-1.,-2.22044604925031E-16));
#1622=DIRECTION('center_axis',(0.,-1.,-2.22044604925031E-16));
#1623=DIRECTION('ref_axis',(1.,0.,0.));
#1624=DIRECTION('center_axis',(0.,-1.,-2.22044604925031E-16));
#1625=DIRECTION('ref_axis',(1.,0.,0.));
#1626=DIRECTION('center_axis',(-0.866025403784439,0.,-0.5));
#1627=DIRECTION('ref_axis',(0.5,0.,-0.866025403784439));
#1628=DIRECTION('',(0.5,0.,-0.866025403784439));
#1629=DIRECTION('center_axis',(0.866025403784439,0.,0.5));
#1630=DIRECTION('ref_axis',(-0.5,0.,0.866025403784439));
#1631=DIRECTION('',(-0.5,0.,0.866025403784439));
#1632=DIRECTION('',(0.,-1.,-2.22044604925031E-16));
#1633=DIRECTION('center_axis',(-0.866025403784439,0.,-0.5));
#1634=DIRECTION('ref_axis',(0.5,0.,-0.866025403784438));
#1635=DIRECTION('',(0.5,0.,-0.866025403784439));
#1636=DIRECTION('center_axis',(0.866025403784437,0.,-0.500000000000002));
#1637=DIRECTION('ref_axis',(0.500000000000002,0.,0.866025403784437));
#1638=DIRECTION('',(0.500000000000002,0.,0.866025403784437));
#1639=DIRECTION('',(0.,-1.,-2.22044604925031E-16));
#1640=DIRECTION('center_axis',(0.,0.,1.));
#1641=DIRECTION('ref_axis',(-1.,0.,0.));
#1642=DIRECTION('',(-1.,0.,0.));
#1643=DIRECTION('',(0.,-1.,-2.22044604925031E-16));
#1644=DIRECTION('center_axis',(0.,1.,0.));
#1645=DIRECTION('ref_axis',(-1.,0.,0.));
#1646=DIRECTION('center_axis',(0.,-1.,0.));
#1647=DIRECTION('ref_axis',(-1.,0.,0.));
#1648=DIRECTION('',(0.969967679556372,0.24323383937279,1.1878678140451E-16));
#1649=DIRECTION('center_axis',(0.,1.,0.));
#1650=DIRECTION('ref_axis',(-1.,0.,0.));
#1651=DIRECTION('center_axis',(0.,1.,0.));
#1652=DIRECTION('ref_axis',(-1.,0.,0.));
#1653=DIRECTION('center_axis',(0.,-1.,0.));
#1654=DIRECTION('ref_axis',(-1.,0.,0.));
#1655=DIRECTION('',(0.881674598767944,0.471857925532024,1.07973997527069E-16));
#1656=DIRECTION('center_axis',(0.,1.,0.));
#1657=DIRECTION('ref_axis',(-1.,0.,0.));
#1658=DIRECTION('center_axis',(0.,-1.,0.));
#1659=DIRECTION('ref_axis',(-1.,0.,0.));
#1660=DIRECTION('center_axis',(0.,1.,2.22044604925031E-16));
#1661=DIRECTION('ref_axis',(-1.,0.,0.));
#1662=DIRECTION('center_axis',(0.,1.,2.22044604925031E-16));
#1663=DIRECTION('ref_axis',(-1.,0.,0.));
#1664=DIRECTION('',(0.554700196225229,0.832050294337844,2.52683460863366E-16));
#1665=DIRECTION('center_axis',(0.,-1.,-2.22044604925031E-16));
#1666=DIRECTION('ref_axis',(1.,0.,0.));
#1667=DIRECTION('center_axis',(0.,-1.,-2.22044604925031E-16));
#1668=DIRECTION('ref_axis',(1.,0.,0.));
#1669=DIRECTION('',(0.,-1.,-2.22044604925031E-16));
#1670=DIRECTION('center_axis',(0.,-1.,-2.22044604925031E-16));
#1671=DIRECTION('ref_axis',(1.,0.,0.));
#1672=DIRECTION('center_axis',(0.,1.,2.22044604925031E-16));
#1673=DIRECTION('ref_axis',(1.,0.,0.));
#1674=DIRECTION('center_axis',(0.,1.,2.22044604925031E-16));
#1675=DIRECTION('ref_axis',(1.,0.,0.));
#1676=DIRECTION('center_axis',(0.,-1.,-2.22044604925031E-16));
#1677=DIRECTION('ref_axis',(1.,0.,0.));
#1678=DIRECTION('center_axis',(0.,-1.,-2.22044604925031E-16));
#1679=DIRECTION('ref_axis',(1.,0.,0.));
#1680=DIRECTION('',(0.,-1.,-2.22044604925031E-16));
#1681=DIRECTION('center_axis',(0.,-1.,-2.22044604925031E-16));
#1682=DIRECTION('ref_axis',(1.,0.,0.));
#1683=DIRECTION('center_axis',(0.,1.,2.22044604925031E-16));
#1684=DIRECTION('ref_axis',(1.,0.,0.));
#1685=DIRECTION('center_axis',(0.,1.,2.22044604925031E-16));
#1686=DIRECTION('ref_axis',(1.,0.,0.));
#1687=DIRECTION('center_axis',(0.,-1.,-2.22044604925031E-16));
#1688=DIRECTION('ref_axis',(1.,0.,0.));
#1689=DIRECTION('center_axis',(0.,-1.,-2.22044604925031E-16));
#1690=DIRECTION('ref_axis',(1.,0.,0.));
#1691=DIRECTION('',(0.,-1.,-2.22044604925031E-16));
#1692=DIRECTION('center_axis',(0.,-1.,-2.22044604925031E-16));
#1693=DIRECTION('ref_axis',(1.,0.,0.));
#1694=DIRECTION('center_axis',(0.,1.,2.22044604925031E-16));
#1695=DIRECTION('ref_axis',(1.,0.,0.));
#1696=DIRECTION('center_axis',(0.,1.,2.22044604925031E-16));
#1697=DIRECTION('ref_axis',(1.,0.,0.));
#1698=DIRECTION('center_axis',(0.,1.,2.22044604925031E-16));
#1699=DIRECTION('ref_axis',(-1.,0.,0.));
#1700=DIRECTION('center_axis',(0.,1.,2.22044604925031E-16));
#1701=DIRECTION('ref_axis',(-1.,0.,0.));
#1702=DIRECTION('',(0.,1.,2.22044604925031E-16));
#1703=DIRECTION('center_axis',(0.,-1.,-2.22044604925031E-16));
#1704=DIRECTION('ref_axis',(-1.,0.,0.));
#1705=DIRECTION('center_axis',(0.,1.,2.22044604925031E-16));
#1706=DIRECTION('ref_axis',(1.,0.,0.));
#1707=DIRECTION('',(1.,0.,0.));
#1708=DIRECTION('center_axis',(0.,-1.,-2.22044604925031E-16));
#1709=DIRECTION('ref_axis',(1.,0.,0.));
#1710=DIRECTION('',(1.,0.,0.));
#1711=DIRECTION('center_axis',(0.,1.,2.22044604925031E-16));
#1712=DIRECTION('ref_axis',(1.,0.,0.));
#1713=DIRECTION('center_axis',(0.,1.,2.22044604925031E-16));
#1714=DIRECTION('ref_axis',(1.,0.,0.));
#1715=DIRECTION('',(-1.,0.,0.));
#1716=DIRECTION('center_axis',(0.,-1.,-2.22044604925031E-16));
#1717=DIRECTION('ref_axis',(1.,0.,0.));
#1718=DIRECTION('',(-1.,0.,0.));
#1719=DIRECTION('center_axis',(0.,1.,2.22044604925031E-16));
#1720=DIRECTION('ref_axis',(1.,0.,0.));
#1721=DIRECTION('center_axis',(0.,2.22044604925031E-16,-1.));
#1722=DIRECTION('ref_axis',(-1.,0.,0.));
#1723=DIRECTION('',(0.,1.,2.22044604925031E-16));
#1724=DIRECTION('',(1.,0.,0.));
#1725=DIRECTION('',(0.,1.,2.22044604925031E-16));
#1726=DIRECTION('center_axis',(0.,1.,2.22044604925031E-16));
#1727=DIRECTION('ref_axis',(1.,0.,0.));
#1728=DIRECTION('center_axis',(0.,-1.,-2.22044604925031E-16));
#1729=DIRECTION('ref_axis',(1.,0.,0.));
#1730=DIRECTION('',(0.,1.,2.22044604925031E-16));
#1731=DIRECTION('',(0.,1.,2.22044604925031E-16));
#1732=DIRECTION('center_axis',(0.,-1.,-2.22044604925031E-16));
#1733=DIRECTION('ref_axis',(1.,0.,0.));
#1734=DIRECTION('',(0.,-1.,-2.22044604925031E-16));
#1735=DIRECTION('center_axis',(0.,-1.,-2.22044604925031E-16));
#1736=DIRECTION('ref_axis',(1.,0.,0.));
#1737=DIRECTION('center_axis',(0.,-1.,-2.22044604925031E-16));
#1738=DIRECTION('ref_axis',(1.,0.,0.));
#1739=DIRECTION('',(0.,1.,2.22044604925031E-16));
#1740=DIRECTION('center_axis',(0.,-2.22044604925031E-16,1.));
#1741=DIRECTION('ref_axis',(1.,0.,0.));
#1742=DIRECTION('',(0.,1.,2.22044604925031E-16));
#1743=DIRECTION('',(-1.,0.,0.));
#1744=DIRECTION('center_axis',(0.,1.,2.22044604925031E-16));
#1745=DIRECTION('ref_axis',(1.,0.,0.));
#1746=DIRECTION('center_axis',(0.,-1.,-2.22044604925031E-16));
#1747=DIRECTION('ref_axis',(-1.,0.,0.));
#1748=DIRECTION('center_axis',(0.,-1.,-2.22044604925031E-16));
#1749=DIRECTION('ref_axis',(1.,0.,0.));
#1750=DIRECTION('',(1.,0.,0.));
#1751=DIRECTION('center_axis',(0.,-1.,-2.22044604925031E-16));
#1752=DIRECTION('ref_axis',(1.,0.,0.));
#1753=DIRECTION('',(-1.,0.,0.));
#1754=DIRECTION('center_axis',(0.,-1.,-2.22044604925031E-16));
#1755=DIRECTION('ref_axis',(1.,0.,0.));
#1756=DIRECTION('center_axis',(0.,-1.,-2.22044604925031E-16));
#1757=DIRECTION('ref_axis',(1.,0.,0.));
#1758=DIRECTION('center_axis',(0.,-1.,-2.22044604925031E-16));
#1759=DIRECTION('ref_axis',(1.,0.,0.));
#1760=DIRECTION('center_axis',(0.,1.,2.22044604925031E-16));
#1761=DIRECTION('ref_axis',(-1.,0.,0.));
#1762=DIRECTION('center_axis',(0.,1.,2.22044604925031E-16));
#1763=DIRECTION('ref_axis',(-1.,0.,0.));
#1764=DIRECTION('',(0.,-1.,-2.22044604925031E-16));
#1765=DIRECTION('center_axis',(0.,-1.,-2.22044604925031E-16));
#1766=DIRECTION('ref_axis',(-1.,0.,0.));
#1767=DIRECTION('center_axis',(0.,-1.,-2.22044604925031E-16));
#1768=DIRECTION('ref_axis',(-1.,0.,0.));
#1769=DIRECTION('center_axis',(0.,1.,2.22044604925031E-16));
#1770=DIRECTION('ref_axis',(-1.,0.,0.));
#1771=DIRECTION('center_axis',(0.,1.,2.22044604925031E-16));
#1772=DIRECTION('ref_axis',(1.,0.,0.));
#1773=DIRECTION('',(0.,1.,2.22044604925031E-16));
#1774=DIRECTION('center_axis',(0.,-2.22044604925031E-16,1.));
#1775=DIRECTION('ref_axis',(1.,0.,0.));
#1776=DIRECTION('center_axis',(0.,1.,2.22044604925031E-16));
#1777=DIRECTION('ref_axis',(1.,0.,0.));
#1778=DIRECTION('',(0.,1.,2.22044604925031E-16));
#1779=DIRECTION('center_axis',(0.,2.22044604925031E-16,-1.));
#1780=DIRECTION('ref_axis',(-1.,0.,0.));
#1781=DIRECTION('center_axis',(0.,-1.,-2.22044604925031E-16));
#1782=DIRECTION('ref_axis',(-1.,6.18838300384696E-31,-2.78699993901511E-15));
#1783=DIRECTION('center_axis',(0.,-1.,-2.22044604925031E-16));
#1784=DIRECTION('ref_axis',(1.,0.,0.));
#1785=DIRECTION('center_axis',(0.,-1.,-2.22044604925031E-16));
#1786=DIRECTION('ref_axis',(1.,0.,0.));
#1787=DIRECTION('center_axis',(0.,-1.,-2.22044604925031E-16));
#1788=DIRECTION('ref_axis',(1.,0.,0.));
#1789=DIRECTION('',(0.,-1.,-2.22044604925031E-16));
#1790=DIRECTION('center_axis',(0.,1.,2.22044604925031E-16));
#1791=DIRECTION('ref_axis',(1.,0.,0.));
#1792=DIRECTION('center_axis',(0.,-1.,-2.22044604925031E-16));
#1793=DIRECTION('ref_axis',(1.,0.,0.));
#1794=DIRECTION('',(0.,-1.,-2.22044604925031E-16));
#1795=DIRECTION('center_axis',(0.,1.,2.22044604925031E-16));
#1796=DIRECTION('ref_axis',(1.,0.,0.));
#1797=DIRECTION('center_axis',(0.,-1.,-2.22044604925031E-16));
#1798=DIRECTION('ref_axis',(1.,0.,0.));
#1799=DIRECTION('',(0.,-1.,-2.22044604925031E-16));
#1800=DIRECTION('center_axis',(0.,1.,2.22044604925031E-16));
#1801=DIRECTION('ref_axis',(1.,0.,0.));
#1802=DIRECTION('center_axis',(0.,-1.,-2.22044604925031E-16));
#1803=DIRECTION('ref_axis',(1.,0.,0.));
#1804=DIRECTION('',(0.,-1.,-2.22044604925031E-16));
#1805=DIRECTION('center_axis',(0.,1.,2.22044604925031E-16));
#1806=DIRECTION('ref_axis',(1.,0.,0.));
#1807=DIRECTION('center_axis',(0.,-1.,-2.22044604925031E-16));
#1808=DIRECTION('ref_axis',(1.,0.,0.));
#1809=DIRECTION('',(0.,-1.,-2.22044604925031E-16));
#1810=DIRECTION('center_axis',(0.,1.,2.22044604925031E-16));
#1811=DIRECTION('ref_axis',(1.,0.,0.));
#1812=DIRECTION('center_axis',(0.,-1.,-2.22044604925031E-16));
#1813=DIRECTION('ref_axis',(1.,0.,0.));
#1814=DIRECTION('',(0.,-1.,-2.22044604925031E-16));
#1815=DIRECTION('center_axis',(0.,1.,2.22044604925031E-16));
#1816=DIRECTION('ref_axis',(1.,0.,0.));
#1817=DIRECTION('center_axis',(0.,-1.,-2.22044604925031E-16));
#1818=DIRECTION('ref_axis',(-1.,0.,0.));
#1819=DIRECTION('',(0.,1.,2.22044604925031E-16));
#1820=DIRECTION('center_axis',(0.,-1.,-2.22044604925031E-16));
#1821=DIRECTION('ref_axis',(-1.,0.,0.));
#1822=CARTESIAN_POINT('',(0.,0.,0.));
#1823=CARTESIAN_POINT('Origin',(15.6844337486868,-24.038,-86.5555248347093));
#1824=CARTESIAN_POINT('',(15.6844337486868,-24.038,-86.5555248347093));
#1825=CARTESIAN_POINT('',(16.9921034317491,-24.038,-88.8204751652906));
#1826=CARTESIAN_POINT('',(15.558845726812,-24.038,-86.338));
#1827=CARTESIAN_POINT('',(16.9921034317491,-27.038,-88.8204751652906));
#1828=CARTESIAN_POINT('',(16.9921034317491,-24.038,-88.8204751652906));
#1829=CARTESIAN_POINT('',(15.6844337486868,-27.038,-86.5555248347093));
#1830=CARTESIAN_POINT('',(16.0113511694524,-27.038,-87.1217624173547));
#1831=CARTESIAN_POINT('',(15.6844337486868,-24.038,-86.5555248347094));
#1832=CARTESIAN_POINT('Origin',(14.,-24.038,-89.038));
#1833=CARTESIAN_POINT('',(15.3076696830622,-27.038,-86.338));
#1834=CARTESIAN_POINT('Origin',(14.,-27.038,-89.038));
#1835=CARTESIAN_POINT('',(15.3076696830622,-24.038,-86.338));
#1836=CARTESIAN_POINT('',(15.3076696830622,-24.038,-86.338));
#1837=CARTESIAN_POINT('Origin',(14.,-24.038,-89.038));
#1838=CARTESIAN_POINT('Origin',(11.0078965682509,-24.038,-88.8204751652906));
#1839=CARTESIAN_POINT('',(11.0078965682509,-24.038,-88.8204751652906));
#1840=CARTESIAN_POINT('',(12.3155662513131,-24.038,-86.5555248347094));
#1841=CARTESIAN_POINT('',(10.882308546376,-24.038,-89.038));
#1842=CARTESIAN_POINT('',(12.3155662513131,-27.038,-86.5555248347094));
#1843=CARTESIAN_POINT('',(12.3155662513131,-24.038,-86.5555248347094));
#1844=CARTESIAN_POINT('',(11.0078965682509,-27.038,-88.8204751652906));
#1845=CARTESIAN_POINT('',(11.3348139890165,-27.038,-88.2542375826453));
#1846=CARTESIAN_POINT('',(11.0078965682509,-24.038,-88.8204751652906));
#1847=CARTESIAN_POINT('Origin',(14.,-24.038,-89.038));
#1848=CARTESIAN_POINT('',(11.0078965682509,-27.038,-89.2555248347093));
#1849=CARTESIAN_POINT('Origin',(14.,-27.038,-89.038));
#1850=CARTESIAN_POINT('',(11.0078965682509,-24.038,-89.2555248347093));
#1851=CARTESIAN_POINT('',(11.0078965682509,-24.038,-89.2555248347094));
#1852=CARTESIAN_POINT('Origin',(14.,-24.038,-89.038));
#1853=CARTESIAN_POINT('Origin',(-5.69233031693788,-24.038,-103.862355652982));
#1854=CARTESIAN_POINT('',(-5.69233031693776,-24.038,-103.862355652982));
#1855=CARTESIAN_POINT('',(-8.30766968306226,-24.038,-103.862355652982));
#1856=CARTESIAN_POINT('',(-5.44115427318802,-24.038,-103.862355652982));
#1857=CARTESIAN_POINT('',(-8.30766968306226,-27.038,-103.862355652982));
#1858=CARTESIAN_POINT('',(-8.30766968306218,-24.038,-103.862355652982));
#1859=CARTESIAN_POINT('',(-5.69233031693776,-27.038,-103.862355652982));
#1860=CARTESIAN_POINT('',(-6.34616515846894,-27.038,-103.862355652982));
#1861=CARTESIAN_POINT('',(-5.69233031693783,-24.038,-103.862355652982));
#1862=CARTESIAN_POINT('Origin',(-7.,-24.038,-101.162355652982));
#1863=CARTESIAN_POINT('',(-5.31556625131314,-27.038,-103.644830818273));
#1864=CARTESIAN_POINT('Origin',(-7.,-27.038,-101.162355652982));
#1865=CARTESIAN_POINT('',(-5.31556625131314,-24.038,-103.644830818273));
#1866=CARTESIAN_POINT('',(-5.31556625131312,-24.038,-103.644830818273));
#1867=CARTESIAN_POINT('Origin',(-7.,-24.038,-101.162355652982));
#1868=CARTESIAN_POINT('Origin',(-4.00789656825093,-24.038,-77.1311691817273));
#1869=CARTESIAN_POINT('',(-4.00789656825093,-24.038,-77.1311691817273));
#1870=CARTESIAN_POINT('',(-5.31556625131311,-24.038,-79.3961195123085));
#1871=CARTESIAN_POINT('',(-3.88230854637602,-24.038,-76.9136443470179));
#1872=CARTESIAN_POINT('',(-5.31556625131311,-27.038,-79.3961195123085));
#1873=CARTESIAN_POINT('',(-5.31556625131312,-24.038,-79.3961195123085));
#1874=CARTESIAN_POINT('',(-4.00789656825093,-27.038,-77.1311691817273));
#1875=CARTESIAN_POINT('',(-4.33481398901648,-27.038,-77.6974067643726));
#1876=CARTESIAN_POINT('',(-4.00789656825092,-24.038,-77.1311691817272));
#1877=CARTESIAN_POINT('Origin',(-7.00000000000001,-24.038,-76.9136443470179));
#1878=CARTESIAN_POINT('',(-4.00789656825093,-27.038,-76.6961195123085));
#1879=CARTESIAN_POINT('Origin',(-7.00000000000001,-27.038,-76.9136443470179));
#1880=CARTESIAN_POINT('',(-4.00789656825093,-24.038,-76.6961195123085));
#1881=CARTESIAN_POINT('',(-4.00789656825092,-24.038,-76.6961195123085));
#1882=CARTESIAN_POINT('Origin',(-7.00000000000001,-24.038,-76.9136443470179));
#1883=CARTESIAN_POINT('Origin',(-8.30766968306219,-24.038,-74.2136443470178));
#1884=CARTESIAN_POINT('',(-8.30766968306219,-24.038,-74.2136443470178));
#1885=CARTESIAN_POINT('',(-5.69233031693783,-24.038,-74.2136443470178));
#1886=CARTESIAN_POINT('',(-8.558845726812,-24.038,-74.2136443470178));
#1887=CARTESIAN_POINT('',(-5.69233031693783,-27.038,-74.2136443470178));
#1888=CARTESIAN_POINT('',(-5.69233031693783,-24.038,-74.2136443470178));
#1889=CARTESIAN_POINT('',(-8.30766968306219,-27.038,-74.2136443470178));
#1890=CARTESIAN_POINT('',(-7.6538348415311,-27.038,-74.2136443470178));
#1891=CARTESIAN_POINT('',(-8.30766968306218,-24.038,-74.2136443470178));
#1892=CARTESIAN_POINT('Origin',(-7.00000000000001,-24.038,-76.9136443470179));
#1893=CARTESIAN_POINT('',(-8.6844337486869,-27.038,-74.4311691817272));
#1894=CARTESIAN_POINT('Origin',(-7.00000000000001,-27.038,-76.9136443470179));
#1895=CARTESIAN_POINT('',(-8.6844337486869,-24.038,-74.4311691817272));
#1896=CARTESIAN_POINT('',(-8.68443374868691,-24.038,-74.4311691817273));
#1897=CARTESIAN_POINT('Origin',(-7.00000000000001,-24.038,-76.9136443470179));
#1898=CARTESIAN_POINT('Origin',(-9.99210343174909,-24.038,-76.6961195123085));
#1899=CARTESIAN_POINT('',(-9.99210343174909,-24.038,-76.6961195123085));
#1900=CARTESIAN_POINT('',(-10.117691453624,-24.038,-76.9136443470179));
#1901=CARTESIAN_POINT('',(-9.99210343174909,-27.038,-76.6961195123085));
#1902=CARTESIAN_POINT('',(-9.66518601098355,-27.038,-76.1298819296632));
#1903=CARTESIAN_POINT('',(-9.99210343174909,-24.038,-76.6961195123085));
#1904=CARTESIAN_POINT('Origin',(-7.00000000000001,-27.038,-76.9136443470179));
#1905=CARTESIAN_POINT('',(-5.69233031693782,-27.038,-79.6136443470179));
#1906=CARTESIAN_POINT('Origin',(-7.00000000000001,-27.038,-76.9136443470179));
#1907=CARTESIAN_POINT('',(-8.30766968306219,-27.038,-79.6136443470179));
#1908=CARTESIAN_POINT('',(-6.34616515846892,-27.038,-79.6136443470179));
#1909=CARTESIAN_POINT('',(-8.6844337486869,-27.038,-79.3961195123085));
#1910=CARTESIAN_POINT('Origin',(-7.00000000000001,-27.038,-76.9136443470179));
#1911=CARTESIAN_POINT('',(-9.99210343174909,-27.038,-77.1311691817272));
#1912=CARTESIAN_POINT('',(-9.01135116945245,-27.038,-78.8298819296631));
#1913=CARTESIAN_POINT('Origin',(-7.00000000000001,-27.038,-76.9136443470179));
#1914=CARTESIAN_POINT('',(-5.31556625131311,-27.038,-74.4311691817272));
#1915=CARTESIAN_POINT('Origin',(-7.00000000000001,-27.038,-76.9136443470179));
#1916=CARTESIAN_POINT('',(-4.98864883054757,-27.038,-74.9974067643725));
#1917=CARTESIAN_POINT('',(-8.70000000000001,-27.038,-76.9136443470179));
#1918=CARTESIAN_POINT('Origin',(-7.00000000000001,-27.038,-76.9136443470179));
#1919=CARTESIAN_POINT('Origin',(-7.00000000000001,-24.038,-76.9136443470179));
#1920=CARTESIAN_POINT('',(-5.31556625131311,-24.038,-74.4311691817272));
#1921=CARTESIAN_POINT('Origin',(-7.00000000000001,-24.038,-76.9136443470179));
#1922=CARTESIAN_POINT('',(-5.31556625131311,-24.038,-74.4311691817273));
#1923=CARTESIAN_POINT('Origin',(-7.00000000000001,-24.038,-76.9136443470179));
#1924=CARTESIAN_POINT('',(-9.99210343174909,-24.038,-77.1311691817272));
#1925=CARTESIAN_POINT('',(-9.99210343174909,-24.038,-77.1311691817272));
#1926=CARTESIAN_POINT('Origin',(-7.00000000000001,-24.038,-76.9136443470179));
#1927=CARTESIAN_POINT('Origin',(-8.30766968306224,-24.038,-98.4623556529821));
#1928=CARTESIAN_POINT('',(-8.3076696830623,-24.038,-98.4623556529821));
#1929=CARTESIAN_POINT('',(-5.69233031693773,-24.038,-98.4623556529821));
#1930=CARTESIAN_POINT('',(-8.558845726812,-24.038,-98.4623556529821));
#1931=CARTESIAN_POINT('',(-5.69233031693773,-27.038,-98.4623556529821));
#1932=CARTESIAN_POINT('',(-5.69233031693779,-24.038,-98.4623556529821));
#1933=CARTESIAN_POINT('',(-8.3076696830623,-27.038,-98.4623556529821));
#1934=CARTESIAN_POINT('',(-7.65383484153112,-27.038,-98.4623556529821));
#1935=CARTESIAN_POINT('',(-8.30766968306221,-24.038,-98.4623556529821));
#1936=CARTESIAN_POINT('Origin',(-7.,-27.038,-101.162355652982));
#1937=CARTESIAN_POINT('',(-8.68443374868689,-27.038,-103.644830818273));
#1938=CARTESIAN_POINT('Origin',(-7.,-27.038,-101.162355652982));
#1939=CARTESIAN_POINT('',(-9.99210343174913,-27.038,-101.379880487691));
#1940=CARTESIAN_POINT('',(-9.01135116945246,-27.038,-103.078593235627));
#1941=CARTESIAN_POINT('',(-9.99210343174913,-27.038,-100.944830818273));
#1942=CARTESIAN_POINT('Origin',(-7.,-27.038,-101.162355652982));
#1943=CARTESIAN_POINT('',(-8.68443374868688,-27.038,-98.6798804876915));
#1944=CARTESIAN_POINT('',(-9.66518601098353,-27.038,-100.378593235627));
#1945=CARTESIAN_POINT('Origin',(-7.,-27.038,-101.162355652982));
#1946=CARTESIAN_POINT('',(-5.31556625131317,-27.038,-98.6798804876914));
#1947=CARTESIAN_POINT('Origin',(-7.,-27.038,-101.162355652982));
#1948=CARTESIAN_POINT('',(-4.0078965682509,-27.038,-100.944830818273));
#1949=CARTESIAN_POINT('',(-4.98864883054758,-27.038,-99.2461180703368));
#1950=CARTESIAN_POINT('',(-4.0078965682509,-27.038,-101.379880487691));
#1951=CARTESIAN_POINT('Origin',(-7.,-27.038,-101.162355652982));
#1952=CARTESIAN_POINT('',(-4.33481398901648,-27.038,-101.946118070337));
#1953=CARTESIAN_POINT('',(-8.7,-27.038,-101.162355652982));
#1954=CARTESIAN_POINT('Origin',(-7.,-27.038,-101.162355652982));
#1955=CARTESIAN_POINT('Origin',(-7.,-24.038,-101.162355652982));
#1956=CARTESIAN_POINT('',(-5.31556625131317,-24.038,-98.6798804876914));
#1957=CARTESIAN_POINT('Origin',(-7.,-24.038,-101.162355652982));
#1958=CARTESIAN_POINT('',(-5.31556625131313,-24.038,-98.6798804876915));
#1959=CARTESIAN_POINT('Origin',(-7.,-24.038,-101.162355652982));
#1960=CARTESIAN_POINT('',(-8.68443374868688,-24.038,-98.6798804876915));
#1961=CARTESIAN_POINT('',(-8.68443374868689,-24.038,-98.6798804876915));
#1962=CARTESIAN_POINT('Origin',(-7.,-24.038,-101.162355652982));
#1963=CARTESIAN_POINT('Origin',(-8.68443374868693,-24.038,-103.644830818273));
#1964=CARTESIAN_POINT('',(-8.68443374868689,-24.038,-103.644830818273));
#1965=CARTESIAN_POINT('',(-9.99210343174913,-24.038,-101.379880487691));
#1966=CARTESIAN_POINT('',(-8.55884572681201,-24.038,-103.862355652982));
#1967=CARTESIAN_POINT('',(-9.99210343174908,-24.038,-101.379880487692));
#1968=CARTESIAN_POINT('',(-8.68443374868693,-24.038,-103.644830818273));
#1969=CARTESIAN_POINT('Origin',(-7.,-24.038,-101.162355652982));
#1970=CARTESIAN_POINT('Origin',(-7.,-24.038,-101.162355652982));
#1971=CARTESIAN_POINT('Origin',(12.3155662513131,-24.038,-91.5204751652905));
#1972=CARTESIAN_POINT('',(12.3155662513131,-24.038,-91.5204751652906));
#1973=CARTESIAN_POINT('',(12.441154273188,-24.038,-91.738));
#1974=CARTESIAN_POINT('',(12.3155662513131,-27.038,-91.5204751652906));
#1975=CARTESIAN_POINT('',(11.9886488305475,-27.038,-90.9542375826453));
#1976=CARTESIAN_POINT('',(12.3155662513131,-24.038,-91.5204751652906));
#1977=CARTESIAN_POINT('Origin',(14.,-27.038,-89.038));
#1978=CARTESIAN_POINT('',(16.9921034317491,-27.038,-89.2555248347094));
#1979=CARTESIAN_POINT('Origin',(14.,-27.038,-89.038));
#1980=CARTESIAN_POINT('',(15.6844337486869,-27.038,-91.5204751652906));
#1981=CARTESIAN_POINT('',(16.6651860109835,-27.038,-89.8217624173547));
#1982=CARTESIAN_POINT('',(15.3076696830622,-27.038,-91.738));
#1983=CARTESIAN_POINT('Origin',(14.,-27.038,-89.038));
#1984=CARTESIAN_POINT('',(12.6923303169378,-27.038,-91.738));
#1985=CARTESIAN_POINT('',(14.6538348415311,-27.038,-91.738));
#1986=CARTESIAN_POINT('Origin',(14.,-27.038,-89.038));
#1987=CARTESIAN_POINT('',(12.6923303169378,-27.038,-86.338));
#1988=CARTESIAN_POINT('Origin',(14.,-27.038,-89.038));
#1989=CARTESIAN_POINT('',(13.3461651584689,-27.038,-86.338));
#1990=CARTESIAN_POINT('',(12.3,-27.038,-89.038));
#1991=CARTESIAN_POINT('Origin',(14.,-27.038,-89.038));
#1992=CARTESIAN_POINT('Origin',(14.,-24.038,-89.038));
#1993=CARTESIAN_POINT('',(12.6923303169378,-24.038,-86.338));
#1994=CARTESIAN_POINT('Origin',(14.,-24.038,-89.038));
#1995=CARTESIAN_POINT('',(12.6923303169378,-24.038,-86.338));
#1996=CARTESIAN_POINT('Origin',(14.,-24.038,-89.038));
#1997=CARTESIAN_POINT('',(12.6923303169378,-24.038,-91.738));
#1998=CARTESIAN_POINT('',(12.6923303169378,-24.038,-91.738));
#1999=CARTESIAN_POINT('Origin',(14.,-24.038,-89.038));
#2000=CARTESIAN_POINT('Origin',(16.9921034317491,-24.038,-89.2555248347094));
#2001=CARTESIAN_POINT('',(16.9921034317491,-24.038,-89.2555248347094));
#2002=CARTESIAN_POINT('',(15.6844337486869,-24.038,-91.5204751652906));
#2003=CARTESIAN_POINT('',(17.117691453624,-24.038,-89.038));
#2004=CARTESIAN_POINT('',(15.6844337486868,-24.038,-91.5204751652907));
#2005=CARTESIAN_POINT('',(16.9921034317491,-24.038,-89.2555248347093));
#2006=CARTESIAN_POINT('Origin',(14.,-24.038,-89.038));
#2007=CARTESIAN_POINT('Origin',(14.,-24.038,-89.038));
#2008=CARTESIAN_POINT('Origin',(12.6923303169378,-24.038,-86.338));
#2009=CARTESIAN_POINT('',(12.441154273188,-24.038,-86.338));
#2010=CARTESIAN_POINT('Origin',(-4.00789656825093,-24.038,-101.379880487692));
#2011=CARTESIAN_POINT('',(-4.0078965682509,-24.038,-101.379880487691));
#2012=CARTESIAN_POINT('',(-3.88230854637603,-24.038,-101.162355652982));
#2013=CARTESIAN_POINT('',(-4.00789656825091,-24.038,-101.379880487691));
#2014=CARTESIAN_POINT('Origin',(-7.,-24.038,-101.162355652982));
#2015=CARTESIAN_POINT('',(-4.0078965682509,-24.038,-100.944830818273));
#2016=CARTESIAN_POINT('',(-4.00789656825092,-24.038,-100.944830818273));
#2017=CARTESIAN_POINT('Origin',(-7.,-24.038,-101.162355652982));
#2018=CARTESIAN_POINT('Origin',(-5.69233031693782,-24.038,-79.6136443470179));
#2019=CARTESIAN_POINT('',(-5.69233031693782,-24.038,-79.6136443470179));
#2020=CARTESIAN_POINT('',(-8.30766968306219,-24.038,-79.6136443470179));
#2021=CARTESIAN_POINT('',(-5.44115427318802,-24.038,-79.6136443470179));
#2022=CARTESIAN_POINT('',(-8.30766968306222,-24.038,-79.6136443470179));
#2023=CARTESIAN_POINT('',(-5.6923303169378,-24.038,-79.6136443470179));
#2024=CARTESIAN_POINT('Origin',(-7.00000000000001,-24.038,-76.9136443470179));
#2025=CARTESIAN_POINT('Origin',(-7.00000000000001,-24.038,-76.9136443470179));
#2026=CARTESIAN_POINT('Origin',(-5.31556625131311,-24.038,-74.4311691817272));
#2027=CARTESIAN_POINT('',(-5.44115427318802,-24.038,-74.2136443470178));
#2028=CARTESIAN_POINT('Origin',(-8.6844337486869,-24.038,-79.3961195123085));
#2029=CARTESIAN_POINT('',(-8.6844337486869,-24.038,-79.3961195123085));
#2030=CARTESIAN_POINT('',(-8.558845726812,-24.038,-79.6136443470179));
#2031=CARTESIAN_POINT('',(-8.68443374868689,-24.038,-79.3961195123085));
#2032=CARTESIAN_POINT('Origin',(-5.31556625131315,-24.038,-98.6798804876915));
#2033=CARTESIAN_POINT('',(-5.44115427318802,-24.038,-98.4623556529821));
#2034=CARTESIAN_POINT('Origin',(-9.99210343174907,-24.038,-100.944830818273));
#2035=CARTESIAN_POINT('',(-9.99210343174913,-24.038,-100.944830818273));
#2036=CARTESIAN_POINT('',(-10.117691453624,-24.038,-101.162355652982));
#2037=CARTESIAN_POINT('',(-9.99210343174909,-24.038,-100.944830818273));
#2038=CARTESIAN_POINT('Origin',(15.3076696830622,-24.038,-91.738));
#2039=CARTESIAN_POINT('',(15.3076696830622,-24.038,-91.738));
#2040=CARTESIAN_POINT('',(15.558845726812,-24.038,-91.738));
#2041=CARTESIAN_POINT('',(15.3076696830622,-24.038,-91.738));
#2042=CARTESIAN_POINT('Origin',(-4.44089209850063E-15,-22.273928962766,
-89.038));
#2043=CARTESIAN_POINT('',(20.0266587345654,-22.509857925532,-89.038));
#2044=CARTESIAN_POINT('Origin',(-4.44089209850063E-15,-22.509857925532,
-89.038));
#2045=CARTESIAN_POINT('',(21.9083333333333,-22.038,-89.038));
#2046=CARTESIAN_POINT('',(20.9674960339494,-22.273928962766,-89.038));
#2047=CARTESIAN_POINT('Origin',(-4.44089209850063E-15,-22.038,-89.038));
#2048=CARTESIAN_POINT('Origin',(-4.44089209850063E-15,-22.8700502943378,
-89.038));
#2049=CARTESIAN_POINT('',(17.7989329408829,-23.7021005886757,-89.038));
#2050=CARTESIAN_POINT('Origin',(-4.44089209850063E-15,-23.7021005886757,
-89.038));
#2051=CARTESIAN_POINT('',(19.3536331371081,-22.8700502943378,-89.038));
#2052=CARTESIAN_POINT('Origin',(-4.44089209850063E-15,-22.038,-89.038));
#2053=CARTESIAN_POINT('',(22.575,-22.038,-89.038));
#2054=CARTESIAN_POINT('Origin',(-4.44089209850063E-15,-22.038,-89.038));
#2055=CARTESIAN_POINT('Origin',(-4.44089209850063E-15,-22.538,-89.038));
#2056=CARTESIAN_POINT('',(17.575,-24.038,-89.038));
#2057=CARTESIAN_POINT('Origin',(-4.44089209850063E-15,-24.038,-89.038));
#2058=CARTESIAN_POINT('',(18.575,-22.538,-89.038));
#2059=CARTESIAN_POINT('Origin',(6.99999999999999,-24.038,-76.9136443470178));
#2060=CARTESIAN_POINT('',(4.74999999999999,-24.038,-76.9136443470178));
#2061=CARTESIAN_POINT('Origin',(6.99999999999999,-24.038,-76.9136443470178));
#2062=CARTESIAN_POINT('',(4.74999999999999,-27.038,-76.9136443470179));
#2063=CARTESIAN_POINT('',(4.74999999999999,-24.038,-76.9136443470178));
#2064=CARTESIAN_POINT('Origin',(6.99999999999999,-27.038,-76.9136443470179));
#2065=CARTESIAN_POINT('Origin',(6.99999999999999,-27.038,-76.9136443470179));
#2066=CARTESIAN_POINT('',(5.29999999999999,-27.038,-76.9136443470179));
#2067=CARTESIAN_POINT('Origin',(6.99999999999999,-27.038,-76.9136443470179));
#2068=CARTESIAN_POINT('Origin',(-14.,-24.038,-89.038));
#2069=CARTESIAN_POINT('',(-16.25,-24.038,-89.038));
#2070=CARTESIAN_POINT('Origin',(-14.,-24.038,-89.038));
#2071=CARTESIAN_POINT('',(-16.25,-27.038,-89.038));
#2072=CARTESIAN_POINT('',(-16.25,-24.038,-89.038));
#2073=CARTESIAN_POINT('Origin',(-14.,-27.038,-89.038));
#2074=CARTESIAN_POINT('Origin',(-14.,-27.038,-89.038));
#2075=CARTESIAN_POINT('',(-15.7,-27.038,-89.038));
#2076=CARTESIAN_POINT('Origin',(-14.,-27.038,-89.038));
#2077=CARTESIAN_POINT('Origin',(7.00000000000001,-24.038,-101.162355652982));
#2078=CARTESIAN_POINT('',(4.75000000000001,-24.038,-101.162355652982));
#2079=CARTESIAN_POINT('Origin',(7.00000000000001,-24.038,-101.162355652982));
#2080=CARTESIAN_POINT('',(4.75000000000001,-27.038,-101.162355652982));
#2081=CARTESIAN_POINT('',(4.75000000000001,-24.038,-101.162355652982));
#2082=CARTESIAN_POINT('Origin',(7.00000000000001,-27.038,-101.162355652982));
#2083=CARTESIAN_POINT('Origin',(7.00000000000001,-27.038,-101.162355652982));
#2084=CARTESIAN_POINT('',(5.3,-27.038,-101.162355652982));
#2085=CARTESIAN_POINT('Origin',(7.,-27.038,-101.162355652982));
#2086=CARTESIAN_POINT('Origin',(-4.44089209850063E-15,-29.038,-89.038));
#2087=CARTESIAN_POINT('',(1.25,-29.038,-89.038));
#2088=CARTESIAN_POINT('Origin',(-4.44089209850063E-15,-29.038,-89.038));
#2089=CARTESIAN_POINT('',(1.25,-26.538,-89.038));
#2090=CARTESIAN_POINT('',(1.25,-29.038,-89.038));
#2091=CARTESIAN_POINT('Origin',(-4.44089209850063E-15,-26.538,-89.038));
#2092=CARTESIAN_POINT('Origin',(-4.44089209850063E-15,-23.838,-86.5379999925494));
#2093=CARTESIAN_POINT('',(-3.87298334235996,-23.838,-88.0379999850988));
#2094=CARTESIAN_POINT('',(-2.82842711947784,-23.838,-88.0379999850988));
#2095=CARTESIAN_POINT('',(-1.41421355973892,-23.838,-88.0379999850988));
#2096=CARTESIAN_POINT('',(3.87298334235995,-23.838,-88.0379999850988));
#2097=CARTESIAN_POINT('Origin',(-4.44089209850063E-15,-23.838,-89.038));
#2098=CARTESIAN_POINT('',(2.82842711947783,-23.838,-88.0379999850988));
#2099=CARTESIAN_POINT('',(1.93649167117997,-23.838,-88.0379999850988));
#2100=CARTESIAN_POINT('Origin',(-4.44089209850063E-15,-23.838,-89.038));
#2101=CARTESIAN_POINT('Origin',(-3.88578058618805E-15,-23.838,-91.5380000074506));
#2102=CARTESIAN_POINT('',(3.87298334235995,-23.838,-90.0380000149012));
#2103=CARTESIAN_POINT('',(2.82842711947783,-23.838,-90.0380000149012));
#2104=CARTESIAN_POINT('',(1.41421355973891,-23.838,-90.0380000149012));
#2105=CARTESIAN_POINT('',(-3.87298334235996,-23.838,-90.0380000149012));
#2106=CARTESIAN_POINT('Origin',(-4.44089209850063E-15,-23.838,-89.038));
#2107=CARTESIAN_POINT('',(-2.82842711947784,-23.838,-90.0380000149012));
#2108=CARTESIAN_POINT('',(-1.93649167117998,-23.838,-90.0380000149012));
#2109=CARTESIAN_POINT('Origin',(-4.44089209850063E-15,-23.838,-89.038));
#2110=CARTESIAN_POINT('Origin',(3.87298334235995,-24.038,-88.0379999850988));
#2111=CARTESIAN_POINT('',(3.87298334235995,-24.038,-88.0379999850988));
#2112=CARTESIAN_POINT('',(3.87298334235995,-22.038,-88.0379999850988));
#2113=CARTESIAN_POINT('',(2.82842711947783,-24.038,-88.0379999850988));
#2114=CARTESIAN_POINT('',(1.93649167117997,-24.038,-88.0379999850988));
#2115=CARTESIAN_POINT('',(2.82842711947783,-24.038,-88.0379999850988));
#2116=CARTESIAN_POINT('Origin',(-4.44089209850063E-15,-24.038,-89.038));
#2117=CARTESIAN_POINT('',(2.82842711947783,-24.038,-90.0380000149012));
#2118=CARTESIAN_POINT('Origin',(-4.44089209850063E-15,-24.038,-89.038));
#2119=CARTESIAN_POINT('',(2.82842711947783,-24.038,-90.0380000149012));
#2120=CARTESIAN_POINT('',(-2.82842711947784,-24.038,-90.0380000149012));
#2121=CARTESIAN_POINT('',(-2.82842711947784,-24.038,-90.0380000149012));
#2122=CARTESIAN_POINT('',(-3.,-24.038,-89.038));
#2123=CARTESIAN_POINT('Origin',(-4.44089209850063E-15,-24.038,-89.038));
#2124=CARTESIAN_POINT('',(-3.,-26.538,-89.038));
#2125=CARTESIAN_POINT('',(-3.,-24.038,-89.038));
#2126=CARTESIAN_POINT('Origin',(-4.44089209850063E-15,-26.538,-89.038));
#2127=CARTESIAN_POINT('',(-2.82842711947784,-24.038,-88.0379999850988));
#2128=CARTESIAN_POINT('Origin',(-4.44089209850063E-15,-24.038,-89.038));
#2129=CARTESIAN_POINT('',(-2.82842711947784,-24.038,-88.0379999850988));
#2130=CARTESIAN_POINT('Origin',(-3.87298334235996,-24.038,-90.0380000149012));
#2131=CARTESIAN_POINT('',(-3.87298334235996,-24.038,-90.0380000149012));
#2132=CARTESIAN_POINT('',(-3.87298334235996,-22.038,-90.0380000149012));
#2133=CARTESIAN_POINT('',(-1.93649167117998,-24.038,-90.0380000149012));
#2134=CARTESIAN_POINT('Origin',(-4.44089209850063E-15,-26.538,-89.038));
#2135=CARTESIAN_POINT('Origin',(-4.44089209850063E-15,-24.038,-89.038));
#2136=CARTESIAN_POINT('',(-3.87298334235996,-24.038,-88.0379999850988));
#2137=CARTESIAN_POINT('Origin',(-4.44089209850063E-15,-24.038,-89.038));
#2138=CARTESIAN_POINT('',(-1.41421355973892,-24.038,-88.0379999850988));
#2139=CARTESIAN_POINT('',(3.87298334235995,-24.038,-90.0380000149012));
#2140=CARTESIAN_POINT('Origin',(-4.44089209850063E-15,-24.038,-89.038));
#2141=CARTESIAN_POINT('',(1.41421355973891,-24.038,-90.0380000149012));
#2142=CARTESIAN_POINT('Origin',(14.,-24.038,-89.038));
#2143=CARTESIAN_POINT('Origin',(-7.00000000000001,-24.038,-76.9136443470179));
#2144=CARTESIAN_POINT('Origin',(-7.,-24.038,-101.162355652982));
#2145=CARTESIAN_POINT('Origin',(-4.44089209850063E-15,-29.038,-89.038));
#2146=CARTESIAN_POINT('',(25.,-27.538,-89.038));
#2147=CARTESIAN_POINT('Origin',(-4.44089209850063E-15,-27.538,-89.038));
#2148=CARTESIAN_POINT('',(25.,-29.038,-89.038));
#2149=CARTESIAN_POINT('',(25.,-29.038,-89.038));
#2150=CARTESIAN_POINT('Origin',(-4.44089209850063E-15,-29.038,-89.038));
#2151=CARTESIAN_POINT('Origin',(-4.44089209850063E-15,-27.538,-89.038));
#2152=CARTESIAN_POINT('',(22.575,-27.538,-89.038));
#2153=CARTESIAN_POINT('Origin',(-4.44089209850063E-15,-27.538,-89.038));
#2154=CARTESIAN_POINT('Origin',(-4.44089209850063E-15,-24.038,-89.038));
#2155=CARTESIAN_POINT('',(3.87298334235995,-22.038,-90.0380000149012));
#2156=CARTESIAN_POINT('Origin',(2.82842711947783,-24.038,-90.0380000149012));
#2157=CARTESIAN_POINT('Origin',(-4.44089209850063E-15,-24.038,-89.038));
#2158=CARTESIAN_POINT('',(-3.87298334235996,-22.038,-88.0379999850988));
#2159=CARTESIAN_POINT('Origin',(-2.82842711947784,-24.038,-88.0379999850988));
#2160=CARTESIAN_POINT('Origin',(-7.,-24.038,-101.162355652982));
#2161=CARTESIAN_POINT('Origin',(-7.00000000000001,-24.038,-76.9136443470179));
#2162=CARTESIAN_POINT('Origin',(14.,-24.038,-89.038));
#2163=CARTESIAN_POINT('Origin',(6.99999999999999,-24.038,-76.9136443470178));
#2164=CARTESIAN_POINT('',(5.29999999999999,-29.038,-76.9136443470179));
#2165=CARTESIAN_POINT('',(5.29999999999999,-24.038,-76.9136443470178));
#2166=CARTESIAN_POINT('Origin',(6.99999999999999,-29.038,-76.9136443470179));
#2167=CARTESIAN_POINT('Origin',(-7.,-24.038,-101.162355652982));
#2168=CARTESIAN_POINT('',(-8.7,-29.038,-101.162355652982));
#2169=CARTESIAN_POINT('',(-8.7,-24.038,-101.162355652982));
#2170=CARTESIAN_POINT('Origin',(-7.,-29.038,-101.162355652982));
#2171=CARTESIAN_POINT('Origin',(-7.00000000000001,-24.038,-76.9136443470179));
#2172=CARTESIAN_POINT('',(-8.70000000000001,-29.038,-76.9136443470179));
#2173=CARTESIAN_POINT('',(-8.70000000000001,-24.038,-76.9136443470179));
#2174=CARTESIAN_POINT('Origin',(-7.00000000000001,-29.038,-76.9136443470179));
#2175=CARTESIAN_POINT('Origin',(14.,-24.038,-89.038));
#2176=CARTESIAN_POINT('',(12.3,-29.038,-89.038));
#2177=CARTESIAN_POINT('',(12.3,-24.038,-89.038));
#2178=CARTESIAN_POINT('Origin',(14.,-29.038,-89.038));
#2179=CARTESIAN_POINT('Origin',(7.,-24.038,-101.162355652982));
#2180=CARTESIAN_POINT('',(5.3,-29.038,-101.162355652982));
#2181=CARTESIAN_POINT('',(5.3,-24.038,-101.162355652982));
#2182=CARTESIAN_POINT('Origin',(7.,-29.038,-101.162355652982));
#2183=CARTESIAN_POINT('Origin',(-14.,-24.038,-89.038));
#2184=CARTESIAN_POINT('',(-15.7,-29.038,-89.038));
#2185=CARTESIAN_POINT('',(-15.7,-24.038,-89.038));
#2186=CARTESIAN_POINT('Origin',(-14.,-29.038,-89.038));
#2187=CARTESIAN_POINT('Origin',(-4.44089209850063E-15,-24.038,-89.038));
#2188=CARTESIAN_POINT('',(22.575,-24.038,-89.038));
#2189=CARTESIAN_POINT('Origin',(-4.44089209850063E-15,-29.038,-89.038));
#2190=UNCERTAINTY_MEASURE_WITH_UNIT(LENGTH_MEASURE(0.01),#2194,
'DISTANCE_ACCURACY_VALUE',
'Maximum model space distance between geometric entities at asserted c
onnectivities');
#2191=UNCERTAINTY_MEASURE_WITH_UNIT(LENGTH_MEASURE(0.01),#2194,
'DISTANCE_ACCURACY_VALUE',
'Maximum model space distance between geometric entities at asserted c
onnectivities');
#2192=(
GEOMETRIC_REPRESENTATION_CONTEXT(3)
GLOBAL_UNCERTAINTY_ASSIGNED_CONTEXT((#2190))
GLOBAL_UNIT_ASSIGNED_CONTEXT((#2194,#2195,#2196))
REPRESENTATION_CONTEXT('','3D')
);
#2193=(
GEOMETRIC_REPRESENTATION_CONTEXT(3)
GLOBAL_UNCERTAINTY_ASSIGNED_CONTEXT((#2191))
GLOBAL_UNIT_ASSIGNED_CONTEXT((#2194,#2195,#2196))
REPRESENTATION_CONTEXT('','3D')
);
#2194=(
LENGTH_UNIT()
NAMED_UNIT(*)
SI_UNIT(.MILLI.,.METRE.)
);
#2195=(
NAMED_UNIT(*)
PLANE_ANGLE_UNIT()
SI_UNIT($,.RADIAN.)
);
#2196=(
NAMED_UNIT(*)
SI_UNIT($,.STERADIAN.)
SOLID_ANGLE_UNIT()
);
#2197=SHAPE_DEFINITION_REPRESENTATION(#2198,#2199);
#2198=PRODUCT_DEFINITION_SHAPE('',$,#2201);
#2199=SHAPE_REPRESENTATION('',(#1280),#2192);
#2200=PRODUCT_DEFINITION_CONTEXT('part definition',#2205,'design');
#2201=PRODUCT_DEFINITION('encoder-mount','encoder-mount v7',#2202,#2200);
#2202=PRODUCT_DEFINITION_FORMATION('',$,#2207);
#2203=PRODUCT_RELATED_PRODUCT_CATEGORY('encoder-mount v7',
'encoder-mount v7',(#2207));
#2204=APPLICATION_PROTOCOL_DEFINITION('international standard',
'automotive_design',2009,#2205);
#2205=APPLICATION_CONTEXT(
'Core Data for Automotive Mechanical Design Process');
#2206=PRODUCT_CONTEXT('part definition',#2205,'mechanical');
#2207=PRODUCT('encoder-mount','encoder-mount v7',$,(#2206));
#2208=PRESENTATION_STYLE_ASSIGNMENT((#2209));
#2209=SURFACE_STYLE_USAGE(.BOTH.,#2210);
#2210=SURFACE_SIDE_STYLE('',(#2211));
#2211=SURFACE_STYLE_FILL_AREA(#2212);
#2212=FILL_AREA_STYLE('Steel - Satin',(#2213));
#2213=FILL_AREA_STYLE_COLOUR('Steel - Satin',#2214);
#2214=COLOUR_RGB('Steel - Satin',0.627450980392157,0.627450980392157,0.627450980392157);
ENDSEC;
END-ISO-10303-21;
