ISO-10303-21;
HEADER;
/* Generated by software containing ST-Developer
 * from STEP Tools, Inc. (www.steptools.com) 
 */

FILE_DESCRIPTION(
/* description */ (''),
/* implementation_level */ '2;1');

FILE_NAME(
/* name */ 'J3-odrive-cap.step',
/* time_stamp */ '2026-10-05T21:01:02+11:00',
/* author */ (''),
/* organization */ (''),
/* preprocessor_version */ 'ST-DEVELOPER v20.2',
/* originating_system */ 'Autodesk Translation Framework v15.15.0.0',
/* authorisation */ '');

FILE_SCHEMA (('AUTOMOTIVE_DESIGN { 1 0 10303 214 3 1 1 }'));
ENDSEC;

DATA;
#10=MECHANICAL_DESIGN_GEOMETRIC_PRESENTATION_REPRESENTATION('',(#13),#4428);
#11=SHAPE_REPRESENTATION_RELATIONSHIP('SRR','None',#4434,#12);
#12=ADVANCED_BREP_SHAPE_REPRESENTATION('',(#14),#4427);
#13=STYLED_ITEM('',(#4443),#14);
#14=MANIFOLD_SOLID_BREP('1-connector',#2565);
#15=FACE_BOUND('',#278,.T.);
#16=FACE_BOUND('',#279,.T.);
#17=FACE_BOUND('',#281,.T.);
#18=FACE_BOUND('',#283,.T.);
#19=FACE_BOUND('',#284,.T.);
#20=FACE_BOUND('',#286,.T.);
#21=FACE_BOUND('',#287,.T.);
#22=FACE_BOUND('',#289,.T.);
#23=FACE_BOUND('',#290,.T.);
#24=FACE_BOUND('',#292,.T.);
#25=FACE_BOUND('',#331,.T.);
#26=FACE_BOUND('',#332,.T.);
#27=FACE_BOUND('',#333,.T.);
#28=FACE_BOUND('',#334,.T.);
#29=FACE_BOUND('',#335,.T.);
#30=FACE_BOUND('',#336,.T.);
#31=FACE_BOUND('',#337,.T.);
#32=FACE_BOUND('',#338,.T.);
#33=FACE_BOUND('',#339,.T.);
#34=FACE_BOUND('',#369,.T.);
#35=FACE_BOUND('',#372,.T.);
#36=FACE_BOUND('',#375,.T.);
#37=FACE_BOUND('',#378,.T.);
#38=FACE_BOUND('',#381,.T.);
#39=FACE_BOUND('',#384,.T.);
#40=FACE_BOUND('',#387,.T.);
#41=FACE_BOUND('',#390,.T.);
#42=FACE_BOUND('',#392,.T.);
#43=FACE_BOUND('',#393,.T.);
#44=FACE_BOUND('',#394,.T.);
#45=FACE_BOUND('',#395,.T.);
#46=FACE_BOUND('',#396,.T.);
#47=FACE_BOUND('',#397,.T.);
#48=FACE_BOUND('',#398,.T.);
#49=FACE_BOUND('',#399,.T.);
#50=FACE_BOUND('',#400,.T.);
#51=FACE_BOUND('',#407,.T.);
#52=FACE_BOUND('',#412,.T.);
#53=FACE_BOUND('',#420,.T.);
#54=FACE_BOUND('',#427,.T.);
#55=PLANE('',#2588);
#56=PLANE('',#2593);
#57=PLANE('',#2597);
#58=PLANE('',#2602);
#59=PLANE('',#2607);
#60=PLANE('',#2612);
#61=PLANE('',#2618);
#62=PLANE('',#2621);
#63=PLANE('',#2624);
#64=PLANE('',#2627);
#65=PLANE('',#2630);
#66=PLANE('',#2633);
#67=PLANE('',#2636);
#68=PLANE('',#2639);
#69=PLANE('',#2643);
#70=PLANE('',#2646);
#71=PLANE('',#2650);
#72=PLANE('',#2653);
#73=PLANE('',#2654);
#74=PLANE('',#2656);
#75=PLANE('',#2661);
#76=PLANE('',#2689);
#77=PLANE('',#2691);
#78=PLANE('',#2693);
#79=PLANE('',#2694);
#80=PLANE('',#2699);
#81=PLANE('',#2710);
#82=PLANE('',#2714);
#83=PLANE('',#2716);
#84=PLANE('',#2718);
#85=PLANE('',#2726);
#86=PLANE('',#2728);
#87=PLANE('',#2729);
#88=PLANE('',#2734);
#89=PLANE('',#2745);
#90=PLANE('',#2747);
#91=PLANE('',#2749);
#92=PLANE('',#2754);
#93=PLANE('',#2765);
#94=PLANE('',#2767);
#95=PLANE('',#2769);
#96=PLANE('',#2770);
#97=PLANE('',#2778);
#98=PLANE('',#2780);
#99=PLANE('',#2781);
#100=PLANE('',#2782);
#101=PLANE('',#2783);
#102=PLANE('',#2784);
#103=PLANE('',#2788);
#104=PLANE('',#2792);
#105=PLANE('',#2796);
#106=PLANE('',#2800);
#107=PLANE('',#2804);
#108=PLANE('',#2808);
#109=PLANE('',#2812);
#110=PLANE('',#2817);
#111=PLANE('',#2819);
#112=PLANE('',#2825);
#113=PLANE('',#2826);
#114=PLANE('',#2827);
#115=PLANE('',#2828);
#116=PLANE('',#2829);
#117=PLANE('',#2830);
#118=PLANE('',#2832);
#119=PLANE('',#2833);
#120=PLANE('',#2834);
#121=PLANE('',#2835);
#122=PLANE('',#2837);
#123=PLANE('',#2838);
#124=PLANE('',#2839);
#125=PLANE('',#2840);
#126=PLANE('',#2841);
#127=PLANE('',#2842);
#128=PLANE('',#2843);
#129=PLANE('',#2845);
#130=PLANE('',#2846);
#131=PLANE('',#2847);
#132=PLANE('',#2848);
#133=PLANE('',#2849);
#134=PLANE('',#2850);
#135=FACE_OUTER_BOUND('',#270,.T.);
#136=FACE_OUTER_BOUND('',#271,.T.);
#137=FACE_OUTER_BOUND('',#272,.T.);
#138=FACE_OUTER_BOUND('',#273,.T.);
#139=FACE_OUTER_BOUND('',#274,.T.);
#140=FACE_OUTER_BOUND('',#275,.T.);
#141=FACE_OUTER_BOUND('',#276,.T.);
#142=FACE_OUTER_BOUND('',#277,.T.);
#143=FACE_OUTER_BOUND('',#280,.T.);
#144=FACE_OUTER_BOUND('',#282,.T.);
#145=FACE_OUTER_BOUND('',#285,.T.);
#146=FACE_OUTER_BOUND('',#288,.T.);
#147=FACE_OUTER_BOUND('',#291,.T.);
#148=FACE_OUTER_BOUND('',#293,.T.);
#149=FACE_OUTER_BOUND('',#294,.T.);
#150=FACE_OUTER_BOUND('',#295,.T.);
#151=FACE_OUTER_BOUND('',#296,.T.);
#152=FACE_OUTER_BOUND('',#297,.T.);
#153=FACE_OUTER_BOUND('',#298,.T.);
#154=FACE_OUTER_BOUND('',#299,.T.);
#155=FACE_OUTER_BOUND('',#300,.T.);
#156=FACE_OUTER_BOUND('',#301,.T.);
#157=FACE_OUTER_BOUND('',#302,.T.);
#158=FACE_OUTER_BOUND('',#303,.T.);
#159=FACE_OUTER_BOUND('',#304,.T.);
#160=FACE_OUTER_BOUND('',#305,.T.);
#161=FACE_OUTER_BOUND('',#306,.T.);
#162=FACE_OUTER_BOUND('',#307,.T.);
#163=FACE_OUTER_BOUND('',#308,.T.);
#164=FACE_OUTER_BOUND('',#309,.T.);
#165=FACE_OUTER_BOUND('',#310,.T.);
#166=FACE_OUTER_BOUND('',#311,.T.);
#167=FACE_OUTER_BOUND('',#312,.T.);
#168=FACE_OUTER_BOUND('',#313,.T.);
#169=FACE_OUTER_BOUND('',#314,.T.);
#170=FACE_OUTER_BOUND('',#315,.T.);
#171=FACE_OUTER_BOUND('',#316,.T.);
#172=FACE_OUTER_BOUND('',#317,.T.);
#173=FACE_OUTER_BOUND('',#318,.T.);
#174=FACE_OUTER_BOUND('',#319,.T.);
#175=FACE_OUTER_BOUND('',#320,.T.);
#176=FACE_OUTER_BOUND('',#321,.T.);
#177=FACE_OUTER_BOUND('',#322,.T.);
#178=FACE_OUTER_BOUND('',#323,.T.);
#179=FACE_OUTER_BOUND('',#324,.T.);
#180=FACE_OUTER_BOUND('',#325,.T.);
#181=FACE_OUTER_BOUND('',#326,.T.);
#182=FACE_OUTER_BOUND('',#327,.T.);
#183=FACE_OUTER_BOUND('',#328,.T.);
#184=FACE_OUTER_BOUND('',#329,.T.);
#185=FACE_OUTER_BOUND('',#330,.T.);
#186=FACE_OUTER_BOUND('',#340,.T.);
#187=FACE_OUTER_BOUND('',#341,.T.);
#188=FACE_OUTER_BOUND('',#342,.T.);
#189=FACE_OUTER_BOUND('',#343,.T.);
#190=FACE_OUTER_BOUND('',#344,.T.);
#191=FACE_OUTER_BOUND('',#345,.T.);
#192=FACE_OUTER_BOUND('',#346,.T.);
#193=FACE_OUTER_BOUND('',#347,.T.);
#194=FACE_OUTER_BOUND('',#348,.T.);
#195=FACE_OUTER_BOUND('',#349,.T.);
#196=FACE_OUTER_BOUND('',#350,.T.);
#197=FACE_OUTER_BOUND('',#351,.T.);
#198=FACE_OUTER_BOUND('',#352,.T.);
#199=FACE_OUTER_BOUND('',#353,.T.);
#200=FACE_OUTER_BOUND('',#354,.T.);
#201=FACE_OUTER_BOUND('',#355,.T.);
#202=FACE_OUTER_BOUND('',#356,.T.);
#203=FACE_OUTER_BOUND('',#357,.T.);
#204=FACE_OUTER_BOUND('',#358,.T.);
#205=FACE_OUTER_BOUND('',#359,.T.);
#206=FACE_OUTER_BOUND('',#360,.T.);
#207=FACE_OUTER_BOUND('',#361,.T.);
#208=FACE_OUTER_BOUND('',#362,.T.);
#209=FACE_OUTER_BOUND('',#363,.T.);
#210=FACE_OUTER_BOUND('',#364,.T.);
#211=FACE_OUTER_BOUND('',#365,.T.);
#212=FACE_OUTER_BOUND('',#366,.T.);
#213=FACE_OUTER_BOUND('',#367,.T.);
#214=FACE_OUTER_BOUND('',#368,.T.);
#215=FACE_OUTER_BOUND('',#370,.T.);
#216=FACE_OUTER_BOUND('',#371,.T.);
#217=FACE_OUTER_BOUND('',#373,.T.);
#218=FACE_OUTER_BOUND('',#374,.T.);
#219=FACE_OUTER_BOUND('',#376,.T.);
#220=FACE_OUTER_BOUND('',#377,.T.);
#221=FACE_OUTER_BOUND('',#379,.T.);
#222=FACE_OUTER_BOUND('',#380,.T.);
#223=FACE_OUTER_BOUND('',#382,.T.);
#224=FACE_OUTER_BOUND('',#383,.T.);
#225=FACE_OUTER_BOUND('',#385,.T.);
#226=FACE_OUTER_BOUND('',#386,.T.);
#227=FACE_OUTER_BOUND('',#388,.T.);
#228=FACE_OUTER_BOUND('',#389,.T.);
#229=FACE_OUTER_BOUND('',#391,.T.);
#230=FACE_OUTER_BOUND('',#401,.T.);
#231=FACE_OUTER_BOUND('',#402,.T.);
#232=FACE_OUTER_BOUND('',#403,.T.);
#233=FACE_OUTER_BOUND('',#404,.T.);
#234=FACE_OUTER_BOUND('',#405,.T.);
#235=FACE_OUTER_BOUND('',#406,.T.);
#236=FACE_OUTER_BOUND('',#408,.T.);
#237=FACE_OUTER_BOUND('',#409,.T.);
#238=FACE_OUTER_BOUND('',#410,.T.);
#239=FACE_OUTER_BOUND('',#411,.T.);
#240=FACE_OUTER_BOUND('',#413,.T.);
#241=FACE_OUTER_BOUND('',#414,.T.);
#242=FACE_OUTER_BOUND('',#415,.T.);
#243=FACE_OUTER_BOUND('',#416,.T.);
#244=FACE_OUTER_BOUND('',#417,.T.);
#245=FACE_OUTER_BOUND('',#418,.T.);
#246=FACE_OUTER_BOUND('',#419,.T.);
#247=FACE_OUTER_BOUND('',#421,.T.);
#248=FACE_OUTER_BOUND('',#422,.T.);
#249=FACE_OUTER_BOUND('',#423,.T.);
#250=FACE_OUTER_BOUND('',#424,.T.);
#251=FACE_OUTER_BOUND('',#425,.T.);
#252=FACE_OUTER_BOUND('',#426,.T.);
#253=FACE_OUTER_BOUND('',#428,.T.);
#254=FACE_OUTER_BOUND('',#429,.T.);
#255=FACE_OUTER_BOUND('',#430,.T.);
#256=FACE_OUTER_BOUND('',#431,.T.);
#257=FACE_OUTER_BOUND('',#432,.T.);
#258=FACE_OUTER_BOUND('',#433,.T.);
#259=FACE_OUTER_BOUND('',#434,.T.);
#260=FACE_OUTER_BOUND('',#435,.T.);
#261=FACE_OUTER_BOUND('',#436,.T.);
#262=FACE_OUTER_BOUND('',#437,.T.);
#263=FACE_OUTER_BOUND('',#438,.T.);
#264=FACE_OUTER_BOUND('',#439,.T.);
#265=FACE_OUTER_BOUND('',#440,.T.);
#266=FACE_OUTER_BOUND('',#441,.T.);
#267=FACE_OUTER_BOUND('',#442,.T.);
#268=FACE_OUTER_BOUND('',#443,.T.);
#269=FACE_OUTER_BOUND('',#444,.T.);
#270=EDGE_LOOP('',(#1631,#1632,#1633,#1634));
#271=EDGE_LOOP('',(#1635,#1636,#1637,#1638));
#272=EDGE_LOOP('',(#1639,#1640,#1641,#1642));
#273=EDGE_LOOP('',(#1643,#1644,#1645,#1646));
#274=EDGE_LOOP('',(#1647,#1648,#1649,#1650));
#275=EDGE_LOOP('',(#1651,#1652,#1653,#1654));
#276=EDGE_LOOP('',(#1655,#1656,#1657,#1658));
#277=EDGE_LOOP('',(#1659,#1660,#1661,#1662));
#278=EDGE_LOOP('',(#1663));
#279=EDGE_LOOP('',(#1664));
#280=EDGE_LOOP('',(#1665,#1666,#1667,#1668));
#281=EDGE_LOOP('',(#1669));
#282=EDGE_LOOP('',(#1670,#1671,#1672,#1673));
#283=EDGE_LOOP('',(#1674));
#284=EDGE_LOOP('',(#1675));
#285=EDGE_LOOP('',(#1676,#1677,#1678,#1679));
#286=EDGE_LOOP('',(#1680));
#287=EDGE_LOOP('',(#1681));
#288=EDGE_LOOP('',(#1682,#1683,#1684,#1685));
#289=EDGE_LOOP('',(#1686));
#290=EDGE_LOOP('',(#1687));
#291=EDGE_LOOP('',(#1688,#1689,#1690,#1691));
#292=EDGE_LOOP('',(#1692));
#293=EDGE_LOOP('',(#1693,#1694,#1695,#1696));
#294=EDGE_LOOP('',(#1697,#1698,#1699,#1700,#1701,#1702));
#295=EDGE_LOOP('',(#1703,#1704,#1705,#1706));
#296=EDGE_LOOP('',(#1707,#1708,#1709,#1710));
#297=EDGE_LOOP('',(#1711,#1712,#1713,#1714));
#298=EDGE_LOOP('',(#1715,#1716,#1717,#1718,#1719,#1720));
#299=EDGE_LOOP('',(#1721,#1722,#1723,#1724));
#300=EDGE_LOOP('',(#1725,#1726,#1727,#1728));
#301=EDGE_LOOP('',(#1729,#1730,#1731,#1732));
#302=EDGE_LOOP('',(#1733,#1734,#1735,#1736));
#303=EDGE_LOOP('',(#1737,#1738,#1739,#1740));
#304=EDGE_LOOP('',(#1741,#1742,#1743,#1744,#1745,#1746));
#305=EDGE_LOOP('',(#1747,#1748,#1749,#1750));
#306=EDGE_LOOP('',(#1751,#1752,#1753,#1754,#1755,#1756));
#307=EDGE_LOOP('',(#1757,#1758,#1759,#1760));
#308=EDGE_LOOP('',(#1761,#1762,#1763,#1764));
#309=EDGE_LOOP('',(#1765,#1766,#1767,#1768,#1769,#1770));
#310=EDGE_LOOP('',(#1771,#1772,#1773,#1774));
#311=EDGE_LOOP('',(#1775,#1776,#1777,#1778));
#312=EDGE_LOOP('',(#1779,#1780,#1781,#1782));
#313=EDGE_LOOP('',(#1783,#1784,#1785,#1786,#1787,#1788));
#314=EDGE_LOOP('',(#1789,#1790,#1791,#1792,#1793,#1794));
#315=EDGE_LOOP('',(#1795,#1796,#1797,#1798));
#316=EDGE_LOOP('',(#1799,#1800,#1801,#1802,#1803,#1804));
#317=EDGE_LOOP('',(#1805,#1806,#1807,#1808));
#318=EDGE_LOOP('',(#1809,#1810,#1811,#1812));
#319=EDGE_LOOP('',(#1813,#1814,#1815,#1816));
#320=EDGE_LOOP('',(#1817,#1818,#1819,#1820,#1821,#1822,#1823,#1824));
#321=EDGE_LOOP('',(#1825,#1826,#1827,#1828,#1829,#1830,#1831,#1832));
#322=EDGE_LOOP('',(#1833,#1834,#1835,#1836,#1837,#1838,#1839,#1840,#1841,
#1842,#1843,#1844,#1845,#1846,#1847,#1848,#1849,#1850,#1851,#1852,#1853,
#1854,#1855,#1856,#1857,#1858,#1859,#1860,#1861,#1862,#1863,#1864,#1865,
#1866,#1867,#1868,#1869,#1870,#1871,#1872,#1873,#1874,#1875));
#323=EDGE_LOOP('',(#1876,#1877));
#324=EDGE_LOOP('',(#1878,#1879));
#325=EDGE_LOOP('',(#1880,#1881,#1882));
#326=EDGE_LOOP('',(#1883,#1884,#1885,#1886));
#327=EDGE_LOOP('',(#1887,#1888,#1889,#1890));
#328=EDGE_LOOP('',(#1891,#1892,#1893,#1894,#1895,#1896,#1897,#1898));
#329=EDGE_LOOP('',(#1899,#1900,#1901,#1902,#1903,#1904,#1905,#1906));
#330=EDGE_LOOP('',(#1907,#1908,#1909,#1910,#1911,#1912,#1913,#1914,#1915,
#1916,#1917,#1918,#1919,#1920,#1921,#1922,#1923,#1924,#1925));
#331=EDGE_LOOP('',(#1926,#1927,#1928,#1929,#1930,#1931));
#332=EDGE_LOOP('',(#1932));
#333=EDGE_LOOP('',(#1933,#1934,#1935,#1936,#1937,#1938));
#334=EDGE_LOOP('',(#1939,#1940,#1941,#1942,#1943,#1944));
#335=EDGE_LOOP('',(#1945));
#336=EDGE_LOOP('',(#1946,#1947,#1948,#1949,#1950,#1951));
#337=EDGE_LOOP('',(#1952));
#338=EDGE_LOOP('',(#1953,#1954,#1955,#1956));
#339=EDGE_LOOP('',(#1957,#1958,#1959,#1960));
#340=EDGE_LOOP('',(#1961,#1962));
#341=EDGE_LOOP('',(#1963,#1964));
#342=EDGE_LOOP('',(#1965,#1966,#1967,#1968));
#343=EDGE_LOOP('',(#1969,#1970,#1971,#1972,#1973,#1974,#1975,#1976));
#344=EDGE_LOOP('',(#1977,#1978));
#345=EDGE_LOOP('',(#1979,#1980,#1981));
#346=EDGE_LOOP('',(#1982,#1983,#1984,#1985));
#347=EDGE_LOOP('',(#1986,#1987,#1988,#1989));
#348=EDGE_LOOP('',(#1990,#1991,#1992,#1993,#1994,#1995,#1996,#1997));
#349=EDGE_LOOP('',(#1998,#1999,#2000,#2001,#2002,#2003,#2004,#2005));
#350=EDGE_LOOP('',(#2006,#2007));
#351=EDGE_LOOP('',(#2008,#2009));
#352=EDGE_LOOP('',(#2010,#2011,#2012,#2013));
#353=EDGE_LOOP('',(#2014,#2015,#2016,#2017));
#354=EDGE_LOOP('',(#2018,#2019,#2020,#2021,#2022,#2023,#2024,#2025));
#355=EDGE_LOOP('',(#2026,#2027,#2028,#2029,#2030,#2031,#2032,#2033));
#356=EDGE_LOOP('',(#2034,#2035));
#357=EDGE_LOOP('',(#2036,#2037));
#358=EDGE_LOOP('',(#2038,#2039,#2040,#2041));
#359=EDGE_LOOP('',(#2042,#2043,#2044,#2045));
#360=EDGE_LOOP('',(#2046,#2047,#2048,#2049,#2050,#2051,#2052,#2053));
#361=EDGE_LOOP('',(#2054,#2055));
#362=EDGE_LOOP('',(#2056,#2057,#2058,#2059));
#363=EDGE_LOOP('',(#2060,#2061,#2062,#2063));
#364=EDGE_LOOP('',(#2064,#2065,#2066,#2067));
#365=EDGE_LOOP('',(#2068,#2069,#2070,#2071));
#366=EDGE_LOOP('',(#2072,#2073,#2074,#2075));
#367=EDGE_LOOP('',(#2076,#2077,#2078,#2079));
#368=EDGE_LOOP('',(#2080,#2081));
#369=EDGE_LOOP('',(#2082));
#370=EDGE_LOOP('',(#2083,#2084,#2085,#2086));
#371=EDGE_LOOP('',(#2087,#2088));
#372=EDGE_LOOP('',(#2089));
#373=EDGE_LOOP('',(#2090,#2091,#2092,#2093));
#374=EDGE_LOOP('',(#2094));
#375=EDGE_LOOP('',(#2095));
#376=EDGE_LOOP('',(#2096,#2097,#2098,#2099));
#377=EDGE_LOOP('',(#2100,#2101));
#378=EDGE_LOOP('',(#2102));
#379=EDGE_LOOP('',(#2103,#2104,#2105,#2106));
#380=EDGE_LOOP('',(#2107,#2108));
#381=EDGE_LOOP('',(#2109));
#382=EDGE_LOOP('',(#2110,#2111,#2112,#2113));
#383=EDGE_LOOP('',(#2114,#2115));
#384=EDGE_LOOP('',(#2116));
#385=EDGE_LOOP('',(#2117,#2118,#2119,#2120));
#386=EDGE_LOOP('',(#2121,#2122));
#387=EDGE_LOOP('',(#2123));
#388=EDGE_LOOP('',(#2124,#2125,#2126,#2127));
#389=EDGE_LOOP('',(#2128,#2129));
#390=EDGE_LOOP('',(#2130));
#391=EDGE_LOOP('',(#2131,#2132,#2133,#2134,#2135,#2136,#2137,#2138,#2139,
#2140,#2141,#2142,#2143,#2144,#2145,#2146,#2147,#2148,#2149,#2150,#2151,
#2152,#2153));
#392=EDGE_LOOP('',(#2154));
#393=EDGE_LOOP('',(#2155));
#394=EDGE_LOOP('',(#2156));
#395=EDGE_LOOP('',(#2157));
#396=EDGE_LOOP('',(#2158));
#397=EDGE_LOOP('',(#2159));
#398=EDGE_LOOP('',(#2160));
#399=EDGE_LOOP('',(#2161));
#400=EDGE_LOOP('',(#2162));
#401=EDGE_LOOP('',(#2163,#2164,#2165,#2166));
#402=EDGE_LOOP('',(#2167,#2168,#2169,#2170));
#403=EDGE_LOOP('',(#2171,#2172,#2173,#2174));
#404=EDGE_LOOP('',(#2175,#2176,#2177,#2178));
#405=EDGE_LOOP('',(#2179,#2180,#2181,#2182));
#406=EDGE_LOOP('',(#2183,#2184,#2185,#2186,#2187,#2188));
#407=EDGE_LOOP('',(#2189));
#408=EDGE_LOOP('',(#2190,#2191,#2192,#2193));
#409=EDGE_LOOP('',(#2194,#2195,#2196,#2197));
#410=EDGE_LOOP('',(#2198,#2199,#2200,#2201));
#411=EDGE_LOOP('',(#2202,#2203,#2204,#2205,#2206,#2207));
#412=EDGE_LOOP('',(#2208));
#413=EDGE_LOOP('',(#2209,#2210,#2211,#2212));
#414=EDGE_LOOP('',(#2213,#2214,#2215,#2216));
#415=EDGE_LOOP('',(#2217,#2218,#2219,#2220));
#416=EDGE_LOOP('',(#2221,#2222,#2223,#2224));
#417=EDGE_LOOP('',(#2225,#2226,#2227,#2228));
#418=EDGE_LOOP('',(#2229,#2230,#2231,#2232));
#419=EDGE_LOOP('',(#2233,#2234,#2235,#2236,#2237,#2238));
#420=EDGE_LOOP('',(#2239));
#421=EDGE_LOOP('',(#2240,#2241,#2242,#2243));
#422=EDGE_LOOP('',(#2244,#2245,#2246,#2247));
#423=EDGE_LOOP('',(#2248,#2249,#2250,#2251));
#424=EDGE_LOOP('',(#2252,#2253,#2254,#2255));
#425=EDGE_LOOP('',(#2256,#2257,#2258,#2259));
#426=EDGE_LOOP('',(#2260,#2261,#2262,#2263,#2264,#2265));
#427=EDGE_LOOP('',(#2266));
#428=EDGE_LOOP('',(#2267,#2268,#2269,#2270));
#429=EDGE_LOOP('',(#2271,#2272,#2273,#2274));
#430=EDGE_LOOP('',(#2275,#2276,#2277,#2278));
#431=EDGE_LOOP('',(#2279,#2280,#2281,#2282));
#432=EDGE_LOOP('',(#2283,#2284,#2285,#2286));
#433=EDGE_LOOP('',(#2287,#2288,#2289,#2290));
#434=EDGE_LOOP('',(#2291,#2292,#2293,#2294));
#435=EDGE_LOOP('',(#2295,#2296,#2297,#2298,#2299,#2300,#2301,#2302));
#436=EDGE_LOOP('',(#2303,#2304,#2305,#2306,#2307,#2308,#2309,#2310));
#437=EDGE_LOOP('',(#2311,#2312,#2313,#2314,#2315,#2316,#2317,#2318));
#438=EDGE_LOOP('',(#2319,#2320,#2321,#2322,#2323,#2324,#2325,#2326));
#439=EDGE_LOOP('',(#2327,#2328,#2329,#2330,#2331,#2332,#2333,#2334));
#440=EDGE_LOOP('',(#2335,#2336,#2337,#2338,#2339,#2340,#2341,#2342));
#441=EDGE_LOOP('',(#2343,#2344,#2345,#2346,#2347,#2348,#2349,#2350));
#442=EDGE_LOOP('',(#2351,#2352,#2353,#2354,#2355,#2356,#2357,#2358));
#443=EDGE_LOOP('',(#2359,#2360,#2361,#2362,#2363,#2364,#2365,#2366));
#444=EDGE_LOOP('',(#2367,#2368,#2369,#2370,#2371,#2372,#2373,#2374));
#445=CIRCLE('',#2568,3.);
#446=CIRCLE('',#2569,3.);
#447=CIRCLE('',#2571,3.);
#448=CIRCLE('',#2572,3.);
#449=CIRCLE('',#2574,3.);
#450=CIRCLE('',#2575,3.);
#451=CIRCLE('',#2577,3.);
#452=CIRCLE('',#2578,3.);
#453=CIRCLE('',#2580,3.);
#454=CIRCLE('',#2581,3.);
#455=CIRCLE('',#2583,3.);
#456=CIRCLE('',#2584,3.);
#457=CIRCLE('',#2586,3.);
#458=CIRCLE('',#2587,3.);
#459=CIRCLE('',#2589,35.);
#460=CIRCLE('',#2590,29.);
#461=CIRCLE('',#2591,1.6);
#462=CIRCLE('',#2592,1.6);
#463=CIRCLE('',#2594,29.);
#464=CIRCLE('',#2595,35.);
#465=CIRCLE('',#2596,1.6);
#466=CIRCLE('',#2598,29.);
#467=CIRCLE('',#2599,35.);
#468=CIRCLE('',#2600,1.6);
#469=CIRCLE('',#2601,1.6);
#470=CIRCLE('',#2603,35.);
#471=CIRCLE('',#2604,29.);
#472=CIRCLE('',#2605,1.6);
#473=CIRCLE('',#2606,1.6);
#474=CIRCLE('',#2608,29.);
#475=CIRCLE('',#2609,35.);
#476=CIRCLE('',#2610,1.6);
#477=CIRCLE('',#2611,1.6);
#478=CIRCLE('',#2613,29.);
#479=CIRCLE('',#2614,35.);
#480=CIRCLE('',#2615,1.6);
#481=CIRCLE('',#2617,29.);
#482=CIRCLE('',#2620,35.);
#483=CIRCLE('',#2623,35.);
#484=CIRCLE('',#2626,29.);
#485=CIRCLE('',#2629,35.);
#486=CIRCLE('',#2632,35.);
#487=CIRCLE('',#2635,29.);
#488=CIRCLE('',#2638,29.);
#489=CIRCLE('',#2641,35.);
#490=CIRCLE('',#2642,35.);
#491=CIRCLE('',#2645,29.);
#492=CIRCLE('',#2648,35.);
#493=CIRCLE('',#2649,35.);
#494=CIRCLE('',#2652,29.);
#495=CIRCLE('',#2655,35.);
#496=CIRCLE('',#2657,1.6);
#497=CIRCLE('',#2658,1.6);
#498=CIRCLE('',#2659,1.6);
#499=CIRCLE('',#2660,1.6);
#500=CIRCLE('',#2662,1.6);
#501=CIRCLE('',#2663,1.6);
#502=CIRCLE('',#2664,1.6);
#503=CIRCLE('',#2665,1.6);
#504=CIRCLE('',#2667,1.6);
#505=CIRCLE('',#2668,1.6);
#506=CIRCLE('',#2670,1.6);
#507=CIRCLE('',#2671,1.6);
#508=CIRCLE('',#2673,35.);
#509=CIRCLE('',#2674,35.);
#510=CIRCLE('',#2675,35.);
#511=CIRCLE('',#2676,35.);
#512=CIRCLE('',#2677,35.);
#513=CIRCLE('',#2678,35.);
#514=CIRCLE('',#2679,35.);
#515=CIRCLE('',#2680,35.);
#516=CIRCLE('',#2681,35.);
#517=CIRCLE('',#2682,35.);
#518=CIRCLE('',#2683,35.);
#519=CIRCLE('',#2684,35.);
#520=CIRCLE('',#2685,35.);
#521=CIRCLE('',#2686,35.);
#522=CIRCLE('',#2687,35.);
#523=CIRCLE('',#2688,35.);
#524=CIRCLE('',#2690,1.6);
#525=CIRCLE('',#2692,1.6);
#526=CIRCLE('',#2695,1.6);
#527=CIRCLE('',#2696,1.6);
#528=CIRCLE('',#2697,1.6);
#529=CIRCLE('',#2698,1.6);
#530=CIRCLE('',#2700,1.6);
#531=CIRCLE('',#2701,1.6);
#532=CIRCLE('',#2702,1.6);
#533=CIRCLE('',#2703,1.6);
#534=CIRCLE('',#2705,1.6);
#535=CIRCLE('',#2706,1.6);
#536=CIRCLE('',#2708,1.6);
#537=CIRCLE('',#2709,1.6);
#538=CIRCLE('',#2711,1.6);
#539=CIRCLE('',#2712,1.6);
#540=CIRCLE('',#2713,15.);
#541=CIRCLE('',#2715,1.6);
#542=CIRCLE('',#2717,1.6);
#543=CIRCLE('',#2719,1.6);
#544=CIRCLE('',#2720,1.6);
#545=CIRCLE('',#2721,1.6);
#546=CIRCLE('',#2722,1.6);
#547=CIRCLE('',#2724,1.6);
#548=CIRCLE('',#2725,1.6);
#549=CIRCLE('',#2727,1.6);
#550=CIRCLE('',#2730,1.6);
#551=CIRCLE('',#2731,1.6);
#552=CIRCLE('',#2732,1.6);
#553=CIRCLE('',#2733,1.6);
#554=CIRCLE('',#2735,1.6);
#555=CIRCLE('',#2736,1.6);
#556=CIRCLE('',#2737,1.6);
#557=CIRCLE('',#2738,1.6);
#558=CIRCLE('',#2740,1.6);
#559=CIRCLE('',#2741,1.6);
#560=CIRCLE('',#2743,1.6);
#561=CIRCLE('',#2744,1.6);
#562=CIRCLE('',#2746,1.6);
#563=CIRCLE('',#2748,1.6);
#564=CIRCLE('',#2750,1.6);
#565=CIRCLE('',#2751,1.6);
#566=CIRCLE('',#2752,1.6);
#567=CIRCLE('',#2753,1.6);
#568=CIRCLE('',#2755,1.6);
#569=CIRCLE('',#2756,1.6);
#570=CIRCLE('',#2757,1.6);
#571=CIRCLE('',#2758,1.6);
#572=CIRCLE('',#2760,1.6);
#573=CIRCLE('',#2761,1.6);
#574=CIRCLE('',#2763,1.6);
#575=CIRCLE('',#2764,1.6);
#576=CIRCLE('',#2766,1.6);
#577=CIRCLE('',#2768,1.6);
#578=CIRCLE('',#2771,1.6);
#579=CIRCLE('',#2772,1.6);
#580=CIRCLE('',#2773,1.6);
#581=CIRCLE('',#2774,1.6);
#582=CIRCLE('',#2776,1.6);
#583=CIRCLE('',#2777,1.6);
#584=CIRCLE('',#2779,1.6);
#585=CIRCLE('',#2786,3.);
#586=CIRCLE('',#2787,3.);
#587=CIRCLE('',#2790,3.);
#588=CIRCLE('',#2791,3.);
#589=CIRCLE('',#2794,3.);
#590=CIRCLE('',#2795,3.);
#591=CIRCLE('',#2798,3.);
#592=CIRCLE('',#2799,3.);
#593=CIRCLE('',#2802,3.);
#594=CIRCLE('',#2803,3.);
#595=CIRCLE('',#2806,3.);
#596=CIRCLE('',#2807,3.);
#597=CIRCLE('',#2810,3.);
#598=CIRCLE('',#2811,3.);
#599=CIRCLE('',#2813,1.6);
#600=CIRCLE('',#2815,3.);
#601=CIRCLE('',#2816,3.);
#602=CIRCLE('',#2818,1.6);
#603=CIRCLE('',#2820,1.6);
#604=CIRCLE('',#2821,1.6);
#605=CIRCLE('',#2822,1.6);
#606=CIRCLE('',#2823,15.);
#607=CIRCLE('',#2824,1.6);
#608=CIRCLE('',#2831,1.6);
#609=CIRCLE('',#2836,1.6);
#610=CIRCLE('',#2844,1.6);
#611=CIRCLE('',#2851,1.6);
#612=LINE('',#3684,#817);
#613=LINE('',#3688,#818);
#614=LINE('',#3693,#819);
#615=LINE('',#3697,#820);
#616=LINE('',#3702,#821);
#617=LINE('',#3706,#822);
#618=LINE('',#3711,#823);
#619=LINE('',#3715,#824);
#620=LINE('',#3720,#825);
#621=LINE('',#3724,#826);
#622=LINE('',#3729,#827);
#623=LINE('',#3733,#828);
#624=LINE('',#3738,#829);
#625=LINE('',#3742,#830);
#626=LINE('',#3747,#831);
#627=LINE('',#3751,#832);
#628=LINE('',#3760,#833);
#629=LINE('',#3764,#834);
#630=LINE('',#3771,#835);
#631=LINE('',#3775,#836);
#632=LINE('',#3784,#837);
#633=LINE('',#3788,#838);
#634=LINE('',#3797,#839);
#635=LINE('',#3801,#840);
#636=LINE('',#3810,#841);
#637=LINE('',#3814,#842);
#638=LINE('',#3820,#843);
#639=LINE('',#3823,#844);
#640=LINE('',#3826,#845);
#641=LINE('',#3828,#846);
#642=LINE('',#3830,#847);
#643=LINE('',#3831,#848);
#644=LINE('',#3834,#849);
#645=LINE('',#3837,#850);
#646=LINE('',#3840,#851);
#647=LINE('',#3841,#852);
#648=LINE('',#3844,#853);
#649=LINE('',#3847,#854);
#650=LINE('',#3850,#855);
#651=LINE('',#3852,#856);
#652=LINE('',#3854,#857);
#653=LINE('',#3855,#858);
#654=LINE('',#3858,#859);
#655=LINE('',#3861,#860);
#656=LINE('',#3864,#861);
#657=LINE('',#3865,#862);
#658=LINE('',#3868,#863);
#659=LINE('',#3871,#864);
#660=LINE('',#3874,#865);
#661=LINE('',#3875,#866);
#662=LINE('',#3878,#867);
#663=LINE('',#3881,#868);
#664=LINE('',#3884,#869);
#665=LINE('',#3886,#870);
#666=LINE('',#3888,#871);
#667=LINE('',#3889,#872);
#668=LINE('',#3892,#873);
#669=LINE('',#3896,#874);
#670=LINE('',#3898,#875);
#671=LINE('',#3899,#876);
#672=LINE('',#3902,#877);
#673=LINE('',#3905,#878);
#674=LINE('',#3908,#879);
#675=LINE('',#3912,#880);
#676=LINE('',#3915,#881);
#677=LINE('',#3918,#882);
#678=LINE('',#3921,#883);
#679=LINE('',#3924,#884);
#680=LINE('',#3928,#885);
#681=LINE('',#3932,#886);
#682=LINE('',#3934,#887);
#683=LINE('',#3935,#888);
#684=LINE('',#3938,#889);
#685=LINE('',#3942,#890);
#686=LINE('',#3944,#891);
#687=LINE('',#3945,#892);
#688=LINE('',#3969,#893);
#689=LINE('',#3971,#894);
#690=LINE('',#3974,#895);
#691=LINE('',#3978,#896);
#692=LINE('',#3980,#897);
#693=LINE('',#3983,#898);
#694=LINE('',#3986,#899);
#695=LINE('',#3988,#900);
#696=LINE('',#3998,#901);
#697=LINE('',#4000,#902);
#698=LINE('',#4002,#903);
#699=LINE('',#4004,#904);
#700=LINE('',#4008,#905);
#701=LINE('',#4009,#906);
#702=LINE('',#4011,#907);
#703=LINE('',#4013,#908);
#704=LINE('',#4040,#909);
#705=LINE('',#4042,#910);
#706=LINE('',#4045,#911);
#707=LINE('',#4049,#912);
#708=LINE('',#4051,#913);
#709=LINE('',#4054,#914);
#710=LINE('',#4058,#915);
#711=LINE('',#4060,#916);
#712=LINE('',#4062,#917);
#713=LINE('',#4064,#918);
#714=LINE('',#4066,#919);
#715=LINE('',#4067,#920);
#716=LINE('',#4072,#921);
#717=LINE('',#4074,#922);
#718=LINE('',#4076,#923);
#719=LINE('',#4078,#924);
#720=LINE('',#4080,#925);
#721=LINE('',#4081,#926);
#722=LINE('',#4084,#927);
#723=LINE('',#4086,#928);
#724=LINE('',#4088,#929);
#725=LINE('',#4090,#930);
#726=LINE('',#4092,#931);
#727=LINE('',#4093,#932);
#728=LINE('',#4098,#933);
#729=LINE('',#4100,#934);
#730=LINE('',#4102,#935);
#731=LINE('',#4104,#936);
#732=LINE('',#4106,#937);
#733=LINE('',#4107,#938);
#734=LINE('',#4126,#939);
#735=LINE('',#4128,#940);
#736=LINE('',#4131,#941);
#737=LINE('',#4156,#942);
#738=LINE('',#4158,#943);
#739=LINE('',#4161,#944);
#740=LINE('',#4165,#945);
#741=LINE('',#4167,#946);
#742=LINE('',#4170,#947);
#743=LINE('',#4196,#948);
#744=LINE('',#4198,#949);
#745=LINE('',#4201,#950);
#746=LINE('',#4205,#951);
#747=LINE('',#4207,#952);
#748=LINE('',#4210,#953);
#749=LINE('',#4228,#954);
#750=LINE('',#4230,#955);
#751=LINE('',#4233,#956);
#752=LINE('',#4238,#957);
#753=LINE('',#4240,#958);
#754=LINE('',#4241,#959);
#755=LINE('',#4244,#960);
#756=LINE('',#4245,#961);
#757=LINE('',#4248,#962);
#758=LINE('',#4249,#963);
#759=LINE('',#4252,#964);
#760=LINE('',#4254,#965);
#761=LINE('',#4255,#966);
#762=LINE('',#4258,#967);
#763=LINE('',#4260,#968);
#764=LINE('',#4261,#969);
#765=LINE('',#4311,#970);
#766=LINE('',#4312,#971);
#767=LINE('',#4315,#972);
#768=LINE('',#4316,#973);
#769=LINE('',#4319,#974);
#770=LINE('',#4320,#975);
#771=LINE('',#4323,#976);
#772=LINE('',#4324,#977);
#773=LINE('',#4326,#978);
#774=LINE('',#4332,#979);
#775=LINE('',#4333,#980);
#776=LINE('',#4336,#981);
#777=LINE('',#4337,#982);
#778=LINE('',#4339,#983);
#779=LINE('',#4345,#984);
#780=LINE('',#4347,#985);
#781=LINE('',#4348,#986);
#782=LINE('',#4351,#987);
#783=LINE('',#4352,#988);
#784=LINE('',#4355,#989);
#785=LINE('',#4356,#990);
#786=LINE('',#4359,#991);
#787=LINE('',#4360,#992);
#788=LINE('',#4363,#993);
#789=LINE('',#4364,#994);
#790=LINE('',#4366,#995);
#791=LINE('',#4372,#996);
#792=LINE('',#4373,#997);
#793=LINE('',#4376,#998);
#794=LINE('',#4378,#999);
#795=LINE('',#4379,#1000);
#796=LINE('',#4382,#1001);
#797=LINE('',#4383,#1002);
#798=LINE('',#4385,#1003);
#799=LINE('',#4387,#1004);
#800=LINE('',#4392,#1005);
#801=LINE('',#4394,#1006);
#802=LINE('',#4396,#1007);
#803=LINE('',#4398,#1008);
#804=LINE('',#4400,#1009);
#805=LINE('',#4402,#1010);
#806=LINE('',#4404,#1011);
#807=LINE('',#4406,#1012);
#808=LINE('',#4408,#1013);
#809=LINE('',#4410,#1014);
#810=LINE('',#4412,#1015);
#811=LINE('',#4414,#1016);
#812=LINE('',#4416,#1017);
#813=LINE('',#4418,#1018);
#814=LINE('',#4420,#1019);
#815=LINE('',#4422,#1020);
#816=LINE('',#4424,#1021);
#817=VECTOR('',#2873,3.);
#818=VECTOR('',#2876,10.);
#819=VECTOR('',#2881,3.);
#820=VECTOR('',#2884,10.);
#821=VECTOR('',#2889,3.);
#822=VECTOR('',#2892,10.);
#823=VECTOR('',#2897,3.);
#824=VECTOR('',#2900,10.);
#825=VECTOR('',#2905,3.);
#826=VECTOR('',#2908,10.);
#827=VECTOR('',#2913,3.);
#828=VECTOR('',#2916,10.);
#829=VECTOR('',#2921,3.);
#830=VECTOR('',#2924,10.);
#831=VECTOR('',#2929,10.);
#832=VECTOR('',#2932,10.);
#833=VECTOR('',#2941,10.);
#834=VECTOR('',#2944,10.);
#835=VECTOR('',#2951,10.);
#836=VECTOR('',#2954,10.);
#837=VECTOR('',#2963,10.);
#838=VECTOR('',#2966,10.);
#839=VECTOR('',#2975,10.);
#840=VECTOR('',#2978,10.);
#841=VECTOR('',#2987,10.);
#842=VECTOR('',#2990,10.);
#843=VECTOR('',#2997,10.);
#844=VECTOR('',#3000,10.);
#845=VECTOR('',#3003,10.);
#846=VECTOR('',#3004,10.);
#847=VECTOR('',#3005,10.);
#848=VECTOR('',#3006,10.);
#849=VECTOR('',#3009,10.);
#850=VECTOR('',#3012,10.);
#851=VECTOR('',#3015,10.);
#852=VECTOR('',#3016,10.);
#853=VECTOR('',#3019,10.);
#854=VECTOR('',#3022,10.);
#855=VECTOR('',#3025,10.);
#856=VECTOR('',#3026,10.);
#857=VECTOR('',#3027,10.);
#858=VECTOR('',#3028,10.);
#859=VECTOR('',#3031,10.);
#860=VECTOR('',#3034,10.);
#861=VECTOR('',#3037,10.);
#862=VECTOR('',#3038,10.);
#863=VECTOR('',#3041,10.);
#864=VECTOR('',#3044,10.);
#865=VECTOR('',#3047,10.);
#866=VECTOR('',#3048,10.);
#867=VECTOR('',#3051,10.);
#868=VECTOR('',#3054,10.);
#869=VECTOR('',#3057,10.);
#870=VECTOR('',#3058,10.);
#871=VECTOR('',#3059,10.);
#872=VECTOR('',#3060,10.);
#873=VECTOR('',#3063,10.);
#874=VECTOR('',#3068,10.);
#875=VECTOR('',#3069,10.);
#876=VECTOR('',#3070,10.);
#877=VECTOR('',#3073,10.);
#878=VECTOR('',#3078,10.);
#879=VECTOR('',#3081,10.);
#880=VECTOR('',#3084,10.);
#881=VECTOR('',#3089,10.);
#882=VECTOR('',#3092,10.);
#883=VECTOR('',#3097,10.);
#884=VECTOR('',#3100,10.);
#885=VECTOR('',#3103,10.);
#886=VECTOR('',#3108,10.);
#887=VECTOR('',#3109,10.);
#888=VECTOR('',#3110,10.);
#889=VECTOR('',#3113,10.);
#890=VECTOR('',#3118,10.);
#891=VECTOR('',#3119,10.);
#892=VECTOR('',#3120,10.);
#893=VECTOR('',#3149,1.6);
#894=VECTOR('',#3150,10.);
#895=VECTOR('',#3153,10.);
#896=VECTOR('',#3158,1.6);
#897=VECTOR('',#3159,10.);
#898=VECTOR('',#3162,10.);
#899=VECTOR('',#3167,10.);
#900=VECTOR('',#3168,35.);
#901=VECTOR('',#3187,10.);
#902=VECTOR('',#3190,10.);
#903=VECTOR('',#3193,10.);
#904=VECTOR('',#3196,10.);
#905=VECTOR('',#3199,10.);
#906=VECTOR('',#3200,10.);
#907=VECTOR('',#3203,10.);
#908=VECTOR('',#3206,10.);
#909=VECTOR('',#3241,1.6);
#910=VECTOR('',#3242,10.);
#911=VECTOR('',#3245,10.);
#912=VECTOR('',#3250,1.6);
#913=VECTOR('',#3251,10.);
#914=VECTOR('',#3254,10.);
#915=VECTOR('',#3257,10.);
#916=VECTOR('',#3258,10.);
#917=VECTOR('',#3259,10.);
#918=VECTOR('',#3260,10.);
#919=VECTOR('',#3261,10.);
#920=VECTOR('',#3262,10.);
#921=VECTOR('',#3265,10.);
#922=VECTOR('',#3266,10.);
#923=VECTOR('',#3267,10.);
#924=VECTOR('',#3268,10.);
#925=VECTOR('',#3269,10.);
#926=VECTOR('',#3270,10.);
#927=VECTOR('',#3271,10.);
#928=VECTOR('',#3272,10.);
#929=VECTOR('',#3273,10.);
#930=VECTOR('',#3274,10.);
#931=VECTOR('',#3275,10.);
#932=VECTOR('',#3276,10.);
#933=VECTOR('',#3279,10.);
#934=VECTOR('',#3280,10.);
#935=VECTOR('',#3281,10.);
#936=VECTOR('',#3282,10.);
#937=VECTOR('',#3283,10.);
#938=VECTOR('',#3284,10.);
#939=VECTOR('',#3309,1.6);
#940=VECTOR('',#3310,10.);
#941=VECTOR('',#3313,10.);
#942=VECTOR('',#3344,1.6);
#943=VECTOR('',#3345,10.);
#944=VECTOR('',#3348,10.);
#945=VECTOR('',#3353,1.6);
#946=VECTOR('',#3354,10.);
#947=VECTOR('',#3357,10.);
#948=VECTOR('',#3390,1.6);
#949=VECTOR('',#3391,10.);
#950=VECTOR('',#3394,10.);
#951=VECTOR('',#3399,1.6);
#952=VECTOR('',#3400,10.);
#953=VECTOR('',#3403,10.);
#954=VECTOR('',#3428,1.6);
#955=VECTOR('',#3429,10.);
#956=VECTOR('',#3432,10.);
#957=VECTOR('',#3439,10.);
#958=VECTOR('',#3440,10.);
#959=VECTOR('',#3441,10.);
#960=VECTOR('',#3444,10.);
#961=VECTOR('',#3445,10.);
#962=VECTOR('',#3448,10.);
#963=VECTOR('',#3449,10.);
#964=VECTOR('',#3452,10.);
#965=VECTOR('',#3453,10.);
#966=VECTOR('',#3454,10.);
#967=VECTOR('',#3457,10.);
#968=VECTOR('',#3458,10.);
#969=VECTOR('',#3459,10.);
#970=VECTOR('',#3542,10.);
#971=VECTOR('',#3543,10.);
#972=VECTOR('',#3546,10.);
#973=VECTOR('',#3547,10.);
#974=VECTOR('',#3550,10.);
#975=VECTOR('',#3551,10.);
#976=VECTOR('',#3554,10.);
#977=VECTOR('',#3555,10.);
#978=VECTOR('',#3558,10.);
#979=VECTOR('',#3565,10.);
#980=VECTOR('',#3566,10.);
#981=VECTOR('',#3569,10.);
#982=VECTOR('',#3570,10.);
#983=VECTOR('',#3573,10.);
#984=VECTOR('',#3580,10.);
#985=VECTOR('',#3581,10.);
#986=VECTOR('',#3582,10.);
#987=VECTOR('',#3585,10.);
#988=VECTOR('',#3586,10.);
#989=VECTOR('',#3589,10.);
#990=VECTOR('',#3590,10.);
#991=VECTOR('',#3593,10.);
#992=VECTOR('',#3594,10.);
#993=VECTOR('',#3597,10.);
#994=VECTOR('',#3598,10.);
#995=VECTOR('',#3601,10.);
#996=VECTOR('',#3608,10.);
#997=VECTOR('',#3609,10.);
#998=VECTOR('',#3612,10.);
#999=VECTOR('',#3613,10.);
#1000=VECTOR('',#3614,10.);
#1001=VECTOR('',#3617,10.);
#1002=VECTOR('',#3618,10.);
#1003=VECTOR('',#3621,10.);
#1004=VECTOR('',#3624,10.);
#1005=VECTOR('',#3631,1.6);
#1006=VECTOR('',#3634,1.6);
#1007=VECTOR('',#3637,15.);
#1008=VECTOR('',#3640,1.6);
#1009=VECTOR('',#3643,1.6);
#1010=VECTOR('',#3646,1.6);
#1011=VECTOR('',#3649,1.6);
#1012=VECTOR('',#3652,1.6);
#1013=VECTOR('',#3655,1.6);
#1014=VECTOR('',#3658,1.6);
#1015=VECTOR('',#3661,1.6);
#1016=VECTOR('',#3664,1.6);
#1017=VECTOR('',#3667,1.6);
#1018=VECTOR('',#3670,1.6);
#1019=VECTOR('',#3673,1.6);
#1020=VECTOR('',#3676,1.6);
#1021=VECTOR('',#3679,1.6);
#1022=VERTEX_POINT('',#3682);
#1023=VERTEX_POINT('',#3683);
#1024=VERTEX_POINT('',#3685);
#1025=VERTEX_POINT('',#3687);
#1026=VERTEX_POINT('',#3691);
#1027=VERTEX_POINT('',#3692);
#1028=VERTEX_POINT('',#3694);
#1029=VERTEX_POINT('',#3696);
#1030=VERTEX_POINT('',#3700);
#1031=VERTEX_POINT('',#3701);
#1032=VERTEX_POINT('',#3703);
#1033=VERTEX_POINT('',#3705);
#1034=VERTEX_POINT('',#3709);
#1035=VERTEX_POINT('',#3710);
#1036=VERTEX_POINT('',#3712);
#1037=VERTEX_POINT('',#3714);
#1038=VERTEX_POINT('',#3718);
#1039=VERTEX_POINT('',#3719);
#1040=VERTEX_POINT('',#3721);
#1041=VERTEX_POINT('',#3723);
#1042=VERTEX_POINT('',#3727);
#1043=VERTEX_POINT('',#3728);
#1044=VERTEX_POINT('',#3730);
#1045=VERTEX_POINT('',#3732);
#1046=VERTEX_POINT('',#3736);
#1047=VERTEX_POINT('',#3737);
#1048=VERTEX_POINT('',#3739);
#1049=VERTEX_POINT('',#3741);
#1050=VERTEX_POINT('',#3745);
#1051=VERTEX_POINT('',#3746);
#1052=VERTEX_POINT('',#3748);
#1053=VERTEX_POINT('',#3750);
#1054=VERTEX_POINT('',#3753);
#1055=VERTEX_POINT('',#3755);
#1056=VERTEX_POINT('',#3758);
#1057=VERTEX_POINT('',#3759);
#1058=VERTEX_POINT('',#3761);
#1059=VERTEX_POINT('',#3763);
#1060=VERTEX_POINT('',#3766);
#1061=VERTEX_POINT('',#3769);
#1062=VERTEX_POINT('',#3770);
#1063=VERTEX_POINT('',#3772);
#1064=VERTEX_POINT('',#3774);
#1065=VERTEX_POINT('',#3777);
#1066=VERTEX_POINT('',#3779);
#1067=VERTEX_POINT('',#3782);
#1068=VERTEX_POINT('',#3783);
#1069=VERTEX_POINT('',#3785);
#1070=VERTEX_POINT('',#3787);
#1071=VERTEX_POINT('',#3790);
#1072=VERTEX_POINT('',#3792);
#1073=VERTEX_POINT('',#3795);
#1074=VERTEX_POINT('',#3796);
#1075=VERTEX_POINT('',#3798);
#1076=VERTEX_POINT('',#3800);
#1077=VERTEX_POINT('',#3803);
#1078=VERTEX_POINT('',#3805);
#1079=VERTEX_POINT('',#3808);
#1080=VERTEX_POINT('',#3809);
#1081=VERTEX_POINT('',#3811);
#1082=VERTEX_POINT('',#3813);
#1083=VERTEX_POINT('',#3816);
#1084=VERTEX_POINT('',#3819);
#1085=VERTEX_POINT('',#3821);
#1086=VERTEX_POINT('',#3825);
#1087=VERTEX_POINT('',#3827);
#1088=VERTEX_POINT('',#3829);
#1089=VERTEX_POINT('',#3833);
#1090=VERTEX_POINT('',#3835);
#1091=VERTEX_POINT('',#3839);
#1092=VERTEX_POINT('',#3843);
#1093=VERTEX_POINT('',#3845);
#1094=VERTEX_POINT('',#3849);
#1095=VERTEX_POINT('',#3851);
#1096=VERTEX_POINT('',#3853);
#1097=VERTEX_POINT('',#3857);
#1098=VERTEX_POINT('',#3859);
#1099=VERTEX_POINT('',#3863);
#1100=VERTEX_POINT('',#3867);
#1101=VERTEX_POINT('',#3869);
#1102=VERTEX_POINT('',#3873);
#1103=VERTEX_POINT('',#3877);
#1104=VERTEX_POINT('',#3879);
#1105=VERTEX_POINT('',#3883);
#1106=VERTEX_POINT('',#3885);
#1107=VERTEX_POINT('',#3887);
#1108=VERTEX_POINT('',#3891);
#1109=VERTEX_POINT('',#3895);
#1110=VERTEX_POINT('',#3897);
#1111=VERTEX_POINT('',#3901);
#1112=VERTEX_POINT('',#3907);
#1113=VERTEX_POINT('',#3909);
#1114=VERTEX_POINT('',#3911);
#1115=VERTEX_POINT('',#3917);
#1116=VERTEX_POINT('',#3923);
#1117=VERTEX_POINT('',#3925);
#1118=VERTEX_POINT('',#3927);
#1119=VERTEX_POINT('',#3931);
#1120=VERTEX_POINT('',#3933);
#1121=VERTEX_POINT('',#3937);
#1122=VERTEX_POINT('',#3941);
#1123=VERTEX_POINT('',#3943);
#1124=VERTEX_POINT('',#3949);
#1125=VERTEX_POINT('',#3950);
#1126=VERTEX_POINT('',#3952);
#1127=VERTEX_POINT('',#3954);
#1128=VERTEX_POINT('',#3958);
#1129=VERTEX_POINT('',#3959);
#1130=VERTEX_POINT('',#3961);
#1131=VERTEX_POINT('',#3963);
#1132=VERTEX_POINT('',#3967);
#1133=VERTEX_POINT('',#3970);
#1134=VERTEX_POINT('',#3972);
#1135=VERTEX_POINT('',#3976);
#1136=VERTEX_POINT('',#3979);
#1137=VERTEX_POINT('',#3981);
#1138=VERTEX_POINT('',#3987);
#1139=VERTEX_POINT('',#4005);
#1140=VERTEX_POINT('',#4007);
#1141=VERTEX_POINT('',#4020);
#1142=VERTEX_POINT('',#4021);
#1143=VERTEX_POINT('',#4023);
#1144=VERTEX_POINT('',#4025);
#1145=VERTEX_POINT('',#4029);
#1146=VERTEX_POINT('',#4030);
#1147=VERTEX_POINT('',#4032);
#1148=VERTEX_POINT('',#4034);
#1149=VERTEX_POINT('',#4038);
#1150=VERTEX_POINT('',#4041);
#1151=VERTEX_POINT('',#4043);
#1152=VERTEX_POINT('',#4047);
#1153=VERTEX_POINT('',#4050);
#1154=VERTEX_POINT('',#4052);
#1155=VERTEX_POINT('',#4056);
#1156=VERTEX_POINT('',#4057);
#1157=VERTEX_POINT('',#4059);
#1158=VERTEX_POINT('',#4061);
#1159=VERTEX_POINT('',#4063);
#1160=VERTEX_POINT('',#4065);
#1161=VERTEX_POINT('',#4068);
#1162=VERTEX_POINT('',#4070);
#1163=VERTEX_POINT('',#4071);
#1164=VERTEX_POINT('',#4073);
#1165=VERTEX_POINT('',#4075);
#1166=VERTEX_POINT('',#4077);
#1167=VERTEX_POINT('',#4079);
#1168=VERTEX_POINT('',#4082);
#1169=VERTEX_POINT('',#4083);
#1170=VERTEX_POINT('',#4085);
#1171=VERTEX_POINT('',#4087);
#1172=VERTEX_POINT('',#4089);
#1173=VERTEX_POINT('',#4091);
#1174=VERTEX_POINT('',#4094);
#1175=VERTEX_POINT('',#4096);
#1176=VERTEX_POINT('',#4097);
#1177=VERTEX_POINT('',#4099);
#1178=VERTEX_POINT('',#4101);
#1179=VERTEX_POINT('',#4103);
#1180=VERTEX_POINT('',#4105);
#1181=VERTEX_POINT('',#4108);
#1182=VERTEX_POINT('',#4115);
#1183=VERTEX_POINT('',#4116);
#1184=VERTEX_POINT('',#4118);
#1185=VERTEX_POINT('',#4120);
#1186=VERTEX_POINT('',#4124);
#1187=VERTEX_POINT('',#4127);
#1188=VERTEX_POINT('',#4129);
#1189=VERTEX_POINT('',#4136);
#1190=VERTEX_POINT('',#4137);
#1191=VERTEX_POINT('',#4139);
#1192=VERTEX_POINT('',#4141);
#1193=VERTEX_POINT('',#4145);
#1194=VERTEX_POINT('',#4146);
#1195=VERTEX_POINT('',#4148);
#1196=VERTEX_POINT('',#4150);
#1197=VERTEX_POINT('',#4154);
#1198=VERTEX_POINT('',#4157);
#1199=VERTEX_POINT('',#4159);
#1200=VERTEX_POINT('',#4163);
#1201=VERTEX_POINT('',#4166);
#1202=VERTEX_POINT('',#4168);
#1203=VERTEX_POINT('',#4176);
#1204=VERTEX_POINT('',#4177);
#1205=VERTEX_POINT('',#4179);
#1206=VERTEX_POINT('',#4181);
#1207=VERTEX_POINT('',#4185);
#1208=VERTEX_POINT('',#4186);
#1209=VERTEX_POINT('',#4188);
#1210=VERTEX_POINT('',#4190);
#1211=VERTEX_POINT('',#4194);
#1212=VERTEX_POINT('',#4197);
#1213=VERTEX_POINT('',#4199);
#1214=VERTEX_POINT('',#4203);
#1215=VERTEX_POINT('',#4206);
#1216=VERTEX_POINT('',#4208);
#1217=VERTEX_POINT('',#4217);
#1218=VERTEX_POINT('',#4218);
#1219=VERTEX_POINT('',#4220);
#1220=VERTEX_POINT('',#4222);
#1221=VERTEX_POINT('',#4226);
#1222=VERTEX_POINT('',#4229);
#1223=VERTEX_POINT('',#4231);
#1224=VERTEX_POINT('',#4237);
#1225=VERTEX_POINT('',#4239);
#1226=VERTEX_POINT('',#4243);
#1227=VERTEX_POINT('',#4247);
#1228=VERTEX_POINT('',#4251);
#1229=VERTEX_POINT('',#4253);
#1230=VERTEX_POINT('',#4257);
#1231=VERTEX_POINT('',#4259);
#1232=VERTEX_POINT('',#4290);
#1233=VERTEX_POINT('',#4296);
#1234=VERTEX_POINT('',#4299);
#1235=VERTEX_POINT('',#4301);
#1236=VERTEX_POINT('',#4303);
#1237=VERTEX_POINT('',#4305);
#1238=VERTEX_POINT('',#4307);
#1239=VERTEX_POINT('',#4310);
#1240=VERTEX_POINT('',#4314);
#1241=VERTEX_POINT('',#4318);
#1242=VERTEX_POINT('',#4322);
#1243=VERTEX_POINT('',#4328);
#1244=VERTEX_POINT('',#4331);
#1245=VERTEX_POINT('',#4335);
#1246=VERTEX_POINT('',#4341);
#1247=VERTEX_POINT('',#4344);
#1248=VERTEX_POINT('',#4346);
#1249=VERTEX_POINT('',#4350);
#1250=VERTEX_POINT('',#4354);
#1251=VERTEX_POINT('',#4358);
#1252=VERTEX_POINT('',#4362);
#1253=VERTEX_POINT('',#4368);
#1254=VERTEX_POINT('',#4371);
#1255=VERTEX_POINT('',#4375);
#1256=VERTEX_POINT('',#4377);
#1257=VERTEX_POINT('',#4381);
#1258=VERTEX_POINT('',#4389);
#1259=EDGE_CURVE('',#1022,#1023,#612,.T.);
#1260=EDGE_CURVE('',#1024,#1022,#445,.T.);
#1261=EDGE_CURVE('',#1024,#1025,#613,.T.);
#1262=EDGE_CURVE('',#1025,#1023,#446,.T.);
#1263=EDGE_CURVE('',#1026,#1027,#614,.T.);
#1264=EDGE_CURVE('',#1028,#1026,#447,.T.);
#1265=EDGE_CURVE('',#1028,#1029,#615,.T.);
#1266=EDGE_CURVE('',#1029,#1027,#448,.T.);
#1267=EDGE_CURVE('',#1030,#1031,#616,.T.);
#1268=EDGE_CURVE('',#1032,#1030,#449,.T.);
#1269=EDGE_CURVE('',#1032,#1033,#617,.T.);
#1270=EDGE_CURVE('',#1033,#1031,#450,.T.);
#1271=EDGE_CURVE('',#1034,#1035,#618,.T.);
#1272=EDGE_CURVE('',#1036,#1034,#451,.T.);
#1273=EDGE_CURVE('',#1036,#1037,#619,.T.);
#1274=EDGE_CURVE('',#1037,#1035,#452,.T.);
#1275=EDGE_CURVE('',#1038,#1039,#620,.T.);
#1276=EDGE_CURVE('',#1040,#1038,#453,.T.);
#1277=EDGE_CURVE('',#1040,#1041,#621,.T.);
#1278=EDGE_CURVE('',#1041,#1039,#454,.T.);
#1279=EDGE_CURVE('',#1042,#1043,#622,.T.);
#1280=EDGE_CURVE('',#1044,#1042,#455,.T.);
#1281=EDGE_CURVE('',#1044,#1045,#623,.T.);
#1282=EDGE_CURVE('',#1045,#1043,#456,.T.);
#1283=EDGE_CURVE('',#1046,#1047,#624,.T.);
#1284=EDGE_CURVE('',#1048,#1046,#457,.T.);
#1285=EDGE_CURVE('',#1048,#1049,#625,.T.);
#1286=EDGE_CURVE('',#1049,#1047,#458,.T.);
#1287=EDGE_CURVE('',#1050,#1051,#626,.T.);
#1288=EDGE_CURVE('',#1052,#1050,#459,.T.);
#1289=EDGE_CURVE('',#1053,#1052,#627,.T.);
#1290=EDGE_CURVE('',#1051,#1053,#460,.T.);
#1291=EDGE_CURVE('',#1054,#1054,#461,.T.);
#1292=EDGE_CURVE('',#1055,#1055,#462,.T.);
#1293=EDGE_CURVE('',#1056,#1057,#628,.T.);
#1294=EDGE_CURVE('',#1058,#1056,#463,.T.);
#1295=EDGE_CURVE('',#1059,#1058,#629,.T.);
#1296=EDGE_CURVE('',#1057,#1059,#464,.T.);
#1297=EDGE_CURVE('',#1060,#1060,#465,.T.);
#1298=EDGE_CURVE('',#1061,#1062,#630,.T.);
#1299=EDGE_CURVE('',#1063,#1061,#466,.T.);
#1300=EDGE_CURVE('',#1064,#1063,#631,.T.);
#1301=EDGE_CURVE('',#1062,#1064,#467,.T.);
#1302=EDGE_CURVE('',#1065,#1065,#468,.T.);
#1303=EDGE_CURVE('',#1066,#1066,#469,.T.);
#1304=EDGE_CURVE('',#1067,#1068,#632,.T.);
#1305=EDGE_CURVE('',#1069,#1067,#470,.T.);
#1306=EDGE_CURVE('',#1070,#1069,#633,.T.);
#1307=EDGE_CURVE('',#1068,#1070,#471,.T.);
#1308=EDGE_CURVE('',#1071,#1071,#472,.T.);
#1309=EDGE_CURVE('',#1072,#1072,#473,.T.);
#1310=EDGE_CURVE('',#1073,#1074,#634,.T.);
#1311=EDGE_CURVE('',#1075,#1073,#474,.T.);
#1312=EDGE_CURVE('',#1076,#1075,#635,.T.);
#1313=EDGE_CURVE('',#1074,#1076,#475,.T.);
#1314=EDGE_CURVE('',#1077,#1077,#476,.T.);
#1315=EDGE_CURVE('',#1078,#1078,#477,.T.);
#1316=EDGE_CURVE('',#1079,#1080,#636,.T.);
#1317=EDGE_CURVE('',#1081,#1079,#478,.T.);
#1318=EDGE_CURVE('',#1082,#1081,#637,.T.);
#1319=EDGE_CURVE('',#1080,#1082,#479,.T.);
#1320=EDGE_CURVE('',#1083,#1083,#480,.T.);
#1321=EDGE_CURVE('',#1053,#1084,#638,.T.);
#1322=EDGE_CURVE('',#1085,#1084,#481,.T.);
#1323=EDGE_CURVE('',#1051,#1085,#639,.T.);
#1324=EDGE_CURVE('',#1052,#1086,#640,.T.);
#1325=EDGE_CURVE('',#1087,#1086,#641,.T.);
#1326=EDGE_CURVE('',#1088,#1087,#642,.T.);
#1327=EDGE_CURVE('',#1084,#1088,#643,.T.);
#1328=EDGE_CURVE('',#1059,#1089,#644,.T.);
#1329=EDGE_CURVE('',#1090,#1089,#482,.T.);
#1330=EDGE_CURVE('',#1057,#1090,#645,.T.);
#1331=EDGE_CURVE('',#1058,#1091,#646,.T.);
#1332=EDGE_CURVE('',#1089,#1091,#647,.T.);
#1333=EDGE_CURVE('',#1064,#1092,#648,.T.);
#1334=EDGE_CURVE('',#1093,#1092,#483,.T.);
#1335=EDGE_CURVE('',#1062,#1093,#649,.T.);
#1336=EDGE_CURVE('',#1063,#1094,#650,.T.);
#1337=EDGE_CURVE('',#1095,#1094,#651,.T.);
#1338=EDGE_CURVE('',#1096,#1095,#652,.T.);
#1339=EDGE_CURVE('',#1092,#1096,#653,.T.);
#1340=EDGE_CURVE('',#1070,#1097,#654,.T.);
#1341=EDGE_CURVE('',#1098,#1097,#484,.T.);
#1342=EDGE_CURVE('',#1068,#1098,#655,.T.);
#1343=EDGE_CURVE('',#1069,#1099,#656,.T.);
#1344=EDGE_CURVE('',#1097,#1099,#657,.T.);
#1345=EDGE_CURVE('',#1076,#1100,#658,.T.);
#1346=EDGE_CURVE('',#1101,#1100,#485,.T.);
#1347=EDGE_CURVE('',#1074,#1101,#659,.T.);
#1348=EDGE_CURVE('',#1075,#1102,#660,.T.);
#1349=EDGE_CURVE('',#1100,#1102,#661,.T.);
#1350=EDGE_CURVE('',#1082,#1103,#662,.T.);
#1351=EDGE_CURVE('',#1104,#1103,#486,.T.);
#1352=EDGE_CURVE('',#1080,#1104,#663,.T.);
#1353=EDGE_CURVE('',#1081,#1105,#664,.T.);
#1354=EDGE_CURVE('',#1106,#1105,#665,.T.);
#1355=EDGE_CURVE('',#1107,#1106,#666,.T.);
#1356=EDGE_CURVE('',#1103,#1107,#667,.T.);
#1357=EDGE_CURVE('',#1061,#1108,#668,.T.);
#1358=EDGE_CURVE('',#1094,#1108,#487,.T.);
#1359=EDGE_CURVE('',#1109,#1093,#669,.T.);
#1360=EDGE_CURVE('',#1110,#1109,#670,.T.);
#1361=EDGE_CURVE('',#1108,#1110,#671,.T.);
#1362=EDGE_CURVE('',#1056,#1111,#672,.T.);
#1363=EDGE_CURVE('',#1091,#1111,#488,.T.);
#1364=EDGE_CURVE('',#1111,#1090,#673,.T.);
#1365=EDGE_CURVE('',#1050,#1112,#674,.T.);
#1366=EDGE_CURVE('',#1113,#1112,#489,.T.);
#1367=EDGE_CURVE('',#1114,#1113,#675,.T.);
#1368=EDGE_CURVE('',#1086,#1114,#490,.T.);
#1369=EDGE_CURVE('',#1112,#1085,#676,.T.);
#1370=EDGE_CURVE('',#1073,#1115,#677,.T.);
#1371=EDGE_CURVE('',#1102,#1115,#491,.T.);
#1372=EDGE_CURVE('',#1115,#1101,#678,.T.);
#1373=EDGE_CURVE('',#1067,#1116,#679,.T.);
#1374=EDGE_CURVE('',#1117,#1116,#492,.T.);
#1375=EDGE_CURVE('',#1118,#1117,#680,.T.);
#1376=EDGE_CURVE('',#1099,#1118,#493,.T.);
#1377=EDGE_CURVE('',#1119,#1098,#681,.T.);
#1378=EDGE_CURVE('',#1120,#1119,#682,.T.);
#1379=EDGE_CURVE('',#1116,#1120,#683,.T.);
#1380=EDGE_CURVE('',#1079,#1121,#684,.T.);
#1381=EDGE_CURVE('',#1105,#1121,#494,.T.);
#1382=EDGE_CURVE('',#1122,#1104,#685,.T.);
#1383=EDGE_CURVE('',#1123,#1122,#686,.T.);
#1384=EDGE_CURVE('',#1121,#1123,#687,.T.);
#1385=EDGE_CURVE('',#1109,#1096,#495,.T.);
#1386=EDGE_CURVE('',#1124,#1125,#496,.T.);
#1387=EDGE_CURVE('',#1124,#1126,#497,.T.);
#1388=EDGE_CURVE('',#1126,#1127,#498,.T.);
#1389=EDGE_CURVE('',#1125,#1127,#499,.T.);
#1390=EDGE_CURVE('',#1128,#1129,#500,.T.);
#1391=EDGE_CURVE('',#1128,#1130,#501,.T.);
#1392=EDGE_CURVE('',#1130,#1131,#502,.T.);
#1393=EDGE_CURVE('',#1129,#1131,#503,.T.);
#1394=EDGE_CURVE('',#1132,#1132,#504,.T.);
#1395=EDGE_CURVE('',#1132,#1129,#688,.T.);
#1396=EDGE_CURVE('',#1131,#1133,#689,.T.);
#1397=EDGE_CURVE('',#1134,#1133,#505,.T.);
#1398=EDGE_CURVE('',#1134,#1128,#690,.T.);
#1399=EDGE_CURVE('',#1135,#1135,#506,.T.);
#1400=EDGE_CURVE('',#1135,#1125,#691,.T.);
#1401=EDGE_CURVE('',#1127,#1136,#692,.T.);
#1402=EDGE_CURVE('',#1136,#1137,#507,.T.);
#1403=EDGE_CURVE('',#1137,#1124,#693,.T.);
#1404=EDGE_CURVE('',#1024,#1032,#508,.T.);
#1405=EDGE_CURVE('',#1024,#1025,#694,.T.);
#1406=EDGE_CURVE('',#1025,#1138,#695,.T.);
#1407=EDGE_CURVE('',#1138,#1110,#509,.T.);
#1408=EDGE_CURVE('',#1095,#1123,#510,.T.);
#1409=EDGE_CURVE('',#1122,#1107,#511,.T.);
#1410=EDGE_CURVE('',#1106,#1088,#512,.T.);
#1411=EDGE_CURVE('',#1087,#1114,#513,.T.);
#1412=EDGE_CURVE('',#1113,#1118,#514,.T.);
#1413=EDGE_CURVE('',#1117,#1120,#515,.T.);
#1414=EDGE_CURVE('',#1119,#1138,#516,.T.);
#1415=EDGE_CURVE('',#1040,#1024,#517,.T.);
#1416=EDGE_CURVE('',#1040,#1041,#696,.T.);
#1417=EDGE_CURVE('',#1048,#1040,#518,.T.);
#1418=EDGE_CURVE('',#1048,#1049,#697,.T.);
#1419=EDGE_CURVE('',#1036,#1048,#519,.T.);
#1420=EDGE_CURVE('',#1036,#1037,#698,.T.);
#1421=EDGE_CURVE('',#1028,#1036,#520,.T.);
#1422=EDGE_CURVE('',#1028,#1029,#699,.T.);
#1423=EDGE_CURVE('',#1139,#1028,#521,.T.);
#1424=EDGE_CURVE('',#1139,#1140,#700,.T.);
#1425=EDGE_CURVE('',#1139,#1140,#701,.T.);
#1426=EDGE_CURVE('',#1044,#1139,#522,.T.);
#1427=EDGE_CURVE('',#1044,#1045,#702,.T.);
#1428=EDGE_CURVE('',#1032,#1044,#523,.T.);
#1429=EDGE_CURVE('',#1032,#1033,#703,.T.);
#1430=EDGE_CURVE('',#1136,#1137,#524,.T.);
#1431=EDGE_CURVE('',#1133,#1134,#525,.T.);
#1432=EDGE_CURVE('',#1141,#1142,#526,.T.);
#1433=EDGE_CURVE('',#1141,#1143,#527,.T.);
#1434=EDGE_CURVE('',#1143,#1144,#528,.T.);
#1435=EDGE_CURVE('',#1142,#1144,#529,.T.);
#1436=EDGE_CURVE('',#1145,#1146,#530,.T.);
#1437=EDGE_CURVE('',#1145,#1147,#531,.T.);
#1438=EDGE_CURVE('',#1147,#1148,#532,.T.);
#1439=EDGE_CURVE('',#1146,#1148,#533,.T.);
#1440=EDGE_CURVE('',#1149,#1149,#534,.T.);
#1441=EDGE_CURVE('',#1149,#1146,#704,.T.);
#1442=EDGE_CURVE('',#1148,#1150,#705,.T.);
#1443=EDGE_CURVE('',#1150,#1151,#535,.T.);
#1444=EDGE_CURVE('',#1151,#1145,#706,.T.);
#1445=EDGE_CURVE('',#1152,#1152,#536,.T.);
#1446=EDGE_CURVE('',#1152,#1142,#707,.T.);
#1447=EDGE_CURVE('',#1144,#1153,#708,.T.);
#1448=EDGE_CURVE('',#1153,#1154,#537,.T.);
#1449=EDGE_CURVE('',#1154,#1141,#709,.T.);
#1450=EDGE_CURVE('',#1155,#1156,#710,.T.);
#1451=EDGE_CURVE('',#1156,#1157,#711,.T.);
#1452=EDGE_CURVE('',#1157,#1158,#712,.T.);
#1453=EDGE_CURVE('',#1158,#1159,#713,.T.);
#1454=EDGE_CURVE('',#1160,#1159,#714,.T.);
#1455=EDGE_CURVE('',#1155,#1160,#715,.T.);
#1456=EDGE_CURVE('',#1161,#1161,#538,.T.);
#1457=EDGE_CURVE('',#1162,#1163,#716,.T.);
#1458=EDGE_CURVE('',#1162,#1164,#717,.T.);
#1459=EDGE_CURVE('',#1164,#1165,#718,.T.);
#1460=EDGE_CURVE('',#1165,#1166,#719,.T.);
#1461=EDGE_CURVE('',#1166,#1167,#720,.T.);
#1462=EDGE_CURVE('',#1167,#1163,#721,.T.);
#1463=EDGE_CURVE('',#1168,#1169,#722,.T.);
#1464=EDGE_CURVE('',#1168,#1170,#723,.T.);
#1465=EDGE_CURVE('',#1170,#1171,#724,.T.);
#1466=EDGE_CURVE('',#1171,#1172,#725,.T.);
#1467=EDGE_CURVE('',#1172,#1173,#726,.T.);
#1468=EDGE_CURVE('',#1173,#1169,#727,.T.);
#1469=EDGE_CURVE('',#1174,#1174,#539,.T.);
#1470=EDGE_CURVE('',#1175,#1176,#728,.T.);
#1471=EDGE_CURVE('',#1177,#1175,#729,.T.);
#1472=EDGE_CURVE('',#1178,#1177,#730,.T.);
#1473=EDGE_CURVE('',#1178,#1179,#731,.T.);
#1474=EDGE_CURVE('',#1179,#1180,#732,.T.);
#1475=EDGE_CURVE('',#1180,#1176,#733,.T.);
#1476=EDGE_CURVE('',#1181,#1181,#540,.T.);
#1477=EDGE_CURVE('',#1153,#1154,#541,.T.);
#1478=EDGE_CURVE('',#1150,#1151,#542,.T.);
#1479=EDGE_CURVE('',#1182,#1183,#543,.T.);
#1480=EDGE_CURVE('',#1182,#1184,#544,.T.);
#1481=EDGE_CURVE('',#1184,#1185,#545,.T.);
#1482=EDGE_CURVE('',#1183,#1185,#546,.T.);
#1483=EDGE_CURVE('',#1186,#1186,#547,.T.);
#1484=EDGE_CURVE('',#1186,#1183,#734,.T.);
#1485=EDGE_CURVE('',#1185,#1187,#735,.T.);
#1486=EDGE_CURVE('',#1188,#1187,#548,.T.);
#1487=EDGE_CURVE('',#1188,#1182,#736,.T.);
#1488=EDGE_CURVE('',#1187,#1188,#549,.T.);
#1489=EDGE_CURVE('',#1189,#1190,#550,.T.);
#1490=EDGE_CURVE('',#1189,#1191,#551,.T.);
#1491=EDGE_CURVE('',#1191,#1192,#552,.T.);
#1492=EDGE_CURVE('',#1190,#1192,#553,.T.);
#1493=EDGE_CURVE('',#1193,#1194,#554,.T.);
#1494=EDGE_CURVE('',#1193,#1195,#555,.T.);
#1495=EDGE_CURVE('',#1195,#1196,#556,.T.);
#1496=EDGE_CURVE('',#1194,#1196,#557,.T.);
#1497=EDGE_CURVE('',#1197,#1197,#558,.T.);
#1498=EDGE_CURVE('',#1197,#1194,#737,.T.);
#1499=EDGE_CURVE('',#1196,#1198,#738,.T.);
#1500=EDGE_CURVE('',#1198,#1199,#559,.T.);
#1501=EDGE_CURVE('',#1199,#1193,#739,.T.);
#1502=EDGE_CURVE('',#1200,#1200,#560,.T.);
#1503=EDGE_CURVE('',#1200,#1190,#740,.T.);
#1504=EDGE_CURVE('',#1192,#1201,#741,.T.);
#1505=EDGE_CURVE('',#1201,#1202,#561,.T.);
#1506=EDGE_CURVE('',#1202,#1189,#742,.T.);
#1507=EDGE_CURVE('',#1201,#1202,#562,.T.);
#1508=EDGE_CURVE('',#1198,#1199,#563,.T.);
#1509=EDGE_CURVE('',#1203,#1204,#564,.T.);
#1510=EDGE_CURVE('',#1203,#1205,#565,.T.);
#1511=EDGE_CURVE('',#1205,#1206,#566,.T.);
#1512=EDGE_CURVE('',#1204,#1206,#567,.T.);
#1513=EDGE_CURVE('',#1207,#1208,#568,.T.);
#1514=EDGE_CURVE('',#1207,#1209,#569,.T.);
#1515=EDGE_CURVE('',#1209,#1210,#570,.T.);
#1516=EDGE_CURVE('',#1208,#1210,#571,.T.);
#1517=EDGE_CURVE('',#1211,#1211,#572,.T.);
#1518=EDGE_CURVE('',#1211,#1208,#743,.T.);
#1519=EDGE_CURVE('',#1210,#1212,#744,.T.);
#1520=EDGE_CURVE('',#1212,#1213,#573,.T.);
#1521=EDGE_CURVE('',#1213,#1207,#745,.T.);
#1522=EDGE_CURVE('',#1214,#1214,#574,.T.);
#1523=EDGE_CURVE('',#1214,#1204,#746,.T.);
#1524=EDGE_CURVE('',#1206,#1215,#747,.T.);
#1525=EDGE_CURVE('',#1216,#1215,#575,.T.);
#1526=EDGE_CURVE('',#1216,#1203,#748,.T.);
#1527=EDGE_CURVE('',#1215,#1216,#576,.T.);
#1528=EDGE_CURVE('',#1212,#1213,#577,.T.);
#1529=EDGE_CURVE('',#1217,#1218,#578,.T.);
#1530=EDGE_CURVE('',#1217,#1219,#579,.T.);
#1531=EDGE_CURVE('',#1219,#1220,#580,.T.);
#1532=EDGE_CURVE('',#1218,#1220,#581,.T.);
#1533=EDGE_CURVE('',#1221,#1221,#582,.T.);
#1534=EDGE_CURVE('',#1221,#1218,#749,.T.);
#1535=EDGE_CURVE('',#1220,#1222,#750,.T.);
#1536=EDGE_CURVE('',#1223,#1222,#583,.T.);
#1537=EDGE_CURVE('',#1223,#1217,#751,.T.);
#1538=EDGE_CURVE('',#1222,#1223,#584,.T.);
#1539=EDGE_CURVE('',#1224,#1155,#752,.T.);
#1540=EDGE_CURVE('',#1224,#1225,#753,.T.);
#1541=EDGE_CURVE('',#1225,#1156,#754,.T.);
#1542=EDGE_CURVE('',#1226,#1160,#755,.T.);
#1543=EDGE_CURVE('',#1226,#1224,#756,.T.);
#1544=EDGE_CURVE('',#1227,#1159,#757,.T.);
#1545=EDGE_CURVE('',#1227,#1226,#758,.T.);
#1546=EDGE_CURVE('',#1228,#1169,#759,.T.);
#1547=EDGE_CURVE('',#1228,#1229,#760,.T.);
#1548=EDGE_CURVE('',#1229,#1168,#761,.T.);
#1549=EDGE_CURVE('',#1230,#1177,#762,.T.);
#1550=EDGE_CURVE('',#1230,#1231,#763,.T.);
#1551=EDGE_CURVE('',#1231,#1178,#764,.T.);
#1552=EDGE_CURVE('',#1047,#1049,#585,.T.);
#1553=EDGE_CURVE('',#1046,#1048,#586,.T.);
#1554=EDGE_CURVE('',#1043,#1045,#587,.T.);
#1555=EDGE_CURVE('',#1042,#1044,#588,.T.);
#1556=EDGE_CURVE('',#1139,#1139,#589,.T.);
#1557=EDGE_CURVE('',#1140,#1140,#590,.T.);
#1558=EDGE_CURVE('',#1039,#1041,#591,.T.);
#1559=EDGE_CURVE('',#1038,#1040,#592,.T.);
#1560=EDGE_CURVE('',#1035,#1037,#593,.T.);
#1561=EDGE_CURVE('',#1034,#1036,#594,.T.);
#1562=EDGE_CURVE('',#1031,#1033,#595,.T.);
#1563=EDGE_CURVE('',#1030,#1032,#596,.T.);
#1564=EDGE_CURVE('',#1027,#1029,#597,.T.);
#1565=EDGE_CURVE('',#1026,#1028,#598,.T.);
#1566=EDGE_CURVE('',#1232,#1232,#599,.T.);
#1567=EDGE_CURVE('',#1023,#1025,#600,.T.);
#1568=EDGE_CURVE('',#1022,#1024,#601,.T.);
#1569=EDGE_CURVE('',#1233,#1233,#602,.T.);
#1570=EDGE_CURVE('',#1234,#1234,#603,.T.);
#1571=EDGE_CURVE('',#1235,#1235,#604,.T.);
#1572=EDGE_CURVE('',#1236,#1236,#605,.T.);
#1573=EDGE_CURVE('',#1237,#1237,#606,.T.);
#1574=EDGE_CURVE('',#1238,#1238,#607,.T.);
#1575=EDGE_CURVE('',#1231,#1239,#765,.T.);
#1576=EDGE_CURVE('',#1239,#1179,#766,.T.);
#1577=EDGE_CURVE('',#1239,#1240,#767,.T.);
#1578=EDGE_CURVE('',#1240,#1180,#768,.T.);
#1579=EDGE_CURVE('',#1240,#1241,#769,.T.);
#1580=EDGE_CURVE('',#1241,#1176,#770,.T.);
#1581=EDGE_CURVE('',#1241,#1242,#771,.T.);
#1582=EDGE_CURVE('',#1242,#1175,#772,.T.);
#1583=EDGE_CURVE('',#1242,#1230,#773,.T.);
#1584=EDGE_CURVE('',#1243,#1243,#608,.T.);
#1585=EDGE_CURVE('',#1244,#1158,#774,.T.);
#1586=EDGE_CURVE('',#1244,#1227,#775,.T.);
#1587=EDGE_CURVE('',#1225,#1245,#776,.T.);
#1588=EDGE_CURVE('',#1245,#1157,#777,.T.);
#1589=EDGE_CURVE('',#1245,#1244,#778,.T.);
#1590=EDGE_CURVE('',#1246,#1246,#609,.T.);
#1591=EDGE_CURVE('',#1247,#1163,#779,.T.);
#1592=EDGE_CURVE('',#1247,#1248,#780,.T.);
#1593=EDGE_CURVE('',#1248,#1162,#781,.T.);
#1594=EDGE_CURVE('',#1248,#1249,#782,.T.);
#1595=EDGE_CURVE('',#1249,#1164,#783,.T.);
#1596=EDGE_CURVE('',#1249,#1250,#784,.T.);
#1597=EDGE_CURVE('',#1250,#1165,#785,.T.);
#1598=EDGE_CURVE('',#1250,#1251,#786,.T.);
#1599=EDGE_CURVE('',#1251,#1166,#787,.T.);
#1600=EDGE_CURVE('',#1251,#1252,#788,.T.);
#1601=EDGE_CURVE('',#1252,#1167,#789,.T.);
#1602=EDGE_CURVE('',#1252,#1247,#790,.T.);
#1603=EDGE_CURVE('',#1253,#1253,#610,.T.);
#1604=EDGE_CURVE('',#1229,#1254,#791,.T.);
#1605=EDGE_CURVE('',#1254,#1170,#792,.T.);
#1606=EDGE_CURVE('',#1255,#1171,#793,.T.);
#1607=EDGE_CURVE('',#1255,#1256,#794,.T.);
#1608=EDGE_CURVE('',#1256,#1172,#795,.T.);
#1609=EDGE_CURVE('',#1256,#1257,#796,.T.);
#1610=EDGE_CURVE('',#1257,#1173,#797,.T.);
#1611=EDGE_CURVE('',#1257,#1228,#798,.T.);
#1612=EDGE_CURVE('',#1254,#1255,#799,.T.);
#1613=EDGE_CURVE('',#1258,#1258,#611,.T.);
#1614=EDGE_CURVE('',#1234,#1246,#800,.T.);
#1615=EDGE_CURVE('',#1235,#1253,#801,.T.);
#1616=EDGE_CURVE('',#1237,#1181,#802,.T.);
#1617=EDGE_CURVE('',#1232,#1174,#803,.T.);
#1618=EDGE_CURVE('',#1233,#1161,#804,.T.);
#1619=EDGE_CURVE('',#1236,#1258,#805,.T.);
#1620=EDGE_CURVE('',#1238,#1243,#806,.T.);
#1621=EDGE_CURVE('',#1219,#1083,#807,.T.);
#1622=EDGE_CURVE('',#1209,#1078,#808,.T.);
#1623=EDGE_CURVE('',#1205,#1077,#809,.T.);
#1624=EDGE_CURVE('',#1195,#1072,#810,.T.);
#1625=EDGE_CURVE('',#1191,#1071,#811,.T.);
#1626=EDGE_CURVE('',#1184,#1060,#812,.T.);
#1627=EDGE_CURVE('',#1147,#1055,#813,.T.);
#1628=EDGE_CURVE('',#1143,#1054,#814,.T.);
#1629=EDGE_CURVE('',#1130,#1066,#815,.T.);
#1630=EDGE_CURVE('',#1126,#1065,#816,.T.);
#1631=ORIENTED_EDGE('',*,*,#1259,.F.);
#1632=ORIENTED_EDGE('',*,*,#1260,.F.);
#1633=ORIENTED_EDGE('',*,*,#1261,.T.);
#1634=ORIENTED_EDGE('',*,*,#1262,.T.);
#1635=ORIENTED_EDGE('',*,*,#1263,.F.);
#1636=ORIENTED_EDGE('',*,*,#1264,.F.);
#1637=ORIENTED_EDGE('',*,*,#1265,.T.);
#1638=ORIENTED_EDGE('',*,*,#1266,.T.);
#1639=ORIENTED_EDGE('',*,*,#1267,.F.);
#1640=ORIENTED_EDGE('',*,*,#1268,.F.);
#1641=ORIENTED_EDGE('',*,*,#1269,.T.);
#1642=ORIENTED_EDGE('',*,*,#1270,.T.);
#1643=ORIENTED_EDGE('',*,*,#1271,.F.);
#1644=ORIENTED_EDGE('',*,*,#1272,.F.);
#1645=ORIENTED_EDGE('',*,*,#1273,.T.);
#1646=ORIENTED_EDGE('',*,*,#1274,.T.);
#1647=ORIENTED_EDGE('',*,*,#1275,.F.);
#1648=ORIENTED_EDGE('',*,*,#1276,.F.);
#1649=ORIENTED_EDGE('',*,*,#1277,.T.);
#1650=ORIENTED_EDGE('',*,*,#1278,.T.);
#1651=ORIENTED_EDGE('',*,*,#1279,.F.);
#1652=ORIENTED_EDGE('',*,*,#1280,.F.);
#1653=ORIENTED_EDGE('',*,*,#1281,.T.);
#1654=ORIENTED_EDGE('',*,*,#1282,.T.);
#1655=ORIENTED_EDGE('',*,*,#1283,.F.);
#1656=ORIENTED_EDGE('',*,*,#1284,.F.);
#1657=ORIENTED_EDGE('',*,*,#1285,.T.);
#1658=ORIENTED_EDGE('',*,*,#1286,.T.);
#1659=ORIENTED_EDGE('',*,*,#1287,.F.);
#1660=ORIENTED_EDGE('',*,*,#1288,.F.);
#1661=ORIENTED_EDGE('',*,*,#1289,.F.);
#1662=ORIENTED_EDGE('',*,*,#1290,.F.);
#1663=ORIENTED_EDGE('',*,*,#1291,.F.);
#1664=ORIENTED_EDGE('',*,*,#1292,.F.);
#1665=ORIENTED_EDGE('',*,*,#1293,.F.);
#1666=ORIENTED_EDGE('',*,*,#1294,.F.);
#1667=ORIENTED_EDGE('',*,*,#1295,.F.);
#1668=ORIENTED_EDGE('',*,*,#1296,.F.);
#1669=ORIENTED_EDGE('',*,*,#1297,.F.);
#1670=ORIENTED_EDGE('',*,*,#1298,.F.);
#1671=ORIENTED_EDGE('',*,*,#1299,.F.);
#1672=ORIENTED_EDGE('',*,*,#1300,.F.);
#1673=ORIENTED_EDGE('',*,*,#1301,.F.);
#1674=ORIENTED_EDGE('',*,*,#1302,.F.);
#1675=ORIENTED_EDGE('',*,*,#1303,.F.);
#1676=ORIENTED_EDGE('',*,*,#1304,.F.);
#1677=ORIENTED_EDGE('',*,*,#1305,.F.);
#1678=ORIENTED_EDGE('',*,*,#1306,.F.);
#1679=ORIENTED_EDGE('',*,*,#1307,.F.);
#1680=ORIENTED_EDGE('',*,*,#1308,.F.);
#1681=ORIENTED_EDGE('',*,*,#1309,.F.);
#1682=ORIENTED_EDGE('',*,*,#1310,.F.);
#1683=ORIENTED_EDGE('',*,*,#1311,.F.);
#1684=ORIENTED_EDGE('',*,*,#1312,.F.);
#1685=ORIENTED_EDGE('',*,*,#1313,.F.);
#1686=ORIENTED_EDGE('',*,*,#1314,.F.);
#1687=ORIENTED_EDGE('',*,*,#1315,.F.);
#1688=ORIENTED_EDGE('',*,*,#1316,.F.);
#1689=ORIENTED_EDGE('',*,*,#1317,.F.);
#1690=ORIENTED_EDGE('',*,*,#1318,.F.);
#1691=ORIENTED_EDGE('',*,*,#1319,.F.);
#1692=ORIENTED_EDGE('',*,*,#1320,.F.);
#1693=ORIENTED_EDGE('',*,*,#1290,.T.);
#1694=ORIENTED_EDGE('',*,*,#1321,.T.);
#1695=ORIENTED_EDGE('',*,*,#1322,.F.);
#1696=ORIENTED_EDGE('',*,*,#1323,.F.);
#1697=ORIENTED_EDGE('',*,*,#1289,.T.);
#1698=ORIENTED_EDGE('',*,*,#1324,.T.);
#1699=ORIENTED_EDGE('',*,*,#1325,.F.);
#1700=ORIENTED_EDGE('',*,*,#1326,.F.);
#1701=ORIENTED_EDGE('',*,*,#1327,.F.);
#1702=ORIENTED_EDGE('',*,*,#1321,.F.);
#1703=ORIENTED_EDGE('',*,*,#1296,.T.);
#1704=ORIENTED_EDGE('',*,*,#1328,.T.);
#1705=ORIENTED_EDGE('',*,*,#1329,.F.);
#1706=ORIENTED_EDGE('',*,*,#1330,.F.);
#1707=ORIENTED_EDGE('',*,*,#1295,.T.);
#1708=ORIENTED_EDGE('',*,*,#1331,.T.);
#1709=ORIENTED_EDGE('',*,*,#1332,.F.);
#1710=ORIENTED_EDGE('',*,*,#1328,.F.);
#1711=ORIENTED_EDGE('',*,*,#1301,.T.);
#1712=ORIENTED_EDGE('',*,*,#1333,.T.);
#1713=ORIENTED_EDGE('',*,*,#1334,.F.);
#1714=ORIENTED_EDGE('',*,*,#1335,.F.);
#1715=ORIENTED_EDGE('',*,*,#1300,.T.);
#1716=ORIENTED_EDGE('',*,*,#1336,.T.);
#1717=ORIENTED_EDGE('',*,*,#1337,.F.);
#1718=ORIENTED_EDGE('',*,*,#1338,.F.);
#1719=ORIENTED_EDGE('',*,*,#1339,.F.);
#1720=ORIENTED_EDGE('',*,*,#1333,.F.);
#1721=ORIENTED_EDGE('',*,*,#1307,.T.);
#1722=ORIENTED_EDGE('',*,*,#1340,.T.);
#1723=ORIENTED_EDGE('',*,*,#1341,.F.);
#1724=ORIENTED_EDGE('',*,*,#1342,.F.);
#1725=ORIENTED_EDGE('',*,*,#1306,.T.);
#1726=ORIENTED_EDGE('',*,*,#1343,.T.);
#1727=ORIENTED_EDGE('',*,*,#1344,.F.);
#1728=ORIENTED_EDGE('',*,*,#1340,.F.);
#1729=ORIENTED_EDGE('',*,*,#1313,.T.);
#1730=ORIENTED_EDGE('',*,*,#1345,.T.);
#1731=ORIENTED_EDGE('',*,*,#1346,.F.);
#1732=ORIENTED_EDGE('',*,*,#1347,.F.);
#1733=ORIENTED_EDGE('',*,*,#1312,.T.);
#1734=ORIENTED_EDGE('',*,*,#1348,.T.);
#1735=ORIENTED_EDGE('',*,*,#1349,.F.);
#1736=ORIENTED_EDGE('',*,*,#1345,.F.);
#1737=ORIENTED_EDGE('',*,*,#1319,.T.);
#1738=ORIENTED_EDGE('',*,*,#1350,.T.);
#1739=ORIENTED_EDGE('',*,*,#1351,.F.);
#1740=ORIENTED_EDGE('',*,*,#1352,.F.);
#1741=ORIENTED_EDGE('',*,*,#1318,.T.);
#1742=ORIENTED_EDGE('',*,*,#1353,.T.);
#1743=ORIENTED_EDGE('',*,*,#1354,.F.);
#1744=ORIENTED_EDGE('',*,*,#1355,.F.);
#1745=ORIENTED_EDGE('',*,*,#1356,.F.);
#1746=ORIENTED_EDGE('',*,*,#1350,.F.);
#1747=ORIENTED_EDGE('',*,*,#1299,.T.);
#1748=ORIENTED_EDGE('',*,*,#1357,.T.);
#1749=ORIENTED_EDGE('',*,*,#1358,.F.);
#1750=ORIENTED_EDGE('',*,*,#1336,.F.);
#1751=ORIENTED_EDGE('',*,*,#1298,.T.);
#1752=ORIENTED_EDGE('',*,*,#1335,.T.);
#1753=ORIENTED_EDGE('',*,*,#1359,.F.);
#1754=ORIENTED_EDGE('',*,*,#1360,.F.);
#1755=ORIENTED_EDGE('',*,*,#1361,.F.);
#1756=ORIENTED_EDGE('',*,*,#1357,.F.);
#1757=ORIENTED_EDGE('',*,*,#1294,.T.);
#1758=ORIENTED_EDGE('',*,*,#1362,.T.);
#1759=ORIENTED_EDGE('',*,*,#1363,.F.);
#1760=ORIENTED_EDGE('',*,*,#1331,.F.);
#1761=ORIENTED_EDGE('',*,*,#1293,.T.);
#1762=ORIENTED_EDGE('',*,*,#1330,.T.);
#1763=ORIENTED_EDGE('',*,*,#1364,.F.);
#1764=ORIENTED_EDGE('',*,*,#1362,.F.);
#1765=ORIENTED_EDGE('',*,*,#1288,.T.);
#1766=ORIENTED_EDGE('',*,*,#1365,.T.);
#1767=ORIENTED_EDGE('',*,*,#1366,.F.);
#1768=ORIENTED_EDGE('',*,*,#1367,.F.);
#1769=ORIENTED_EDGE('',*,*,#1368,.F.);
#1770=ORIENTED_EDGE('',*,*,#1324,.F.);
#1771=ORIENTED_EDGE('',*,*,#1287,.T.);
#1772=ORIENTED_EDGE('',*,*,#1323,.T.);
#1773=ORIENTED_EDGE('',*,*,#1369,.F.);
#1774=ORIENTED_EDGE('',*,*,#1365,.F.);
#1775=ORIENTED_EDGE('',*,*,#1311,.T.);
#1776=ORIENTED_EDGE('',*,*,#1370,.T.);
#1777=ORIENTED_EDGE('',*,*,#1371,.F.);
#1778=ORIENTED_EDGE('',*,*,#1348,.F.);
#1779=ORIENTED_EDGE('',*,*,#1310,.T.);
#1780=ORIENTED_EDGE('',*,*,#1347,.T.);
#1781=ORIENTED_EDGE('',*,*,#1372,.F.);
#1782=ORIENTED_EDGE('',*,*,#1370,.F.);
#1783=ORIENTED_EDGE('',*,*,#1305,.T.);
#1784=ORIENTED_EDGE('',*,*,#1373,.T.);
#1785=ORIENTED_EDGE('',*,*,#1374,.F.);
#1786=ORIENTED_EDGE('',*,*,#1375,.F.);
#1787=ORIENTED_EDGE('',*,*,#1376,.F.);
#1788=ORIENTED_EDGE('',*,*,#1343,.F.);
#1789=ORIENTED_EDGE('',*,*,#1304,.T.);
#1790=ORIENTED_EDGE('',*,*,#1342,.T.);
#1791=ORIENTED_EDGE('',*,*,#1377,.F.);
#1792=ORIENTED_EDGE('',*,*,#1378,.F.);
#1793=ORIENTED_EDGE('',*,*,#1379,.F.);
#1794=ORIENTED_EDGE('',*,*,#1373,.F.);
#1795=ORIENTED_EDGE('',*,*,#1317,.T.);
#1796=ORIENTED_EDGE('',*,*,#1380,.T.);
#1797=ORIENTED_EDGE('',*,*,#1381,.F.);
#1798=ORIENTED_EDGE('',*,*,#1353,.F.);
#1799=ORIENTED_EDGE('',*,*,#1316,.T.);
#1800=ORIENTED_EDGE('',*,*,#1352,.T.);
#1801=ORIENTED_EDGE('',*,*,#1382,.F.);
#1802=ORIENTED_EDGE('',*,*,#1383,.F.);
#1803=ORIENTED_EDGE('',*,*,#1384,.F.);
#1804=ORIENTED_EDGE('',*,*,#1380,.F.);
#1805=ORIENTED_EDGE('',*,*,#1385,.F.);
#1806=ORIENTED_EDGE('',*,*,#1359,.T.);
#1807=ORIENTED_EDGE('',*,*,#1334,.T.);
#1808=ORIENTED_EDGE('',*,*,#1339,.T.);
#1809=ORIENTED_EDGE('',*,*,#1386,.F.);
#1810=ORIENTED_EDGE('',*,*,#1387,.T.);
#1811=ORIENTED_EDGE('',*,*,#1388,.T.);
#1812=ORIENTED_EDGE('',*,*,#1389,.F.);
#1813=ORIENTED_EDGE('',*,*,#1390,.F.);
#1814=ORIENTED_EDGE('',*,*,#1391,.T.);
#1815=ORIENTED_EDGE('',*,*,#1392,.T.);
#1816=ORIENTED_EDGE('',*,*,#1393,.F.);
#1817=ORIENTED_EDGE('',*,*,#1394,.F.);
#1818=ORIENTED_EDGE('',*,*,#1395,.T.);
#1819=ORIENTED_EDGE('',*,*,#1393,.T.);
#1820=ORIENTED_EDGE('',*,*,#1396,.T.);
#1821=ORIENTED_EDGE('',*,*,#1397,.F.);
#1822=ORIENTED_EDGE('',*,*,#1398,.T.);
#1823=ORIENTED_EDGE('',*,*,#1390,.T.);
#1824=ORIENTED_EDGE('',*,*,#1395,.F.);
#1825=ORIENTED_EDGE('',*,*,#1399,.T.);
#1826=ORIENTED_EDGE('',*,*,#1400,.T.);
#1827=ORIENTED_EDGE('',*,*,#1389,.T.);
#1828=ORIENTED_EDGE('',*,*,#1401,.T.);
#1829=ORIENTED_EDGE('',*,*,#1402,.T.);
#1830=ORIENTED_EDGE('',*,*,#1403,.T.);
#1831=ORIENTED_EDGE('',*,*,#1386,.T.);
#1832=ORIENTED_EDGE('',*,*,#1400,.F.);
#1833=ORIENTED_EDGE('',*,*,#1404,.F.);
#1834=ORIENTED_EDGE('',*,*,#1405,.T.);
#1835=ORIENTED_EDGE('',*,*,#1406,.T.);
#1836=ORIENTED_EDGE('',*,*,#1407,.T.);
#1837=ORIENTED_EDGE('',*,*,#1360,.T.);
#1838=ORIENTED_EDGE('',*,*,#1385,.T.);
#1839=ORIENTED_EDGE('',*,*,#1338,.T.);
#1840=ORIENTED_EDGE('',*,*,#1408,.T.);
#1841=ORIENTED_EDGE('',*,*,#1383,.T.);
#1842=ORIENTED_EDGE('',*,*,#1409,.T.);
#1843=ORIENTED_EDGE('',*,*,#1355,.T.);
#1844=ORIENTED_EDGE('',*,*,#1410,.T.);
#1845=ORIENTED_EDGE('',*,*,#1326,.T.);
#1846=ORIENTED_EDGE('',*,*,#1411,.T.);
#1847=ORIENTED_EDGE('',*,*,#1367,.T.);
#1848=ORIENTED_EDGE('',*,*,#1412,.T.);
#1849=ORIENTED_EDGE('',*,*,#1375,.T.);
#1850=ORIENTED_EDGE('',*,*,#1413,.T.);
#1851=ORIENTED_EDGE('',*,*,#1378,.T.);
#1852=ORIENTED_EDGE('',*,*,#1414,.T.);
#1853=ORIENTED_EDGE('',*,*,#1406,.F.);
#1854=ORIENTED_EDGE('',*,*,#1261,.F.);
#1855=ORIENTED_EDGE('',*,*,#1415,.F.);
#1856=ORIENTED_EDGE('',*,*,#1416,.T.);
#1857=ORIENTED_EDGE('',*,*,#1277,.F.);
#1858=ORIENTED_EDGE('',*,*,#1417,.F.);
#1859=ORIENTED_EDGE('',*,*,#1418,.T.);
#1860=ORIENTED_EDGE('',*,*,#1285,.F.);
#1861=ORIENTED_EDGE('',*,*,#1419,.F.);
#1862=ORIENTED_EDGE('',*,*,#1420,.T.);
#1863=ORIENTED_EDGE('',*,*,#1273,.F.);
#1864=ORIENTED_EDGE('',*,*,#1421,.F.);
#1865=ORIENTED_EDGE('',*,*,#1422,.T.);
#1866=ORIENTED_EDGE('',*,*,#1265,.F.);
#1867=ORIENTED_EDGE('',*,*,#1423,.F.);
#1868=ORIENTED_EDGE('',*,*,#1424,.T.);
#1869=ORIENTED_EDGE('',*,*,#1425,.F.);
#1870=ORIENTED_EDGE('',*,*,#1426,.F.);
#1871=ORIENTED_EDGE('',*,*,#1427,.T.);
#1872=ORIENTED_EDGE('',*,*,#1281,.F.);
#1873=ORIENTED_EDGE('',*,*,#1428,.F.);
#1874=ORIENTED_EDGE('',*,*,#1429,.T.);
#1875=ORIENTED_EDGE('',*,*,#1269,.F.);
#1876=ORIENTED_EDGE('',*,*,#1430,.T.);
#1877=ORIENTED_EDGE('',*,*,#1402,.F.);
#1878=ORIENTED_EDGE('',*,*,#1431,.T.);
#1879=ORIENTED_EDGE('',*,*,#1397,.T.);
#1880=ORIENTED_EDGE('',*,*,#1411,.F.);
#1881=ORIENTED_EDGE('',*,*,#1325,.T.);
#1882=ORIENTED_EDGE('',*,*,#1368,.T.);
#1883=ORIENTED_EDGE('',*,*,#1432,.F.);
#1884=ORIENTED_EDGE('',*,*,#1433,.T.);
#1885=ORIENTED_EDGE('',*,*,#1434,.T.);
#1886=ORIENTED_EDGE('',*,*,#1435,.F.);
#1887=ORIENTED_EDGE('',*,*,#1436,.F.);
#1888=ORIENTED_EDGE('',*,*,#1437,.T.);
#1889=ORIENTED_EDGE('',*,*,#1438,.T.);
#1890=ORIENTED_EDGE('',*,*,#1439,.F.);
#1891=ORIENTED_EDGE('',*,*,#1440,.T.);
#1892=ORIENTED_EDGE('',*,*,#1441,.T.);
#1893=ORIENTED_EDGE('',*,*,#1439,.T.);
#1894=ORIENTED_EDGE('',*,*,#1442,.T.);
#1895=ORIENTED_EDGE('',*,*,#1443,.T.);
#1896=ORIENTED_EDGE('',*,*,#1444,.T.);
#1897=ORIENTED_EDGE('',*,*,#1436,.T.);
#1898=ORIENTED_EDGE('',*,*,#1441,.F.);
#1899=ORIENTED_EDGE('',*,*,#1445,.T.);
#1900=ORIENTED_EDGE('',*,*,#1446,.T.);
#1901=ORIENTED_EDGE('',*,*,#1435,.T.);
#1902=ORIENTED_EDGE('',*,*,#1447,.T.);
#1903=ORIENTED_EDGE('',*,*,#1448,.T.);
#1904=ORIENTED_EDGE('',*,*,#1449,.T.);
#1905=ORIENTED_EDGE('',*,*,#1432,.T.);
#1906=ORIENTED_EDGE('',*,*,#1446,.F.);
#1907=ORIENTED_EDGE('',*,*,#1361,.T.);
#1908=ORIENTED_EDGE('',*,*,#1407,.F.);
#1909=ORIENTED_EDGE('',*,*,#1414,.F.);
#1910=ORIENTED_EDGE('',*,*,#1377,.T.);
#1911=ORIENTED_EDGE('',*,*,#1341,.T.);
#1912=ORIENTED_EDGE('',*,*,#1344,.T.);
#1913=ORIENTED_EDGE('',*,*,#1376,.T.);
#1914=ORIENTED_EDGE('',*,*,#1412,.F.);
#1915=ORIENTED_EDGE('',*,*,#1366,.T.);
#1916=ORIENTED_EDGE('',*,*,#1369,.T.);
#1917=ORIENTED_EDGE('',*,*,#1322,.T.);
#1918=ORIENTED_EDGE('',*,*,#1327,.T.);
#1919=ORIENTED_EDGE('',*,*,#1410,.F.);
#1920=ORIENTED_EDGE('',*,*,#1354,.T.);
#1921=ORIENTED_EDGE('',*,*,#1381,.T.);
#1922=ORIENTED_EDGE('',*,*,#1384,.T.);
#1923=ORIENTED_EDGE('',*,*,#1408,.F.);
#1924=ORIENTED_EDGE('',*,*,#1337,.T.);
#1925=ORIENTED_EDGE('',*,*,#1358,.T.);
#1926=ORIENTED_EDGE('',*,*,#1450,.T.);
#1927=ORIENTED_EDGE('',*,*,#1451,.T.);
#1928=ORIENTED_EDGE('',*,*,#1452,.T.);
#1929=ORIENTED_EDGE('',*,*,#1453,.T.);
#1930=ORIENTED_EDGE('',*,*,#1454,.F.);
#1931=ORIENTED_EDGE('',*,*,#1455,.F.);
#1932=ORIENTED_EDGE('',*,*,#1456,.F.);
#1933=ORIENTED_EDGE('',*,*,#1457,.F.);
#1934=ORIENTED_EDGE('',*,*,#1458,.T.);
#1935=ORIENTED_EDGE('',*,*,#1459,.T.);
#1936=ORIENTED_EDGE('',*,*,#1460,.T.);
#1937=ORIENTED_EDGE('',*,*,#1461,.T.);
#1938=ORIENTED_EDGE('',*,*,#1462,.T.);
#1939=ORIENTED_EDGE('',*,*,#1463,.F.);
#1940=ORIENTED_EDGE('',*,*,#1464,.T.);
#1941=ORIENTED_EDGE('',*,*,#1465,.T.);
#1942=ORIENTED_EDGE('',*,*,#1466,.T.);
#1943=ORIENTED_EDGE('',*,*,#1467,.T.);
#1944=ORIENTED_EDGE('',*,*,#1468,.T.);
#1945=ORIENTED_EDGE('',*,*,#1469,.F.);
#1946=ORIENTED_EDGE('',*,*,#1470,.F.);
#1947=ORIENTED_EDGE('',*,*,#1471,.F.);
#1948=ORIENTED_EDGE('',*,*,#1472,.F.);
#1949=ORIENTED_EDGE('',*,*,#1473,.T.);
#1950=ORIENTED_EDGE('',*,*,#1474,.T.);
#1951=ORIENTED_EDGE('',*,*,#1475,.T.);
#1952=ORIENTED_EDGE('',*,*,#1476,.T.);
#1953=ORIENTED_EDGE('',*,*,#1371,.T.);
#1954=ORIENTED_EDGE('',*,*,#1372,.T.);
#1955=ORIENTED_EDGE('',*,*,#1346,.T.);
#1956=ORIENTED_EDGE('',*,*,#1349,.T.);
#1957=ORIENTED_EDGE('',*,*,#1363,.T.);
#1958=ORIENTED_EDGE('',*,*,#1364,.T.);
#1959=ORIENTED_EDGE('',*,*,#1329,.T.);
#1960=ORIENTED_EDGE('',*,*,#1332,.T.);
#1961=ORIENTED_EDGE('',*,*,#1477,.T.);
#1962=ORIENTED_EDGE('',*,*,#1448,.F.);
#1963=ORIENTED_EDGE('',*,*,#1478,.T.);
#1964=ORIENTED_EDGE('',*,*,#1443,.F.);
#1965=ORIENTED_EDGE('',*,*,#1479,.F.);
#1966=ORIENTED_EDGE('',*,*,#1480,.T.);
#1967=ORIENTED_EDGE('',*,*,#1481,.T.);
#1968=ORIENTED_EDGE('',*,*,#1482,.F.);
#1969=ORIENTED_EDGE('',*,*,#1483,.F.);
#1970=ORIENTED_EDGE('',*,*,#1484,.T.);
#1971=ORIENTED_EDGE('',*,*,#1482,.T.);
#1972=ORIENTED_EDGE('',*,*,#1485,.T.);
#1973=ORIENTED_EDGE('',*,*,#1486,.F.);
#1974=ORIENTED_EDGE('',*,*,#1487,.T.);
#1975=ORIENTED_EDGE('',*,*,#1479,.T.);
#1976=ORIENTED_EDGE('',*,*,#1484,.F.);
#1977=ORIENTED_EDGE('',*,*,#1488,.T.);
#1978=ORIENTED_EDGE('',*,*,#1486,.T.);
#1979=ORIENTED_EDGE('',*,*,#1413,.F.);
#1980=ORIENTED_EDGE('',*,*,#1374,.T.);
#1981=ORIENTED_EDGE('',*,*,#1379,.T.);
#1982=ORIENTED_EDGE('',*,*,#1489,.F.);
#1983=ORIENTED_EDGE('',*,*,#1490,.T.);
#1984=ORIENTED_EDGE('',*,*,#1491,.T.);
#1985=ORIENTED_EDGE('',*,*,#1492,.F.);
#1986=ORIENTED_EDGE('',*,*,#1493,.F.);
#1987=ORIENTED_EDGE('',*,*,#1494,.T.);
#1988=ORIENTED_EDGE('',*,*,#1495,.T.);
#1989=ORIENTED_EDGE('',*,*,#1496,.F.);
#1990=ORIENTED_EDGE('',*,*,#1497,.T.);
#1991=ORIENTED_EDGE('',*,*,#1498,.T.);
#1992=ORIENTED_EDGE('',*,*,#1496,.T.);
#1993=ORIENTED_EDGE('',*,*,#1499,.T.);
#1994=ORIENTED_EDGE('',*,*,#1500,.T.);
#1995=ORIENTED_EDGE('',*,*,#1501,.T.);
#1996=ORIENTED_EDGE('',*,*,#1493,.T.);
#1997=ORIENTED_EDGE('',*,*,#1498,.F.);
#1998=ORIENTED_EDGE('',*,*,#1502,.T.);
#1999=ORIENTED_EDGE('',*,*,#1503,.T.);
#2000=ORIENTED_EDGE('',*,*,#1492,.T.);
#2001=ORIENTED_EDGE('',*,*,#1504,.T.);
#2002=ORIENTED_EDGE('',*,*,#1505,.T.);
#2003=ORIENTED_EDGE('',*,*,#1506,.T.);
#2004=ORIENTED_EDGE('',*,*,#1489,.T.);
#2005=ORIENTED_EDGE('',*,*,#1503,.F.);
#2006=ORIENTED_EDGE('',*,*,#1507,.T.);
#2007=ORIENTED_EDGE('',*,*,#1505,.F.);
#2008=ORIENTED_EDGE('',*,*,#1508,.T.);
#2009=ORIENTED_EDGE('',*,*,#1500,.F.);
#2010=ORIENTED_EDGE('',*,*,#1509,.F.);
#2011=ORIENTED_EDGE('',*,*,#1510,.T.);
#2012=ORIENTED_EDGE('',*,*,#1511,.T.);
#2013=ORIENTED_EDGE('',*,*,#1512,.F.);
#2014=ORIENTED_EDGE('',*,*,#1513,.F.);
#2015=ORIENTED_EDGE('',*,*,#1514,.T.);
#2016=ORIENTED_EDGE('',*,*,#1515,.T.);
#2017=ORIENTED_EDGE('',*,*,#1516,.F.);
#2018=ORIENTED_EDGE('',*,*,#1517,.T.);
#2019=ORIENTED_EDGE('',*,*,#1518,.T.);
#2020=ORIENTED_EDGE('',*,*,#1516,.T.);
#2021=ORIENTED_EDGE('',*,*,#1519,.T.);
#2022=ORIENTED_EDGE('',*,*,#1520,.T.);
#2023=ORIENTED_EDGE('',*,*,#1521,.T.);
#2024=ORIENTED_EDGE('',*,*,#1513,.T.);
#2025=ORIENTED_EDGE('',*,*,#1518,.F.);
#2026=ORIENTED_EDGE('',*,*,#1522,.F.);
#2027=ORIENTED_EDGE('',*,*,#1523,.T.);
#2028=ORIENTED_EDGE('',*,*,#1512,.T.);
#2029=ORIENTED_EDGE('',*,*,#1524,.T.);
#2030=ORIENTED_EDGE('',*,*,#1525,.F.);
#2031=ORIENTED_EDGE('',*,*,#1526,.T.);
#2032=ORIENTED_EDGE('',*,*,#1509,.T.);
#2033=ORIENTED_EDGE('',*,*,#1523,.F.);
#2034=ORIENTED_EDGE('',*,*,#1527,.T.);
#2035=ORIENTED_EDGE('',*,*,#1525,.T.);
#2036=ORIENTED_EDGE('',*,*,#1528,.T.);
#2037=ORIENTED_EDGE('',*,*,#1520,.F.);
#2038=ORIENTED_EDGE('',*,*,#1409,.F.);
#2039=ORIENTED_EDGE('',*,*,#1382,.T.);
#2040=ORIENTED_EDGE('',*,*,#1351,.T.);
#2041=ORIENTED_EDGE('',*,*,#1356,.T.);
#2042=ORIENTED_EDGE('',*,*,#1529,.F.);
#2043=ORIENTED_EDGE('',*,*,#1530,.T.);
#2044=ORIENTED_EDGE('',*,*,#1531,.T.);
#2045=ORIENTED_EDGE('',*,*,#1532,.F.);
#2046=ORIENTED_EDGE('',*,*,#1533,.F.);
#2047=ORIENTED_EDGE('',*,*,#1534,.T.);
#2048=ORIENTED_EDGE('',*,*,#1532,.T.);
#2049=ORIENTED_EDGE('',*,*,#1535,.T.);
#2050=ORIENTED_EDGE('',*,*,#1536,.F.);
#2051=ORIENTED_EDGE('',*,*,#1537,.T.);
#2052=ORIENTED_EDGE('',*,*,#1529,.T.);
#2053=ORIENTED_EDGE('',*,*,#1534,.F.);
#2054=ORIENTED_EDGE('',*,*,#1538,.T.);
#2055=ORIENTED_EDGE('',*,*,#1536,.T.);
#2056=ORIENTED_EDGE('',*,*,#1450,.F.);
#2057=ORIENTED_EDGE('',*,*,#1539,.F.);
#2058=ORIENTED_EDGE('',*,*,#1540,.T.);
#2059=ORIENTED_EDGE('',*,*,#1541,.T.);
#2060=ORIENTED_EDGE('',*,*,#1455,.T.);
#2061=ORIENTED_EDGE('',*,*,#1542,.F.);
#2062=ORIENTED_EDGE('',*,*,#1543,.T.);
#2063=ORIENTED_EDGE('',*,*,#1539,.T.);
#2064=ORIENTED_EDGE('',*,*,#1454,.T.);
#2065=ORIENTED_EDGE('',*,*,#1544,.F.);
#2066=ORIENTED_EDGE('',*,*,#1545,.T.);
#2067=ORIENTED_EDGE('',*,*,#1542,.T.);
#2068=ORIENTED_EDGE('',*,*,#1463,.T.);
#2069=ORIENTED_EDGE('',*,*,#1546,.F.);
#2070=ORIENTED_EDGE('',*,*,#1547,.T.);
#2071=ORIENTED_EDGE('',*,*,#1548,.T.);
#2072=ORIENTED_EDGE('',*,*,#1472,.T.);
#2073=ORIENTED_EDGE('',*,*,#1549,.F.);
#2074=ORIENTED_EDGE('',*,*,#1550,.T.);
#2075=ORIENTED_EDGE('',*,*,#1551,.T.);
#2076=ORIENTED_EDGE('',*,*,#1283,.T.);
#2077=ORIENTED_EDGE('',*,*,#1552,.T.);
#2078=ORIENTED_EDGE('',*,*,#1418,.F.);
#2079=ORIENTED_EDGE('',*,*,#1553,.F.);
#2080=ORIENTED_EDGE('',*,*,#1286,.F.);
#2081=ORIENTED_EDGE('',*,*,#1552,.F.);
#2082=ORIENTED_EDGE('',*,*,#1502,.F.);
#2083=ORIENTED_EDGE('',*,*,#1279,.T.);
#2084=ORIENTED_EDGE('',*,*,#1554,.T.);
#2085=ORIENTED_EDGE('',*,*,#1427,.F.);
#2086=ORIENTED_EDGE('',*,*,#1555,.F.);
#2087=ORIENTED_EDGE('',*,*,#1282,.F.);
#2088=ORIENTED_EDGE('',*,*,#1554,.F.);
#2089=ORIENTED_EDGE('',*,*,#1445,.F.);
#2090=ORIENTED_EDGE('',*,*,#1556,.F.);
#2091=ORIENTED_EDGE('',*,*,#1425,.T.);
#2092=ORIENTED_EDGE('',*,*,#1557,.T.);
#2093=ORIENTED_EDGE('',*,*,#1424,.F.);
#2094=ORIENTED_EDGE('',*,*,#1557,.F.);
#2095=ORIENTED_EDGE('',*,*,#1440,.F.);
#2096=ORIENTED_EDGE('',*,*,#1275,.T.);
#2097=ORIENTED_EDGE('',*,*,#1558,.T.);
#2098=ORIENTED_EDGE('',*,*,#1416,.F.);
#2099=ORIENTED_EDGE('',*,*,#1559,.F.);
#2100=ORIENTED_EDGE('',*,*,#1278,.F.);
#2101=ORIENTED_EDGE('',*,*,#1558,.F.);
#2102=ORIENTED_EDGE('',*,*,#1497,.F.);
#2103=ORIENTED_EDGE('',*,*,#1271,.T.);
#2104=ORIENTED_EDGE('',*,*,#1560,.T.);
#2105=ORIENTED_EDGE('',*,*,#1420,.F.);
#2106=ORIENTED_EDGE('',*,*,#1561,.F.);
#2107=ORIENTED_EDGE('',*,*,#1274,.F.);
#2108=ORIENTED_EDGE('',*,*,#1560,.F.);
#2109=ORIENTED_EDGE('',*,*,#1517,.F.);
#2110=ORIENTED_EDGE('',*,*,#1267,.T.);
#2111=ORIENTED_EDGE('',*,*,#1562,.T.);
#2112=ORIENTED_EDGE('',*,*,#1429,.F.);
#2113=ORIENTED_EDGE('',*,*,#1563,.F.);
#2114=ORIENTED_EDGE('',*,*,#1270,.F.);
#2115=ORIENTED_EDGE('',*,*,#1562,.F.);
#2116=ORIENTED_EDGE('',*,*,#1399,.F.);
#2117=ORIENTED_EDGE('',*,*,#1263,.T.);
#2118=ORIENTED_EDGE('',*,*,#1564,.T.);
#2119=ORIENTED_EDGE('',*,*,#1422,.F.);
#2120=ORIENTED_EDGE('',*,*,#1565,.F.);
#2121=ORIENTED_EDGE('',*,*,#1266,.F.);
#2122=ORIENTED_EDGE('',*,*,#1564,.F.);
#2123=ORIENTED_EDGE('',*,*,#1566,.F.);
#2124=ORIENTED_EDGE('',*,*,#1259,.T.);
#2125=ORIENTED_EDGE('',*,*,#1567,.T.);
#2126=ORIENTED_EDGE('',*,*,#1405,.F.);
#2127=ORIENTED_EDGE('',*,*,#1568,.F.);
#2128=ORIENTED_EDGE('',*,*,#1262,.F.);
#2129=ORIENTED_EDGE('',*,*,#1567,.F.);
#2130=ORIENTED_EDGE('',*,*,#1569,.F.);
#2131=ORIENTED_EDGE('',*,*,#1404,.T.);
#2132=ORIENTED_EDGE('',*,*,#1268,.T.);
#2133=ORIENTED_EDGE('',*,*,#1563,.T.);
#2134=ORIENTED_EDGE('',*,*,#1428,.T.);
#2135=ORIENTED_EDGE('',*,*,#1280,.T.);
#2136=ORIENTED_EDGE('',*,*,#1555,.T.);
#2137=ORIENTED_EDGE('',*,*,#1426,.T.);
#2138=ORIENTED_EDGE('',*,*,#1556,.T.);
#2139=ORIENTED_EDGE('',*,*,#1423,.T.);
#2140=ORIENTED_EDGE('',*,*,#1264,.T.);
#2141=ORIENTED_EDGE('',*,*,#1565,.T.);
#2142=ORIENTED_EDGE('',*,*,#1421,.T.);
#2143=ORIENTED_EDGE('',*,*,#1272,.T.);
#2144=ORIENTED_EDGE('',*,*,#1561,.T.);
#2145=ORIENTED_EDGE('',*,*,#1419,.T.);
#2146=ORIENTED_EDGE('',*,*,#1284,.T.);
#2147=ORIENTED_EDGE('',*,*,#1553,.T.);
#2148=ORIENTED_EDGE('',*,*,#1417,.T.);
#2149=ORIENTED_EDGE('',*,*,#1276,.T.);
#2150=ORIENTED_EDGE('',*,*,#1559,.T.);
#2151=ORIENTED_EDGE('',*,*,#1415,.T.);
#2152=ORIENTED_EDGE('',*,*,#1260,.T.);
#2153=ORIENTED_EDGE('',*,*,#1568,.T.);
#2154=ORIENTED_EDGE('',*,*,#1570,.T.);
#2155=ORIENTED_EDGE('',*,*,#1571,.T.);
#2156=ORIENTED_EDGE('',*,*,#1572,.T.);
#2157=ORIENTED_EDGE('',*,*,#1573,.T.);
#2158=ORIENTED_EDGE('',*,*,#1574,.T.);
#2159=ORIENTED_EDGE('',*,*,#1522,.T.);
#2160=ORIENTED_EDGE('',*,*,#1533,.T.);
#2161=ORIENTED_EDGE('',*,*,#1483,.T.);
#2162=ORIENTED_EDGE('',*,*,#1394,.T.);
#2163=ORIENTED_EDGE('',*,*,#1473,.F.);
#2164=ORIENTED_EDGE('',*,*,#1551,.F.);
#2165=ORIENTED_EDGE('',*,*,#1575,.T.);
#2166=ORIENTED_EDGE('',*,*,#1576,.T.);
#2167=ORIENTED_EDGE('',*,*,#1474,.F.);
#2168=ORIENTED_EDGE('',*,*,#1576,.F.);
#2169=ORIENTED_EDGE('',*,*,#1577,.T.);
#2170=ORIENTED_EDGE('',*,*,#1578,.T.);
#2171=ORIENTED_EDGE('',*,*,#1475,.F.);
#2172=ORIENTED_EDGE('',*,*,#1578,.F.);
#2173=ORIENTED_EDGE('',*,*,#1579,.T.);
#2174=ORIENTED_EDGE('',*,*,#1580,.T.);
#2175=ORIENTED_EDGE('',*,*,#1470,.T.);
#2176=ORIENTED_EDGE('',*,*,#1580,.F.);
#2177=ORIENTED_EDGE('',*,*,#1581,.T.);
#2178=ORIENTED_EDGE('',*,*,#1582,.T.);
#2179=ORIENTED_EDGE('',*,*,#1471,.T.);
#2180=ORIENTED_EDGE('',*,*,#1582,.F.);
#2181=ORIENTED_EDGE('',*,*,#1583,.T.);
#2182=ORIENTED_EDGE('',*,*,#1549,.T.);
#2183=ORIENTED_EDGE('',*,*,#1577,.F.);
#2184=ORIENTED_EDGE('',*,*,#1575,.F.);
#2185=ORIENTED_EDGE('',*,*,#1550,.F.);
#2186=ORIENTED_EDGE('',*,*,#1583,.F.);
#2187=ORIENTED_EDGE('',*,*,#1581,.F.);
#2188=ORIENTED_EDGE('',*,*,#1579,.F.);
#2189=ORIENTED_EDGE('',*,*,#1584,.F.);
#2190=ORIENTED_EDGE('',*,*,#1453,.F.);
#2191=ORIENTED_EDGE('',*,*,#1585,.F.);
#2192=ORIENTED_EDGE('',*,*,#1586,.T.);
#2193=ORIENTED_EDGE('',*,*,#1544,.T.);
#2194=ORIENTED_EDGE('',*,*,#1451,.F.);
#2195=ORIENTED_EDGE('',*,*,#1541,.F.);
#2196=ORIENTED_EDGE('',*,*,#1587,.T.);
#2197=ORIENTED_EDGE('',*,*,#1588,.T.);
#2198=ORIENTED_EDGE('',*,*,#1452,.F.);
#2199=ORIENTED_EDGE('',*,*,#1588,.F.);
#2200=ORIENTED_EDGE('',*,*,#1589,.T.);
#2201=ORIENTED_EDGE('',*,*,#1585,.T.);
#2202=ORIENTED_EDGE('',*,*,#1589,.F.);
#2203=ORIENTED_EDGE('',*,*,#1587,.F.);
#2204=ORIENTED_EDGE('',*,*,#1540,.F.);
#2205=ORIENTED_EDGE('',*,*,#1543,.F.);
#2206=ORIENTED_EDGE('',*,*,#1545,.F.);
#2207=ORIENTED_EDGE('',*,*,#1586,.F.);
#2208=ORIENTED_EDGE('',*,*,#1590,.F.);
#2209=ORIENTED_EDGE('',*,*,#1457,.T.);
#2210=ORIENTED_EDGE('',*,*,#1591,.F.);
#2211=ORIENTED_EDGE('',*,*,#1592,.T.);
#2212=ORIENTED_EDGE('',*,*,#1593,.T.);
#2213=ORIENTED_EDGE('',*,*,#1458,.F.);
#2214=ORIENTED_EDGE('',*,*,#1593,.F.);
#2215=ORIENTED_EDGE('',*,*,#1594,.T.);
#2216=ORIENTED_EDGE('',*,*,#1595,.T.);
#2217=ORIENTED_EDGE('',*,*,#1459,.F.);
#2218=ORIENTED_EDGE('',*,*,#1595,.F.);
#2219=ORIENTED_EDGE('',*,*,#1596,.T.);
#2220=ORIENTED_EDGE('',*,*,#1597,.T.);
#2221=ORIENTED_EDGE('',*,*,#1460,.F.);
#2222=ORIENTED_EDGE('',*,*,#1597,.F.);
#2223=ORIENTED_EDGE('',*,*,#1598,.T.);
#2224=ORIENTED_EDGE('',*,*,#1599,.T.);
#2225=ORIENTED_EDGE('',*,*,#1461,.F.);
#2226=ORIENTED_EDGE('',*,*,#1599,.F.);
#2227=ORIENTED_EDGE('',*,*,#1600,.T.);
#2228=ORIENTED_EDGE('',*,*,#1601,.T.);
#2229=ORIENTED_EDGE('',*,*,#1462,.F.);
#2230=ORIENTED_EDGE('',*,*,#1601,.F.);
#2231=ORIENTED_EDGE('',*,*,#1602,.T.);
#2232=ORIENTED_EDGE('',*,*,#1591,.T.);
#2233=ORIENTED_EDGE('',*,*,#1602,.F.);
#2234=ORIENTED_EDGE('',*,*,#1600,.F.);
#2235=ORIENTED_EDGE('',*,*,#1598,.F.);
#2236=ORIENTED_EDGE('',*,*,#1596,.F.);
#2237=ORIENTED_EDGE('',*,*,#1594,.F.);
#2238=ORIENTED_EDGE('',*,*,#1592,.F.);
#2239=ORIENTED_EDGE('',*,*,#1603,.F.);
#2240=ORIENTED_EDGE('',*,*,#1464,.F.);
#2241=ORIENTED_EDGE('',*,*,#1548,.F.);
#2242=ORIENTED_EDGE('',*,*,#1604,.T.);
#2243=ORIENTED_EDGE('',*,*,#1605,.T.);
#2244=ORIENTED_EDGE('',*,*,#1466,.F.);
#2245=ORIENTED_EDGE('',*,*,#1606,.F.);
#2246=ORIENTED_EDGE('',*,*,#1607,.T.);
#2247=ORIENTED_EDGE('',*,*,#1608,.T.);
#2248=ORIENTED_EDGE('',*,*,#1467,.F.);
#2249=ORIENTED_EDGE('',*,*,#1608,.F.);
#2250=ORIENTED_EDGE('',*,*,#1609,.T.);
#2251=ORIENTED_EDGE('',*,*,#1610,.T.);
#2252=ORIENTED_EDGE('',*,*,#1468,.F.);
#2253=ORIENTED_EDGE('',*,*,#1610,.F.);
#2254=ORIENTED_EDGE('',*,*,#1611,.T.);
#2255=ORIENTED_EDGE('',*,*,#1546,.T.);
#2256=ORIENTED_EDGE('',*,*,#1465,.F.);
#2257=ORIENTED_EDGE('',*,*,#1605,.F.);
#2258=ORIENTED_EDGE('',*,*,#1612,.T.);
#2259=ORIENTED_EDGE('',*,*,#1606,.T.);
#2260=ORIENTED_EDGE('',*,*,#1612,.F.);
#2261=ORIENTED_EDGE('',*,*,#1604,.F.);
#2262=ORIENTED_EDGE('',*,*,#1547,.F.);
#2263=ORIENTED_EDGE('',*,*,#1611,.F.);
#2264=ORIENTED_EDGE('',*,*,#1609,.F.);
#2265=ORIENTED_EDGE('',*,*,#1607,.F.);
#2266=ORIENTED_EDGE('',*,*,#1613,.F.);
#2267=ORIENTED_EDGE('',*,*,#1570,.F.);
#2268=ORIENTED_EDGE('',*,*,#1614,.T.);
#2269=ORIENTED_EDGE('',*,*,#1590,.T.);
#2270=ORIENTED_EDGE('',*,*,#1614,.F.);
#2271=ORIENTED_EDGE('',*,*,#1571,.F.);
#2272=ORIENTED_EDGE('',*,*,#1615,.T.);
#2273=ORIENTED_EDGE('',*,*,#1603,.T.);
#2274=ORIENTED_EDGE('',*,*,#1615,.F.);
#2275=ORIENTED_EDGE('',*,*,#1573,.F.);
#2276=ORIENTED_EDGE('',*,*,#1616,.T.);
#2277=ORIENTED_EDGE('',*,*,#1476,.F.);
#2278=ORIENTED_EDGE('',*,*,#1616,.F.);
#2279=ORIENTED_EDGE('',*,*,#1566,.T.);
#2280=ORIENTED_EDGE('',*,*,#1617,.T.);
#2281=ORIENTED_EDGE('',*,*,#1469,.T.);
#2282=ORIENTED_EDGE('',*,*,#1617,.F.);
#2283=ORIENTED_EDGE('',*,*,#1569,.T.);
#2284=ORIENTED_EDGE('',*,*,#1618,.T.);
#2285=ORIENTED_EDGE('',*,*,#1456,.T.);
#2286=ORIENTED_EDGE('',*,*,#1618,.F.);
#2287=ORIENTED_EDGE('',*,*,#1572,.F.);
#2288=ORIENTED_EDGE('',*,*,#1619,.T.);
#2289=ORIENTED_EDGE('',*,*,#1613,.T.);
#2290=ORIENTED_EDGE('',*,*,#1619,.F.);
#2291=ORIENTED_EDGE('',*,*,#1574,.F.);
#2292=ORIENTED_EDGE('',*,*,#1620,.T.);
#2293=ORIENTED_EDGE('',*,*,#1584,.T.);
#2294=ORIENTED_EDGE('',*,*,#1620,.F.);
#2295=ORIENTED_EDGE('',*,*,#1537,.F.);
#2296=ORIENTED_EDGE('',*,*,#1538,.F.);
#2297=ORIENTED_EDGE('',*,*,#1535,.F.);
#2298=ORIENTED_EDGE('',*,*,#1531,.F.);
#2299=ORIENTED_EDGE('',*,*,#1621,.T.);
#2300=ORIENTED_EDGE('',*,*,#1320,.T.);
#2301=ORIENTED_EDGE('',*,*,#1621,.F.);
#2302=ORIENTED_EDGE('',*,*,#1530,.F.);
#2303=ORIENTED_EDGE('',*,*,#1521,.F.);
#2304=ORIENTED_EDGE('',*,*,#1528,.F.);
#2305=ORIENTED_EDGE('',*,*,#1519,.F.);
#2306=ORIENTED_EDGE('',*,*,#1515,.F.);
#2307=ORIENTED_EDGE('',*,*,#1622,.T.);
#2308=ORIENTED_EDGE('',*,*,#1315,.T.);
#2309=ORIENTED_EDGE('',*,*,#1622,.F.);
#2310=ORIENTED_EDGE('',*,*,#1514,.F.);
#2311=ORIENTED_EDGE('',*,*,#1526,.F.);
#2312=ORIENTED_EDGE('',*,*,#1527,.F.);
#2313=ORIENTED_EDGE('',*,*,#1524,.F.);
#2314=ORIENTED_EDGE('',*,*,#1511,.F.);
#2315=ORIENTED_EDGE('',*,*,#1623,.T.);
#2316=ORIENTED_EDGE('',*,*,#1314,.T.);
#2317=ORIENTED_EDGE('',*,*,#1623,.F.);
#2318=ORIENTED_EDGE('',*,*,#1510,.F.);
#2319=ORIENTED_EDGE('',*,*,#1501,.F.);
#2320=ORIENTED_EDGE('',*,*,#1508,.F.);
#2321=ORIENTED_EDGE('',*,*,#1499,.F.);
#2322=ORIENTED_EDGE('',*,*,#1495,.F.);
#2323=ORIENTED_EDGE('',*,*,#1624,.T.);
#2324=ORIENTED_EDGE('',*,*,#1309,.T.);
#2325=ORIENTED_EDGE('',*,*,#1624,.F.);
#2326=ORIENTED_EDGE('',*,*,#1494,.F.);
#2327=ORIENTED_EDGE('',*,*,#1506,.F.);
#2328=ORIENTED_EDGE('',*,*,#1507,.F.);
#2329=ORIENTED_EDGE('',*,*,#1504,.F.);
#2330=ORIENTED_EDGE('',*,*,#1491,.F.);
#2331=ORIENTED_EDGE('',*,*,#1625,.T.);
#2332=ORIENTED_EDGE('',*,*,#1308,.T.);
#2333=ORIENTED_EDGE('',*,*,#1625,.F.);
#2334=ORIENTED_EDGE('',*,*,#1490,.F.);
#2335=ORIENTED_EDGE('',*,*,#1487,.F.);
#2336=ORIENTED_EDGE('',*,*,#1488,.F.);
#2337=ORIENTED_EDGE('',*,*,#1485,.F.);
#2338=ORIENTED_EDGE('',*,*,#1481,.F.);
#2339=ORIENTED_EDGE('',*,*,#1626,.T.);
#2340=ORIENTED_EDGE('',*,*,#1297,.T.);
#2341=ORIENTED_EDGE('',*,*,#1626,.F.);
#2342=ORIENTED_EDGE('',*,*,#1480,.F.);
#2343=ORIENTED_EDGE('',*,*,#1444,.F.);
#2344=ORIENTED_EDGE('',*,*,#1478,.F.);
#2345=ORIENTED_EDGE('',*,*,#1442,.F.);
#2346=ORIENTED_EDGE('',*,*,#1438,.F.);
#2347=ORIENTED_EDGE('',*,*,#1627,.T.);
#2348=ORIENTED_EDGE('',*,*,#1292,.T.);
#2349=ORIENTED_EDGE('',*,*,#1627,.F.);
#2350=ORIENTED_EDGE('',*,*,#1437,.F.);
#2351=ORIENTED_EDGE('',*,*,#1449,.F.);
#2352=ORIENTED_EDGE('',*,*,#1477,.F.);
#2353=ORIENTED_EDGE('',*,*,#1447,.F.);
#2354=ORIENTED_EDGE('',*,*,#1434,.F.);
#2355=ORIENTED_EDGE('',*,*,#1628,.T.);
#2356=ORIENTED_EDGE('',*,*,#1291,.T.);
#2357=ORIENTED_EDGE('',*,*,#1628,.F.);
#2358=ORIENTED_EDGE('',*,*,#1433,.F.);
#2359=ORIENTED_EDGE('',*,*,#1398,.F.);
#2360=ORIENTED_EDGE('',*,*,#1431,.F.);
#2361=ORIENTED_EDGE('',*,*,#1396,.F.);
#2362=ORIENTED_EDGE('',*,*,#1392,.F.);
#2363=ORIENTED_EDGE('',*,*,#1629,.T.);
#2364=ORIENTED_EDGE('',*,*,#1303,.T.);
#2365=ORIENTED_EDGE('',*,*,#1629,.F.);
#2366=ORIENTED_EDGE('',*,*,#1391,.F.);
#2367=ORIENTED_EDGE('',*,*,#1403,.F.);
#2368=ORIENTED_EDGE('',*,*,#1430,.F.);
#2369=ORIENTED_EDGE('',*,*,#1401,.F.);
#2370=ORIENTED_EDGE('',*,*,#1388,.F.);
#2371=ORIENTED_EDGE('',*,*,#1630,.T.);
#2372=ORIENTED_EDGE('',*,*,#1302,.T.);
#2373=ORIENTED_EDGE('',*,*,#1630,.F.);
#2374=ORIENTED_EDGE('',*,*,#1387,.F.);
#2375=CYLINDRICAL_SURFACE('',#2567,3.);
#2376=CYLINDRICAL_SURFACE('',#2570,3.);
#2377=CYLINDRICAL_SURFACE('',#2573,3.);
#2378=CYLINDRICAL_SURFACE('',#2576,3.);
#2379=CYLINDRICAL_SURFACE('',#2579,3.);
#2380=CYLINDRICAL_SURFACE('',#2582,3.);
#2381=CYLINDRICAL_SURFACE('',#2585,3.);
#2382=CYLINDRICAL_SURFACE('',#2616,29.);
#2383=CYLINDRICAL_SURFACE('',#2619,35.);
#2384=CYLINDRICAL_SURFACE('',#2622,35.);
#2385=CYLINDRICAL_SURFACE('',#2625,29.);
#2386=CYLINDRICAL_SURFACE('',#2628,35.);
#2387=CYLINDRICAL_SURFACE('',#2631,35.);
#2388=CYLINDRICAL_SURFACE('',#2634,29.);
#2389=CYLINDRICAL_SURFACE('',#2637,29.);
#2390=CYLINDRICAL_SURFACE('',#2640,35.);
#2391=CYLINDRICAL_SURFACE('',#2644,29.);
#2392=CYLINDRICAL_SURFACE('',#2647,35.);
#2393=CYLINDRICAL_SURFACE('',#2651,29.);
#2394=CYLINDRICAL_SURFACE('',#2666,1.6);
#2395=CYLINDRICAL_SURFACE('',#2669,1.6);
#2396=CYLINDRICAL_SURFACE('',#2672,35.);
#2397=CYLINDRICAL_SURFACE('',#2704,1.6);
#2398=CYLINDRICAL_SURFACE('',#2707,1.6);
#2399=CYLINDRICAL_SURFACE('',#2723,1.6);
#2400=CYLINDRICAL_SURFACE('',#2739,1.6);
#2401=CYLINDRICAL_SURFACE('',#2742,1.6);
#2402=CYLINDRICAL_SURFACE('',#2759,1.6);
#2403=CYLINDRICAL_SURFACE('',#2762,1.6);
#2404=CYLINDRICAL_SURFACE('',#2775,1.6);
#2405=CYLINDRICAL_SURFACE('',#2785,3.);
#2406=CYLINDRICAL_SURFACE('',#2789,3.);
#2407=CYLINDRICAL_SURFACE('',#2793,3.);
#2408=CYLINDRICAL_SURFACE('',#2797,3.);
#2409=CYLINDRICAL_SURFACE('',#2801,3.);
#2410=CYLINDRICAL_SURFACE('',#2805,3.);
#2411=CYLINDRICAL_SURFACE('',#2809,3.);
#2412=CYLINDRICAL_SURFACE('',#2814,3.);
#2413=CYLINDRICAL_SURFACE('',#2852,1.6);
#2414=CYLINDRICAL_SURFACE('',#2853,1.6);
#2415=CYLINDRICAL_SURFACE('',#2854,15.);
#2416=CYLINDRICAL_SURFACE('',#2855,1.6);
#2417=CYLINDRICAL_SURFACE('',#2856,1.6);
#2418=CYLINDRICAL_SURFACE('',#2857,1.6);
#2419=CYLINDRICAL_SURFACE('',#2858,1.6);
#2420=CYLINDRICAL_SURFACE('',#2859,1.6);
#2421=CYLINDRICAL_SURFACE('',#2860,1.6);
#2422=CYLINDRICAL_SURFACE('',#2861,1.6);
#2423=CYLINDRICAL_SURFACE('',#2862,1.6);
#2424=CYLINDRICAL_SURFACE('',#2863,1.6);
#2425=CYLINDRICAL_SURFACE('',#2864,1.6);
#2426=CYLINDRICAL_SURFACE('',#2865,1.6);
#2427=CYLINDRICAL_SURFACE('',#2866,1.6);
#2428=CYLINDRICAL_SURFACE('',#2867,1.6);
#2429=CYLINDRICAL_SURFACE('',#2868,1.6);
#2430=ADVANCED_FACE('',(#135),#2375,.F.);
#2431=ADVANCED_FACE('',(#136),#2376,.F.);
#2432=ADVANCED_FACE('',(#137),#2377,.F.);
#2433=ADVANCED_FACE('',(#138),#2378,.F.);
#2434=ADVANCED_FACE('',(#139),#2379,.F.);
#2435=ADVANCED_FACE('',(#140),#2380,.F.);
#2436=ADVANCED_FACE('',(#141),#2381,.F.);
#2437=ADVANCED_FACE('',(#142,#15,#16),#55,.F.);
#2438=ADVANCED_FACE('',(#143,#17),#56,.F.);
#2439=ADVANCED_FACE('',(#144,#18,#19),#57,.F.);
#2440=ADVANCED_FACE('',(#145,#20,#21),#58,.F.);
#2441=ADVANCED_FACE('',(#146,#22,#23),#59,.F.);
#2442=ADVANCED_FACE('',(#147,#24),#60,.F.);
#2443=ADVANCED_FACE('',(#148),#2382,.F.);
#2444=ADVANCED_FACE('',(#149),#61,.T.);
#2445=ADVANCED_FACE('',(#150),#2383,.T.);
#2446=ADVANCED_FACE('',(#151),#62,.T.);
#2447=ADVANCED_FACE('',(#152),#2384,.T.);
#2448=ADVANCED_FACE('',(#153),#63,.T.);
#2449=ADVANCED_FACE('',(#154),#2385,.F.);
#2450=ADVANCED_FACE('',(#155),#64,.T.);
#2451=ADVANCED_FACE('',(#156),#2386,.T.);
#2452=ADVANCED_FACE('',(#157),#65,.T.);
#2453=ADVANCED_FACE('',(#158),#2387,.T.);
#2454=ADVANCED_FACE('',(#159),#66,.T.);
#2455=ADVANCED_FACE('',(#160),#2388,.F.);
#2456=ADVANCED_FACE('',(#161),#67,.T.);
#2457=ADVANCED_FACE('',(#162),#2389,.F.);
#2458=ADVANCED_FACE('',(#163),#68,.T.);
#2459=ADVANCED_FACE('',(#164),#2390,.T.);
#2460=ADVANCED_FACE('',(#165),#69,.T.);
#2461=ADVANCED_FACE('',(#166),#2391,.F.);
#2462=ADVANCED_FACE('',(#167),#70,.T.);
#2463=ADVANCED_FACE('',(#168),#2392,.T.);
#2464=ADVANCED_FACE('',(#169),#71,.T.);
#2465=ADVANCED_FACE('',(#170),#2393,.F.);
#2466=ADVANCED_FACE('',(#171),#72,.T.);
#2467=ADVANCED_FACE('',(#172),#73,.T.);
#2468=ADVANCED_FACE('',(#173),#74,.T.);
#2469=ADVANCED_FACE('',(#174),#75,.T.);
#2470=ADVANCED_FACE('',(#175),#2394,.F.);
#2471=ADVANCED_FACE('',(#176),#2395,.F.);
#2472=ADVANCED_FACE('',(#177),#2396,.T.);
#2473=ADVANCED_FACE('',(#178),#76,.F.);
#2474=ADVANCED_FACE('',(#179),#77,.F.);
#2475=ADVANCED_FACE('',(#180),#78,.T.);
#2476=ADVANCED_FACE('',(#181),#79,.T.);
#2477=ADVANCED_FACE('',(#182),#80,.T.);
#2478=ADVANCED_FACE('',(#183),#2397,.F.);
#2479=ADVANCED_FACE('',(#184),#2398,.F.);
#2480=ADVANCED_FACE('',(#185,#25,#26,#27,#28,#29,#30,#31,#32,#33),#81,.F.);
#2481=ADVANCED_FACE('',(#186),#82,.F.);
#2482=ADVANCED_FACE('',(#187),#83,.F.);
#2483=ADVANCED_FACE('',(#188),#84,.T.);
#2484=ADVANCED_FACE('',(#189),#2399,.F.);
#2485=ADVANCED_FACE('',(#190),#85,.F.);
#2486=ADVANCED_FACE('',(#191),#86,.T.);
#2487=ADVANCED_FACE('',(#192),#87,.T.);
#2488=ADVANCED_FACE('',(#193),#88,.T.);
#2489=ADVANCED_FACE('',(#194),#2400,.F.);
#2490=ADVANCED_FACE('',(#195),#2401,.F.);
#2491=ADVANCED_FACE('',(#196),#89,.F.);
#2492=ADVANCED_FACE('',(#197),#90,.F.);
#2493=ADVANCED_FACE('',(#198),#91,.T.);
#2494=ADVANCED_FACE('',(#199),#92,.T.);
#2495=ADVANCED_FACE('',(#200),#2402,.F.);
#2496=ADVANCED_FACE('',(#201),#2403,.F.);
#2497=ADVANCED_FACE('',(#202),#93,.F.);
#2498=ADVANCED_FACE('',(#203),#94,.F.);
#2499=ADVANCED_FACE('',(#204),#95,.T.);
#2500=ADVANCED_FACE('',(#205),#96,.T.);
#2501=ADVANCED_FACE('',(#206),#2404,.F.);
#2502=ADVANCED_FACE('',(#207),#97,.F.);
#2503=ADVANCED_FACE('',(#208),#98,.F.);
#2504=ADVANCED_FACE('',(#209),#99,.F.);
#2505=ADVANCED_FACE('',(#210),#100,.F.);
#2506=ADVANCED_FACE('',(#211),#101,.F.);
#2507=ADVANCED_FACE('',(#212),#102,.F.);
#2508=ADVANCED_FACE('',(#213),#2405,.F.);
#2509=ADVANCED_FACE('',(#214,#34),#103,.T.);
#2510=ADVANCED_FACE('',(#215),#2406,.F.);
#2511=ADVANCED_FACE('',(#216,#35),#104,.T.);
#2512=ADVANCED_FACE('',(#217),#2407,.F.);
#2513=ADVANCED_FACE('',(#218,#36),#105,.T.);
#2514=ADVANCED_FACE('',(#219),#2408,.F.);
#2515=ADVANCED_FACE('',(#220,#37),#106,.T.);
#2516=ADVANCED_FACE('',(#221),#2409,.F.);
#2517=ADVANCED_FACE('',(#222,#38),#107,.T.);
#2518=ADVANCED_FACE('',(#223),#2410,.F.);
#2519=ADVANCED_FACE('',(#224,#39),#108,.T.);
#2520=ADVANCED_FACE('',(#225),#2411,.F.);
#2521=ADVANCED_FACE('',(#226,#40),#109,.T.);
#2522=ADVANCED_FACE('',(#227),#2412,.F.);
#2523=ADVANCED_FACE('',(#228,#41),#110,.T.);
#2524=ADVANCED_FACE('',(#229,#42,#43,#44,#45,#46,#47,#48,#49,#50),#111,
 .T.);
#2525=ADVANCED_FACE('',(#230),#112,.F.);
#2526=ADVANCED_FACE('',(#231),#113,.F.);
#2527=ADVANCED_FACE('',(#232),#114,.F.);
#2528=ADVANCED_FACE('',(#233),#115,.F.);
#2529=ADVANCED_FACE('',(#234),#116,.F.);
#2530=ADVANCED_FACE('',(#235,#51),#117,.F.);
#2531=ADVANCED_FACE('',(#236),#118,.F.);
#2532=ADVANCED_FACE('',(#237),#119,.F.);
#2533=ADVANCED_FACE('',(#238),#120,.F.);
#2534=ADVANCED_FACE('',(#239,#52),#121,.F.);
#2535=ADVANCED_FACE('',(#240),#122,.F.);
#2536=ADVANCED_FACE('',(#241),#123,.F.);
#2537=ADVANCED_FACE('',(#242),#124,.F.);
#2538=ADVANCED_FACE('',(#243),#125,.F.);
#2539=ADVANCED_FACE('',(#244),#126,.F.);
#2540=ADVANCED_FACE('',(#245),#127,.F.);
#2541=ADVANCED_FACE('',(#246,#53),#128,.F.);
#2542=ADVANCED_FACE('',(#247),#129,.F.);
#2543=ADVANCED_FACE('',(#248),#130,.F.);
#2544=ADVANCED_FACE('',(#249),#131,.F.);
#2545=ADVANCED_FACE('',(#250),#132,.F.);
#2546=ADVANCED_FACE('',(#251),#133,.F.);
#2547=ADVANCED_FACE('',(#252,#54),#134,.F.);
#2548=ADVANCED_FACE('',(#253),#2413,.F.);
#2549=ADVANCED_FACE('',(#254),#2414,.F.);
#2550=ADVANCED_FACE('',(#255),#2415,.F.);
#2551=ADVANCED_FACE('',(#256),#2416,.F.);
#2552=ADVANCED_FACE('',(#257),#2417,.F.);
#2553=ADVANCED_FACE('',(#258),#2418,.F.);
#2554=ADVANCED_FACE('',(#259),#2419,.F.);
#2555=ADVANCED_FACE('',(#260),#2420,.F.);
#2556=ADVANCED_FACE('',(#261),#2421,.F.);
#2557=ADVANCED_FACE('',(#262),#2422,.F.);
#2558=ADVANCED_FACE('',(#263),#2423,.F.);
#2559=ADVANCED_FACE('',(#264),#2424,.F.);
#2560=ADVANCED_FACE('',(#265),#2425,.F.);
#2561=ADVANCED_FACE('',(#266),#2426,.F.);
#2562=ADVANCED_FACE('',(#267),#2427,.F.);
#2563=ADVANCED_FACE('',(#268),#2428,.F.);
#2564=ADVANCED_FACE('',(#269),#2429,.F.);
#2565=CLOSED_SHELL('',(#2430,#2431,#2432,#2433,#2434,#2435,#2436,#2437,
#2438,#2439,#2440,#2441,#2442,#2443,#2444,#2445,#2446,#2447,#2448,#2449,
#2450,#2451,#2452,#2453,#2454,#2455,#2456,#2457,#2458,#2459,#2460,#2461,
#2462,#2463,#2464,#2465,#2466,#2467,#2468,#2469,#2470,#2471,#2472,#2473,
#2474,#2475,#2476,#2477,#2478,#2479,#2480,#2481,#2482,#2483,#2484,#2485,
#2486,#2487,#2488,#2489,#2490,#2491,#2492,#2493,#2494,#2495,#2496,#2497,
#2498,#2499,#2500,#2501,#2502,#2503,#2504,#2505,#2506,#2507,#2508,#2509,
#2510,#2511,#2512,#2513,#2514,#2515,#2516,#2517,#2518,#2519,#2520,#2521,
#2522,#2523,#2524,#2525,#2526,#2527,#2528,#2529,#2530,#2531,#2532,#2533,
#2534,#2535,#2536,#2537,#2538,#2539,#2540,#2541,#2542,#2543,#2544,#2545,
#2546,#2547,#2548,#2549,#2550,#2551,#2552,#2553,#2554,#2555,#2556,#2557,
#2558,#2559,#2560,#2561,#2562,#2563,#2564));
#2566=AXIS2_PLACEMENT_3D('',#3680,#2869,#2870);
#2567=AXIS2_PLACEMENT_3D('',#3681,#2871,#2872);
#2568=AXIS2_PLACEMENT_3D('',#3686,#2874,#2875);
#2569=AXIS2_PLACEMENT_3D('',#3689,#2877,#2878);
#2570=AXIS2_PLACEMENT_3D('',#3690,#2879,#2880);
#2571=AXIS2_PLACEMENT_3D('',#3695,#2882,#2883);
#2572=AXIS2_PLACEMENT_3D('',#3698,#2885,#2886);
#2573=AXIS2_PLACEMENT_3D('',#3699,#2887,#2888);
#2574=AXIS2_PLACEMENT_3D('',#3704,#2890,#2891);
#2575=AXIS2_PLACEMENT_3D('',#3707,#2893,#2894);
#2576=AXIS2_PLACEMENT_3D('',#3708,#2895,#2896);
#2577=AXIS2_PLACEMENT_3D('',#3713,#2898,#2899);
#2578=AXIS2_PLACEMENT_3D('',#3716,#2901,#2902);
#2579=AXIS2_PLACEMENT_3D('',#3717,#2903,#2904);
#2580=AXIS2_PLACEMENT_3D('',#3722,#2906,#2907);
#2581=AXIS2_PLACEMENT_3D('',#3725,#2909,#2910);
#2582=AXIS2_PLACEMENT_3D('',#3726,#2911,#2912);
#2583=AXIS2_PLACEMENT_3D('',#3731,#2914,#2915);
#2584=AXIS2_PLACEMENT_3D('',#3734,#2917,#2918);
#2585=AXIS2_PLACEMENT_3D('',#3735,#2919,#2920);
#2586=AXIS2_PLACEMENT_3D('',#3740,#2922,#2923);
#2587=AXIS2_PLACEMENT_3D('',#3743,#2925,#2926);
#2588=AXIS2_PLACEMENT_3D('',#3744,#2927,#2928);
#2589=AXIS2_PLACEMENT_3D('',#3749,#2930,#2931);
#2590=AXIS2_PLACEMENT_3D('',#3752,#2933,#2934);
#2591=AXIS2_PLACEMENT_3D('',#3754,#2935,#2936);
#2592=AXIS2_PLACEMENT_3D('',#3756,#2937,#2938);
#2593=AXIS2_PLACEMENT_3D('',#3757,#2939,#2940);
#2594=AXIS2_PLACEMENT_3D('',#3762,#2942,#2943);
#2595=AXIS2_PLACEMENT_3D('',#3765,#2945,#2946);
#2596=AXIS2_PLACEMENT_3D('',#3767,#2947,#2948);
#2597=AXIS2_PLACEMENT_3D('',#3768,#2949,#2950);
#2598=AXIS2_PLACEMENT_3D('',#3773,#2952,#2953);
#2599=AXIS2_PLACEMENT_3D('',#3776,#2955,#2956);
#2600=AXIS2_PLACEMENT_3D('',#3778,#2957,#2958);
#2601=AXIS2_PLACEMENT_3D('',#3780,#2959,#2960);
#2602=AXIS2_PLACEMENT_3D('',#3781,#2961,#2962);
#2603=AXIS2_PLACEMENT_3D('',#3786,#2964,#2965);
#2604=AXIS2_PLACEMENT_3D('',#3789,#2967,#2968);
#2605=AXIS2_PLACEMENT_3D('',#3791,#2969,#2970);
#2606=AXIS2_PLACEMENT_3D('',#3793,#2971,#2972);
#2607=AXIS2_PLACEMENT_3D('',#3794,#2973,#2974);
#2608=AXIS2_PLACEMENT_3D('',#3799,#2976,#2977);
#2609=AXIS2_PLACEMENT_3D('',#3802,#2979,#2980);
#2610=AXIS2_PLACEMENT_3D('',#3804,#2981,#2982);
#2611=AXIS2_PLACEMENT_3D('',#3806,#2983,#2984);
#2612=AXIS2_PLACEMENT_3D('',#3807,#2985,#2986);
#2613=AXIS2_PLACEMENT_3D('',#3812,#2988,#2989);
#2614=AXIS2_PLACEMENT_3D('',#3815,#2991,#2992);
#2615=AXIS2_PLACEMENT_3D('',#3817,#2993,#2994);
#2616=AXIS2_PLACEMENT_3D('',#3818,#2995,#2996);
#2617=AXIS2_PLACEMENT_3D('',#3822,#2998,#2999);
#2618=AXIS2_PLACEMENT_3D('',#3824,#3001,#3002);
#2619=AXIS2_PLACEMENT_3D('',#3832,#3007,#3008);
#2620=AXIS2_PLACEMENT_3D('',#3836,#3010,#3011);
#2621=AXIS2_PLACEMENT_3D('',#3838,#3013,#3014);
#2622=AXIS2_PLACEMENT_3D('',#3842,#3017,#3018);
#2623=AXIS2_PLACEMENT_3D('',#3846,#3020,#3021);
#2624=AXIS2_PLACEMENT_3D('',#3848,#3023,#3024);
#2625=AXIS2_PLACEMENT_3D('',#3856,#3029,#3030);
#2626=AXIS2_PLACEMENT_3D('',#3860,#3032,#3033);
#2627=AXIS2_PLACEMENT_3D('',#3862,#3035,#3036);
#2628=AXIS2_PLACEMENT_3D('',#3866,#3039,#3040);
#2629=AXIS2_PLACEMENT_3D('',#3870,#3042,#3043);
#2630=AXIS2_PLACEMENT_3D('',#3872,#3045,#3046);
#2631=AXIS2_PLACEMENT_3D('',#3876,#3049,#3050);
#2632=AXIS2_PLACEMENT_3D('',#3880,#3052,#3053);
#2633=AXIS2_PLACEMENT_3D('',#3882,#3055,#3056);
#2634=AXIS2_PLACEMENT_3D('',#3890,#3061,#3062);
#2635=AXIS2_PLACEMENT_3D('',#3893,#3064,#3065);
#2636=AXIS2_PLACEMENT_3D('',#3894,#3066,#3067);
#2637=AXIS2_PLACEMENT_3D('',#3900,#3071,#3072);
#2638=AXIS2_PLACEMENT_3D('',#3903,#3074,#3075);
#2639=AXIS2_PLACEMENT_3D('',#3904,#3076,#3077);
#2640=AXIS2_PLACEMENT_3D('',#3906,#3079,#3080);
#2641=AXIS2_PLACEMENT_3D('',#3910,#3082,#3083);
#2642=AXIS2_PLACEMENT_3D('',#3913,#3085,#3086);
#2643=AXIS2_PLACEMENT_3D('',#3914,#3087,#3088);
#2644=AXIS2_PLACEMENT_3D('',#3916,#3090,#3091);
#2645=AXIS2_PLACEMENT_3D('',#3919,#3093,#3094);
#2646=AXIS2_PLACEMENT_3D('',#3920,#3095,#3096);
#2647=AXIS2_PLACEMENT_3D('',#3922,#3098,#3099);
#2648=AXIS2_PLACEMENT_3D('',#3926,#3101,#3102);
#2649=AXIS2_PLACEMENT_3D('',#3929,#3104,#3105);
#2650=AXIS2_PLACEMENT_3D('',#3930,#3106,#3107);
#2651=AXIS2_PLACEMENT_3D('',#3936,#3111,#3112);
#2652=AXIS2_PLACEMENT_3D('',#3939,#3114,#3115);
#2653=AXIS2_PLACEMENT_3D('',#3940,#3116,#3117);
#2654=AXIS2_PLACEMENT_3D('',#3946,#3121,#3122);
#2655=AXIS2_PLACEMENT_3D('',#3947,#3123,#3124);
#2656=AXIS2_PLACEMENT_3D('',#3948,#3125,#3126);
#2657=AXIS2_PLACEMENT_3D('',#3951,#3127,#3128);
#2658=AXIS2_PLACEMENT_3D('',#3953,#3129,#3130);
#2659=AXIS2_PLACEMENT_3D('',#3955,#3131,#3132);
#2660=AXIS2_PLACEMENT_3D('',#3956,#3133,#3134);
#2661=AXIS2_PLACEMENT_3D('',#3957,#3135,#3136);
#2662=AXIS2_PLACEMENT_3D('',#3960,#3137,#3138);
#2663=AXIS2_PLACEMENT_3D('',#3962,#3139,#3140);
#2664=AXIS2_PLACEMENT_3D('',#3964,#3141,#3142);
#2665=AXIS2_PLACEMENT_3D('',#3965,#3143,#3144);
#2666=AXIS2_PLACEMENT_3D('',#3966,#3145,#3146);
#2667=AXIS2_PLACEMENT_3D('',#3968,#3147,#3148);
#2668=AXIS2_PLACEMENT_3D('',#3973,#3151,#3152);
#2669=AXIS2_PLACEMENT_3D('',#3975,#3154,#3155);
#2670=AXIS2_PLACEMENT_3D('',#3977,#3156,#3157);
#2671=AXIS2_PLACEMENT_3D('',#3982,#3160,#3161);
#2672=AXIS2_PLACEMENT_3D('',#3984,#3163,#3164);
#2673=AXIS2_PLACEMENT_3D('',#3985,#3165,#3166);
#2674=AXIS2_PLACEMENT_3D('',#3989,#3169,#3170);
#2675=AXIS2_PLACEMENT_3D('',#3990,#3171,#3172);
#2676=AXIS2_PLACEMENT_3D('',#3991,#3173,#3174);
#2677=AXIS2_PLACEMENT_3D('',#3992,#3175,#3176);
#2678=AXIS2_PLACEMENT_3D('',#3993,#3177,#3178);
#2679=AXIS2_PLACEMENT_3D('',#3994,#3179,#3180);
#2680=AXIS2_PLACEMENT_3D('',#3995,#3181,#3182);
#2681=AXIS2_PLACEMENT_3D('',#3996,#3183,#3184);
#2682=AXIS2_PLACEMENT_3D('',#3997,#3185,#3186);
#2683=AXIS2_PLACEMENT_3D('',#3999,#3188,#3189);
#2684=AXIS2_PLACEMENT_3D('',#4001,#3191,#3192);
#2685=AXIS2_PLACEMENT_3D('',#4003,#3194,#3195);
#2686=AXIS2_PLACEMENT_3D('',#4006,#3197,#3198);
#2687=AXIS2_PLACEMENT_3D('',#4010,#3201,#3202);
#2688=AXIS2_PLACEMENT_3D('',#4012,#3204,#3205);
#2689=AXIS2_PLACEMENT_3D('',#4014,#3207,#3208);
#2690=AXIS2_PLACEMENT_3D('',#4015,#3209,#3210);
#2691=AXIS2_PLACEMENT_3D('',#4016,#3211,#3212);
#2692=AXIS2_PLACEMENT_3D('',#4017,#3213,#3214);
#2693=AXIS2_PLACEMENT_3D('',#4018,#3215,#3216);
#2694=AXIS2_PLACEMENT_3D('',#4019,#3217,#3218);
#2695=AXIS2_PLACEMENT_3D('',#4022,#3219,#3220);
#2696=AXIS2_PLACEMENT_3D('',#4024,#3221,#3222);
#2697=AXIS2_PLACEMENT_3D('',#4026,#3223,#3224);
#2698=AXIS2_PLACEMENT_3D('',#4027,#3225,#3226);
#2699=AXIS2_PLACEMENT_3D('',#4028,#3227,#3228);
#2700=AXIS2_PLACEMENT_3D('',#4031,#3229,#3230);
#2701=AXIS2_PLACEMENT_3D('',#4033,#3231,#3232);
#2702=AXIS2_PLACEMENT_3D('',#4035,#3233,#3234);
#2703=AXIS2_PLACEMENT_3D('',#4036,#3235,#3236);
#2704=AXIS2_PLACEMENT_3D('',#4037,#3237,#3238);
#2705=AXIS2_PLACEMENT_3D('',#4039,#3239,#3240);
#2706=AXIS2_PLACEMENT_3D('',#4044,#3243,#3244);
#2707=AXIS2_PLACEMENT_3D('',#4046,#3246,#3247);
#2708=AXIS2_PLACEMENT_3D('',#4048,#3248,#3249);
#2709=AXIS2_PLACEMENT_3D('',#4053,#3252,#3253);
#2710=AXIS2_PLACEMENT_3D('',#4055,#3255,#3256);
#2711=AXIS2_PLACEMENT_3D('',#4069,#3263,#3264);
#2712=AXIS2_PLACEMENT_3D('',#4095,#3277,#3278);
#2713=AXIS2_PLACEMENT_3D('',#4109,#3285,#3286);
#2714=AXIS2_PLACEMENT_3D('',#4110,#3287,#3288);
#2715=AXIS2_PLACEMENT_3D('',#4111,#3289,#3290);
#2716=AXIS2_PLACEMENT_3D('',#4112,#3291,#3292);
#2717=AXIS2_PLACEMENT_3D('',#4113,#3293,#3294);
#2718=AXIS2_PLACEMENT_3D('',#4114,#3295,#3296);
#2719=AXIS2_PLACEMENT_3D('',#4117,#3297,#3298);
#2720=AXIS2_PLACEMENT_3D('',#4119,#3299,#3300);
#2721=AXIS2_PLACEMENT_3D('',#4121,#3301,#3302);
#2722=AXIS2_PLACEMENT_3D('',#4122,#3303,#3304);
#2723=AXIS2_PLACEMENT_3D('',#4123,#3305,#3306);
#2724=AXIS2_PLACEMENT_3D('',#4125,#3307,#3308);
#2725=AXIS2_PLACEMENT_3D('',#4130,#3311,#3312);
#2726=AXIS2_PLACEMENT_3D('',#4132,#3314,#3315);
#2727=AXIS2_PLACEMENT_3D('',#4133,#3316,#3317);
#2728=AXIS2_PLACEMENT_3D('',#4134,#3318,#3319);
#2729=AXIS2_PLACEMENT_3D('',#4135,#3320,#3321);
#2730=AXIS2_PLACEMENT_3D('',#4138,#3322,#3323);
#2731=AXIS2_PLACEMENT_3D('',#4140,#3324,#3325);
#2732=AXIS2_PLACEMENT_3D('',#4142,#3326,#3327);
#2733=AXIS2_PLACEMENT_3D('',#4143,#3328,#3329);
#2734=AXIS2_PLACEMENT_3D('',#4144,#3330,#3331);
#2735=AXIS2_PLACEMENT_3D('',#4147,#3332,#3333);
#2736=AXIS2_PLACEMENT_3D('',#4149,#3334,#3335);
#2737=AXIS2_PLACEMENT_3D('',#4151,#3336,#3337);
#2738=AXIS2_PLACEMENT_3D('',#4152,#3338,#3339);
#2739=AXIS2_PLACEMENT_3D('',#4153,#3340,#3341);
#2740=AXIS2_PLACEMENT_3D('',#4155,#3342,#3343);
#2741=AXIS2_PLACEMENT_3D('',#4160,#3346,#3347);
#2742=AXIS2_PLACEMENT_3D('',#4162,#3349,#3350);
#2743=AXIS2_PLACEMENT_3D('',#4164,#3351,#3352);
#2744=AXIS2_PLACEMENT_3D('',#4169,#3355,#3356);
#2745=AXIS2_PLACEMENT_3D('',#4171,#3358,#3359);
#2746=AXIS2_PLACEMENT_3D('',#4172,#3360,#3361);
#2747=AXIS2_PLACEMENT_3D('',#4173,#3362,#3363);
#2748=AXIS2_PLACEMENT_3D('',#4174,#3364,#3365);
#2749=AXIS2_PLACEMENT_3D('',#4175,#3366,#3367);
#2750=AXIS2_PLACEMENT_3D('',#4178,#3368,#3369);
#2751=AXIS2_PLACEMENT_3D('',#4180,#3370,#3371);
#2752=AXIS2_PLACEMENT_3D('',#4182,#3372,#3373);
#2753=AXIS2_PLACEMENT_3D('',#4183,#3374,#3375);
#2754=AXIS2_PLACEMENT_3D('',#4184,#3376,#3377);
#2755=AXIS2_PLACEMENT_3D('',#4187,#3378,#3379);
#2756=AXIS2_PLACEMENT_3D('',#4189,#3380,#3381);
#2757=AXIS2_PLACEMENT_3D('',#4191,#3382,#3383);
#2758=AXIS2_PLACEMENT_3D('',#4192,#3384,#3385);
#2759=AXIS2_PLACEMENT_3D('',#4193,#3386,#3387);
#2760=AXIS2_PLACEMENT_3D('',#4195,#3388,#3389);
#2761=AXIS2_PLACEMENT_3D('',#4200,#3392,#3393);
#2762=AXIS2_PLACEMENT_3D('',#4202,#3395,#3396);
#2763=AXIS2_PLACEMENT_3D('',#4204,#3397,#3398);
#2764=AXIS2_PLACEMENT_3D('',#4209,#3401,#3402);
#2765=AXIS2_PLACEMENT_3D('',#4211,#3404,#3405);
#2766=AXIS2_PLACEMENT_3D('',#4212,#3406,#3407);
#2767=AXIS2_PLACEMENT_3D('',#4213,#3408,#3409);
#2768=AXIS2_PLACEMENT_3D('',#4214,#3410,#3411);
#2769=AXIS2_PLACEMENT_3D('',#4215,#3412,#3413);
#2770=AXIS2_PLACEMENT_3D('',#4216,#3414,#3415);
#2771=AXIS2_PLACEMENT_3D('',#4219,#3416,#3417);
#2772=AXIS2_PLACEMENT_3D('',#4221,#3418,#3419);
#2773=AXIS2_PLACEMENT_3D('',#4223,#3420,#3421);
#2774=AXIS2_PLACEMENT_3D('',#4224,#3422,#3423);
#2775=AXIS2_PLACEMENT_3D('',#4225,#3424,#3425);
#2776=AXIS2_PLACEMENT_3D('',#4227,#3426,#3427);
#2777=AXIS2_PLACEMENT_3D('',#4232,#3430,#3431);
#2778=AXIS2_PLACEMENT_3D('',#4234,#3433,#3434);
#2779=AXIS2_PLACEMENT_3D('',#4235,#3435,#3436);
#2780=AXIS2_PLACEMENT_3D('',#4236,#3437,#3438);
#2781=AXIS2_PLACEMENT_3D('',#4242,#3442,#3443);
#2782=AXIS2_PLACEMENT_3D('',#4246,#3446,#3447);
#2783=AXIS2_PLACEMENT_3D('',#4250,#3450,#3451);
#2784=AXIS2_PLACEMENT_3D('',#4256,#3455,#3456);
#2785=AXIS2_PLACEMENT_3D('',#4262,#3460,#3461);
#2786=AXIS2_PLACEMENT_3D('',#4263,#3462,#3463);
#2787=AXIS2_PLACEMENT_3D('',#4264,#3464,#3465);
#2788=AXIS2_PLACEMENT_3D('',#4265,#3466,#3467);
#2789=AXIS2_PLACEMENT_3D('',#4266,#3468,#3469);
#2790=AXIS2_PLACEMENT_3D('',#4267,#3470,#3471);
#2791=AXIS2_PLACEMENT_3D('',#4268,#3472,#3473);
#2792=AXIS2_PLACEMENT_3D('',#4269,#3474,#3475);
#2793=AXIS2_PLACEMENT_3D('',#4270,#3476,#3477);
#2794=AXIS2_PLACEMENT_3D('',#4271,#3478,#3479);
#2795=AXIS2_PLACEMENT_3D('',#4272,#3480,#3481);
#2796=AXIS2_PLACEMENT_3D('',#4273,#3482,#3483);
#2797=AXIS2_PLACEMENT_3D('',#4274,#3484,#3485);
#2798=AXIS2_PLACEMENT_3D('',#4275,#3486,#3487);
#2799=AXIS2_PLACEMENT_3D('',#4276,#3488,#3489);
#2800=AXIS2_PLACEMENT_3D('',#4277,#3490,#3491);
#2801=AXIS2_PLACEMENT_3D('',#4278,#3492,#3493);
#2802=AXIS2_PLACEMENT_3D('',#4279,#3494,#3495);
#2803=AXIS2_PLACEMENT_3D('',#4280,#3496,#3497);
#2804=AXIS2_PLACEMENT_3D('',#4281,#3498,#3499);
#2805=AXIS2_PLACEMENT_3D('',#4282,#3500,#3501);
#2806=AXIS2_PLACEMENT_3D('',#4283,#3502,#3503);
#2807=AXIS2_PLACEMENT_3D('',#4284,#3504,#3505);
#2808=AXIS2_PLACEMENT_3D('',#4285,#3506,#3507);
#2809=AXIS2_PLACEMENT_3D('',#4286,#3508,#3509);
#2810=AXIS2_PLACEMENT_3D('',#4287,#3510,#3511);
#2811=AXIS2_PLACEMENT_3D('',#4288,#3512,#3513);
#2812=AXIS2_PLACEMENT_3D('',#4289,#3514,#3515);
#2813=AXIS2_PLACEMENT_3D('',#4291,#3516,#3517);
#2814=AXIS2_PLACEMENT_3D('',#4292,#3518,#3519);
#2815=AXIS2_PLACEMENT_3D('',#4293,#3520,#3521);
#2816=AXIS2_PLACEMENT_3D('',#4294,#3522,#3523);
#2817=AXIS2_PLACEMENT_3D('',#4295,#3524,#3525);
#2818=AXIS2_PLACEMENT_3D('',#4297,#3526,#3527);
#2819=AXIS2_PLACEMENT_3D('',#4298,#3528,#3529);
#2820=AXIS2_PLACEMENT_3D('',#4300,#3530,#3531);
#2821=AXIS2_PLACEMENT_3D('',#4302,#3532,#3533);
#2822=AXIS2_PLACEMENT_3D('',#4304,#3534,#3535);
#2823=AXIS2_PLACEMENT_3D('',#4306,#3536,#3537);
#2824=AXIS2_PLACEMENT_3D('',#4308,#3538,#3539);
#2825=AXIS2_PLACEMENT_3D('',#4309,#3540,#3541);
#2826=AXIS2_PLACEMENT_3D('',#4313,#3544,#3545);
#2827=AXIS2_PLACEMENT_3D('',#4317,#3548,#3549);
#2828=AXIS2_PLACEMENT_3D('',#4321,#3552,#3553);
#2829=AXIS2_PLACEMENT_3D('',#4325,#3556,#3557);
#2830=AXIS2_PLACEMENT_3D('',#4327,#3559,#3560);
#2831=AXIS2_PLACEMENT_3D('',#4329,#3561,#3562);
#2832=AXIS2_PLACEMENT_3D('',#4330,#3563,#3564);
#2833=AXIS2_PLACEMENT_3D('',#4334,#3567,#3568);
#2834=AXIS2_PLACEMENT_3D('',#4338,#3571,#3572);
#2835=AXIS2_PLACEMENT_3D('',#4340,#3574,#3575);
#2836=AXIS2_PLACEMENT_3D('',#4342,#3576,#3577);
#2837=AXIS2_PLACEMENT_3D('',#4343,#3578,#3579);
#2838=AXIS2_PLACEMENT_3D('',#4349,#3583,#3584);
#2839=AXIS2_PLACEMENT_3D('',#4353,#3587,#3588);
#2840=AXIS2_PLACEMENT_3D('',#4357,#3591,#3592);
#2841=AXIS2_PLACEMENT_3D('',#4361,#3595,#3596);
#2842=AXIS2_PLACEMENT_3D('',#4365,#3599,#3600);
#2843=AXIS2_PLACEMENT_3D('',#4367,#3602,#3603);
#2844=AXIS2_PLACEMENT_3D('',#4369,#3604,#3605);
#2845=AXIS2_PLACEMENT_3D('',#4370,#3606,#3607);
#2846=AXIS2_PLACEMENT_3D('',#4374,#3610,#3611);
#2847=AXIS2_PLACEMENT_3D('',#4380,#3615,#3616);
#2848=AXIS2_PLACEMENT_3D('',#4384,#3619,#3620);
#2849=AXIS2_PLACEMENT_3D('',#4386,#3622,#3623);
#2850=AXIS2_PLACEMENT_3D('',#4388,#3625,#3626);
#2851=AXIS2_PLACEMENT_3D('',#4390,#3627,#3628);
#2852=AXIS2_PLACEMENT_3D('',#4391,#3629,#3630);
#2853=AXIS2_PLACEMENT_3D('',#4393,#3632,#3633);
#2854=AXIS2_PLACEMENT_3D('',#4395,#3635,#3636);
#2855=AXIS2_PLACEMENT_3D('',#4397,#3638,#3639);
#2856=AXIS2_PLACEMENT_3D('',#4399,#3641,#3642);
#2857=AXIS2_PLACEMENT_3D('',#4401,#3644,#3645);
#2858=AXIS2_PLACEMENT_3D('',#4403,#3647,#3648);
#2859=AXIS2_PLACEMENT_3D('',#4405,#3650,#3651);
#2860=AXIS2_PLACEMENT_3D('',#4407,#3653,#3654);
#2861=AXIS2_PLACEMENT_3D('',#4409,#3656,#3657);
#2862=AXIS2_PLACEMENT_3D('',#4411,#3659,#3660);
#2863=AXIS2_PLACEMENT_3D('',#4413,#3662,#3663);
#2864=AXIS2_PLACEMENT_3D('',#4415,#3665,#3666);
#2865=AXIS2_PLACEMENT_3D('',#4417,#3668,#3669);
#2866=AXIS2_PLACEMENT_3D('',#4419,#3671,#3672);
#2867=AXIS2_PLACEMENT_3D('',#4421,#3674,#3675);
#2868=AXIS2_PLACEMENT_3D('',#4423,#3677,#3678);
#2869=DIRECTION('axis',(0.,0.,1.));
#2870=DIRECTION('refdir',(1.,0.,0.));
#2871=DIRECTION('center_axis',(0.,0.,-1.));
#2872=DIRECTION('ref_axis',(-1.,0.,0.));
#2873=DIRECTION('',(0.,0.,-1.));
#2874=DIRECTION('center_axis',(0.,0.,-1.));
#2875=DIRECTION('ref_axis',(-1.,0.,0.));
#2876=DIRECTION('',(0.,0.,-1.));
#2877=DIRECTION('center_axis',(0.,0.,-1.));
#2878=DIRECTION('ref_axis',(-1.,0.,0.));
#2879=DIRECTION('center_axis',(0.,0.,-1.));
#2880=DIRECTION('ref_axis',(-1.,0.,0.));
#2881=DIRECTION('',(0.,0.,-1.));
#2882=DIRECTION('center_axis',(0.,0.,-1.));
#2883=DIRECTION('ref_axis',(-1.,0.,0.));
#2884=DIRECTION('',(0.,0.,-1.));
#2885=DIRECTION('center_axis',(0.,0.,-1.));
#2886=DIRECTION('ref_axis',(-1.,0.,0.));
#2887=DIRECTION('center_axis',(0.,0.,-1.));
#2888=DIRECTION('ref_axis',(-1.,0.,0.));
#2889=DIRECTION('',(0.,0.,-1.));
#2890=DIRECTION('center_axis',(0.,0.,-1.));
#2891=DIRECTION('ref_axis',(-1.,0.,0.));
#2892=DIRECTION('',(0.,0.,-1.));
#2893=DIRECTION('center_axis',(0.,0.,-1.));
#2894=DIRECTION('ref_axis',(-1.,0.,0.));
#2895=DIRECTION('center_axis',(0.,0.,-1.));
#2896=DIRECTION('ref_axis',(-1.,0.,0.));
#2897=DIRECTION('',(0.,0.,-1.));
#2898=DIRECTION('center_axis',(0.,0.,-1.));
#2899=DIRECTION('ref_axis',(-1.,0.,0.));
#2900=DIRECTION('',(0.,0.,-1.));
#2901=DIRECTION('center_axis',(0.,0.,-1.));
#2902=DIRECTION('ref_axis',(-1.,0.,0.));
#2903=DIRECTION('center_axis',(0.,0.,-1.));
#2904=DIRECTION('ref_axis',(-1.,0.,0.));
#2905=DIRECTION('',(0.,0.,-1.));
#2906=DIRECTION('center_axis',(0.,0.,-1.));
#2907=DIRECTION('ref_axis',(-1.,0.,0.));
#2908=DIRECTION('',(0.,0.,-1.));
#2909=DIRECTION('center_axis',(0.,0.,-1.));
#2910=DIRECTION('ref_axis',(-1.,0.,0.));
#2911=DIRECTION('center_axis',(0.,0.,-1.));
#2912=DIRECTION('ref_axis',(-1.,0.,0.));
#2913=DIRECTION('',(0.,0.,-1.));
#2914=DIRECTION('center_axis',(0.,0.,-1.));
#2915=DIRECTION('ref_axis',(-1.,0.,0.));
#2916=DIRECTION('',(0.,0.,-1.));
#2917=DIRECTION('center_axis',(0.,0.,-1.));
#2918=DIRECTION('ref_axis',(-1.,0.,0.));
#2919=DIRECTION('center_axis',(0.,0.,-1.));
#2920=DIRECTION('ref_axis',(-1.,0.,0.));
#2921=DIRECTION('',(0.,0.,-1.));
#2922=DIRECTION('center_axis',(0.,0.,-1.));
#2923=DIRECTION('ref_axis',(-1.,0.,0.));
#2924=DIRECTION('',(0.,0.,-1.));
#2925=DIRECTION('center_axis',(0.,0.,-1.));
#2926=DIRECTION('ref_axis',(-1.,0.,0.));
#2927=DIRECTION('center_axis',(-1.13599620572772E-15,1.65552431614153E-14,
1.));
#2928=DIRECTION('ref_axis',(-0.965925826289068,-0.25881904510252,3.18752415279875E-15));
#2929=DIRECTION('',(-0.996194698091746,-0.0871557427476579,3.11211116902946E-16));
#2930=DIRECTION('center_axis',(-1.13599620572772E-15,1.65552431614153E-14,
1.));
#2931=DIRECTION('ref_axis',(-0.965925826289068,-0.25881904510252,2.88034548969645E-15));
#2932=DIRECTION('',(0.819152044288992,-0.573576436351046,1.0426250989676E-14));
#2933=DIRECTION('center_axis',(1.13599620572772E-15,-1.65552431614153E-14,
-1.));
#2934=DIRECTION('ref_axis',(-0.965925826289068,-0.25881904510252,2.88034548969645E-15));
#2935=DIRECTION('center_axis',(1.13599620572772E-15,-1.65552431614153E-14,
-1.));
#2936=DIRECTION('ref_axis',(-0.965925826289068,-0.25881904510252,2.88034548969645E-15));
#2937=DIRECTION('center_axis',(1.13599620572772E-15,-1.65552431614153E-14,
-1.));
#2938=DIRECTION('ref_axis',(-0.965925826289068,-0.25881904510252,2.88034548969645E-15));
#2939=DIRECTION('center_axis',(-1.13599620572772E-15,1.65552431614153E-14,
1.));
#2940=DIRECTION('ref_axis',(-0.965925826289068,-0.25881904510252,3.18752415279875E-15));
#2941=DIRECTION('',(-0.422618261740699,0.90630778703665,-1.54842385352846E-14));
#2942=DIRECTION('center_axis',(1.13599620572772E-15,-1.65552431614153E-14,
-1.));
#2943=DIRECTION('ref_axis',(-0.965925826289068,-0.25881904510252,3.14202756614375E-15));
#2944=DIRECTION('',(0.573576436351046,-0.819152044288992,1.42128419347643E-14));
#2945=DIRECTION('center_axis',(-1.13599620572772E-15,1.65552431614153E-14,
1.));
#2946=DIRECTION('ref_axis',(-0.965925826289068,-0.25881904510252,3.14202756614375E-15));
#2947=DIRECTION('center_axis',(1.13599620572772E-15,-1.65552431614153E-14,
-1.));
#2948=DIRECTION('ref_axis',(-0.965925826289068,-0.25881904510252,3.14202756614375E-15));
#2949=DIRECTION('center_axis',(-1.13599620572772E-15,1.65552431614153E-14,
1.));
#2950=DIRECTION('ref_axis',(-0.965925826289068,-0.25881904510252,3.18752415279875E-15));
#2951=DIRECTION('',(-0.573576436351046,-0.819152044288992,1.29096806239851E-14));
#2952=DIRECTION('center_axis',(1.13599620572772E-15,-1.65552431614153E-14,
-1.));
#2953=DIRECTION('ref_axis',(-0.965925826289068,-0.25881904510252,3.09734452062599E-15));
#2954=DIRECTION('',(-0.087155742747658,0.996194698091746,-1.65912540560903E-14));
#2955=DIRECTION('center_axis',(-1.13599620572772E-15,1.65552431614153E-14,
1.));
#2956=DIRECTION('ref_axis',(-0.965925826289068,-0.25881904510252,3.09734452062599E-15));
#2957=DIRECTION('center_axis',(1.13599620572772E-15,-1.65552431614153E-14,
-1.));
#2958=DIRECTION('ref_axis',(-0.965925826289068,-0.25881904510252,3.09734452062599E-15));
#2959=DIRECTION('center_axis',(1.13599620572772E-15,-1.65552431614153E-14,
-1.));
#2960=DIRECTION('ref_axis',(-0.965925826289068,-0.25881904510252,3.09734452062599E-15));
#2961=DIRECTION('center_axis',(-1.13599620572772E-15,1.65552431614153E-14,
1.));
#2962=DIRECTION('ref_axis',(-0.965925826289068,-0.25881904510252,3.18752415279875E-15));
#2963=DIRECTION('',(0.996194698091746,0.0871557427476576,-3.11211116902941E-16));
#2964=DIRECTION('center_axis',(-1.13599620572772E-15,1.65552431614153E-14,
1.));
#2965=DIRECTION('ref_axis',(-0.965925826289068,-0.25881904510252,2.85639991777276E-15));
#2966=DIRECTION('',(-0.819152044288991,0.573576436351047,-1.0426250989676E-14));
#2967=DIRECTION('center_axis',(1.13599620572772E-15,-1.65552431614153E-14,
-1.));
#2968=DIRECTION('ref_axis',(-0.965925826289068,-0.25881904510252,2.85639991777276E-15));
#2969=DIRECTION('center_axis',(1.13599620572772E-15,-1.65552431614153E-14,
-1.));
#2970=DIRECTION('ref_axis',(-0.965925826289068,-0.25881904510252,2.85639991777276E-15));
#2971=DIRECTION('center_axis',(1.13599620572772E-15,-1.65552431614153E-14,
-1.));
#2972=DIRECTION('ref_axis',(-0.965925826289068,-0.25881904510252,2.85639991777276E-15));
#2973=DIRECTION('center_axis',(-1.13599620572772E-15,1.65552431614153E-14,
1.));
#2974=DIRECTION('ref_axis',(-0.965925826289068,-0.25881904510252,3.18752415279875E-15));
#2975=DIRECTION('',(0.573576436351046,0.819152044288992,-1.29096806239851E-14));
#2976=DIRECTION('center_axis',(1.13599620572772E-15,-1.65552431614153E-14,
-1.));
#2977=DIRECTION('ref_axis',(-0.965925826289068,-0.25881904510252,2.78456320200168E-15));
#2978=DIRECTION('',(0.0871557427476576,-0.996194698091746,1.65912540560903E-14));
#2979=DIRECTION('center_axis',(-1.13599620572772E-15,1.65552431614153E-14,
1.));
#2980=DIRECTION('ref_axis',(-0.965925826289068,-0.25881904510252,2.78456320200168E-15));
#2981=DIRECTION('center_axis',(1.13599620572772E-15,-1.65552431614153E-14,
-1.));
#2982=DIRECTION('ref_axis',(-0.965925826289068,-0.25881904510252,2.78456320200168E-15));
#2983=DIRECTION('center_axis',(1.13599620572772E-15,-1.65552431614153E-14,
-1.));
#2984=DIRECTION('ref_axis',(-0.965925826289068,-0.25881904510252,2.78456320200168E-15));
#2985=DIRECTION('center_axis',(-1.13599620572772E-15,1.65552431614153E-14,
1.));
#2986=DIRECTION('ref_axis',(-0.965925826289068,-0.25881904510252,3.18752415279875E-15));
#2987=DIRECTION('',(0.422618261740699,-0.90630778703665,1.54842385352846E-14));
#2988=DIRECTION('center_axis',(1.13599620572772E-15,-1.65552431614153E-14,
-1.));
#2989=DIRECTION('ref_axis',(-0.965925826289068,-0.25881904510252,3.14202756614375E-15));
#2990=DIRECTION('',(-0.573576436351046,0.819152044288992,-1.42128419347643E-14));
#2991=DIRECTION('center_axis',(-1.13599620572772E-15,1.65552431614153E-14,
1.));
#2992=DIRECTION('ref_axis',(-0.965925826289068,-0.25881904510252,3.14202756614375E-15));
#2993=DIRECTION('center_axis',(1.13599620572772E-15,-1.65552431614153E-14,
-1.));
#2994=DIRECTION('ref_axis',(-0.965925826289068,-0.25881904510252,3.14202756614375E-15));
#2995=DIRECTION('center_axis',(-1.48029736616688E-15,1.66533453693773E-14,
1.));
#2996=DIRECTION('ref_axis',(-0.965925826289068,-0.25881904510252,2.88034548969645E-15));
#2997=DIRECTION('',(-1.48029736616688E-15,1.66533453693773E-14,1.));
#2998=DIRECTION('center_axis',(0.,0.,-1.));
#2999=DIRECTION('ref_axis',(-0.965925826289068,-0.25881904510252,3.28032280066965E-15));
#3000=DIRECTION('',(-1.48029736616688E-15,1.66533453693773E-14,1.));
#3001=DIRECTION('center_axis',(-0.573576436351046,-0.819152044288992,1.27925582155502E-14));
#3002=DIRECTION('ref_axis',(0.819152044288992,-0.573576436351046,1.0426250989676E-14));
#3003=DIRECTION('',(-1.48029736616688E-15,1.66533453693773E-14,1.));
#3004=DIRECTION('',(0.819152044288992,-0.573576436351046,1.0426250989676E-14));
#3005=DIRECTION('',(0.,0.,1.));
#3006=DIRECTION('',(0.819152044288992,-0.573576436351046,0.));
#3007=DIRECTION('center_axis',(-1.11022302462516E-15,1.62832710278356E-14,
1.));
#3008=DIRECTION('ref_axis',(-0.965925826289068,-0.25881904510252,3.14202756614375E-15));
#3009=DIRECTION('',(-1.11022302462516E-15,1.62832710278356E-14,1.));
#3010=DIRECTION('center_axis',(0.,0.,1.));
#3011=DIRECTION('ref_axis',(-0.965925826289068,-0.25881904510252,3.12053198387541E-15));
#3012=DIRECTION('',(-1.11022302462516E-15,1.62832710278356E-14,1.));
#3013=DIRECTION('center_axis',(-0.819152044288992,-0.573576436351046,8.43025910804578E-15));
#3014=DIRECTION('ref_axis',(0.573576436351046,-0.819152044288992,1.42128419347643E-14));
#3015=DIRECTION('',(-1.11022302462516E-15,1.62832710278356E-14,1.));
#3016=DIRECTION('',(0.573576436351046,-0.819152044288992,0.));
#3017=DIRECTION('center_axis',(-1.15648231731787E-15,1.62832710278356E-14,
1.));
#3018=DIRECTION('ref_axis',(-0.965925826289068,-0.25881904510252,3.09734452062599E-15));
#3019=DIRECTION('',(-1.15648231731787E-15,1.62832710278356E-14,1.));
#3020=DIRECTION('center_axis',(-1.13599620572772E-15,1.65552431614153E-14,
1.));
#3021=DIRECTION('ref_axis',(-0.965925826289068,-0.25881904510252,3.18752415279875E-15));
#3022=DIRECTION('',(-1.15648231731787E-15,1.62832710278356E-14,1.));
#3023=DIRECTION('center_axis',(0.996194698091746,0.087155742747658,-2.67099027843515E-16));
#3024=DIRECTION('ref_axis',(-0.087155742747658,0.996194698091746,-1.65912540560903E-14));
#3025=DIRECTION('',(-1.15648231731787E-15,1.62832710278356E-14,1.));
#3026=DIRECTION('',(-0.087155742747658,0.996194698091746,0.));
#3027=DIRECTION('',(0.,0.,-1.));
#3028=DIRECTION('',(-0.087155742747658,0.996194698091746,-1.65912540560903E-14));
#3029=DIRECTION('center_axis',(-1.48029736616688E-15,1.65608267839919E-14,
1.));
#3030=DIRECTION('ref_axis',(-0.965925826289068,-0.25881904510252,2.85639991777276E-15));
#3031=DIRECTION('',(-1.48029736616688E-15,1.65608267839919E-14,1.));
#3032=DIRECTION('center_axis',(0.,0.,-1.));
#3033=DIRECTION('ref_axis',(-0.965925826289068,-0.25881904510252,3.28032280066965E-15));
#3034=DIRECTION('',(-1.48029736616688E-15,1.65608267839919E-14,1.));
#3035=DIRECTION('center_axis',(0.573576436351047,0.819152044288991,-1.2716771427197E-14));
#3036=DIRECTION('ref_axis',(-0.819152044288991,0.573576436351047,-1.0426250989676E-14));
#3037=DIRECTION('',(-1.48029736616688E-15,1.65608267839919E-14,1.));
#3038=DIRECTION('',(-0.819152044288991,0.573576436351047,0.));
#3039=DIRECTION('center_axis',(-1.48029736616688E-15,1.62832710278356E-14,
1.));
#3040=DIRECTION('ref_axis',(-0.965925826289068,-0.25881904510252,2.78456320200168E-15));
#3041=DIRECTION('',(-1.48029736616688E-15,1.62832710278356E-14,1.));
#3042=DIRECTION('center_axis',(0.,0.,1.));
#3043=DIRECTION('ref_axis',(-0.965925826289068,-0.25881904510252,3.12053198387541E-15));
#3044=DIRECTION('',(-1.48029736616688E-15,1.62832710278356E-14,1.));
#3045=DIRECTION('center_axis',(-0.996194698091746,-0.0871557427476576,-5.54838069821881E-17));
#3046=DIRECTION('ref_axis',(0.0871557427476576,-0.996194698091746,1.65912540560903E-14));
#3047=DIRECTION('',(-1.48029736616688E-15,1.62832710278356E-14,1.));
#3048=DIRECTION('',(0.0871557427476576,-0.996194698091746,0.));
#3049=DIRECTION('center_axis',(-1.11022302462516E-15,1.62832710278356E-14,
1.));
#3050=DIRECTION('ref_axis',(-0.965925826289068,-0.25881904510252,3.14202756614375E-15));
#3051=DIRECTION('',(-1.11022302462516E-15,1.62832710278356E-14,1.));
#3052=DIRECTION('center_axis',(-1.13599620572772E-15,1.65552431614153E-14,
1.));
#3053=DIRECTION('ref_axis',(-0.965925826289068,-0.25881904510252,3.18752415279875E-15));
#3054=DIRECTION('',(-1.11022302462516E-15,1.62832710278356E-14,1.));
#3055=DIRECTION('center_axis',(0.819152044288992,0.573576436351046,-8.43025910804579E-15));
#3056=DIRECTION('ref_axis',(-0.573576436351046,0.819152044288992,-1.42128419347643E-14));
#3057=DIRECTION('',(-1.11022302462516E-15,1.62832710278356E-14,1.));
#3058=DIRECTION('',(-0.573576436351046,0.819152044288992,0.));
#3059=DIRECTION('',(0.,0.,-1.));
#3060=DIRECTION('',(-0.573576436351046,0.819152044288992,-1.42128419347643E-14));
#3061=DIRECTION('center_axis',(-1.15648231731787E-15,1.62832710278356E-14,
1.));
#3062=DIRECTION('ref_axis',(-0.965925826289068,-0.25881904510252,3.09734452062599E-15));
#3063=DIRECTION('',(-1.15648231731787E-15,1.62832710278356E-14,1.));
#3064=DIRECTION('center_axis',(0.,0.,-1.));
#3065=DIRECTION('ref_axis',(-0.965925826289068,-0.25881904510252,3.15203774486096E-15));
#3066=DIRECTION('center_axis',(-0.819152044288992,0.573576436351046,-1.02870354226992E-14));
#3067=DIRECTION('ref_axis',(-0.573576436351046,-0.819152044288992,1.29096806239851E-14));
#3068=DIRECTION('',(-0.573576436351046,-0.819152044288992,1.29096806239851E-14));
#3069=DIRECTION('',(0.,0.,1.));
#3070=DIRECTION('',(-0.573576436351046,-0.819152044288992,0.));
#3071=DIRECTION('center_axis',(-1.11022302462516E-15,1.62832710278356E-14,
1.));
#3072=DIRECTION('ref_axis',(-0.965925826289068,-0.25881904510252,3.14202756614375E-15));
#3073=DIRECTION('',(-1.11022302462516E-15,1.62832710278356E-14,1.));
#3074=DIRECTION('center_axis',(0.,0.,-1.));
#3075=DIRECTION('ref_axis',(-0.965925826289068,-0.25881904510252,3.12053198387541E-15));
#3076=DIRECTION('center_axis',(0.90630778703665,0.422618261740699,-5.87540392467142E-15));
#3077=DIRECTION('ref_axis',(-0.422618261740699,0.90630778703665,-1.54842385352846E-14));
#3078=DIRECTION('',(-0.422618261740699,0.90630778703665,0.));
#3079=DIRECTION('center_axis',(-1.48029736616688E-15,1.66533453693773E-14,
1.));
#3080=DIRECTION('ref_axis',(-0.965925826289068,-0.25881904510252,2.88034548969645E-15));
#3081=DIRECTION('',(-1.48029736616688E-15,1.66533453693773E-14,1.));
#3082=DIRECTION('center_axis',(0.,0.,1.));
#3083=DIRECTION('ref_axis',(-0.965925826289068,-0.25881904510252,3.28032280066965E-15));
#3084=DIRECTION('',(1.04374924460911E-15,-1.65695192581697E-14,-1.));
#3085=DIRECTION('center_axis',(-1.13599620572772E-15,1.65552431614153E-14,
1.));
#3086=DIRECTION('ref_axis',(-0.965925826289068,-0.25881904510252,3.18752415279875E-15));
#3087=DIRECTION('center_axis',(-0.0871557427476579,0.996194698091746,-1.67189907789001E-14));
#3088=DIRECTION('ref_axis',(-0.996194698091746,-0.0871557427476579,3.11211116902946E-16));
#3089=DIRECTION('',(-0.996194698091746,-0.0871557427476579,0.));
#3090=DIRECTION('center_axis',(-1.48029736616688E-15,1.62832710278356E-14,
1.));
#3091=DIRECTION('ref_axis',(-0.965925826289068,-0.25881904510252,2.78456320200168E-15));
#3092=DIRECTION('',(-1.48029736616688E-15,1.62832710278356E-14,1.));
#3093=DIRECTION('center_axis',(0.,0.,-1.));
#3094=DIRECTION('ref_axis',(-0.965925826289068,-0.25881904510252,3.12053198387541E-15));
#3095=DIRECTION('center_axis',(0.819152044288992,-0.573576436351046,1.05522891819354E-14));
#3096=DIRECTION('ref_axis',(0.573576436351046,0.819152044288992,-1.29096806239851E-14));
#3097=DIRECTION('',(0.573576436351046,0.819152044288992,0.));
#3098=DIRECTION('center_axis',(-1.48029736616688E-15,1.65608267839919E-14,
1.));
#3099=DIRECTION('ref_axis',(-0.965925826289068,-0.25881904510252,2.85639991777276E-15));
#3100=DIRECTION('',(-1.48029736616688E-15,1.65608267839919E-14,1.));
#3101=DIRECTION('center_axis',(-1.13599620572772E-15,1.65552431614153E-14,
1.));
#3102=DIRECTION('ref_axis',(-0.965925826289068,-0.25881904510252,3.18752415279875E-15));
#3103=DIRECTION('',(-1.04374924460911E-15,1.65695192581697E-14,1.));
#3104=DIRECTION('center_axis',(0.,0.,1.));
#3105=DIRECTION('ref_axis',(-0.965925826289068,-0.25881904510252,3.28032280066965E-15));
#3106=DIRECTION('center_axis',(0.0871557427476576,-0.996194698091746,1.66268242546642E-14));
#3107=DIRECTION('ref_axis',(0.996194698091746,0.0871557427476576,-3.11211116902941E-16));
#3108=DIRECTION('',(0.996194698091746,0.0871557427476576,0.));
#3109=DIRECTION('',(0.,0.,-1.));
#3110=DIRECTION('',(0.996194698091746,0.0871557427476576,-3.11211116902941E-16));
#3111=DIRECTION('center_axis',(-1.11022302462516E-15,1.62832710278356E-14,
1.));
#3112=DIRECTION('ref_axis',(-0.965925826289068,-0.25881904510252,3.14202756614375E-15));
#3113=DIRECTION('',(-1.11022302462516E-15,1.62832710278356E-14,1.));
#3114=DIRECTION('center_axis',(0.,0.,-1.));
#3115=DIRECTION('ref_axis',(-0.965925826289068,-0.25881904510252,3.12053198387541E-15));
#3116=DIRECTION('center_axis',(-0.90630778703665,-0.422618261740699,5.87540392467142E-15));
#3117=DIRECTION('ref_axis',(0.422618261740699,-0.90630778703665,1.54842385352846E-14));
#3118=DIRECTION('',(0.422618261740699,-0.90630778703665,1.54842385352846E-14));
#3119=DIRECTION('',(0.,0.,1.));
#3120=DIRECTION('',(0.422618261740699,-0.90630778703665,0.));
#3121=DIRECTION('center_axis',(-1.13599620572772E-15,1.65552431614153E-14,
1.));
#3122=DIRECTION('ref_axis',(-0.965925826289068,-0.25881904510252,3.18752415279875E-15));
#3123=DIRECTION('center_axis',(-1.13599620572772E-15,1.65552431614153E-14,
1.));
#3124=DIRECTION('ref_axis',(1.,0.,0.));
#3125=DIRECTION('center_axis',(-1.13599620572772E-15,1.65552431614153E-14,
1.));
#3126=DIRECTION('ref_axis',(-0.965925826289068,-0.25881904510252,3.18752415279875E-15));
#3127=DIRECTION('center_axis',(1.13599620572772E-15,-1.65552431614153E-14,
-1.));
#3128=DIRECTION('ref_axis',(-1.,0.,0.));
#3129=DIRECTION('center_axis',(1.13599620572772E-15,-1.65552431614153E-14,
-1.));
#3130=DIRECTION('ref_axis',(-0.965925826289068,-0.25881904510252,3.18752415279875E-15));
#3131=DIRECTION('center_axis',(1.13599620572772E-15,-1.65552431614153E-14,
-1.));
#3132=DIRECTION('ref_axis',(-0.965925826289068,-0.25881904510252,3.18752415279875E-15));
#3133=DIRECTION('center_axis',(1.13599620572772E-15,-1.65552431614153E-14,
-1.));
#3134=DIRECTION('ref_axis',(-1.,0.,0.));
#3135=DIRECTION('center_axis',(-1.13599620572772E-15,1.65552431614153E-14,
1.));
#3136=DIRECTION('ref_axis',(-0.965925826289068,-0.25881904510252,3.18752415279875E-15));
#3137=DIRECTION('center_axis',(1.13599620572772E-15,-1.65552431614153E-14,
-1.));
#3138=DIRECTION('ref_axis',(-1.,0.,0.));
#3139=DIRECTION('center_axis',(1.13599620572772E-15,-1.65552431614153E-14,
-1.));
#3140=DIRECTION('ref_axis',(-0.965925826289068,-0.25881904510252,3.18752415279875E-15));
#3141=DIRECTION('center_axis',(1.13599620572772E-15,-1.65552431614153E-14,
-1.));
#3142=DIRECTION('ref_axis',(-0.965925826289068,-0.25881904510252,3.18752415279875E-15));
#3143=DIRECTION('center_axis',(1.13599620572772E-15,-1.65552431614153E-14,
-1.));
#3144=DIRECTION('ref_axis',(-1.,0.,0.));
#3145=DIRECTION('center_axis',(0.,0.,-1.));
#3146=DIRECTION('ref_axis',(-1.,0.,0.));
#3147=DIRECTION('center_axis',(0.,0.,-1.));
#3148=DIRECTION('ref_axis',(-1.,0.,0.));
#3149=DIRECTION('',(0.,0.,-1.));
#3150=DIRECTION('',(1.14160073629122E-15,-1.64390506025935E-14,-1.));
#3151=DIRECTION('center_axis',(0.,0.,1.));
#3152=DIRECTION('ref_axis',(-1.,0.,0.));
#3153=DIRECTION('',(-1.14160073629122E-15,1.64390506025935E-14,1.));
#3154=DIRECTION('center_axis',(0.,0.,-1.));
#3155=DIRECTION('ref_axis',(-1.,0.,0.));
#3156=DIRECTION('center_axis',(0.,0.,1.));
#3157=DIRECTION('ref_axis',(-1.,0.,0.));
#3158=DIRECTION('',(0.,0.,-1.));
#3159=DIRECTION('',(1.14160073629122E-15,-1.64390506025935E-14,-1.));
#3160=DIRECTION('center_axis',(0.,0.,-1.));
#3161=DIRECTION('ref_axis',(-1.,0.,0.));
#3162=DIRECTION('',(-1.14160073629122E-15,1.64390506025935E-14,1.));
#3163=DIRECTION('center_axis',(0.,0.,1.));
#3164=DIRECTION('ref_axis',(0.866025403784439,0.499999999999999,0.));
#3165=DIRECTION('center_axis',(0.,0.,1.));
#3166=DIRECTION('ref_axis',(1.,0.,0.));
#3167=DIRECTION('',(0.,0.,-1.));
#3168=DIRECTION('',(0.,0.,-1.));
#3169=DIRECTION('center_axis',(0.,0.,1.));
#3170=DIRECTION('ref_axis',(1.,0.,0.));
#3171=DIRECTION('center_axis',(0.,0.,1.));
#3172=DIRECTION('ref_axis',(1.,0.,0.));
#3173=DIRECTION('center_axis',(-1.13599620572772E-15,1.65552431614153E-14,
1.));
#3174=DIRECTION('ref_axis',(1.,0.,0.));
#3175=DIRECTION('center_axis',(0.,0.,1.));
#3176=DIRECTION('ref_axis',(1.,0.,0.));
#3177=DIRECTION('center_axis',(-1.13599620572772E-15,1.65552431614153E-14,
1.));
#3178=DIRECTION('ref_axis',(1.,0.,0.));
#3179=DIRECTION('center_axis',(0.,0.,1.));
#3180=DIRECTION('ref_axis',(1.,0.,0.));
#3181=DIRECTION('center_axis',(-1.13599620572772E-15,1.65552431614153E-14,
1.));
#3182=DIRECTION('ref_axis',(1.,0.,0.));
#3183=DIRECTION('center_axis',(0.,0.,1.));
#3184=DIRECTION('ref_axis',(1.,0.,0.));
#3185=DIRECTION('center_axis',(0.,0.,1.));
#3186=DIRECTION('ref_axis',(1.,0.,0.));
#3187=DIRECTION('',(0.,0.,-1.));
#3188=DIRECTION('center_axis',(0.,0.,1.));
#3189=DIRECTION('ref_axis',(1.,0.,0.));
#3190=DIRECTION('',(0.,0.,-1.));
#3191=DIRECTION('center_axis',(0.,0.,1.));
#3192=DIRECTION('ref_axis',(1.,0.,0.));
#3193=DIRECTION('',(0.,0.,-1.));
#3194=DIRECTION('center_axis',(0.,0.,1.));
#3195=DIRECTION('ref_axis',(1.,0.,0.));
#3196=DIRECTION('',(0.,0.,-1.));
#3197=DIRECTION('center_axis',(0.,0.,1.));
#3198=DIRECTION('ref_axis',(1.,0.,0.));
#3199=DIRECTION('',(0.,0.,-1.));
#3200=DIRECTION('',(0.,0.,-1.));
#3201=DIRECTION('center_axis',(0.,0.,1.));
#3202=DIRECTION('ref_axis',(1.,0.,0.));
#3203=DIRECTION('',(0.,0.,-1.));
#3204=DIRECTION('center_axis',(0.,0.,1.));
#3205=DIRECTION('ref_axis',(1.,0.,0.));
#3206=DIRECTION('',(0.,0.,-1.));
#3207=DIRECTION('center_axis',(0.,0.,1.));
#3208=DIRECTION('ref_axis',(1.,0.,0.));
#3209=DIRECTION('center_axis',(0.,0.,-1.));
#3210=DIRECTION('ref_axis',(-0.965925826289068,-0.25881904510252,3.15203774486096E-15));
#3211=DIRECTION('center_axis',(0.,0.,1.));
#3212=DIRECTION('ref_axis',(1.,0.,0.));
#3213=DIRECTION('center_axis',(0.,0.,-1.));
#3214=DIRECTION('ref_axis',(-0.965925826289068,-0.25881904510252,3.15203774486097E-15));
#3215=DIRECTION('center_axis',(-1.13599620572772E-15,1.65552431614153E-14,
1.));
#3216=DIRECTION('ref_axis',(-0.965925826289068,-0.25881904510252,3.18752415279875E-15));
#3217=DIRECTION('center_axis',(-1.13599620572772E-15,1.65552431614153E-14,
1.));
#3218=DIRECTION('ref_axis',(-0.965925826289068,-0.25881904510252,3.18752415279875E-15));
#3219=DIRECTION('center_axis',(1.13599620572772E-15,-1.65552431614153E-14,
-1.));
#3220=DIRECTION('ref_axis',(-1.,0.,0.));
#3221=DIRECTION('center_axis',(1.13599620572772E-15,-1.65552431614153E-14,
-1.));
#3222=DIRECTION('ref_axis',(-0.965925826289068,-0.25881904510252,3.18752415279875E-15));
#3223=DIRECTION('center_axis',(1.13599620572772E-15,-1.65552431614153E-14,
-1.));
#3224=DIRECTION('ref_axis',(-0.965925826289068,-0.25881904510252,3.18752415279875E-15));
#3225=DIRECTION('center_axis',(1.13599620572772E-15,-1.65552431614153E-14,
-1.));
#3226=DIRECTION('ref_axis',(-1.,0.,0.));
#3227=DIRECTION('center_axis',(-1.13599620572772E-15,1.65552431614153E-14,
1.));
#3228=DIRECTION('ref_axis',(-0.965925826289068,-0.25881904510252,3.18752415279875E-15));
#3229=DIRECTION('center_axis',(1.13599620572772E-15,-1.65552431614153E-14,
-1.));
#3230=DIRECTION('ref_axis',(-1.,0.,0.));
#3231=DIRECTION('center_axis',(1.13599620572772E-15,-1.65552431614153E-14,
-1.));
#3232=DIRECTION('ref_axis',(-0.965925826289068,-0.25881904510252,3.18752415279875E-15));
#3233=DIRECTION('center_axis',(1.13599620572772E-15,-1.65552431614153E-14,
-1.));
#3234=DIRECTION('ref_axis',(-0.965925826289068,-0.25881904510252,3.18752415279875E-15));
#3235=DIRECTION('center_axis',(1.13599620572772E-15,-1.65552431614153E-14,
-1.));
#3236=DIRECTION('ref_axis',(-1.,0.,0.));
#3237=DIRECTION('center_axis',(0.,0.,-1.));
#3238=DIRECTION('ref_axis',(-1.,0.,0.));
#3239=DIRECTION('center_axis',(0.,0.,1.));
#3240=DIRECTION('ref_axis',(-1.,0.,0.));
#3241=DIRECTION('',(0.,0.,-1.));
#3242=DIRECTION('',(1.04374924460911E-15,-1.65695192581697E-14,-1.));
#3243=DIRECTION('center_axis',(0.,0.,-1.));
#3244=DIRECTION('ref_axis',(-1.,0.,0.));
#3245=DIRECTION('',(-1.04374924460911E-15,1.65695192581697E-14,1.));
#3246=DIRECTION('center_axis',(0.,0.,-1.));
#3247=DIRECTION('ref_axis',(-1.,0.,0.));
#3248=DIRECTION('center_axis',(0.,0.,1.));
#3249=DIRECTION('ref_axis',(-1.,0.,0.));
#3250=DIRECTION('',(0.,0.,-1.));
#3251=DIRECTION('',(1.04374924460911E-15,-1.65695192581697E-14,-1.));
#3252=DIRECTION('center_axis',(0.,0.,-1.));
#3253=DIRECTION('ref_axis',(-1.,0.,0.));
#3254=DIRECTION('',(-1.04374924460911E-15,1.65695192581697E-14,1.));
#3255=DIRECTION('center_axis',(0.,0.,1.));
#3256=DIRECTION('ref_axis',(1.,0.,0.));
#3257=DIRECTION('',(0.866025403784439,-0.5,0.));
#3258=DIRECTION('',(0.866025403784439,0.5,0.));
#3259=DIRECTION('',(0.,1.,0.));
#3260=DIRECTION('',(-0.866025403784438,0.5,0.));
#3261=DIRECTION('',(0.866025403784439,0.499999999999998,0.));
#3262=DIRECTION('',(0.,1.,0.));
#3263=DIRECTION('center_axis',(0.,0.,-1.));
#3264=DIRECTION('ref_axis',(-1.,0.,0.));
#3265=DIRECTION('',(0.5,0.866025403784439,0.));
#3266=DIRECTION('',(0.5,-0.866025403784439,0.));
#3267=DIRECTION('',(1.,0.,0.));
#3268=DIRECTION('',(0.5,0.866025403784438,0.));
#3269=DIRECTION('',(-0.499999999999999,0.866025403784439,0.));
#3270=DIRECTION('',(-1.,0.,0.));
#3271=DIRECTION('',(-0.5,-0.866025403784439,0.));
#3272=DIRECTION('',(-0.499999999999999,0.866025403784439,0.));
#3273=DIRECTION('',(-1.,0.,0.));
#3274=DIRECTION('',(-0.5,-0.866025403784438,0.));
#3275=DIRECTION('',(0.499999999999998,-0.866025403784439,0.));
#3276=DIRECTION('',(1.,0.,0.));
#3277=DIRECTION('center_axis',(0.,0.,-1.));
#3278=DIRECTION('ref_axis',(-1.,0.,0.));
#3279=DIRECTION('',(-0.866025403784439,-0.499999999999998,0.));
#3280=DIRECTION('',(0.,-1.,0.));
#3281=DIRECTION('',(0.866025403784439,-0.5,0.));
#3282=DIRECTION('',(-0.866025403784439,-0.5,0.));
#3283=DIRECTION('',(0.,-1.,0.));
#3284=DIRECTION('',(0.866025403784438,-0.5,0.));
#3285=DIRECTION('center_axis',(0.,0.,1.));
#3286=DIRECTION('ref_axis',(-1.,0.,0.));
#3287=DIRECTION('center_axis',(0.,0.,1.));
#3288=DIRECTION('ref_axis',(1.,0.,0.));
#3289=DIRECTION('center_axis',(0.,0.,-1.));
#3290=DIRECTION('ref_axis',(-0.965925826289068,-0.25881904510252,3.28032280066965E-15));
#3291=DIRECTION('center_axis',(0.,0.,1.));
#3292=DIRECTION('ref_axis',(1.,0.,0.));
#3293=DIRECTION('center_axis',(0.,0.,-1.));
#3294=DIRECTION('ref_axis',(-0.965925826289068,-0.25881904510252,3.28032280066965E-15));
#3295=DIRECTION('center_axis',(-1.13599620572772E-15,1.65552431614153E-14,
1.));
#3296=DIRECTION('ref_axis',(-0.965925826289068,-0.25881904510252,3.18752415279875E-15));
#3297=DIRECTION('center_axis',(1.13599620572772E-15,-1.65552431614153E-14,
-1.));
#3298=DIRECTION('ref_axis',(-1.,0.,0.));
#3299=DIRECTION('center_axis',(1.13599620572772E-15,-1.65552431614153E-14,
-1.));
#3300=DIRECTION('ref_axis',(-0.965925826289068,-0.25881904510252,3.18752415279875E-15));
#3301=DIRECTION('center_axis',(1.13599620572772E-15,-1.65552431614153E-14,
-1.));
#3302=DIRECTION('ref_axis',(-0.965925826289068,-0.25881904510252,3.18752415279875E-15));
#3303=DIRECTION('center_axis',(1.13599620572772E-15,-1.65552431614153E-14,
-1.));
#3304=DIRECTION('ref_axis',(-1.,0.,0.));
#3305=DIRECTION('center_axis',(0.,0.,-1.));
#3306=DIRECTION('ref_axis',(-1.,0.,0.));
#3307=DIRECTION('center_axis',(0.,0.,-1.));
#3308=DIRECTION('ref_axis',(-1.,0.,0.));
#3309=DIRECTION('',(0.,0.,-1.));
#3310=DIRECTION('',(1.17421790018525E-15,-1.64390506025935E-14,-1.));
#3311=DIRECTION('center_axis',(0.,0.,1.));
#3312=DIRECTION('ref_axis',(-1.,0.,0.));
#3313=DIRECTION('',(-1.17421790018525E-15,1.64390506025935E-14,1.));
#3314=DIRECTION('center_axis',(0.,0.,1.));
#3315=DIRECTION('ref_axis',(1.,0.,0.));
#3316=DIRECTION('center_axis',(0.,0.,-1.));
#3317=DIRECTION('ref_axis',(-0.965925826289068,-0.25881904510252,3.12053198387541E-15));
#3318=DIRECTION('center_axis',(-1.13599620572772E-15,1.65552431614153E-14,
1.));
#3319=DIRECTION('ref_axis',(-0.965925826289068,-0.25881904510252,3.18752415279875E-15));
#3320=DIRECTION('center_axis',(-1.13599620572772E-15,1.65552431614153E-14,
1.));
#3321=DIRECTION('ref_axis',(-0.965925826289068,-0.25881904510252,3.18752415279875E-15));
#3322=DIRECTION('center_axis',(1.13599620572772E-15,-1.65552431614153E-14,
-1.));
#3323=DIRECTION('ref_axis',(-1.,0.,0.));
#3324=DIRECTION('center_axis',(1.13599620572772E-15,-1.65552431614153E-14,
-1.));
#3325=DIRECTION('ref_axis',(-0.965925826289068,-0.25881904510252,3.18752415279875E-15));
#3326=DIRECTION('center_axis',(1.13599620572772E-15,-1.65552431614153E-14,
-1.));
#3327=DIRECTION('ref_axis',(-0.965925826289068,-0.25881904510252,3.18752415279875E-15));
#3328=DIRECTION('center_axis',(1.13599620572772E-15,-1.65552431614153E-14,
-1.));
#3329=DIRECTION('ref_axis',(-1.,0.,0.));
#3330=DIRECTION('center_axis',(-1.13599620572772E-15,1.65552431614153E-14,
1.));
#3331=DIRECTION('ref_axis',(-0.965925826289068,-0.25881904510252,3.18752415279875E-15));
#3332=DIRECTION('center_axis',(1.13599620572772E-15,-1.65552431614153E-14,
-1.));
#3333=DIRECTION('ref_axis',(-1.,0.,0.));
#3334=DIRECTION('center_axis',(1.13599620572772E-15,-1.65552431614153E-14,
-1.));
#3335=DIRECTION('ref_axis',(-0.965925826289068,-0.25881904510252,3.18752415279875E-15));
#3336=DIRECTION('center_axis',(1.13599620572772E-15,-1.65552431614153E-14,
-1.));
#3337=DIRECTION('ref_axis',(-0.965925826289068,-0.25881904510252,3.18752415279875E-15));
#3338=DIRECTION('center_axis',(1.13599620572772E-15,-1.65552431614153E-14,
-1.));
#3339=DIRECTION('ref_axis',(-1.,0.,0.));
#3340=DIRECTION('center_axis',(0.,0.,-1.));
#3341=DIRECTION('ref_axis',(-1.,0.,0.));
#3342=DIRECTION('center_axis',(0.,0.,1.));
#3343=DIRECTION('ref_axis',(-1.,0.,0.));
#3344=DIRECTION('',(0.,0.,-1.));
#3345=DIRECTION('',(1.04374924460911E-15,-1.65695192581697E-14,-1.));
#3346=DIRECTION('center_axis',(0.,0.,-1.));
#3347=DIRECTION('ref_axis',(-1.,0.,0.));
#3348=DIRECTION('',(-1.04374924460911E-15,1.65695192581697E-14,1.));
#3349=DIRECTION('center_axis',(0.,0.,-1.));
#3350=DIRECTION('ref_axis',(-1.,0.,0.));
#3351=DIRECTION('center_axis',(0.,0.,1.));
#3352=DIRECTION('ref_axis',(-1.,0.,0.));
#3353=DIRECTION('',(0.,0.,-1.));
#3354=DIRECTION('',(1.04374924460911E-15,-1.65695192581697E-14,-1.));
#3355=DIRECTION('center_axis',(0.,0.,-1.));
#3356=DIRECTION('ref_axis',(-1.,0.,0.));
#3357=DIRECTION('',(-1.04374924460911E-15,1.65695192581697E-14,1.));
#3358=DIRECTION('center_axis',(0.,0.,1.));
#3359=DIRECTION('ref_axis',(1.,0.,0.));
#3360=DIRECTION('center_axis',(0.,0.,-1.));
#3361=DIRECTION('ref_axis',(-0.965925826289068,-0.25881904510252,3.28032280066965E-15));
#3362=DIRECTION('center_axis',(0.,0.,1.));
#3363=DIRECTION('ref_axis',(1.,0.,0.));
#3364=DIRECTION('center_axis',(0.,0.,-1.));
#3365=DIRECTION('ref_axis',(-0.965925826289068,-0.25881904510252,3.28032280066965E-15));
#3366=DIRECTION('center_axis',(-1.13599620572772E-15,1.65552431614153E-14,
1.));
#3367=DIRECTION('ref_axis',(-0.965925826289068,-0.25881904510252,3.18752415279875E-15));
#3368=DIRECTION('center_axis',(1.13599620572772E-15,-1.65552431614153E-14,
-1.));
#3369=DIRECTION('ref_axis',(-1.,0.,0.));
#3370=DIRECTION('center_axis',(1.13599620572772E-15,-1.65552431614153E-14,
-1.));
#3371=DIRECTION('ref_axis',(-0.965925826289068,-0.25881904510252,3.18752415279875E-15));
#3372=DIRECTION('center_axis',(1.13599620572772E-15,-1.65552431614153E-14,
-1.));
#3373=DIRECTION('ref_axis',(-0.965925826289068,-0.25881904510252,3.18752415279875E-15));
#3374=DIRECTION('center_axis',(1.13599620572772E-15,-1.65552431614153E-14,
-1.));
#3375=DIRECTION('ref_axis',(-1.,0.,0.));
#3376=DIRECTION('center_axis',(-1.13599620572772E-15,1.65552431614153E-14,
1.));
#3377=DIRECTION('ref_axis',(-0.965925826289068,-0.25881904510252,3.18752415279875E-15));
#3378=DIRECTION('center_axis',(1.13599620572772E-15,-1.65552431614153E-14,
-1.));
#3379=DIRECTION('ref_axis',(-1.,0.,0.));
#3380=DIRECTION('center_axis',(1.13599620572772E-15,-1.65552431614153E-14,
-1.));
#3381=DIRECTION('ref_axis',(-0.965925826289068,-0.25881904510252,3.18752415279875E-15));
#3382=DIRECTION('center_axis',(1.13599620572772E-15,-1.65552431614153E-14,
-1.));
#3383=DIRECTION('ref_axis',(-0.965925826289068,-0.25881904510252,3.18752415279875E-15));
#3384=DIRECTION('center_axis',(1.13599620572772E-15,-1.65552431614153E-14,
-1.));
#3385=DIRECTION('ref_axis',(-1.,0.,0.));
#3386=DIRECTION('center_axis',(0.,0.,-1.));
#3387=DIRECTION('ref_axis',(-1.,0.,0.));
#3388=DIRECTION('center_axis',(0.,0.,1.));
#3389=DIRECTION('ref_axis',(-1.,0.,0.));
#3390=DIRECTION('',(0.,0.,-1.));
#3391=DIRECTION('',(1.17421790018525E-15,-1.64390506025935E-14,-1.));
#3392=DIRECTION('center_axis',(0.,0.,-1.));
#3393=DIRECTION('ref_axis',(-1.,0.,0.));
#3394=DIRECTION('',(-1.17421790018525E-15,1.64390506025935E-14,1.));
#3395=DIRECTION('center_axis',(0.,0.,-1.));
#3396=DIRECTION('ref_axis',(-1.,0.,0.));
#3397=DIRECTION('center_axis',(0.,0.,-1.));
#3398=DIRECTION('ref_axis',(-1.,0.,0.));
#3399=DIRECTION('',(0.,0.,-1.));
#3400=DIRECTION('',(1.17421790018525E-15,-1.64390506025935E-14,-1.));
#3401=DIRECTION('center_axis',(0.,0.,1.));
#3402=DIRECTION('ref_axis',(-1.,0.,0.));
#3403=DIRECTION('',(-1.17421790018525E-15,1.64390506025935E-14,1.));
#3404=DIRECTION('center_axis',(0.,0.,1.));
#3405=DIRECTION('ref_axis',(1.,0.,0.));
#3406=DIRECTION('center_axis',(0.,0.,-1.));
#3407=DIRECTION('ref_axis',(-0.965925826289068,-0.25881904510252,3.12053198387541E-15));
#3408=DIRECTION('center_axis',(0.,0.,1.));
#3409=DIRECTION('ref_axis',(1.,0.,0.));
#3410=DIRECTION('center_axis',(0.,0.,-1.));
#3411=DIRECTION('ref_axis',(-0.965925826289068,-0.25881904510252,3.12053198387541E-15));
#3412=DIRECTION('center_axis',(-1.13599620572772E-15,1.65552431614153E-14,
1.));
#3413=DIRECTION('ref_axis',(-0.965925826289068,-0.25881904510252,3.18752415279875E-15));
#3414=DIRECTION('center_axis',(-1.13599620572772E-15,1.65552431614153E-14,
1.));
#3415=DIRECTION('ref_axis',(-0.965925826289068,-0.25881904510252,3.18752415279875E-15));
#3416=DIRECTION('center_axis',(1.13599620572772E-15,-1.65552431614153E-14,
-1.));
#3417=DIRECTION('ref_axis',(-1.,0.,0.));
#3418=DIRECTION('center_axis',(1.13599620572772E-15,-1.65552431614153E-14,
-1.));
#3419=DIRECTION('ref_axis',(-0.965925826289068,-0.25881904510252,3.18752415279875E-15));
#3420=DIRECTION('center_axis',(1.13599620572772E-15,-1.65552431614153E-14,
-1.));
#3421=DIRECTION('ref_axis',(-0.965925826289068,-0.25881904510252,3.18752415279875E-15));
#3422=DIRECTION('center_axis',(1.13599620572772E-15,-1.65552431614153E-14,
-1.));
#3423=DIRECTION('ref_axis',(-1.,0.,0.));
#3424=DIRECTION('center_axis',(0.,0.,-1.));
#3425=DIRECTION('ref_axis',(-1.,0.,0.));
#3426=DIRECTION('center_axis',(0.,0.,-1.));
#3427=DIRECTION('ref_axis',(-1.,0.,0.));
#3428=DIRECTION('',(0.,0.,-1.));
#3429=DIRECTION('',(1.17421790018525E-15,-1.64390506025935E-14,-1.));
#3430=DIRECTION('center_axis',(0.,0.,1.));
#3431=DIRECTION('ref_axis',(-1.,0.,0.));
#3432=DIRECTION('',(-1.17421790018525E-15,1.64390506025935E-14,1.));
#3433=DIRECTION('center_axis',(0.,0.,1.));
#3434=DIRECTION('ref_axis',(1.,0.,0.));
#3435=DIRECTION('center_axis',(0.,0.,-1.));
#3436=DIRECTION('ref_axis',(-0.965925826289068,-0.25881904510252,3.12053198387541E-15));
#3437=DIRECTION('center_axis',(-0.5,-0.866025403784439,0.));
#3438=DIRECTION('ref_axis',(-0.866025403784439,0.5,0.));
#3439=DIRECTION('',(0.,0.,-1.));
#3440=DIRECTION('',(0.866025403784439,-0.5,0.));
#3441=DIRECTION('',(0.,0.,-1.));
#3442=DIRECTION('center_axis',(-1.,0.,0.));
#3443=DIRECTION('ref_axis',(0.,1.,0.));
#3444=DIRECTION('',(0.,0.,-1.));
#3445=DIRECTION('',(0.,-1.,0.));
#3446=DIRECTION('center_axis',(-0.499999999999999,0.86602540378444,0.));
#3447=DIRECTION('ref_axis',(0.866025403784439,0.499999999999998,0.));
#3448=DIRECTION('',(0.,0.,-1.));
#3449=DIRECTION('',(-0.866025403784439,-0.499999999999998,0.));
#3450=DIRECTION('center_axis',(0.866025403784439,-0.5,0.));
#3451=DIRECTION('ref_axis',(-0.5,-0.866025403784439,0.));
#3452=DIRECTION('',(0.,0.,-1.));
#3453=DIRECTION('',(0.5,0.866025403784439,0.));
#3454=DIRECTION('',(0.,0.,-1.));
#3455=DIRECTION('center_axis',(0.5,0.866025403784439,0.));
#3456=DIRECTION('ref_axis',(0.866025403784439,-0.5,0.));
#3457=DIRECTION('',(0.,0.,-1.));
#3458=DIRECTION('',(-0.866025403784439,0.5,0.));
#3459=DIRECTION('',(0.,0.,-1.));
#3460=DIRECTION('center_axis',(0.,0.,-1.));
#3461=DIRECTION('ref_axis',(-1.,0.,0.));
#3462=DIRECTION('center_axis',(0.,0.,-1.));
#3463=DIRECTION('ref_axis',(-1.,0.,0.));
#3464=DIRECTION('center_axis',(0.,0.,-1.));
#3465=DIRECTION('ref_axis',(-1.,0.,0.));
#3466=DIRECTION('center_axis',(0.,0.,1.));
#3467=DIRECTION('ref_axis',(-1.,0.,0.));
#3468=DIRECTION('center_axis',(0.,0.,-1.));
#3469=DIRECTION('ref_axis',(-1.,0.,0.));
#3470=DIRECTION('center_axis',(0.,0.,-1.));
#3471=DIRECTION('ref_axis',(-1.,0.,0.));
#3472=DIRECTION('center_axis',(0.,0.,-1.));
#3473=DIRECTION('ref_axis',(-1.,0.,0.));
#3474=DIRECTION('center_axis',(0.,0.,1.));
#3475=DIRECTION('ref_axis',(-1.,0.,0.));
#3476=DIRECTION('center_axis',(0.,0.,-1.));
#3477=DIRECTION('ref_axis',(-1.,0.,0.));
#3478=DIRECTION('center_axis',(0.,0.,-1.));
#3479=DIRECTION('ref_axis',(-1.,0.,0.));
#3480=DIRECTION('center_axis',(0.,0.,-1.));
#3481=DIRECTION('ref_axis',(-1.,0.,0.));
#3482=DIRECTION('center_axis',(0.,0.,1.));
#3483=DIRECTION('ref_axis',(-1.,0.,0.));
#3484=DIRECTION('center_axis',(0.,0.,-1.));
#3485=DIRECTION('ref_axis',(-1.,0.,0.));
#3486=DIRECTION('center_axis',(0.,0.,-1.));
#3487=DIRECTION('ref_axis',(-1.,0.,0.));
#3488=DIRECTION('center_axis',(0.,0.,-1.));
#3489=DIRECTION('ref_axis',(-1.,0.,0.));
#3490=DIRECTION('center_axis',(0.,0.,1.));
#3491=DIRECTION('ref_axis',(-1.,0.,0.));
#3492=DIRECTION('center_axis',(0.,0.,-1.));
#3493=DIRECTION('ref_axis',(-1.,0.,0.));
#3494=DIRECTION('center_axis',(0.,0.,-1.));
#3495=DIRECTION('ref_axis',(-1.,0.,0.));
#3496=DIRECTION('center_axis',(0.,0.,-1.));
#3497=DIRECTION('ref_axis',(-1.,0.,0.));
#3498=DIRECTION('center_axis',(0.,0.,1.));
#3499=DIRECTION('ref_axis',(-1.,0.,0.));
#3500=DIRECTION('center_axis',(0.,0.,-1.));
#3501=DIRECTION('ref_axis',(-1.,0.,0.));
#3502=DIRECTION('center_axis',(0.,0.,-1.));
#3503=DIRECTION('ref_axis',(-1.,0.,0.));
#3504=DIRECTION('center_axis',(0.,0.,-1.));
#3505=DIRECTION('ref_axis',(-1.,0.,0.));
#3506=DIRECTION('center_axis',(0.,0.,1.));
#3507=DIRECTION('ref_axis',(-1.,0.,0.));
#3508=DIRECTION('center_axis',(0.,0.,-1.));
#3509=DIRECTION('ref_axis',(-1.,0.,0.));
#3510=DIRECTION('center_axis',(0.,0.,-1.));
#3511=DIRECTION('ref_axis',(-1.,0.,0.));
#3512=DIRECTION('center_axis',(0.,0.,-1.));
#3513=DIRECTION('ref_axis',(-1.,0.,0.));
#3514=DIRECTION('center_axis',(0.,0.,1.));
#3515=DIRECTION('ref_axis',(-1.,0.,0.));
#3516=DIRECTION('center_axis',(0.,0.,1.));
#3517=DIRECTION('ref_axis',(-1.,0.,0.));
#3518=DIRECTION('center_axis',(0.,0.,-1.));
#3519=DIRECTION('ref_axis',(-1.,0.,0.));
#3520=DIRECTION('center_axis',(0.,0.,-1.));
#3521=DIRECTION('ref_axis',(-1.,0.,0.));
#3522=DIRECTION('center_axis',(0.,0.,-1.));
#3523=DIRECTION('ref_axis',(-1.,0.,0.));
#3524=DIRECTION('center_axis',(0.,0.,1.));
#3525=DIRECTION('ref_axis',(-1.,0.,0.));
#3526=DIRECTION('center_axis',(0.,0.,1.));
#3527=DIRECTION('ref_axis',(-1.,0.,0.));
#3528=DIRECTION('center_axis',(0.,0.,1.));
#3529=DIRECTION('ref_axis',(1.,0.,0.));
#3530=DIRECTION('center_axis',(0.,0.,-1.));
#3531=DIRECTION('ref_axis',(1.,0.,0.));
#3532=DIRECTION('center_axis',(0.,0.,-1.));
#3533=DIRECTION('ref_axis',(1.,0.,0.));
#3534=DIRECTION('center_axis',(0.,0.,-1.));
#3535=DIRECTION('ref_axis',(1.,0.,0.));
#3536=DIRECTION('center_axis',(0.,0.,-1.));
#3537=DIRECTION('ref_axis',(-1.,0.,0.));
#3538=DIRECTION('center_axis',(0.,0.,-1.));
#3539=DIRECTION('ref_axis',(1.,0.,0.));
#3540=DIRECTION('center_axis',(-0.5,0.866025403784439,0.));
#3541=DIRECTION('ref_axis',(0.866025403784439,0.5,0.));
#3542=DIRECTION('',(-0.866025403784439,-0.5,0.));
#3543=DIRECTION('',(0.,0.,-1.));
#3544=DIRECTION('center_axis',(-1.,0.,0.));
#3545=DIRECTION('ref_axis',(0.,1.,0.));
#3546=DIRECTION('',(0.,-1.,0.));
#3547=DIRECTION('',(0.,0.,-1.));
#3548=DIRECTION('center_axis',(-0.500000000000001,-0.866025403784438,0.));
#3549=DIRECTION('ref_axis',(-0.866025403784438,0.5,0.));
#3550=DIRECTION('',(0.866025403784438,-0.5,0.));
#3551=DIRECTION('',(0.,0.,-1.));
#3552=DIRECTION('center_axis',(0.499999999999999,-0.86602540378444,0.));
#3553=DIRECTION('ref_axis',(-0.866025403784439,-0.499999999999998,0.));
#3554=DIRECTION('',(0.866025403784439,0.499999999999998,0.));
#3555=DIRECTION('',(0.,0.,-1.));
#3556=DIRECTION('center_axis',(1.,0.,0.));
#3557=DIRECTION('ref_axis',(0.,-1.,0.));
#3558=DIRECTION('',(0.,1.,0.));
#3559=DIRECTION('center_axis',(0.,0.,1.));
#3560=DIRECTION('ref_axis',(-1.,0.,0.));
#3561=DIRECTION('center_axis',(0.,0.,-1.));
#3562=DIRECTION('ref_axis',(1.,0.,0.));
#3563=DIRECTION('center_axis',(0.500000000000001,0.866025403784438,0.));
#3564=DIRECTION('ref_axis',(0.866025403784438,-0.5,0.));
#3565=DIRECTION('',(0.,0.,-1.));
#3566=DIRECTION('',(-0.866025403784438,0.5,0.));
#3567=DIRECTION('center_axis',(0.5,-0.866025403784439,0.));
#3568=DIRECTION('ref_axis',(-0.866025403784439,-0.5,0.));
#3569=DIRECTION('',(0.866025403784439,0.5,0.));
#3570=DIRECTION('',(0.,0.,-1.));
#3571=DIRECTION('center_axis',(1.,0.,0.));
#3572=DIRECTION('ref_axis',(0.,-1.,0.));
#3573=DIRECTION('',(0.,1.,0.));
#3574=DIRECTION('center_axis',(0.,0.,1.));
#3575=DIRECTION('ref_axis',(-1.,0.,0.));
#3576=DIRECTION('center_axis',(0.,0.,-1.));
#3577=DIRECTION('ref_axis',(1.,0.,0.));
#3578=DIRECTION('center_axis',(-0.866025403784439,0.5,0.));
#3579=DIRECTION('ref_axis',(0.5,0.866025403784439,0.));
#3580=DIRECTION('',(0.,0.,-1.));
#3581=DIRECTION('',(-0.5,-0.866025403784439,0.));
#3582=DIRECTION('',(0.,0.,-1.));
#3583=DIRECTION('center_axis',(-0.866025403784439,-0.5,0.));
#3584=DIRECTION('ref_axis',(-0.5,0.866025403784439,0.));
#3585=DIRECTION('',(0.5,-0.866025403784439,0.));
#3586=DIRECTION('',(0.,0.,-1.));
#3587=DIRECTION('center_axis',(0.,-1.,0.));
#3588=DIRECTION('ref_axis',(-1.,0.,0.));
#3589=DIRECTION('',(1.,0.,0.));
#3590=DIRECTION('',(0.,0.,-1.));
#3591=DIRECTION('center_axis',(0.866025403784439,-0.5,0.));
#3592=DIRECTION('ref_axis',(-0.5,-0.866025403784438,0.));
#3593=DIRECTION('',(0.5,0.866025403784439,0.));
#3594=DIRECTION('',(0.,0.,-1.));
#3595=DIRECTION('center_axis',(0.866025403784439,0.499999999999999,0.));
#3596=DIRECTION('ref_axis',(0.499999999999999,-0.866025403784439,0.));
#3597=DIRECTION('',(-0.499999999999999,0.866025403784439,0.));
#3598=DIRECTION('',(0.,0.,-1.));
#3599=DIRECTION('center_axis',(0.,1.,0.));
#3600=DIRECTION('ref_axis',(1.,0.,0.));
#3601=DIRECTION('',(-1.,0.,0.));
#3602=DIRECTION('center_axis',(0.,0.,1.));
#3603=DIRECTION('ref_axis',(-1.,0.,0.));
#3604=DIRECTION('center_axis',(0.,0.,-1.));
#3605=DIRECTION('ref_axis',(1.,0.,0.));
#3606=DIRECTION('center_axis',(0.866025403784439,0.499999999999999,0.));
#3607=DIRECTION('ref_axis',(0.499999999999999,-0.866025403784439,0.));
#3608=DIRECTION('',(-0.499999999999999,0.866025403784439,0.));
#3609=DIRECTION('',(0.,0.,-1.));
#3610=DIRECTION('center_axis',(-0.866025403784439,0.5,0.));
#3611=DIRECTION('ref_axis',(0.5,0.866025403784438,0.));
#3612=DIRECTION('',(0.,0.,-1.));
#3613=DIRECTION('',(-0.5,-0.866025403784439,0.));
#3614=DIRECTION('',(0.,0.,-1.));
#3615=DIRECTION('center_axis',(-0.86602540378444,-0.499999999999999,0.));
#3616=DIRECTION('ref_axis',(-0.499999999999998,0.866025403784439,0.));
#3617=DIRECTION('',(0.499999999999998,-0.866025403784439,0.));
#3618=DIRECTION('',(0.,0.,-1.));
#3619=DIRECTION('center_axis',(0.,-1.,0.));
#3620=DIRECTION('ref_axis',(-1.,0.,0.));
#3621=DIRECTION('',(1.,0.,0.));
#3622=DIRECTION('center_axis',(0.,1.,0.));
#3623=DIRECTION('ref_axis',(1.,0.,0.));
#3624=DIRECTION('',(-1.,0.,0.));
#3625=DIRECTION('center_axis',(0.,0.,1.));
#3626=DIRECTION('ref_axis',(-1.,0.,0.));
#3627=DIRECTION('center_axis',(0.,0.,-1.));
#3628=DIRECTION('ref_axis',(1.,0.,0.));
#3629=DIRECTION('center_axis',(0.,0.,1.));
#3630=DIRECTION('ref_axis',(1.,0.,0.));
#3631=DIRECTION('',(0.,0.,-1.));
#3632=DIRECTION('center_axis',(0.,0.,1.));
#3633=DIRECTION('ref_axis',(1.,0.,0.));
#3634=DIRECTION('',(0.,0.,-1.));
#3635=DIRECTION('center_axis',(0.,0.,-1.));
#3636=DIRECTION('ref_axis',(-1.,0.,0.));
#3637=DIRECTION('',(0.,0.,-1.));
#3638=DIRECTION('center_axis',(0.,0.,-1.));
#3639=DIRECTION('ref_axis',(-1.,0.,0.));
#3640=DIRECTION('',(0.,0.,-1.));
#3641=DIRECTION('center_axis',(0.,0.,-1.));
#3642=DIRECTION('ref_axis',(-1.,0.,0.));
#3643=DIRECTION('',(0.,0.,-1.));
#3644=DIRECTION('center_axis',(0.,0.,1.));
#3645=DIRECTION('ref_axis',(1.,0.,0.));
#3646=DIRECTION('',(0.,0.,-1.));
#3647=DIRECTION('center_axis',(0.,0.,1.));
#3648=DIRECTION('ref_axis',(1.,0.,0.));
#3649=DIRECTION('',(0.,0.,-1.));
#3650=DIRECTION('center_axis',(-1.11022302462516E-15,1.62832710278356E-14,
1.));
#3651=DIRECTION('ref_axis',(-0.965925826289068,-0.25881904510252,3.14202756614375E-15));
#3652=DIRECTION('',(1.11022302462516E-15,-1.62832710278356E-14,-1.));
#3653=DIRECTION('center_axis',(-1.48029736616688E-15,1.62832710278356E-14,
1.));
#3654=DIRECTION('ref_axis',(-0.965925826289068,-0.25881904510252,2.78456320200168E-15));
#3655=DIRECTION('',(1.48029736616688E-15,-1.62832710278356E-14,-1.));
#3656=DIRECTION('center_axis',(-1.48029736616688E-15,1.62832710278356E-14,
1.));
#3657=DIRECTION('ref_axis',(-0.965925826289068,-0.25881904510252,2.78456320200168E-15));
#3658=DIRECTION('',(1.48029736616688E-15,-1.62832710278356E-14,-1.));
#3659=DIRECTION('center_axis',(-1.48029736616688E-15,1.65608267839919E-14,
1.));
#3660=DIRECTION('ref_axis',(-0.965925826289068,-0.25881904510252,2.85639991777276E-15));
#3661=DIRECTION('',(1.48029736616688E-15,-1.65608267839919E-14,-1.));
#3662=DIRECTION('center_axis',(-1.48029736616688E-15,1.65608267839919E-14,
1.));
#3663=DIRECTION('ref_axis',(-0.965925826289068,-0.25881904510252,2.85639991777276E-15));
#3664=DIRECTION('',(1.48029736616688E-15,-1.65608267839919E-14,-1.));
#3665=DIRECTION('center_axis',(-1.11022302462516E-15,1.62832710278356E-14,
1.));
#3666=DIRECTION('ref_axis',(-0.965925826289068,-0.25881904510252,3.14202756614375E-15));
#3667=DIRECTION('',(1.11022302462516E-15,-1.62832710278356E-14,-1.));
#3668=DIRECTION('center_axis',(-1.48029736616688E-15,1.66533453693773E-14,
1.));
#3669=DIRECTION('ref_axis',(-0.965925826289068,-0.25881904510252,2.88034548969645E-15));
#3670=DIRECTION('',(1.48029736616688E-15,-1.66533453693773E-14,-1.));
#3671=DIRECTION('center_axis',(-1.48029736616688E-15,1.66533453693773E-14,
1.));
#3672=DIRECTION('ref_axis',(-0.965925826289068,-0.25881904510252,2.88034548969645E-15));
#3673=DIRECTION('',(1.48029736616688E-15,-1.66533453693773E-14,-1.));
#3674=DIRECTION('center_axis',(-1.15648231731787E-15,1.62832710278356E-14,
1.));
#3675=DIRECTION('ref_axis',(-0.965925826289068,-0.25881904510252,3.09734452062599E-15));
#3676=DIRECTION('',(1.15648231731787E-15,-1.62832710278356E-14,-1.));
#3677=DIRECTION('center_axis',(-1.15648231731787E-15,1.62832710278356E-14,
1.));
#3678=DIRECTION('ref_axis',(-0.965925826289068,-0.25881904510252,3.09734452062599E-15));
#3679=DIRECTION('',(1.15648231731787E-15,-1.62832710278356E-14,-1.));
#3680=CARTESIAN_POINT('',(0.,0.,0.));
#3681=CARTESIAN_POINT('Origin',(-27.7128133340551,-16.0000002384186,-7.));
#3682=CARTESIAN_POINT('',(-24.7128133340551,-16.0000002384186,-7.));
#3683=CARTESIAN_POINT('',(-24.7128133340551,-16.0000002384186,-10.));
#3684=CARTESIAN_POINT('',(-24.7128133340551,-16.0000002384186,-7.));
#3685=CARTESIAN_POINT('',(-30.3108891324554,-17.5,-7.));
#3686=CARTESIAN_POINT('Origin',(-27.7128133340551,-16.0000002384186,-7.));
#3687=CARTESIAN_POINT('',(-30.3108895454085,-17.5000002384186,-10.));
#3688=CARTESIAN_POINT('',(-30.3108895454085,-17.5000002384186,-7.));
#3689=CARTESIAN_POINT('Origin',(-27.7128133340551,-16.0000002384186,-10.));
#3690=CARTESIAN_POINT('Origin',(27.7128133340551,16.0000002384186,-7.));
#3691=CARTESIAN_POINT('',(30.7128133340551,16.0000002384186,-7.));
#3692=CARTESIAN_POINT('',(30.7128133340551,16.0000002384186,-10.));
#3693=CARTESIAN_POINT('',(30.7128133340551,16.0000002384186,-7.));
#3694=CARTESIAN_POINT('',(30.3108891324554,17.5,-7.));
#3695=CARTESIAN_POINT('Origin',(27.7128133340551,16.0000002384186,-7.));
#3696=CARTESIAN_POINT('',(30.3108895454085,17.5000002384186,-10.));
#3697=CARTESIAN_POINT('',(30.3108895454085,17.5000002384186,-7.));
#3698=CARTESIAN_POINT('Origin',(27.7128133340551,16.0000002384186,-10.));
#3699=CARTESIAN_POINT('Origin',(-3.91886981566724E-15,-32.0000004768372,
-7.));
#3700=CARTESIAN_POINT('',(3.,-32.0000004768372,-7.));
#3701=CARTESIAN_POINT('',(3.,-32.0000004768372,-10.));
#3702=CARTESIAN_POINT('',(3.,-32.0000004768372,-7.));
#3703=CARTESIAN_POINT('',(-4.28626379701574E-15,-35.,-7.));
#3704=CARTESIAN_POINT('Origin',(-3.91886981566724E-15,-32.0000004768372,
-7.));
#3705=CARTESIAN_POINT('',(-4.28626385541145E-15,-35.0000004768372,-10.));
#3706=CARTESIAN_POINT('',(-4.28626385541145E-15,-35.0000004768372,-7.));
#3707=CARTESIAN_POINT('Origin',(-3.91886981566724E-15,-32.0000004768372,
-10.));
#3708=CARTESIAN_POINT('Origin',(7.83773963133448E-15,32.0000004768372,-7.));
#3709=CARTESIAN_POINT('',(3.00000000000001,32.0000004768372,-7.));
#3710=CARTESIAN_POINT('',(3.00000000000001,32.0000004768372,-10.));
#3711=CARTESIAN_POINT('',(3.00000000000001,32.0000004768372,-7.));
#3712=CARTESIAN_POINT('',(8.57252759403147E-15,35.,-7.));
#3713=CARTESIAN_POINT('Origin',(7.83773963133448E-15,32.0000004768372,-7.));
#3714=CARTESIAN_POINT('',(8.57252771082289E-15,35.0000004768372,-10.));
#3715=CARTESIAN_POINT('',(8.57252771082289E-15,35.0000004768372,-7.));
#3716=CARTESIAN_POINT('Origin',(7.83773963133448E-15,32.0000004768372,-10.));
#3717=CARTESIAN_POINT('Origin',(-32.0000004768372,1.10242972791474E-14,
-7.));
#3718=CARTESIAN_POINT('',(-29.0000004768372,1.06569032394032E-14,-7.));
#3719=CARTESIAN_POINT('',(-29.0000004768372,1.06569032394032E-14,-10.));
#3720=CARTESIAN_POINT('',(-29.0000004768372,1.06569032394032E-14,-7.));
#3721=CARTESIAN_POINT('',(-35.,1.20578249693918E-14,-7.));
#3722=CARTESIAN_POINT('Origin',(-32.0000004768372,1.10242972791474E-14,
-7.));
#3723=CARTESIAN_POINT('',(-35.0000004768372,1.20578251336667E-14,-10.));
#3724=CARTESIAN_POINT('',(-35.0000004768372,1.20578251336667E-14,-7.));
#3725=CARTESIAN_POINT('Origin',(-32.0000004768372,1.10242972791474E-14,
-10.));
#3726=CARTESIAN_POINT('Origin',(27.7128133340551,-16.0000002384186,-7.));
#3727=CARTESIAN_POINT('',(30.7128133340551,-16.0000002384186,-7.));
#3728=CARTESIAN_POINT('',(30.7128133340551,-16.0000002384186,-10.));
#3729=CARTESIAN_POINT('',(30.7128133340551,-16.0000002384186,-7.));
#3730=CARTESIAN_POINT('',(30.3108891324554,-17.5,-7.));
#3731=CARTESIAN_POINT('Origin',(27.7128133340551,-16.0000002384186,-7.));
#3732=CARTESIAN_POINT('',(30.3108895454084,-17.5000002384186,-10.));
#3733=CARTESIAN_POINT('',(30.3108895454084,-17.5000002384186,-7.));
#3734=CARTESIAN_POINT('Origin',(27.7128133340551,-16.0000002384186,-10.));
#3735=CARTESIAN_POINT('Origin',(-27.7128133340551,16.0000002384186,-7.));
#3736=CARTESIAN_POINT('',(-24.7128133340551,16.0000002384186,-7.));
#3737=CARTESIAN_POINT('',(-24.7128133340551,16.0000002384186,-10.));
#3738=CARTESIAN_POINT('',(-24.7128133340551,16.0000002384186,-7.));
#3739=CARTESIAN_POINT('',(-30.3108891324553,17.5,-7.));
#3740=CARTESIAN_POINT('Origin',(-27.7128133340551,16.0000002384186,-7.));
#3741=CARTESIAN_POINT('',(-30.3108895454084,17.5000002384186,-10.));
#3742=CARTESIAN_POINT('',(-30.3108895454084,17.5000002384186,-7.));
#3743=CARTESIAN_POINT('Origin',(-27.7128133340551,16.0000002384186,-10.));
#3744=CARTESIAN_POINT('Origin',(1.74663838947708E-9,-0.0188463729990573,
-19.999846359732));
#3745=CARTESIAN_POINT('',(34.8668149545138,3.03160466862423,-19.999846359732));
#3746=CARTESIAN_POINT('',(28.8896462464073,2.50867016668304,-19.999846359732));
#3747=CARTESIAN_POINT('',(17.4334074781302,1.50637914781257,-19.999846359732));
#3748=CARTESIAN_POINT('',(28.6703219790824,-20.0940219444291,-19.9998463597316));
#3749=CARTESIAN_POINT('Origin',(1.74663392045934E-9,-0.0188463729990559,
-19.999846359732));
#3750=CARTESIAN_POINT('',(23.7554092861274,-16.6525630271794,-19.9998463597317));
#3751=CARTESIAN_POINT('',(11.877704643937,-8.3357047000892,-19.9998463597319));
#3752=CARTESIAN_POINT('Origin',(1.74663392045934E-9,-0.0188463729990559,
-19.999846359732));
#3753=CARTESIAN_POINT('',(29.2582942449112,-15.604735900835,-19.9998463597317));
#3754=CARTESIAN_POINT('Origin',(27.7128129228486,-16.0188463729991,-19.9998463597317));
#3755=CARTESIAN_POINT('',(33.5454813238091,0.39526409916494,-19.999846359732));
#3756=CARTESIAN_POINT('Origin',(32.0000000017466,-0.0188463729990914,-19.999846359732));
#3757=CARTESIAN_POINT('Origin',(1.74663838947708E-9,-0.0188463729990573,
-19.999846359732));
#3758=CARTESIAN_POINT('',(-12.2559295887336,26.2640794510638,-19.9998463597325));
#3759=CARTESIAN_POINT('',(-14.7916393795904,31.7019266459601,-19.9998463597325));
#3760=CARTESIAN_POINT('',(-6.12796479349349,13.1226165390324,-19.9998463597322));
#3761=CARTESIAN_POINT('',(-16.6337166524337,23.7365629113817,-19.9998463597324));
#3762=CARTESIAN_POINT('Origin',(1.74663947860587E-9,-0.0188463729990615,
-19.999846359732));
#3763=CARTESIAN_POINT('',(-20.0751755696834,28.6514756043367,-19.9998463597325));
#3764=CARTESIAN_POINT('',(-10.0375877839684,14.3163146156688,-19.9998463597322));
#3765=CARTESIAN_POINT('Origin',(1.74663947860587E-9,-0.0188463729990615,
-19.999846359732));
#3766=CARTESIAN_POINT('',(-14.4545186761908,28.108077020267,-19.9998463597325));
#3767=CARTESIAN_POINT('Origin',(-15.9999999982533,27.693966548103,-19.9998463597325));
#3768=CARTESIAN_POINT('Origin',(1.74663922214435E-9,-0.0188463729990573,
-19.999846359732));
#3769=CARTESIAN_POINT('',(-16.6337166524337,-23.7742556573798,-19.9998463597316));
#3770=CARTESIAN_POINT('',(-20.0751755696834,-28.6891683503348,-19.9998463597316));
#3771=CARTESIAN_POINT('',(-8.31685832534354,-11.8965510151894,-19.9998463597318));
#3772=CARTESIAN_POINT('',(2.52751654142871,-28.9084926176597,-19.9998463597315));
#3773=CARTESIAN_POINT('Origin',(1.74663878383755E-9,-0.0188463729990615,
-19.999846359732));
#3774=CARTESIAN_POINT('',(3.05045104336994,-34.8856613257662,-19.9998463597314));
#3775=CARTESIAN_POINT('',(1.52522552255829,-17.4522538493826,-19.9998463597317));
#3776=CARTESIAN_POINT('Origin',(1.74663878383755E-9,-0.0188463729990615,
-19.999846359732));
#3777=CARTESIAN_POINT('',(1.54548132380913,-31.604735900835,-19.9998463597315));
#3778=CARTESIAN_POINT('Origin',(1.74661657937706E-9,-32.018846372999,-19.9998463597315));
#3779=CARTESIAN_POINT('',(-14.4545186761909,-27.3175488219371,-19.9998463597316));
#3780=CARTESIAN_POINT('Origin',(-15.9999999982534,-27.7316592941011,-19.9998463597316));
#3781=CARTESIAN_POINT('Origin',(1.74663838947708E-9,-0.0188463729990573,
-19.999846359732));
#3782=CARTESIAN_POINT('',(-34.8668149510205,-3.06929741462234,-19.999846359732));
#3783=CARTESIAN_POINT('',(-28.889646242914,-2.54636291268113,-19.999846359732));
#3784=CARTESIAN_POINT('',(-17.4334074746369,-1.5440718938107,-19.999846359732));
#3785=CARTESIAN_POINT('',(-28.6703219755891,20.056329198431,-19.9998463597324));
#3786=CARTESIAN_POINT('Origin',(1.74663392045934E-9,-0.0188463729990573,
-19.999846359732));
#3787=CARTESIAN_POINT('',(-23.7554092826341,16.6148702811813,-19.9998463597323));
#3788=CARTESIAN_POINT('',(-11.8777046404437,8.29801195409111,-19.9998463597322));
#3789=CARTESIAN_POINT('Origin',(1.74663392045934E-9,-0.0188463729990573,
-19.999846359732));
#3790=CARTESIAN_POINT('',(-26.1673315972929,16.395264099165,-19.9998463597323));
#3791=CARTESIAN_POINT('Origin',(-27.7128129193554,15.981153627001,-19.9998463597323));
#3792=CARTESIAN_POINT('',(-30.4545186761909,0.395264099164994,-19.999846359732));
#3793=CARTESIAN_POINT('Origin',(-31.9999999982534,-0.0188463729990395,-19.999846359732));
#3794=CARTESIAN_POINT('Origin',(1.74664060992313E-9,-0.0188463729990573,
-19.999846359732));
#3795=CARTESIAN_POINT('',(16.633716655927,23.7365629113817,-19.9998463597324));
#3796=CARTESIAN_POINT('',(20.0751755731767,28.6514756043367,-19.9998463597325));
#3797=CARTESIAN_POINT('',(8.31685832883681,11.8588582691913,-19.9998463597322));
#3798=CARTESIAN_POINT('',(-2.52751653793543,28.8707998716616,-19.9998463597325));
#3799=CARTESIAN_POINT('Origin',(1.74663392045934E-9,-0.0188463729990615,
-19.999846359732));
#3800=CARTESIAN_POINT('',(-3.05045103987664,34.8479685797681,-19.9998463597326));
#3801=CARTESIAN_POINT('',(-1.525225519065,17.4145611033845,-19.9998463597323));
#3802=CARTESIAN_POINT('Origin',(1.74663392045934E-9,-0.0188463729990615,
-19.999846359732));
#3803=CARTESIAN_POINT('',(17.5454813238092,28.108077020267,-19.9998463597325));
#3804=CARTESIAN_POINT('Origin',(16.0000000017466,27.693966548103,-19.9998463597324));
#3805=CARTESIAN_POINT('',(1.54548132380917,32.395264099165,-19.9998463597325));
#3806=CARTESIAN_POINT('Origin',(1.74665612491983E-9,31.9811536270009,-19.9998463597325));
#3807=CARTESIAN_POINT('Origin',(1.74663838947708E-9,-0.0188463729990573,
-19.999846359732));
#3808=CARTESIAN_POINT('',(12.2559295922269,-26.3017721970619,-19.9998463597316));
#3809=CARTESIAN_POINT('',(14.7916393830837,-31.7396193919581,-19.9998463597315));
#3810=CARTESIAN_POINT('',(6.12796479698677,-13.1603092850305,-19.9998463597318));
#3811=CARTESIAN_POINT('',(16.633716655927,-23.7742556573798,-19.9998463597316));
#3812=CARTESIAN_POINT('Origin',(1.74663947860587E-9,-0.0188463729990615,
-19.999846359732));
#3813=CARTESIAN_POINT('',(20.0751755731767,-28.6891683503348,-19.9998463597315));
#3814=CARTESIAN_POINT('',(10.0375877874617,-14.3540073616669,-19.9998463597318));
#3815=CARTESIAN_POINT('Origin',(1.74663947860587E-9,-0.0188463729990615,
-19.999846359732));
#3816=CARTESIAN_POINT('',(17.5454813238091,-27.3175488219371,-19.9998463597315));
#3817=CARTESIAN_POINT('Origin',(16.0000000017466,-27.7316592941011,-19.9998463597315));
#3818=CARTESIAN_POINT('Origin',(1.74665615304548E-9,-0.018846372999306,
-35.018846359732));
#3819=CARTESIAN_POINT('',(23.7554092861274,-16.6525630271793,-12.));
#3820=CARTESIAN_POINT('',(23.7554092861274,-16.6525630271796,-35.0188463597317));
#3821=CARTESIAN_POINT('',(28.8896462464073,2.50867016668317,-12.));
#3822=CARTESIAN_POINT('Origin',(1.74662950785325E-9,-0.0188463729989241,
-12.));
#3823=CARTESIAN_POINT('',(28.8896462464073,2.50867016668279,-35.018846359732));
#3824=CARTESIAN_POINT('Origin',(23.7554092861274,-16.6525630271796,-35.0188463597317));
#3825=CARTESIAN_POINT('',(28.6703219790824,-20.0940219444289,-11.9998463597316));
#3826=CARTESIAN_POINT('',(28.6703219790824,-20.0940219444293,-35.0188463597316));
#3827=CARTESIAN_POINT('',(28.6614638628552,-20.0878194246723,-11.9998463597316));
#3828=CARTESIAN_POINT('',(14.3351609904145,-10.0564341587139,-11.9998463597318));
#3829=CARTESIAN_POINT('',(28.6614638628552,-20.0878194246723,-12.));
#3830=CARTESIAN_POINT('',(28.6614638628552,-20.0878194246723,-12.));
#3831=CARTESIAN_POINT('',(11.8732771939422,-8.33260456622763,-12.));
#3832=CARTESIAN_POINT('Origin',(1.74665615304548E-9,-0.018846372999306,
-35.018846359732));
#3833=CARTESIAN_POINT('',(-20.0751755696834,28.6514756043369,-12.));
#3834=CARTESIAN_POINT('',(-20.0751755696834,28.6514756043365,-35.0188463597325));
#3835=CARTESIAN_POINT('',(-14.7916393795904,31.7019266459602,-12.));
#3836=CARTESIAN_POINT('Origin',(1.74662950787329E-9,-0.0188463729989286,
-12.));
#3837=CARTESIAN_POINT('',(-14.7916393795904,31.7019266459598,-35.0188463597325));
#3838=CARTESIAN_POINT('Origin',(-20.0751755696834,28.6514756043365,-35.0188463597325));
#3839=CARTESIAN_POINT('',(-16.6337166524337,23.7365629113818,-12.));
#3840=CARTESIAN_POINT('',(-16.6337166524337,23.7365629113815,-35.0188463597324));
#3841=CARTESIAN_POINT('',(-10.0420152336645,14.3226376691275,-12.));
#3842=CARTESIAN_POINT('Origin',(1.74665615304548E-9,-0.018846372999306,
-35.018846359732));
#3843=CARTESIAN_POINT('',(3.05045104336993,-34.885661325766,-11.9998463597314));
#3844=CARTESIAN_POINT('',(3.05045104336995,-34.8856613257664,-35.0188463597314));
#3845=CARTESIAN_POINT('',(-20.0751755696834,-28.6891683503347,-11.9998463597316));
#3846=CARTESIAN_POINT('Origin',(1.74662978524864E-9,-0.0188463729989286,
-11.999846359732));
#3847=CARTESIAN_POINT('',(-20.0751755696834,-28.6891683503351,-35.0188463597316));
#3848=CARTESIAN_POINT('Origin',(3.05045104336995,-34.8856613257664,-35.0188463597314));
#3849=CARTESIAN_POINT('',(2.5275165414287,-28.9084926176596,-12.));
#3850=CARTESIAN_POINT('',(2.52751654142873,-28.9084926176599,-35.0188463597315));
#3851=CARTESIAN_POINT('',(3.04881467537868,-34.8669575540396,-12.));
#3852=CARTESIAN_POINT('',(1.52440736296994,-17.4429022424957,-12.));
#3853=CARTESIAN_POINT('',(3.04881467537868,-34.8669575540396,-11.9998463597314));
#3854=CARTESIAN_POINT('',(3.04881467537868,-34.8669575540396,-12.));
#3855=CARTESIAN_POINT('',(1.26375827158768,-14.4636694953292,-11.9998463597318));
#3856=CARTESIAN_POINT('Origin',(1.74665615304548E-9,-0.018846372999306,
-35.018846359732));
#3857=CARTESIAN_POINT('',(-23.7554092826341,16.6148702811814,-12.));
#3858=CARTESIAN_POINT('',(-23.7554092826341,16.614870281181,-35.0188463597323));
#3859=CARTESIAN_POINT('',(-28.889646242914,-2.546362912681,-12.));
#3860=CARTESIAN_POINT('Origin',(1.74662950785325E-9,-0.0188463729989247,
-12.));
#3861=CARTESIAN_POINT('',(-28.889646242914,-2.54636291268138,-35.018846359732));
#3862=CARTESIAN_POINT('Origin',(-23.7554092826341,16.614870281181,-35.0188463597323));
#3863=CARTESIAN_POINT('',(-28.6703219755892,20.0563291984311,-12.));
#3864=CARTESIAN_POINT('',(-28.6703219755891,20.0563291984307,-35.0188463597324));
#3865=CARTESIAN_POINT('',(-11.8821320904386,8.30111208795269,-12.));
#3866=CARTESIAN_POINT('Origin',(1.74665615304548E-9,-0.018846372999306,
-35.018846359732));
#3867=CARTESIAN_POINT('',(-3.05045103987666,34.8479685797682,-12.));
#3868=CARTESIAN_POINT('',(-3.05045103987663,34.8479685797678,-35.0188463597326));
#3869=CARTESIAN_POINT('',(20.0751755731767,28.6514756043369,-12.));
#3870=CARTESIAN_POINT('Origin',(1.74662728742725E-9,-0.0188463729989286,
-12.));
#3871=CARTESIAN_POINT('',(20.0751755731767,28.6514756043365,-35.0188463597325));
#3872=CARTESIAN_POINT('Origin',(-3.05045103987661,34.8479685797678,-35.0188463597326));
#3873=CARTESIAN_POINT('',(-2.52751653793544,28.8707998716617,-12.));
#3874=CARTESIAN_POINT('',(-2.52751653793541,28.8707998716613,-35.0188463597325));
#3875=CARTESIAN_POINT('',(-1.52604367865335,17.4239127102714,-12.));
#3876=CARTESIAN_POINT('Origin',(1.74665615304548E-9,-0.018846372999306,
-35.018846359732));
#3877=CARTESIAN_POINT('',(20.0751755731767,-28.6891683503347,-11.9998463597315));
#3878=CARTESIAN_POINT('',(20.0751755731767,-28.6891683503351,-35.0188463597315));
#3879=CARTESIAN_POINT('',(14.7916393830837,-31.739619391958,-11.9998463597315));
#3880=CARTESIAN_POINT('Origin',(1.74662950769289E-9,-0.0188463729989286,
-11.999846359732));
#3881=CARTESIAN_POINT('',(14.7916393830837,-31.7396193919584,-35.0188463597315));
#3882=CARTESIAN_POINT('Origin',(20.0751755731767,-28.6891683503351,-35.0188463597315));
#3883=CARTESIAN_POINT('',(16.633716655927,-23.7742556573797,-12.));
#3884=CARTESIAN_POINT('',(16.633716655927,-23.77425565738,-35.0188463597316));
#3885=CARTESIAN_POINT('',(20.0663194171572,-28.6765204487682,-12.));
#3886=CARTESIAN_POINT('',(10.0331603377655,-14.3476843082083,-12.));
#3887=CARTESIAN_POINT('',(20.0663194171572,-28.6765204487682,-11.9998463597315));
#3888=CARTESIAN_POINT('',(20.0663194171572,-28.6765204487682,-12.));
#3889=CARTESIAN_POINT('',(8.31685832883679,-11.8965510151893,-11.9998463597318));
#3890=CARTESIAN_POINT('Origin',(1.74665615304548E-9,-0.018846372999306,
-35.018846359732));
#3891=CARTESIAN_POINT('',(-16.6337166524337,-23.7742556573797,-12.));
#3892=CARTESIAN_POINT('',(-16.6337166524337,-23.7742556573801,-35.0188463597316));
#3893=CARTESIAN_POINT('Origin',(1.74662978542404E-9,-0.0188463729989286,
-12.));
#3894=CARTESIAN_POINT('Origin',(-16.6337166524337,-23.7742556573801,-35.0188463597316));
#3895=CARTESIAN_POINT('',(-20.0663194148127,-28.6765204504087,-11.9998463597315));
#3896=CARTESIAN_POINT('',(-10.0375877839684,-14.3540073616668,-11.9998463597318));
#3897=CARTESIAN_POINT('',(-20.0663194148127,-28.6765204504087,-12.));
#3898=CARTESIAN_POINT('',(-20.0663194148127,-28.6765204504087,-12.));
#3899=CARTESIAN_POINT('',(-8.31243087622201,-11.8902279625514,-12.));
#3900=CARTESIAN_POINT('Origin',(1.74665615304548E-9,-0.018846372999306,
-35.018846359732));
#3901=CARTESIAN_POINT('',(-12.2559295887336,26.2640794510639,-12.));
#3902=CARTESIAN_POINT('',(-12.2559295887336,26.2640794510635,-35.0188463597324));
#3903=CARTESIAN_POINT('Origin',(1.74662950787329E-9,-0.0188463729989286,
-12.));
#3904=CARTESIAN_POINT('Origin',(-12.2559295887336,26.2640794510636,-35.0188463597324));
#3905=CARTESIAN_POINT('',(-6.13157408347662,13.1303566863794,-12.));
#3906=CARTESIAN_POINT('Origin',(1.74665615304548E-9,-0.018846372999306,
-35.018846359732));
#3907=CARTESIAN_POINT('',(34.8668149545138,3.03160466862436,-12.));
#3908=CARTESIAN_POINT('',(34.8668149545138,3.03160466862398,-35.018846359732));
#3909=CARTESIAN_POINT('',(34.9999987323525,-0.00941994279678448,-12.));
#3910=CARTESIAN_POINT('Origin',(1.74662950785325E-9,-0.0188463729989241,
-12.));
#3911=CARTESIAN_POINT('',(34.9999987323525,-0.00941994279678478,-11.999846359732));
#3912=CARTESIAN_POINT('',(34.9999987323525,-0.00941994276393672,-29.018846359732));
#3913=CARTESIAN_POINT('Origin',(1.74662950769289E-9,-0.0188463729989241,
-11.999846359732));
#3914=CARTESIAN_POINT('Origin',(34.8668149545138,3.03160466862396,-35.018846359732));
#3915=CARTESIAN_POINT('',(17.4342256368452,1.50645072742523,-12.));
#3916=CARTESIAN_POINT('Origin',(1.74665615304548E-9,-0.018846372999306,
-35.018846359732));
#3917=CARTESIAN_POINT('',(16.633716655927,23.7365629113818,-12.));
#3918=CARTESIAN_POINT('',(16.633716655927,23.7365629113815,-35.0188463597324));
#3919=CARTESIAN_POINT('Origin',(1.74662728742725E-9,-0.0188463729989286,
-12.));
#3920=CARTESIAN_POINT('Origin',(16.633716655927,23.7365629113815,-35.0188463597324));
#3921=CARTESIAN_POINT('',(8.32128577795834,11.8651813218293,-12.));
#3922=CARTESIAN_POINT('Origin',(1.74665615304548E-9,-0.018846372999306,
-35.018846359732));
#3923=CARTESIAN_POINT('',(-34.8668149510205,-3.06929741462221,-11.999846359732));
#3924=CARTESIAN_POINT('',(-34.8668149510205,-3.06929741462259,-35.018846359732));
#3925=CARTESIAN_POINT('',(-34.9999987306059,-0.00942643020213961,-11.999846359732));
#3926=CARTESIAN_POINT('Origin',(1.74662950769289E-9,-0.0188463729989247,
-11.999846359732));
#3927=CARTESIAN_POINT('',(-34.9999987306059,-0.00942643020213991,-12.));
#3928=CARTESIAN_POINT('',(-34.9999987306059,-0.00942643023526966,-29.018846359732));
#3929=CARTESIAN_POINT('Origin',(1.74662950785325E-9,-0.0188463729989247,
-12.));
#3930=CARTESIAN_POINT('Origin',(-34.8668149510205,-3.06929741462259,-35.018846359732));
#3931=CARTESIAN_POINT('',(-34.8651730976565,-3.06915377106569,-12.));
#3932=CARTESIAN_POINT('',(-17.4325893159219,-1.54400031419803,-12.));
#3933=CARTESIAN_POINT('',(-34.8651730976565,-3.06915377106569,-11.999846359732));
#3934=CARTESIAN_POINT('',(-34.8651730976565,-3.06915377106569,-12.));
#3935=CARTESIAN_POINT('',(-14.4448231205837,-1.28260464283996,-11.999846359732));
#3936=CARTESIAN_POINT('Origin',(1.74665615304548E-9,-0.018846372999306,
-35.018846359732));
#3937=CARTESIAN_POINT('',(12.2559295922269,-26.3017721970618,-12.));
#3938=CARTESIAN_POINT('',(12.2559295922269,-26.3017721970622,-35.0188463597316));
#3939=CARTESIAN_POINT('Origin',(1.74662950787329E-9,-0.0188463729989286,
-12.));
#3940=CARTESIAN_POINT('Origin',(12.2559295922269,-26.3017721970621,-35.0188463597316));
#3941=CARTESIAN_POINT('',(14.7844201997018,-31.7241378032351,-11.9998463597315));
#3942=CARTESIAN_POINT('',(7.39581969241515,-15.8792328824784,-11.9998463597317));
#3943=CARTESIAN_POINT('',(14.7844201997018,-31.7241378032351,-12.));
#3944=CARTESIAN_POINT('',(14.7844201997018,-31.7241378032351,-12.));
#3945=CARTESIAN_POINT('',(6.12435550700365,-13.1525691376834,-12.));
#3946=CARTESIAN_POINT('Origin',(1.74662978524864E-9,-0.0188463729989286,
-11.999846359732));
#3947=CARTESIAN_POINT('Origin',(0.,0.,-11.999846359732));
#3948=CARTESIAN_POINT('Origin',(1.74662978524864E-9,-0.0188463729989286,
-11.999846359732));
#3949=CARTESIAN_POINT('',(-1.59997225140154,-32.0094235732013,-11.9998463597315));
#3950=CARTESIAN_POINT('',(1.6,-32.0000004768372,-11.999846359732));
#3951=CARTESIAN_POINT('Origin',(-3.91886981566724E-15,-32.0000004768372,
-11.999846359732));
#3952=CARTESIAN_POINT('',(1.54548132380912,-31.6047359008349,-11.9998463597315));
#3953=CARTESIAN_POINT('Origin',(1.74660758078815E-9,-32.0188463729989,-11.9998463597315));
#3954=CARTESIAN_POINT('',(1.59997225314815,-32.0094232766349,-11.9998463597315));
#3955=CARTESIAN_POINT('Origin',(1.74660758078815E-9,-32.0188463729989,-11.9998463597315));
#3956=CARTESIAN_POINT('Origin',(-3.91886981566724E-15,-32.0000004768372,
-11.999846359732));
#3957=CARTESIAN_POINT('Origin',(1.74662978524864E-9,-0.0188463729989286,
-11.999846359732));
#3958=CARTESIAN_POINT('',(-17.5999723702928,-27.7222567034705,-11.9998463597316));
#3959=CARTESIAN_POINT('',(-14.4000002384186,-27.7128133340551,-11.999846359732));
#3960=CARTESIAN_POINT('Origin',(-16.0000002384186,-27.7128133340551,-11.999846359732));
#3961=CARTESIAN_POINT('',(-14.4545186761909,-27.3175488219369,-11.9998463597316));
#3962=CARTESIAN_POINT('Origin',(-15.9999999982534,-27.7316592941009,-11.9998463597316));
#3963=CARTESIAN_POINT('',(-14.4000278663792,-27.722215924686,-11.9998463597316));
#3964=CARTESIAN_POINT('Origin',(-15.9999999982534,-27.7316592941009,-11.9998463597316));
#3965=CARTESIAN_POINT('Origin',(-16.0000002384186,-27.7128133340551,-11.999846359732));
#3966=CARTESIAN_POINT('Origin',(-16.0000002384186,-27.7128133340551,-9.));
#3967=CARTESIAN_POINT('',(-14.4000002384186,-27.7128133340551,-7.));
#3968=CARTESIAN_POINT('Origin',(-16.0000002384186,-27.7128133340551,-7.));
#3969=CARTESIAN_POINT('',(-14.4000002384186,-27.7128133340551,-9.));
#3970=CARTESIAN_POINT('',(-14.4000278663792,-27.722215924686,-12.));
#3971=CARTESIAN_POINT('',(-14.4000278663792,-27.7222159246844,-29.0188463597316));
#3972=CARTESIAN_POINT('',(-17.5999723702928,-27.7222567034705,-12.));
#3973=CARTESIAN_POINT('Origin',(-16.0000002384186,-27.7128133340551,-12.));
#3974=CARTESIAN_POINT('',(-17.5999723702928,-27.7222567034723,-29.0188463597316));
#3975=CARTESIAN_POINT('Origin',(-3.91886981566724E-15,-32.0000004768372,
-9.));
#3976=CARTESIAN_POINT('',(1.6,-32.0000004768372,-10.));
#3977=CARTESIAN_POINT('Origin',(-3.91886981566724E-15,-32.0000004768372,
-10.));
#3978=CARTESIAN_POINT('',(1.6,-32.0000004768372,-9.));
#3979=CARTESIAN_POINT('',(1.59997225314815,-32.0094232766349,-12.));
#3980=CARTESIAN_POINT('',(1.59997225314816,-32.0094232766334,-29.0188463597315));
#3981=CARTESIAN_POINT('',(-1.59997225140154,-32.0094235732013,-12.));
#3982=CARTESIAN_POINT('Origin',(-3.91886981566724E-15,-32.0000004768372,
-12.));
#3983=CARTESIAN_POINT('',(-1.59997225140153,-32.0094235732031,-29.0188463597315));
#3984=CARTESIAN_POINT('Origin',(0.,0.,-12.));
#3985=CARTESIAN_POINT('Origin',(0.,0.,-7.));
#3986=CARTESIAN_POINT('',(-30.3108895454085,-17.5000002384186,-7.));
#3987=CARTESIAN_POINT('',(-30.3108891324554,-17.5,-12.));
#3988=CARTESIAN_POINT('',(-30.3108891324554,-17.5,-12.));
#3989=CARTESIAN_POINT('Origin',(0.,0.,-12.));
#3990=CARTESIAN_POINT('Origin',(0.,0.,-12.));
#3991=CARTESIAN_POINT('Origin',(0.,0.,-11.999846359732));
#3992=CARTESIAN_POINT('Origin',(0.,0.,-12.));
#3993=CARTESIAN_POINT('Origin',(0.,0.,-11.999846359732));
#3994=CARTESIAN_POINT('Origin',(0.,0.,-12.));
#3995=CARTESIAN_POINT('Origin',(0.,0.,-11.999846359732));
#3996=CARTESIAN_POINT('Origin',(0.,0.,-12.));
#3997=CARTESIAN_POINT('Origin',(0.,0.,-7.));
#3998=CARTESIAN_POINT('',(-35.0000004768372,1.20578251336667E-14,-7.));
#3999=CARTESIAN_POINT('Origin',(0.,0.,-7.));
#4000=CARTESIAN_POINT('',(-30.3108895454084,17.5000002384186,-7.));
#4001=CARTESIAN_POINT('Origin',(0.,0.,-7.));
#4002=CARTESIAN_POINT('',(8.57252771082289E-15,35.0000004768372,-7.));
#4003=CARTESIAN_POINT('Origin',(0.,0.,-7.));
#4004=CARTESIAN_POINT('',(30.3108895454085,17.5000002384186,-7.));
#4005=CARTESIAN_POINT('',(35.0000004768372,3.55395168755709E-15,-7.));
#4006=CARTESIAN_POINT('Origin',(0.,0.,-7.));
#4007=CARTESIAN_POINT('',(35.0000004768372,3.55395168755709E-15,-10.));
#4008=CARTESIAN_POINT('',(35.0000004768372,3.48529742284377E-15,-7.));
#4009=CARTESIAN_POINT('',(35.0000004768372,3.48529742284377E-15,-7.));
#4010=CARTESIAN_POINT('Origin',(0.,0.,-7.));
#4011=CARTESIAN_POINT('',(30.3108895454084,-17.5000002384186,-7.));
#4012=CARTESIAN_POINT('Origin',(0.,0.,-7.));
#4013=CARTESIAN_POINT('',(-4.28626385541145E-15,-35.0000004768372,-7.));
#4014=CARTESIAN_POINT('Origin',(0.,0.,-12.));
#4015=CARTESIAN_POINT('Origin',(1.74660758096355E-9,-32.0188463729989,-11.9999999999995));
#4016=CARTESIAN_POINT('Origin',(0.,0.,-12.));
#4017=CARTESIAN_POINT('Origin',(-15.9999999982534,-27.7316592941009,-11.9999999999996));
#4018=CARTESIAN_POINT('Origin',(1.74662950769289E-9,-0.0188463729989241,
-11.999846359732));
#4019=CARTESIAN_POINT('Origin',(1.74662950769289E-9,-0.0188463729989241,
-11.999846359732));
#4020=CARTESIAN_POINT('',(26.11284087726,-16.0093883956881,-11.9998463597317));
#4021=CARTESIAN_POINT('',(29.3128133340551,-16.0000002384186,-11.999846359732));
#4022=CARTESIAN_POINT('Origin',(27.7128133340551,-16.0000002384186,-11.999846359732));
#4023=CARTESIAN_POINT('',(29.2582942449111,-15.6047359008349,-11.9998463597317));
#4024=CARTESIAN_POINT('Origin',(27.7128129228486,-16.0188463729989,-11.9998463597317));
#4025=CARTESIAN_POINT('',(29.3127853796438,-16.0094582157301,-11.9998463597317));
#4026=CARTESIAN_POINT('Origin',(27.7128129228486,-16.0188463729989,-11.9998463597317));
#4027=CARTESIAN_POINT('Origin',(27.7128133340551,-16.0000002384186,-11.999846359732));
#4028=CARTESIAN_POINT('Origin',(1.74662950769289E-9,-0.0188463729989241,
-11.999846359732));
#4029=CARTESIAN_POINT('',(30.4000279889296,-0.00938285345187173,-11.999846359732));
#4030=CARTESIAN_POINT('',(33.6000004768372,-7.30137095134369E-15,-11.999846359732));
#4031=CARTESIAN_POINT('Origin',(32.0000004768372,-7.10542746348012E-15,
-11.999846359732));
#4032=CARTESIAN_POINT('',(33.5454813238091,0.395264099165074,-11.999846359732));
#4033=CARTESIAN_POINT('Origin',(32.0000000017466,-0.0188463729989596,-11.999846359732));
#4034=CARTESIAN_POINT('',(33.5999724896542,-0.00946351954784978,-11.999846359732));
#4035=CARTESIAN_POINT('Origin',(32.0000000017466,-0.0188463729989596,-11.999846359732));
#4036=CARTESIAN_POINT('Origin',(32.0000004768372,-7.10542746348012E-15,
-11.999846359732));
#4037=CARTESIAN_POINT('Origin',(32.0000004768372,-7.10542746348012E-15,
-9.));
#4038=CARTESIAN_POINT('',(33.6000004768372,3.38250113567646E-15,-10.));
#4039=CARTESIAN_POINT('Origin',(32.0000004768372,-7.10542746348012E-15,
-10.));
#4040=CARTESIAN_POINT('',(33.6000004768372,-7.3013709513437E-15,-9.));
#4041=CARTESIAN_POINT('',(33.5999724896542,-0.00946351954784979,-12.));
#4042=CARTESIAN_POINT('',(33.5999724896542,-0.00946351954648213,-29.018846359732));
#4043=CARTESIAN_POINT('',(30.4000279889296,-0.00938285345187173,-12.));
#4044=CARTESIAN_POINT('Origin',(32.0000004768372,-7.10542746348012E-15,
-12.));
#4045=CARTESIAN_POINT('',(30.4000279889296,-0.00938285345352138,-29.018846359732));
#4046=CARTESIAN_POINT('Origin',(27.7128133340551,-16.0000002384186,-9.));
#4047=CARTESIAN_POINT('',(29.3128133340551,-16.0000002384186,-10.));
#4048=CARTESIAN_POINT('Origin',(27.7128133340551,-16.0000002384186,-10.));
#4049=CARTESIAN_POINT('',(29.3128133340551,-16.0000002384186,-9.));
#4050=CARTESIAN_POINT('',(29.3127853796438,-16.0094582157301,-12.));
#4051=CARTESIAN_POINT('',(29.3127853796438,-16.0094582157288,-29.0188463597317));
#4052=CARTESIAN_POINT('',(26.11284087726,-16.0093883956881,-12.));
#4053=CARTESIAN_POINT('Origin',(27.7128133340551,-16.0000002384186,-12.));
#4054=CARTESIAN_POINT('',(26.11284087726,-16.0093883956898,-29.0188463597317));
#4055=CARTESIAN_POINT('Origin',(0.,0.,-12.));
#4056=CARTESIAN_POINT('',(-22.75,-21.5877132402715,-12.));
#4057=CARTESIAN_POINT('',(-20.,-23.175426480543,-12.));
#4058=CARTESIAN_POINT('',(-17.5176270189222,-24.6086251893973,-12.));
#4059=CARTESIAN_POINT('',(-17.25,-21.5877132402715,-12.));
#4060=CARTESIAN_POINT('',(-6.1073729810778,-15.1545145314172,-12.));
#4061=CARTESIAN_POINT('',(-17.25,-18.4122867597285,-12.));
#4062=CARTESIAN_POINT('',(-17.25,-9.20614337986427,-12.));
#4063=CARTESIAN_POINT('',(-20.,-16.8245735194571,-12.));
#4064=CARTESIAN_POINT('',(-16.1426270189222,-19.0516288484471,-12.));
#4065=CARTESIAN_POINT('',(-22.75,-18.4122867597285,-12.));
#4066=CARTESIAN_POINT('',(-22.0470946615246,-18.0064641733449,-12.));
#4067=CARTESIAN_POINT('',(-22.75,-10.7938566201357,-12.));
#4068=CARTESIAN_POINT('',(-26.1128133340551,-16.0000002384186,-12.));
#4069=CARTESIAN_POINT('Origin',(-27.7128133340551,-16.0000002384186,-12.));
#4070=CARTESIAN_POINT('',(-23.1754264805429,20.,-12.));
#4071=CARTESIAN_POINT('',(-21.5877132402715,22.75,-12.));
#4072=CARTESIAN_POINT('',(-28.5468657495462,10.6963942763157,-12.));
#4073=CARTESIAN_POINT('',(-21.5877132402715,17.25,-12.));
#4074=CARTESIAN_POINT('',(-15.1545145314171,6.10737298107781,-12.));
#4075=CARTESIAN_POINT('',(-18.4122867597285,17.25,-12.));
#4076=CARTESIAN_POINT('',(-9.20614337986426,17.25,-12.));
#4077=CARTESIAN_POINT('',(-16.8245735194571,20.,-12.));
#4078=CARTESIAN_POINT('',(-19.0516288484471,16.1426270189222,-12.));
#4079=CARTESIAN_POINT('',(-18.4122867597285,22.75,-12.));
#4080=CARTESIAN_POINT('',(-11.1852314307385,10.2323729810778,-12.));
#4081=CARTESIAN_POINT('',(-10.7938566201357,22.75,-12.));
#4082=CARTESIAN_POINT('',(23.1754264805429,-20.,-12.));
#4083=CARTESIAN_POINT('',(21.5877132402715,-22.75,-12.));
#4084=CARTESIAN_POINT('',(28.5468657495462,-10.6963942763157,-12.));
#4085=CARTESIAN_POINT('',(21.5877132402715,-17.25,-12.));
#4086=CARTESIAN_POINT('',(15.1545145314172,-6.1073729810778,-12.));
#4087=CARTESIAN_POINT('',(18.4122867597285,-17.25,-12.));
#4088=CARTESIAN_POINT('',(9.20614337986426,-17.25,-12.));
#4089=CARTESIAN_POINT('',(16.8245735194571,-20.,-12.));
#4090=CARTESIAN_POINT('',(19.0516288484471,-16.1426270189222,-12.));
#4091=CARTESIAN_POINT('',(18.4122867597285,-22.75,-12.));
#4092=CARTESIAN_POINT('',(11.1852314307385,-10.2323729810778,-12.));
#4093=CARTESIAN_POINT('',(10.7938566201357,-22.75,-12.));
#4094=CARTESIAN_POINT('',(29.3128133340551,16.0000002384186,-12.));
#4095=CARTESIAN_POINT('Origin',(27.7128133340551,16.0000002384186,-12.));
#4096=CARTESIAN_POINT('',(22.75,18.4122867597285,-12.));
#4097=CARTESIAN_POINT('',(20.,16.8245735194571,-12.));
#4098=CARTESIAN_POINT('',(22.0470946615246,18.0064641733449,-12.));
#4099=CARTESIAN_POINT('',(22.75,21.5877132402715,-12.));
#4100=CARTESIAN_POINT('',(22.75,10.7938566201357,-12.));
#4101=CARTESIAN_POINT('',(20.,23.1754264805429,-12.));
#4102=CARTESIAN_POINT('',(29.332348699369,17.7873924467908,-12.));
#4103=CARTESIAN_POINT('',(17.25,21.5877132402715,-12.));
#4104=CARTESIAN_POINT('',(6.10737298107781,15.1545145314171,-12.));
#4105=CARTESIAN_POINT('',(17.25,18.4122867597285,-12.));
#4106=CARTESIAN_POINT('',(17.25,9.20614337986426,-12.));
#4107=CARTESIAN_POINT('',(16.1426270189222,19.0516288484471,-12.));
#4108=CARTESIAN_POINT('',(15.,1.83697019872103E-15,-12.));
#4109=CARTESIAN_POINT('Origin',(0.,0.,-12.));
#4110=CARTESIAN_POINT('Origin',(0.,0.,-12.));
#4111=CARTESIAN_POINT('Origin',(27.7128129228486,-16.0188463729989,-11.9999999999997));
#4112=CARTESIAN_POINT('Origin',(0.,0.,-12.));
#4113=CARTESIAN_POINT('Origin',(32.0000000017466,-0.0188463729989596,-12.));
#4114=CARTESIAN_POINT('Origin',(1.74662950769289E-9,-0.0188463729989286,
-11.999846359732));
#4115=CARTESIAN_POINT('',(-17.5999723678607,27.7033695525793,-11.9998463597325));
#4116=CARTESIAN_POINT('',(-14.4000002384186,27.7128133340551,-11.999846359732));
#4117=CARTESIAN_POINT('Origin',(-16.0000002384186,27.7128133340551,-11.999846359732));
#4118=CARTESIAN_POINT('',(-14.4545186761908,28.1080770202672,-11.9998463597325));
#4119=CARTESIAN_POINT('Origin',(-15.9999999982534,27.6939665481031,-11.9998463597325));
#4120=CARTESIAN_POINT('',(-14.4000278688113,27.703410329579,-11.9998463597325));
#4121=CARTESIAN_POINT('Origin',(-15.9999999982534,27.6939665481031,-11.9998463597325));
#4122=CARTESIAN_POINT('Origin',(-16.0000002384186,27.7128133340551,-11.999846359732));
#4123=CARTESIAN_POINT('Origin',(-16.0000002384186,27.7128133340551,-9.));
#4124=CARTESIAN_POINT('',(-14.4000002384186,27.7128133340551,-7.));
#4125=CARTESIAN_POINT('Origin',(-16.0000002384186,27.7128133340551,-7.));
#4126=CARTESIAN_POINT('',(-14.4000002384186,27.7128133340551,-9.));
#4127=CARTESIAN_POINT('',(-14.4000278688113,27.703410329579,-12.));
#4128=CARTESIAN_POINT('',(-14.4000278688113,27.7034103295805,-29.0188463597325));
#4129=CARTESIAN_POINT('',(-17.5999723678607,27.7033695525793,-12.));
#4130=CARTESIAN_POINT('Origin',(-16.0000002384186,27.7128133340551,-12.));
#4131=CARTESIAN_POINT('',(-17.5999723678606,27.7033695525774,-29.0188463597325));
#4132=CARTESIAN_POINT('Origin',(0.,0.,-12.));
#4133=CARTESIAN_POINT('Origin',(-15.9999999982534,27.6939665481031,-12.0000000000005));
#4134=CARTESIAN_POINT('Origin',(1.74662950769289E-9,-0.0188463729989247,
-11.999846359732));
#4135=CARTESIAN_POINT('Origin',(1.74662950769289E-9,-0.0188463729989247,
-11.999846359732));
#4136=CARTESIAN_POINT('',(-29.3127853764865,15.9905417270147,-11.9998463597323));
#4137=CARTESIAN_POINT('',(-26.1128133340551,16.0000002384186,-11.999846359732));
#4138=CARTESIAN_POINT('Origin',(-27.7128133340551,16.0000002384186,-11.999846359732));
#4139=CARTESIAN_POINT('',(-26.1673315972929,16.3952640991651,-11.9998463597323));
#4140=CARTESIAN_POINT('Origin',(-27.7128129193554,15.9811536270011,-11.9998463597323));
#4141=CARTESIAN_POINT('',(-26.112840876924,15.9906121384043,-11.9998463597323));
#4142=CARTESIAN_POINT('Origin',(-27.7128129193554,15.9811536270011,-11.9998463597323));
#4143=CARTESIAN_POINT('Origin',(-27.7128133340551,16.0000002384186,-11.999846359732));
#4144=CARTESIAN_POINT('Origin',(1.74662950769289E-9,-0.0188463729989247,
-11.999846359732));
#4145=CARTESIAN_POINT('',(-33.5999724879001,-0.0094638161101695,-11.999846359732));
#4146=CARTESIAN_POINT('',(-30.4000004768372,-7.30137095134369E-15,-11.999846359732));
#4147=CARTESIAN_POINT('Origin',(-32.0000004768372,-7.10542746348012E-15,
-11.999846359732));
#4148=CARTESIAN_POINT('',(-30.4545186761909,0.395264099165125,-11.999846359732));
#4149=CARTESIAN_POINT('Origin',(-31.9999999982534,-0.0188463729989069,-11.999846359732));
#4150=CARTESIAN_POINT('',(-30.4000279871905,-0.00938255688949928,-11.999846359732));
#4151=CARTESIAN_POINT('Origin',(-31.9999999982534,-0.0188463729989069,-11.999846359732));
#4152=CARTESIAN_POINT('Origin',(-32.0000004768372,-7.10542746348012E-15,
-11.999846359732));
#4153=CARTESIAN_POINT('Origin',(-32.0000004768372,-7.10542746348012E-15,
-9.));
#4154=CARTESIAN_POINT('',(-30.4000004768372,1.12202407670109E-14,-10.));
#4155=CARTESIAN_POINT('Origin',(-32.0000004768372,-7.10542746348012E-15,
-10.));
#4156=CARTESIAN_POINT('',(-30.4000004768372,-7.3013709513437E-15,-9.));
#4157=CARTESIAN_POINT('',(-30.4000279871905,-0.00938255688949928,-12.));
#4158=CARTESIAN_POINT('',(-30.4000279871905,-0.00938255688813284,-29.018846359732));
#4159=CARTESIAN_POINT('',(-33.5999724879001,-0.00946381611016951,-12.));
#4160=CARTESIAN_POINT('Origin',(-32.0000004768372,-7.10542746348012E-15,
-12.));
#4161=CARTESIAN_POINT('',(-33.5999724879,-0.00946381611181794,-29.018846359732));
#4162=CARTESIAN_POINT('Origin',(-27.7128133340551,16.0000002384186,-9.));
#4163=CARTESIAN_POINT('',(-26.1128133340551,16.0000002384186,-10.));
#4164=CARTESIAN_POINT('Origin',(-27.7128133340551,16.0000002384186,-10.));
#4165=CARTESIAN_POINT('',(-26.1128133340551,16.0000002384186,-9.));
#4166=CARTESIAN_POINT('',(-26.112840876924,15.9906121384043,-12.));
#4167=CARTESIAN_POINT('',(-26.112840876924,15.9906121384056,-29.0188463597323));
#4168=CARTESIAN_POINT('',(-29.3127853764865,15.9905417270147,-12.));
#4169=CARTESIAN_POINT('Origin',(-27.7128133340551,16.0000002384186,-12.));
#4170=CARTESIAN_POINT('',(-29.3127853764865,15.990541727013,-29.0188463597323));
#4171=CARTESIAN_POINT('Origin',(0.,0.,-12.));
#4172=CARTESIAN_POINT('Origin',(-27.7128129193554,15.9811536270011,-12.0000000000003));
#4173=CARTESIAN_POINT('Origin',(0.,0.,-12.));
#4174=CARTESIAN_POINT('Origin',(-31.9999999982534,-0.0188463729989069,-12.));
#4175=CARTESIAN_POINT('Origin',(1.74662728724684E-9,-0.0188463729989286,
-11.999846359732));
#4176=CARTESIAN_POINT('',(14.4000278705542,27.7034100330227,-11.9998463597324));
#4177=CARTESIAN_POINT('',(17.6000002384186,27.7128133340551,-11.999846359732));
#4178=CARTESIAN_POINT('Origin',(16.0000002384186,27.7128133340551,-11.999846359732));
#4179=CARTESIAN_POINT('',(17.5454813238091,28.1080770202671,-11.9998463597324));
#4180=CARTESIAN_POINT('Origin',(16.0000000017466,27.6939665481031,-11.9998463597324));
#4181=CARTESIAN_POINT('',(17.5999723696111,27.7033698491347,-11.9998463597324));
#4182=CARTESIAN_POINT('Origin',(16.0000000017466,27.6939665481031,-11.9998463597324));
#4183=CARTESIAN_POINT('Origin',(16.0000002384186,27.7128133340551,-11.999846359732));
#4184=CARTESIAN_POINT('Origin',(1.74662728724684E-9,-0.0188463729989286,
-11.999846359732));
#4185=CARTESIAN_POINT('',(-1.59997224859314,31.9905769036401,-11.9998463597325));
#4186=CARTESIAN_POINT('',(1.6,32.0000004768372,-11.999846359732));
#4187=CARTESIAN_POINT('Origin',(0.,32.0000004768372,-11.999846359732));
#4188=CARTESIAN_POINT('',(1.54548132380915,32.3952640991651,-11.9998463597325));
#4189=CARTESIAN_POINT('Origin',(1.74664949170733E-9,31.9811536270011,-11.9998463597325));
#4190=CARTESIAN_POINT('',(1.59997225033979,31.9905772001979,-11.9998463597325));
#4191=CARTESIAN_POINT('Origin',(1.74664949170733E-9,31.9811536270011,-11.9998463597325));
#4192=CARTESIAN_POINT('Origin',(0.,32.0000004768372,-11.999846359732));
#4193=CARTESIAN_POINT('Origin',(0.,32.0000004768372,-9.));
#4194=CARTESIAN_POINT('',(1.60000000000001,32.0000004768372,-10.));
#4195=CARTESIAN_POINT('Origin',(0.,32.0000004768372,-10.));
#4196=CARTESIAN_POINT('',(1.6,32.0000004768372,-9.));
#4197=CARTESIAN_POINT('',(1.59997225033979,31.9905772001979,-12.));
#4198=CARTESIAN_POINT('',(1.5999722503398,31.9905772001995,-29.0188463597325));
#4199=CARTESIAN_POINT('',(-1.59997224859314,31.9905769036401,-12.));
#4200=CARTESIAN_POINT('Origin',(0.,32.0000004768372,-12.));
#4201=CARTESIAN_POINT('',(-1.59997224859313,31.9905769036382,-29.0188463597325));
#4202=CARTESIAN_POINT('Origin',(16.0000002384186,27.7128133340551,-9.));
#4203=CARTESIAN_POINT('',(17.6000002384186,27.7128133340551,-7.));
#4204=CARTESIAN_POINT('Origin',(16.0000002384186,27.7128133340551,-7.));
#4205=CARTESIAN_POINT('',(17.6000002384186,27.7128133340551,-9.));
#4206=CARTESIAN_POINT('',(17.5999723696111,27.7033698491347,-12.));
#4207=CARTESIAN_POINT('',(17.5999723696111,27.7033698491363,-29.0188463597324));
#4208=CARTESIAN_POINT('',(14.4000278705542,27.7034100330227,-12.));
#4209=CARTESIAN_POINT('Origin',(16.0000002384186,27.7128133340551,-12.));
#4210=CARTESIAN_POINT('',(14.4000278705542,27.7034100330209,-29.0188463597324));
#4211=CARTESIAN_POINT('Origin',(0.,0.,-12.));
#4212=CARTESIAN_POINT('Origin',(16.0000000017466,27.6939665481031,-12.0000000000004));
#4213=CARTESIAN_POINT('Origin',(0.,0.,-12.));
#4214=CARTESIAN_POINT('Origin',(1.74664949188774E-9,31.9811536270011,-12.0000000000005));
#4215=CARTESIAN_POINT('Origin',(1.74662950769289E-9,-0.0188463729989286,
-11.999846359732));
#4216=CARTESIAN_POINT('Origin',(1.74662950769289E-9,-0.0188463729989286,
-11.999846359732));
#4217=CARTESIAN_POINT('',(14.400027868122,-27.7222162212531,-11.9998463597315));
#4218=CARTESIAN_POINT('',(17.6000002384186,-27.7128133340551,-11.999846359732));
#4219=CARTESIAN_POINT('Origin',(16.0000002384186,-27.7128133340551,-11.999846359732));
#4220=CARTESIAN_POINT('',(17.5454813238091,-27.3175488219369,-11.9998463597315));
#4221=CARTESIAN_POINT('Origin',(16.0000000017466,-27.731659294101,-11.9998463597315));
#4222=CARTESIAN_POINT('',(17.5999723720432,-27.722256406903,-11.9998463597315));
#4223=CARTESIAN_POINT('Origin',(16.0000000017466,-27.731659294101,-11.9998463597315));
#4224=CARTESIAN_POINT('Origin',(16.0000002384186,-27.7128133340551,-11.999846359732));
#4225=CARTESIAN_POINT('Origin',(16.0000002384186,-27.7128133340551,-9.));
#4226=CARTESIAN_POINT('',(17.6000002384186,-27.7128133340551,-7.));
#4227=CARTESIAN_POINT('Origin',(16.0000002384186,-27.7128133340551,-7.));
#4228=CARTESIAN_POINT('',(17.6000002384186,-27.7128133340551,-9.));
#4229=CARTESIAN_POINT('',(17.5999723720432,-27.722256406903,-12.));
#4230=CARTESIAN_POINT('',(17.5999723720432,-27.7222564069014,-29.0188463597315));
#4231=CARTESIAN_POINT('',(14.400027868122,-27.7222162212531,-12.));
#4232=CARTESIAN_POINT('Origin',(16.0000002384186,-27.7128133340551,-12.));
#4233=CARTESIAN_POINT('',(14.400027868122,-27.722216221255,-29.0188463597315));
#4234=CARTESIAN_POINT('Origin',(0.,0.,-12.));
#4235=CARTESIAN_POINT('Origin',(16.0000000017466,-27.731659294101,-11.9999999999995));
#4236=CARTESIAN_POINT('Origin',(-20.,-23.175426480543,-10.));
#4237=CARTESIAN_POINT('',(-22.75,-21.5877132402715,-10.));
#4238=CARTESIAN_POINT('',(-22.75,-21.5877132402715,-10.));
#4239=CARTESIAN_POINT('',(-20.,-23.175426480543,-10.));
#4240=CARTESIAN_POINT('',(-22.75,-21.5877132402715,-10.));
#4241=CARTESIAN_POINT('',(-20.,-23.175426480543,-10.));
#4242=CARTESIAN_POINT('Origin',(-22.75,-21.5877132402715,-10.));
#4243=CARTESIAN_POINT('',(-22.75,-18.4122867597285,-10.));
#4244=CARTESIAN_POINT('',(-22.75,-18.4122867597285,-10.));
#4245=CARTESIAN_POINT('',(-22.75,-18.4122867597285,-10.));
#4246=CARTESIAN_POINT('Origin',(-22.75,-18.4122867597285,-10.));
#4247=CARTESIAN_POINT('',(-20.,-16.8245735194571,-10.));
#4248=CARTESIAN_POINT('',(-20.,-16.8245735194571,-10.));
#4249=CARTESIAN_POINT('',(-20.,-16.8245735194571,-10.));
#4250=CARTESIAN_POINT('Origin',(23.1754264805429,-20.,-10.));
#4251=CARTESIAN_POINT('',(21.5877132402715,-22.75,-10.));
#4252=CARTESIAN_POINT('',(21.5877132402715,-22.75,-10.));
#4253=CARTESIAN_POINT('',(23.1754264805429,-20.,-10.));
#4254=CARTESIAN_POINT('',(21.5877132402715,-22.75,-10.));
#4255=CARTESIAN_POINT('',(23.1754264805429,-20.,-10.));
#4256=CARTESIAN_POINT('Origin',(20.,23.1754264805429,-10.));
#4257=CARTESIAN_POINT('',(22.75,21.5877132402715,-10.));
#4258=CARTESIAN_POINT('',(22.75,21.5877132402715,-10.));
#4259=CARTESIAN_POINT('',(20.,23.1754264805429,-10.));
#4260=CARTESIAN_POINT('',(22.75,21.5877132402715,-10.));
#4261=CARTESIAN_POINT('',(20.,23.1754264805429,-10.));
#4262=CARTESIAN_POINT('Origin',(-27.7128133340551,16.0000002384186,-7.));
#4263=CARTESIAN_POINT('Origin',(-27.7128133340551,16.0000002384186,-10.));
#4264=CARTESIAN_POINT('Origin',(-27.7128133340551,16.0000002384186,-7.));
#4265=CARTESIAN_POINT('Origin',(-27.7128133340551,16.0000002384186,-10.));
#4266=CARTESIAN_POINT('Origin',(27.7128133340551,-16.0000002384186,-7.));
#4267=CARTESIAN_POINT('Origin',(27.7128133340551,-16.0000002384186,-10.));
#4268=CARTESIAN_POINT('Origin',(27.7128133340551,-16.0000002384186,-7.));
#4269=CARTESIAN_POINT('Origin',(27.7128133340551,-16.0000002384186,-10.));
#4270=CARTESIAN_POINT('Origin',(32.0000004768372,3.18655764781288E-15,-7.));
#4271=CARTESIAN_POINT('Origin',(32.0000004768372,3.18655764781288E-15,-7.));
#4272=CARTESIAN_POINT('Origin',(32.0000004768372,3.18655764781288E-15,-10.));
#4273=CARTESIAN_POINT('Origin',(32.0000004768372,3.33066907387547E-15,-10.));
#4274=CARTESIAN_POINT('Origin',(-32.0000004768372,1.10242972791474E-14,
-7.));
#4275=CARTESIAN_POINT('Origin',(-32.0000004768372,1.10242972791474E-14,
-10.));
#4276=CARTESIAN_POINT('Origin',(-32.0000004768372,1.10242972791474E-14,
-7.));
#4277=CARTESIAN_POINT('Origin',(-32.0000004768372,1.11022302462516E-14,
-10.));
#4278=CARTESIAN_POINT('Origin',(7.83773963133448E-15,32.0000004768372,-7.));
#4279=CARTESIAN_POINT('Origin',(7.83773963133448E-15,32.0000004768372,-10.));
#4280=CARTESIAN_POINT('Origin',(7.83773963133448E-15,32.0000004768372,-7.));
#4281=CARTESIAN_POINT('Origin',(7.7715611723761E-15,32.0000004768372,-10.));
#4282=CARTESIAN_POINT('Origin',(-3.91886981566724E-15,-32.0000004768372,
-7.));
#4283=CARTESIAN_POINT('Origin',(-3.91886981566724E-15,-32.0000004768372,
-10.));
#4284=CARTESIAN_POINT('Origin',(-3.91886981566724E-15,-32.0000004768372,
-7.));
#4285=CARTESIAN_POINT('Origin',(-3.88578058618805E-15,-32.0000004768372,
-10.));
#4286=CARTESIAN_POINT('Origin',(27.7128133340551,16.0000002384186,-7.));
#4287=CARTESIAN_POINT('Origin',(27.7128133340551,16.0000002384186,-10.));
#4288=CARTESIAN_POINT('Origin',(27.7128133340551,16.0000002384186,-7.));
#4289=CARTESIAN_POINT('Origin',(27.7128133340551,16.0000002384186,-10.));
#4290=CARTESIAN_POINT('',(29.3128133340551,16.0000002384186,-10.));
#4291=CARTESIAN_POINT('Origin',(27.7128133340551,16.0000002384186,-10.));
#4292=CARTESIAN_POINT('Origin',(-27.7128133340551,-16.0000002384186,-7.));
#4293=CARTESIAN_POINT('Origin',(-27.7128133340551,-16.0000002384186,-10.));
#4294=CARTESIAN_POINT('Origin',(-27.7128133340551,-16.0000002384186,-7.));
#4295=CARTESIAN_POINT('Origin',(-27.7128133340551,-16.0000002384186,-10.));
#4296=CARTESIAN_POINT('',(-26.1128133340551,-16.0000002384186,-10.));
#4297=CARTESIAN_POINT('Origin',(-27.7128133340551,-16.0000002384186,-10.));
#4298=CARTESIAN_POINT('Origin',(0.,0.,-7.));
#4299=CARTESIAN_POINT('',(-21.6,-20.,-7.));
#4300=CARTESIAN_POINT('Origin',(-20.,-20.,-7.));
#4301=CARTESIAN_POINT('',(-21.6,20.,-7.));
#4302=CARTESIAN_POINT('Origin',(-20.,20.,-7.));
#4303=CARTESIAN_POINT('',(18.4,-20.,-7.));
#4304=CARTESIAN_POINT('Origin',(20.,-20.,-7.));
#4305=CARTESIAN_POINT('',(15.,0.,-7.));
#4306=CARTESIAN_POINT('Origin',(0.,0.,-7.));
#4307=CARTESIAN_POINT('',(18.4,20.,-7.));
#4308=CARTESIAN_POINT('Origin',(20.,20.,-7.));
#4309=CARTESIAN_POINT('Origin',(17.25,21.5877132402715,-10.));
#4310=CARTESIAN_POINT('',(17.25,21.5877132402715,-10.));
#4311=CARTESIAN_POINT('',(20.,23.1754264805429,-10.));
#4312=CARTESIAN_POINT('',(17.25,21.5877132402715,-10.));
#4313=CARTESIAN_POINT('Origin',(17.25,18.4122867597285,-10.));
#4314=CARTESIAN_POINT('',(17.25,18.4122867597285,-10.));
#4315=CARTESIAN_POINT('',(17.25,21.5877132402715,-10.));
#4316=CARTESIAN_POINT('',(17.25,18.4122867597285,-10.));
#4317=CARTESIAN_POINT('Origin',(20.,16.8245735194571,-10.));
#4318=CARTESIAN_POINT('',(20.,16.8245735194571,-10.));
#4319=CARTESIAN_POINT('',(17.25,18.4122867597285,-10.));
#4320=CARTESIAN_POINT('',(20.,16.8245735194571,-10.));
#4321=CARTESIAN_POINT('Origin',(22.75,18.4122867597285,-10.));
#4322=CARTESIAN_POINT('',(22.75,18.4122867597285,-10.));
#4323=CARTESIAN_POINT('',(20.,16.8245735194571,-10.));
#4324=CARTESIAN_POINT('',(22.75,18.4122867597285,-10.));
#4325=CARTESIAN_POINT('Origin',(22.75,21.5877132402715,-10.));
#4326=CARTESIAN_POINT('',(22.75,18.4122867597285,-10.));
#4327=CARTESIAN_POINT('Origin',(20.,20.,-10.));
#4328=CARTESIAN_POINT('',(18.4,20.,-10.));
#4329=CARTESIAN_POINT('Origin',(20.,20.,-10.));
#4330=CARTESIAN_POINT('Origin',(-20.,-16.8245735194571,-10.));
#4331=CARTESIAN_POINT('',(-17.25,-18.4122867597285,-10.));
#4332=CARTESIAN_POINT('',(-17.25,-18.4122867597285,-10.));
#4333=CARTESIAN_POINT('',(-17.25,-18.4122867597285,-10.));
#4334=CARTESIAN_POINT('Origin',(-17.25,-21.5877132402715,-10.));
#4335=CARTESIAN_POINT('',(-17.25,-21.5877132402715,-10.));
#4336=CARTESIAN_POINT('',(-20.,-23.175426480543,-10.));
#4337=CARTESIAN_POINT('',(-17.25,-21.5877132402715,-10.));
#4338=CARTESIAN_POINT('Origin',(-17.25,-18.4122867597285,-10.));
#4339=CARTESIAN_POINT('',(-17.25,-21.5877132402715,-10.));
#4340=CARTESIAN_POINT('Origin',(-20.,-20.,-10.));
#4341=CARTESIAN_POINT('',(-21.6,-20.,-10.));
#4342=CARTESIAN_POINT('Origin',(-20.,-20.,-10.));
#4343=CARTESIAN_POINT('Origin',(-23.1754264805429,20.,-10.));
#4344=CARTESIAN_POINT('',(-21.5877132402715,22.75,-10.));
#4345=CARTESIAN_POINT('',(-21.5877132402715,22.75,-10.));
#4346=CARTESIAN_POINT('',(-23.1754264805429,20.,-10.));
#4347=CARTESIAN_POINT('',(-21.5877132402715,22.75,-10.));
#4348=CARTESIAN_POINT('',(-23.1754264805429,20.,-10.));
#4349=CARTESIAN_POINT('Origin',(-21.5877132402715,17.25,-10.));
#4350=CARTESIAN_POINT('',(-21.5877132402715,17.25,-10.));
#4351=CARTESIAN_POINT('',(-23.1754264805429,20.,-10.));
#4352=CARTESIAN_POINT('',(-21.5877132402715,17.25,-10.));
#4353=CARTESIAN_POINT('Origin',(-18.4122867597285,17.25,-10.));
#4354=CARTESIAN_POINT('',(-18.4122867597285,17.25,-10.));
#4355=CARTESIAN_POINT('',(-21.5877132402715,17.25,-10.));
#4356=CARTESIAN_POINT('',(-18.4122867597285,17.25,-10.));
#4357=CARTESIAN_POINT('Origin',(-16.8245735194571,20.,-10.));
#4358=CARTESIAN_POINT('',(-16.8245735194571,20.,-10.));
#4359=CARTESIAN_POINT('',(-18.4122867597285,17.25,-10.));
#4360=CARTESIAN_POINT('',(-16.8245735194571,20.,-10.));
#4361=CARTESIAN_POINT('Origin',(-18.4122867597285,22.75,-10.));
#4362=CARTESIAN_POINT('',(-18.4122867597285,22.75,-10.));
#4363=CARTESIAN_POINT('',(-16.8245735194571,20.,-10.));
#4364=CARTESIAN_POINT('',(-18.4122867597285,22.75,-10.));
#4365=CARTESIAN_POINT('Origin',(-21.5877132402715,22.75,-10.));
#4366=CARTESIAN_POINT('',(-18.4122867597285,22.75,-10.));
#4367=CARTESIAN_POINT('Origin',(-20.,20.,-10.));
#4368=CARTESIAN_POINT('',(-21.6,20.,-10.));
#4369=CARTESIAN_POINT('Origin',(-20.,20.,-10.));
#4370=CARTESIAN_POINT('Origin',(21.5877132402715,-17.25,-10.));
#4371=CARTESIAN_POINT('',(21.5877132402715,-17.25,-10.));
#4372=CARTESIAN_POINT('',(23.1754264805429,-20.,-10.));
#4373=CARTESIAN_POINT('',(21.5877132402715,-17.25,-10.));
#4374=CARTESIAN_POINT('Origin',(16.8245735194571,-20.,-10.));
#4375=CARTESIAN_POINT('',(18.4122867597285,-17.25,-10.));
#4376=CARTESIAN_POINT('',(18.4122867597285,-17.25,-10.));
#4377=CARTESIAN_POINT('',(16.8245735194571,-20.,-10.));
#4378=CARTESIAN_POINT('',(18.4122867597285,-17.25,-10.));
#4379=CARTESIAN_POINT('',(16.8245735194571,-20.,-10.));
#4380=CARTESIAN_POINT('Origin',(18.4122867597285,-22.75,-10.));
#4381=CARTESIAN_POINT('',(18.4122867597285,-22.75,-10.));
#4382=CARTESIAN_POINT('',(16.8245735194571,-20.,-10.));
#4383=CARTESIAN_POINT('',(18.4122867597285,-22.75,-10.));
#4384=CARTESIAN_POINT('Origin',(21.5877132402715,-22.75,-10.));
#4385=CARTESIAN_POINT('',(18.4122867597285,-22.75,-10.));
#4386=CARTESIAN_POINT('Origin',(18.4122867597285,-17.25,-10.));
#4387=CARTESIAN_POINT('',(21.5877132402715,-17.25,-10.));
#4388=CARTESIAN_POINT('Origin',(20.,-20.,-10.));
#4389=CARTESIAN_POINT('',(18.4,-20.,-10.));
#4390=CARTESIAN_POINT('Origin',(20.,-20.,-10.));
#4391=CARTESIAN_POINT('Origin',(-20.,-20.,-12.));
#4392=CARTESIAN_POINT('',(-21.6,-20.,-12.));
#4393=CARTESIAN_POINT('Origin',(-20.,20.,-12.));
#4394=CARTESIAN_POINT('',(-21.6,20.,-12.));
#4395=CARTESIAN_POINT('Origin',(0.,0.,-9.));
#4396=CARTESIAN_POINT('',(15.,-1.83697019872103E-15,-9.));
#4397=CARTESIAN_POINT('Origin',(27.7128133340551,16.0000002384186,-9.));
#4398=CARTESIAN_POINT('',(29.3128133340551,16.0000002384186,-9.));
#4399=CARTESIAN_POINT('Origin',(-27.7128133340551,-16.0000002384186,-9.));
#4400=CARTESIAN_POINT('',(-26.1128133340551,-16.0000002384186,-9.));
#4401=CARTESIAN_POINT('Origin',(20.,-20.,-12.));
#4402=CARTESIAN_POINT('',(18.4,-20.,-12.));
#4403=CARTESIAN_POINT('Origin',(20.,20.,-12.));
#4404=CARTESIAN_POINT('',(18.4,20.,-12.));
#4405=CARTESIAN_POINT('Origin',(16.0000000017466,-27.7316592941013,-35.0188463597315));
#4406=CARTESIAN_POINT('',(17.5454813238091,-27.3175488219373,-35.0188463597315));
#4407=CARTESIAN_POINT('Origin',(1.74667835750597E-9,31.9811536270007,-35.0188463597325));
#4408=CARTESIAN_POINT('',(1.54548132380919,32.3952640991647,-35.0188463597325));
#4409=CARTESIAN_POINT('Origin',(16.0000000017467,27.6939665481027,-35.0188463597324));
#4410=CARTESIAN_POINT('',(17.5454813238092,28.1080770202668,-35.0188463597324));
#4411=CARTESIAN_POINT('Origin',(-31.9999999982533,-0.0188463729992883,-35.018846359732));
#4412=CARTESIAN_POINT('',(-30.4545186761908,0.395264099164743,-35.018846359732));
#4413=CARTESIAN_POINT('Origin',(-27.7128129193554,15.9811536270007,-35.0188463597323));
#4414=CARTESIAN_POINT('',(-26.1673315972929,16.3952640991647,-35.0188463597323));
#4415=CARTESIAN_POINT('Origin',(-15.9999999982533,27.6939665481028,-35.0188463597325));
#4416=CARTESIAN_POINT('',(-14.4545186761908,28.1080770202668,-35.0188463597325));
#4417=CARTESIAN_POINT('Origin',(32.0000000017467,-0.0188463729993416,-35.018846359732));
#4418=CARTESIAN_POINT('',(33.5454813238092,0.39526409916469,-35.018846359732));
#4419=CARTESIAN_POINT('Origin',(27.7128129228487,-16.0188463729993,-35.0188463597317));
#4420=CARTESIAN_POINT('',(29.2582942449112,-15.6047359008353,-35.0188463597317));
#4421=CARTESIAN_POINT('Origin',(-15.9999999982534,-27.7316592941013,-35.0188463597316));
#4422=CARTESIAN_POINT('',(-14.4545186761908,-27.3175488219373,-35.0188463597316));
#4423=CARTESIAN_POINT('Origin',(1.74663394858499E-9,-32.0188463729993,-35.0188463597315));
#4424=CARTESIAN_POINT('',(1.54548132380914,-31.6047359008352,-35.0188463597315));
#4425=UNCERTAINTY_MEASURE_WITH_UNIT(LENGTH_MEASURE(0.01),#4429,
'DISTANCE_ACCURACY_VALUE',
'Maximum model space distance between geometric entities at asserted c
onnectivities');
#4426=UNCERTAINTY_MEASURE_WITH_UNIT(LENGTH_MEASURE(0.01),#4429,
'DISTANCE_ACCURACY_VALUE',
'Maximum model space distance between geometric entities at asserted c
onnectivities');
#4427=(
GEOMETRIC_REPRESENTATION_CONTEXT(3)
GLOBAL_UNCERTAINTY_ASSIGNED_CONTEXT((#4425))
GLOBAL_UNIT_ASSIGNED_CONTEXT((#4429,#4430,#4431))
REPRESENTATION_CONTEXT('','3D')
);
#4428=(
GEOMETRIC_REPRESENTATION_CONTEXT(3)
GLOBAL_UNCERTAINTY_ASSIGNED_CONTEXT((#4426))
GLOBAL_UNIT_ASSIGNED_CONTEXT((#4429,#4430,#4431))
REPRESENTATION_CONTEXT('','3D')
);
#4429=(
LENGTH_UNIT()
NAMED_UNIT(*)
SI_UNIT(.MILLI.,.METRE.)
);
#4430=(
NAMED_UNIT(*)
PLANE_ANGLE_UNIT()
SI_UNIT($,.RADIAN.)
);
#4431=(
NAMED_UNIT(*)
SI_UNIT($,.STERADIAN.)
SOLID_ANGLE_UNIT()
);
#4432=SHAPE_DEFINITION_REPRESENTATION(#4433,#4434);
#4433=PRODUCT_DEFINITION_SHAPE('',$,#4436);
#4434=SHAPE_REPRESENTATION('',(#2566),#4427);
#4435=PRODUCT_DEFINITION_CONTEXT('part definition',#4440,'design');
#4436=PRODUCT_DEFINITION('J3','J3 v7',#4437,#4435);
#4437=PRODUCT_DEFINITION_FORMATION('',$,#4442);
#4438=PRODUCT_RELATED_PRODUCT_CATEGORY('J3 v7','J3 v7',(#4442));
#4439=APPLICATION_PROTOCOL_DEFINITION('international standard',
'automotive_design',2009,#4440);
#4440=APPLICATION_CONTEXT(
'Core Data for Automotive Mechanical Design Process');
#4441=PRODUCT_CONTEXT('part definition',#4440,'mechanical');
#4442=PRODUCT('J3','J3 v7',$,(#4441));
#4443=PRESENTATION_STYLE_ASSIGNMENT((#4444));
#4444=SURFACE_STYLE_USAGE(.BOTH.,#4445);
#4445=SURFACE_SIDE_STYLE('',(#4446));
#4446=SURFACE_STYLE_FILL_AREA(#4447);
#4447=FILL_AREA_STYLE('Steel - Satin',(#4448));
#4448=FILL_AREA_STYLE_COLOUR('Steel - Satin',#4449);
#4449=COLOUR_RGB('Steel - Satin',0.627450980392157,0.627450980392157,0.627450980392157);
ENDSEC;
END-ISO-10303-21;
