ISO-10303-21;
HEADER;
/* Generated by software containing ST-Developer
 * from STEP Tools, Inc. (www.steptools.com) 
 */

FILE_DESCRIPTION(
/* description */ (''),
/* implementation_level */ '2;1');

FILE_NAME(
/* name */ 'J4-J5 connector.step',
/* time_stamp */ '2026-10-05T21:02:13+11:00',
/* author */ (''),
/* organization */ (''),
/* preprocessor_version */ 'ST-DEVELOPER v20.2',
/* originating_system */ 'Autodesk Translation Framework v15.15.0.0',
/* authorisation */ '');

FILE_SCHEMA (('AUTOMOTIVE_DESIGN { 1 0 10303 214 3 1 1 }'));
ENDSEC;

DATA;
#10=MECHANICAL_DESIGN_GEOMETRIC_PRESENTATION_REPRESENTATION('',(#13),#2314);
#11=SHAPE_REPRESENTATION_RELATIONSHIP('SRR','None',#2320,#12);
#12=ADVANCED_BREP_SHAPE_REPRESENTATION('',(#14),#2313);
#13=STYLED_ITEM('',(#2329),#14);
#14=MANIFOLD_SOLID_BREP('join-v2',#1354);
#15=ELLIPSE('',#1394,0.580296051892887,0.5);
#16=ELLIPSE('',#1404,0.580296051892887,0.5);
#17=FACE_BOUND('',#177,.T.);
#18=FACE_BOUND('',#178,.T.);
#19=FACE_BOUND('',#179,.T.);
#20=FACE_BOUND('',#180,.T.);
#21=FACE_BOUND('',#181,.T.);
#22=FACE_BOUND('',#185,.T.);
#23=FACE_BOUND('',#186,.T.);
#24=FACE_BOUND('',#187,.T.);
#25=FACE_BOUND('',#188,.T.);
#26=FACE_BOUND('',#191,.T.);
#27=FACE_BOUND('',#192,.T.);
#28=FACE_BOUND('',#193,.T.);
#29=FACE_BOUND('',#194,.T.);
#30=FACE_BOUND('',#195,.T.);
#31=FACE_BOUND('',#209,.T.);
#32=FACE_BOUND('',#210,.T.);
#33=FACE_BOUND('',#211,.T.);
#34=FACE_BOUND('',#212,.T.);
#35=FACE_BOUND('',#214,.T.);
#36=FACE_BOUND('',#215,.T.);
#37=FACE_BOUND('',#216,.T.);
#38=FACE_BOUND('',#217,.T.);
#39=FACE_BOUND('',#223,.T.);
#40=FACE_BOUND('',#226,.T.);
#41=FACE_BOUND('',#229,.T.);
#42=FACE_BOUND('',#232,.T.);
#43=FACE_BOUND('',#240,.T.);
#44=FACE_BOUND('',#242,.T.);
#45=FACE_BOUND('',#250,.T.);
#46=FACE_BOUND('',#253,.T.);
#47=FACE_BOUND('',#256,.T.);
#48=FACE_BOUND('',#259,.T.);
#49=FACE_BOUND('',#262,.T.);
#50=FACE_BOUND('',#265,.T.);
#51=FACE_BOUND('',#273,.T.);
#52=FACE_BOUND('',#274,.T.);
#53=FACE_BOUND('',#275,.T.);
#54=FACE_BOUND('',#276,.T.);
#55=FACE_BOUND('',#278,.T.);
#56=FACE_BOUND('',#280,.T.);
#57=FACE_BOUND('',#287,.T.);
#58=FACE_BOUND('',#289,.T.);
#59=PLANE('',#1359);
#60=PLANE('',#1367);
#61=PLANE('',#1374);
#62=PLANE('',#1383);
#63=PLANE('',#1393);
#64=PLANE('',#1397);
#65=PLANE('',#1399);
#66=PLANE('',#1400);
#67=PLANE('',#1401);
#68=PLANE('',#1402);
#69=PLANE('',#1405);
#70=PLANE('',#1409);
#71=PLANE('',#1410);
#72=PLANE('',#1416);
#73=PLANE('',#1427);
#74=PLANE('',#1431);
#75=PLANE('',#1435);
#76=PLANE('',#1439);
#77=PLANE('',#1445);
#78=PLANE('',#1448);
#79=PLANE('',#1451);
#80=PLANE('',#1454);
#81=PLANE('',#1456);
#82=PLANE('',#1457);
#83=PLANE('',#1458);
#84=PLANE('',#1462);
#85=PLANE('',#1467);
#86=PLANE('',#1471);
#87=PLANE('',#1475);
#88=PLANE('',#1478);
#89=PLANE('',#1482);
#90=PLANE('',#1491);
#91=PLANE('',#1495);
#92=PLANE('',#1496);
#93=PLANE('',#1497);
#94=PLANE('',#1501);
#95=PLANE('',#1502);
#96=PLANE('',#1503);
#97=PLANE('',#1506);
#98=FACE_OUTER_BOUND('',#175,.T.);
#99=FACE_OUTER_BOUND('',#176,.T.);
#100=FACE_OUTER_BOUND('',#182,.T.);
#101=FACE_OUTER_BOUND('',#183,.T.);
#102=FACE_OUTER_BOUND('',#184,.T.);
#103=FACE_OUTER_BOUND('',#189,.T.);
#104=FACE_OUTER_BOUND('',#190,.T.);
#105=FACE_OUTER_BOUND('',#196,.T.);
#106=FACE_OUTER_BOUND('',#197,.T.);
#107=FACE_OUTER_BOUND('',#198,.T.);
#108=FACE_OUTER_BOUND('',#199,.T.);
#109=FACE_OUTER_BOUND('',#200,.T.);
#110=FACE_OUTER_BOUND('',#201,.T.);
#111=FACE_OUTER_BOUND('',#202,.T.);
#112=FACE_OUTER_BOUND('',#203,.T.);
#113=FACE_OUTER_BOUND('',#204,.T.);
#114=FACE_OUTER_BOUND('',#205,.T.);
#115=FACE_OUTER_BOUND('',#206,.T.);
#116=FACE_OUTER_BOUND('',#207,.T.);
#117=FACE_OUTER_BOUND('',#208,.T.);
#118=FACE_OUTER_BOUND('',#213,.T.);
#119=FACE_OUTER_BOUND('',#218,.T.);
#120=FACE_OUTER_BOUND('',#219,.T.);
#121=FACE_OUTER_BOUND('',#220,.T.);
#122=FACE_OUTER_BOUND('',#221,.T.);
#123=FACE_OUTER_BOUND('',#222,.T.);
#124=FACE_OUTER_BOUND('',#224,.T.);
#125=FACE_OUTER_BOUND('',#225,.T.);
#126=FACE_OUTER_BOUND('',#227,.T.);
#127=FACE_OUTER_BOUND('',#228,.T.);
#128=FACE_OUTER_BOUND('',#230,.T.);
#129=FACE_OUTER_BOUND('',#231,.T.);
#130=FACE_OUTER_BOUND('',#233,.T.);
#131=FACE_OUTER_BOUND('',#234,.T.);
#132=FACE_OUTER_BOUND('',#235,.T.);
#133=FACE_OUTER_BOUND('',#236,.T.);
#134=FACE_OUTER_BOUND('',#237,.T.);
#135=FACE_OUTER_BOUND('',#238,.T.);
#136=FACE_OUTER_BOUND('',#239,.T.);
#137=FACE_OUTER_BOUND('',#241,.T.);
#138=FACE_OUTER_BOUND('',#243,.T.);
#139=FACE_OUTER_BOUND('',#244,.T.);
#140=FACE_OUTER_BOUND('',#245,.T.);
#141=FACE_OUTER_BOUND('',#246,.T.);
#142=FACE_OUTER_BOUND('',#247,.T.);
#143=FACE_OUTER_BOUND('',#248,.T.);
#144=FACE_OUTER_BOUND('',#249,.T.);
#145=FACE_OUTER_BOUND('',#251,.T.);
#146=FACE_OUTER_BOUND('',#252,.T.);
#147=FACE_OUTER_BOUND('',#254,.T.);
#148=FACE_OUTER_BOUND('',#255,.T.);
#149=FACE_OUTER_BOUND('',#257,.T.);
#150=FACE_OUTER_BOUND('',#258,.T.);
#151=FACE_OUTER_BOUND('',#260,.T.);
#152=FACE_OUTER_BOUND('',#261,.T.);
#153=FACE_OUTER_BOUND('',#263,.T.);
#154=FACE_OUTER_BOUND('',#264,.T.);
#155=FACE_OUTER_BOUND('',#266,.T.);
#156=FACE_OUTER_BOUND('',#267,.T.);
#157=FACE_OUTER_BOUND('',#268,.T.);
#158=FACE_OUTER_BOUND('',#269,.T.);
#159=FACE_OUTER_BOUND('',#270,.T.);
#160=FACE_OUTER_BOUND('',#271,.T.);
#161=FACE_OUTER_BOUND('',#272,.T.);
#162=FACE_OUTER_BOUND('',#277,.T.);
#163=FACE_OUTER_BOUND('',#279,.T.);
#164=FACE_OUTER_BOUND('',#281,.T.);
#165=FACE_OUTER_BOUND('',#282,.T.);
#166=FACE_OUTER_BOUND('',#283,.T.);
#167=FACE_OUTER_BOUND('',#284,.T.);
#168=FACE_OUTER_BOUND('',#285,.T.);
#169=FACE_OUTER_BOUND('',#286,.T.);
#170=FACE_OUTER_BOUND('',#288,.T.);
#171=FACE_OUTER_BOUND('',#290,.T.);
#172=FACE_OUTER_BOUND('',#291,.T.);
#173=FACE_OUTER_BOUND('',#292,.T.);
#174=FACE_OUTER_BOUND('',#293,.T.);
#175=EDGE_LOOP('',(#877,#878,#879,#880));
#176=EDGE_LOOP('',(#881,#882,#883,#884));
#177=EDGE_LOOP('',(#885));
#178=EDGE_LOOP('',(#886));
#179=EDGE_LOOP('',(#887));
#180=EDGE_LOOP('',(#888));
#181=EDGE_LOOP('',(#889,#890,#891,#892,#893));
#182=EDGE_LOOP('',(#894,#895,#896,#897,#898,#899,#900,#901,#902,#903,#904,
#905,#906,#907,#908));
#183=EDGE_LOOP('',(#909,#910,#911,#912));
#184=EDGE_LOOP('',(#913,#914,#915,#916,#917,#918,#919,#920,#921,#922));
#185=EDGE_LOOP('',(#923));
#186=EDGE_LOOP('',(#924));
#187=EDGE_LOOP('',(#925));
#188=EDGE_LOOP('',(#926));
#189=EDGE_LOOP('',(#927,#928,#929,#930));
#190=EDGE_LOOP('',(#931,#932,#933,#934));
#191=EDGE_LOOP('',(#935));
#192=EDGE_LOOP('',(#936));
#193=EDGE_LOOP('',(#937));
#194=EDGE_LOOP('',(#938));
#195=EDGE_LOOP('',(#939,#940,#941,#942,#943));
#196=EDGE_LOOP('',(#944,#945,#946,#947));
#197=EDGE_LOOP('',(#948,#949,#950,#951,#952));
#198=EDGE_LOOP('',(#953,#954,#955,#956));
#199=EDGE_LOOP('',(#957,#958,#959,#960,#961,#962,#963,#964,#965,#966,#967,
#968,#969,#970));
#200=EDGE_LOOP('',(#971,#972,#973,#974));
#201=EDGE_LOOP('',(#975,#976,#977,#978));
#202=EDGE_LOOP('',(#979,#980,#981,#982));
#203=EDGE_LOOP('',(#983,#984,#985,#986));
#204=EDGE_LOOP('',(#987,#988,#989,#990));
#205=EDGE_LOOP('',(#991,#992,#993,#994));
#206=EDGE_LOOP('',(#995,#996,#997,#998));
#207=EDGE_LOOP('',(#999,#1000,#1001,#1002,#1003,#1004));
#208=EDGE_LOOP('',(#1005,#1006,#1007,#1008,#1009,#1010,#1011,#1012,#1013,
#1014));
#209=EDGE_LOOP('',(#1015));
#210=EDGE_LOOP('',(#1016));
#211=EDGE_LOOP('',(#1017));
#212=EDGE_LOOP('',(#1018));
#213=EDGE_LOOP('',(#1019,#1020,#1021,#1022,#1023,#1024,#1025,#1026,#1027,
#1028));
#214=EDGE_LOOP('',(#1029));
#215=EDGE_LOOP('',(#1030));
#216=EDGE_LOOP('',(#1031));
#217=EDGE_LOOP('',(#1032));
#218=EDGE_LOOP('',(#1033,#1034,#1035,#1036));
#219=EDGE_LOOP('',(#1037,#1038,#1039,#1040));
#220=EDGE_LOOP('',(#1041,#1042,#1043,#1044));
#221=EDGE_LOOP('',(#1045,#1046,#1047,#1048));
#222=EDGE_LOOP('',(#1049));
#223=EDGE_LOOP('',(#1050));
#224=EDGE_LOOP('',(#1051,#1052,#1053,#1054));
#225=EDGE_LOOP('',(#1055));
#226=EDGE_LOOP('',(#1056));
#227=EDGE_LOOP('',(#1057,#1058,#1059,#1060));
#228=EDGE_LOOP('',(#1061));
#229=EDGE_LOOP('',(#1062));
#230=EDGE_LOOP('',(#1063,#1064,#1065,#1066));
#231=EDGE_LOOP('',(#1067));
#232=EDGE_LOOP('',(#1068));
#233=EDGE_LOOP('',(#1069,#1070,#1071,#1072));
#234=EDGE_LOOP('',(#1073,#1074,#1075,#1076));
#235=EDGE_LOOP('',(#1077,#1078,#1079,#1080));
#236=EDGE_LOOP('',(#1081,#1082,#1083,#1084));
#237=EDGE_LOOP('',(#1085,#1086,#1087,#1088));
#238=EDGE_LOOP('',(#1089,#1090,#1091,#1092));
#239=EDGE_LOOP('',(#1093));
#240=EDGE_LOOP('',(#1094));
#241=EDGE_LOOP('',(#1095));
#242=EDGE_LOOP('',(#1096));
#243=EDGE_LOOP('',(#1097,#1098,#1099,#1100,#1101,#1102,#1103));
#244=EDGE_LOOP('',(#1104,#1105,#1106,#1107));
#245=EDGE_LOOP('',(#1108,#1109,#1110,#1111));
#246=EDGE_LOOP('',(#1112,#1113,#1114,#1115));
#247=EDGE_LOOP('',(#1116,#1117,#1118,#1119));
#248=EDGE_LOOP('',(#1120,#1121,#1122,#1123));
#249=EDGE_LOOP('',(#1124));
#250=EDGE_LOOP('',(#1125));
#251=EDGE_LOOP('',(#1126,#1127,#1128,#1129));
#252=EDGE_LOOP('',(#1130));
#253=EDGE_LOOP('',(#1131));
#254=EDGE_LOOP('',(#1132,#1133,#1134,#1135));
#255=EDGE_LOOP('',(#1136));
#256=EDGE_LOOP('',(#1137));
#257=EDGE_LOOP('',(#1138,#1139,#1140,#1141));
#258=EDGE_LOOP('',(#1142));
#259=EDGE_LOOP('',(#1143));
#260=EDGE_LOOP('',(#1144,#1145,#1146,#1147));
#261=EDGE_LOOP('',(#1148));
#262=EDGE_LOOP('',(#1149));
#263=EDGE_LOOP('',(#1150,#1151,#1152,#1153));
#264=EDGE_LOOP('',(#1154));
#265=EDGE_LOOP('',(#1155));
#266=EDGE_LOOP('',(#1156,#1157,#1158,#1159));
#267=EDGE_LOOP('',(#1160,#1161,#1162,#1163));
#268=EDGE_LOOP('',(#1164,#1165,#1166,#1167));
#269=EDGE_LOOP('',(#1168,#1169,#1170,#1171));
#270=EDGE_LOOP('',(#1172,#1173,#1174,#1175));
#271=EDGE_LOOP('',(#1176,#1177,#1178,#1179));
#272=EDGE_LOOP('',(#1180,#1181,#1182,#1183,#1184,#1185,#1186,#1187,#1188,
#1189));
#273=EDGE_LOOP('',(#1190));
#274=EDGE_LOOP('',(#1191));
#275=EDGE_LOOP('',(#1192));
#276=EDGE_LOOP('',(#1193));
#277=EDGE_LOOP('',(#1194));
#278=EDGE_LOOP('',(#1195));
#279=EDGE_LOOP('',(#1196));
#280=EDGE_LOOP('',(#1197));
#281=EDGE_LOOP('',(#1198,#1199,#1200,#1201));
#282=EDGE_LOOP('',(#1202,#1203,#1204,#1205));
#283=EDGE_LOOP('',(#1206,#1207,#1208,#1209));
#284=EDGE_LOOP('',(#1210,#1211,#1212,#1213,#1214));
#285=EDGE_LOOP('',(#1215,#1216,#1217,#1218));
#286=EDGE_LOOP('',(#1219));
#287=EDGE_LOOP('',(#1220));
#288=EDGE_LOOP('',(#1221));
#289=EDGE_LOOP('',(#1222));
#290=EDGE_LOOP('',(#1223,#1224,#1225,#1226));
#291=EDGE_LOOP('',(#1227,#1228,#1229,#1230));
#292=EDGE_LOOP('',(#1231,#1232,#1233,#1234));
#293=EDGE_LOOP('',(#1235,#1236,#1237,#1238));
#294=LINE('',#1936,#395);
#295=LINE('',#1939,#396);
#296=LINE('',#1942,#397);
#297=LINE('',#1944,#398);
#298=LINE('',#1945,#399);
#299=LINE('',#1956,#400);
#300=LINE('',#1963,#401);
#301=LINE('',#1966,#402);
#302=LINE('',#1968,#403);
#303=LINE('',#1972,#404);
#304=LINE('',#1976,#405);
#305=LINE('',#1980,#406);
#306=LINE('',#1982,#407);
#307=LINE('',#1986,#408);
#308=LINE('',#1988,#409);
#309=LINE('',#1989,#410);
#310=LINE('',#1992,#411);
#311=LINE('',#1995,#412);
#312=LINE('',#1998,#413);
#313=LINE('',#2000,#414);
#314=LINE('',#2004,#415);
#315=LINE('',#2008,#416);
#316=LINE('',#2010,#417);
#317=LINE('',#2011,#418);
#318=LINE('',#2022,#419);
#319=LINE('',#2025,#420);
#320=LINE('',#2027,#421);
#321=LINE('',#2038,#422);
#322=LINE('',#2040,#423);
#323=LINE('',#2050,#424);
#324=LINE('',#2051,#425);
#325=LINE('',#2054,#426);
#326=LINE('',#2056,#427);
#327=LINE('',#2061,#428);
#328=LINE('',#2064,#429);
#329=LINE('',#2066,#430);
#330=LINE('',#2068,#431);
#331=LINE('',#2071,#432);
#332=LINE('',#2073,#433);
#333=LINE('',#2074,#434);
#334=LINE('',#2077,#435);
#335=LINE('',#2078,#436);
#336=LINE('',#2080,#437);
#337=LINE('',#2082,#438);
#338=LINE('',#2083,#439);
#339=LINE('',#2085,#440);
#340=LINE('',#2090,#441);
#341=LINE('',#2091,#442);
#342=LINE('',#2094,#443);
#343=LINE('',#2095,#444);
#344=LINE('',#2101,#445);
#345=LINE('',#2104,#446);
#346=LINE('',#2107,#447);
#347=LINE('',#2108,#448);
#348=LINE('',#2109,#449);
#349=LINE('',#2111,#450);
#350=LINE('',#2113,#451);
#351=LINE('',#2115,#452);
#352=LINE('',#2118,#453);
#353=LINE('',#2129,#454);
#354=LINE('',#2133,#455);
#355=LINE('',#2134,#456);
#356=LINE('',#2144,#457);
#357=LINE('',#2146,#458);
#358=LINE('',#2150,#459);
#359=LINE('',#2157,#460);
#360=LINE('',#2164,#461);
#361=LINE('',#2171,#462);
#362=LINE('',#2177,#463);
#363=LINE('',#2179,#464);
#364=LINE('',#2181,#465);
#365=LINE('',#2183,#466);
#366=LINE('',#2186,#467);
#367=LINE('',#2188,#468);
#368=LINE('',#2189,#469);
#369=LINE('',#2192,#470);
#370=LINE('',#2205,#471);
#371=LINE('',#2206,#472);
#372=LINE('',#2207,#473);
#373=LINE('',#2209,#474);
#374=LINE('',#2217,#475);
#375=LINE('',#2226,#476);
#376=LINE('',#2233,#477);
#377=LINE('',#2240,#478);
#378=LINE('',#2245,#479);
#379=LINE('',#2252,#480);
#380=LINE('',#2256,#481);
#381=LINE('',#2258,#482);
#382=LINE('',#2261,#483);
#383=LINE('',#2264,#484);
#384=LINE('',#2266,#485);
#385=LINE('',#2269,#486);
#386=LINE('',#2275,#487);
#387=LINE('',#2276,#488);
#388=LINE('',#2285,#489);
#389=LINE('',#2286,#490);
#390=LINE('',#2290,#491);
#391=LINE('',#2304,#492);
#392=LINE('',#2306,#493);
#393=LINE('',#2308,#494);
#394=LINE('',#2310,#495);
#395=VECTOR('',#1519,10.);
#396=VECTOR('',#1522,10.);
#397=VECTOR('',#1525,10.);
#398=VECTOR('',#1526,10.);
#399=VECTOR('',#1527,10.);
#400=VECTOR('',#1536,10.);
#401=VECTOR('',#1543,10.);
#402=VECTOR('',#1546,10.);
#403=VECTOR('',#1547,10.);
#404=VECTOR('',#1550,10.);
#405=VECTOR('',#1553,10.);
#406=VECTOR('',#1556,10.);
#407=VECTOR('',#1557,10.);
#408=VECTOR('',#1560,10.);
#409=VECTOR('',#1561,10.);
#410=VECTOR('',#1562,10.);
#411=VECTOR('',#1565,10.);
#412=VECTOR('',#1568,10.);
#413=VECTOR('',#1571,10.);
#414=VECTOR('',#1572,10.);
#415=VECTOR('',#1575,10.);
#416=VECTOR('',#1578,10.);
#417=VECTOR('',#1579,10.);
#418=VECTOR('',#1580,10.);
#419=VECTOR('',#1591,10.);
#420=VECTOR('',#1594,10.);
#421=VECTOR('',#1597,10.);
#422=VECTOR('',#1606,10.);
#423=VECTOR('',#1607,10.);
#424=VECTOR('',#1618,10.);
#425=VECTOR('',#1619,10.);
#426=VECTOR('',#1622,10.);
#427=VECTOR('',#1623,10.);
#428=VECTOR('',#1630,10.);
#429=VECTOR('',#1633,10.);
#430=VECTOR('',#1634,10.);
#431=VECTOR('',#1635,10.);
#432=VECTOR('',#1638,10.);
#433=VECTOR('',#1639,10.);
#434=VECTOR('',#1640,10.);
#435=VECTOR('',#1643,10.);
#436=VECTOR('',#1644,10.);
#437=VECTOR('',#1647,10.);
#438=VECTOR('',#1650,10.);
#439=VECTOR('',#1651,10.);
#440=VECTOR('',#1654,10.);
#441=VECTOR('',#1659,10.);
#442=VECTOR('',#1660,10.);
#443=VECTOR('',#1663,10.);
#444=VECTOR('',#1664,10.);
#445=VECTOR('',#1669,10.);
#446=VECTOR('',#1672,10.);
#447=VECTOR('',#1675,10.);
#448=VECTOR('',#1676,10.);
#449=VECTOR('',#1677,10.);
#450=VECTOR('',#1680,10.);
#451=VECTOR('',#1681,10.);
#452=VECTOR('',#1682,10.);
#453=VECTOR('',#1685,10.);
#454=VECTOR('',#1696,10.);
#455=VECTOR('',#1699,10.);
#456=VECTOR('',#1700,10.);
#457=VECTOR('',#1711,10.);
#458=VECTOR('',#1714,10.);
#459=VECTOR('',#1719,3.);
#460=VECTOR('',#1728,3.);
#461=VECTOR('',#1737,3.);
#462=VECTOR('',#1746,3.);
#463=VECTOR('',#1755,1.6);
#464=VECTOR('',#1758,1.6);
#465=VECTOR('',#1761,1.6);
#466=VECTOR('',#1764,1.6);
#467=VECTOR('',#1767,10.);
#468=VECTOR('',#1768,10.);
#469=VECTOR('',#1769,10.);
#470=VECTOR('',#1772,10.);
#471=VECTOR('',#1789,10.);
#472=VECTOR('',#1790,10.);
#473=VECTOR('',#1791,10.);
#474=VECTOR('',#1794,10.);
#475=VECTOR('',#1805,3.);
#476=VECTOR('',#1816,3.);
#477=VECTOR('',#1825,3.);
#478=VECTOR('',#1834,3.);
#479=VECTOR('',#1841,3.);
#480=VECTOR('',#1850,3.);
#481=VECTOR('',#1857,1.6);
#482=VECTOR('',#1860,1.6);
#483=VECTOR('',#1863,1.6);
#484=VECTOR('',#1868,1.6);
#485=VECTOR('',#1871,1.6);
#486=VECTOR('',#1874,1.6);
#487=VECTOR('',#1881,10.);
#488=VECTOR('',#1882,10.);
#489=VECTOR('',#1893,10.);
#490=VECTOR('',#1894,10.);
#491=VECTOR('',#1901,10.);
#492=VECTOR('',#1920,1.7);
#493=VECTOR('',#1923,1.7);
#494=VECTOR('',#1926,3.);
#495=VECTOR('',#1929,3.);
#496=CIRCLE('',#1357,2.5);
#497=CIRCLE('',#1358,2.5);
#498=CIRCLE('',#1360,1.6);
#499=CIRCLE('',#1361,1.6);
#500=CIRCLE('',#1362,1.6);
#501=CIRCLE('',#1363,1.6);
#502=CIRCLE('',#1364,9.);
#503=CIRCLE('',#1365,20.);
#504=CIRCLE('',#1366,9.);
#505=CIRCLE('',#1368,0.499999999999998);
#506=CIRCLE('',#1369,2.5);
#507=CIRCLE('',#1370,2.5);
#508=CIRCLE('',#1371,0.499999999999998);
#509=CIRCLE('',#1373,2.5);
#510=CIRCLE('',#1375,4.5);
#511=CIRCLE('',#1376,8.5);
#512=CIRCLE('',#1377,1.6);
#513=CIRCLE('',#1378,1.6);
#514=CIRCLE('',#1379,1.7);
#515=CIRCLE('',#1380,1.7);
#516=CIRCLE('',#1382,2.5);
#517=CIRCLE('',#1384,3.);
#518=CIRCLE('',#1385,3.);
#519=CIRCLE('',#1386,3.);
#520=CIRCLE('',#1387,3.);
#521=CIRCLE('',#1388,9.);
#522=CIRCLE('',#1389,20.);
#523=CIRCLE('',#1390,9.);
#524=CIRCLE('',#1392,8.5);
#525=CIRCLE('',#1396,0.5);
#526=CIRCLE('',#1398,0.5);
#527=CIRCLE('',#1407,8.5);
#528=CIRCLE('',#1408,8.5);
#529=CIRCLE('',#1411,4.5);
#530=CIRCLE('',#1412,3.);
#531=CIRCLE('',#1413,3.);
#532=CIRCLE('',#1414,3.);
#533=CIRCLE('',#1415,3.);
#534=CIRCLE('',#1417,4.5);
#535=CIRCLE('',#1418,1.6);
#536=CIRCLE('',#1419,1.6);
#537=CIRCLE('',#1420,1.7);
#538=CIRCLE('',#1421,1.7);
#539=CIRCLE('',#1426,3.);
#540=CIRCLE('',#1428,1.6);
#541=CIRCLE('',#1430,3.);
#542=CIRCLE('',#1432,1.6);
#543=CIRCLE('',#1434,3.);
#544=CIRCLE('',#1436,1.6);
#545=CIRCLE('',#1438,3.);
#546=CIRCLE('',#1440,1.6);
#547=CIRCLE('',#1447,0.499999999999998);
#548=CIRCLE('',#1449,1.7);
#549=CIRCLE('',#1450,1.6);
#550=CIRCLE('',#1452,1.7);
#551=CIRCLE('',#1453,1.6);
#552=CIRCLE('',#1460,3.);
#553=CIRCLE('',#1461,3.);
#554=CIRCLE('',#1463,1.6);
#555=CIRCLE('',#1465,3.);
#556=CIRCLE('',#1466,3.);
#557=CIRCLE('',#1468,1.6);
#558=CIRCLE('',#1470,3.);
#559=CIRCLE('',#1472,1.6);
#560=CIRCLE('',#1474,3.);
#561=CIRCLE('',#1477,3.);
#562=CIRCLE('',#1479,1.6);
#563=CIRCLE('',#1481,3.);
#564=CIRCLE('',#1486,1.6);
#565=CIRCLE('',#1490,1.6);
#566=CIRCLE('',#1492,4.5);
#567=CIRCLE('',#1493,3.);
#568=CIRCLE('',#1494,3.);
#569=CIRCLE('',#1499,0.499999999999998);
#570=CIRCLE('',#1504,3.);
#571=CIRCLE('',#1505,1.7);
#572=CIRCLE('',#1507,3.);
#573=CIRCLE('',#1508,1.7);
#574=VERTEX_POINT('',#1932);
#575=VERTEX_POINT('',#1933);
#576=VERTEX_POINT('',#1935);
#577=VERTEX_POINT('',#1937);
#578=VERTEX_POINT('',#1941);
#579=VERTEX_POINT('',#1943);
#580=VERTEX_POINT('',#1946);
#581=VERTEX_POINT('',#1948);
#582=VERTEX_POINT('',#1950);
#583=VERTEX_POINT('',#1952);
#584=VERTEX_POINT('',#1954);
#585=VERTEX_POINT('',#1955);
#586=VERTEX_POINT('',#1957);
#587=VERTEX_POINT('',#1959);
#588=VERTEX_POINT('',#1961);
#589=VERTEX_POINT('',#1965);
#590=VERTEX_POINT('',#1967);
#591=VERTEX_POINT('',#1969);
#592=VERTEX_POINT('',#1971);
#593=VERTEX_POINT('',#1973);
#594=VERTEX_POINT('',#1975);
#595=VERTEX_POINT('',#1977);
#596=VERTEX_POINT('',#1979);
#597=VERTEX_POINT('',#1981);
#598=VERTEX_POINT('',#1983);
#599=VERTEX_POINT('',#1985);
#600=VERTEX_POINT('',#1987);
#601=VERTEX_POINT('',#1991);
#602=VERTEX_POINT('',#1993);
#603=VERTEX_POINT('',#1997);
#604=VERTEX_POINT('',#1999);
#605=VERTEX_POINT('',#2001);
#606=VERTEX_POINT('',#2003);
#607=VERTEX_POINT('',#2005);
#608=VERTEX_POINT('',#2007);
#609=VERTEX_POINT('',#2009);
#610=VERTEX_POINT('',#2012);
#611=VERTEX_POINT('',#2014);
#612=VERTEX_POINT('',#2016);
#613=VERTEX_POINT('',#2018);
#614=VERTEX_POINT('',#2021);
#615=VERTEX_POINT('',#2023);
#616=VERTEX_POINT('',#2028);
#617=VERTEX_POINT('',#2030);
#618=VERTEX_POINT('',#2032);
#619=VERTEX_POINT('',#2034);
#620=VERTEX_POINT('',#2036);
#621=VERTEX_POINT('',#2037);
#622=VERTEX_POINT('',#2039);
#623=VERTEX_POINT('',#2041);
#624=VERTEX_POINT('',#2043);
#625=VERTEX_POINT('',#2047);
#626=VERTEX_POINT('',#2048);
#627=VERTEX_POINT('',#2053);
#628=VERTEX_POINT('',#2055);
#629=VERTEX_POINT('',#2059);
#630=VERTEX_POINT('',#2063);
#631=VERTEX_POINT('',#2065);
#632=VERTEX_POINT('',#2067);
#633=VERTEX_POINT('',#2069);
#634=VERTEX_POINT('',#2072);
#635=VERTEX_POINT('',#2076);
#636=VERTEX_POINT('',#2087);
#637=VERTEX_POINT('',#2088);
#638=VERTEX_POINT('',#2093);
#639=VERTEX_POINT('',#2097);
#640=VERTEX_POINT('',#2098);
#641=VERTEX_POINT('',#2100);
#642=VERTEX_POINT('',#2102);
#643=VERTEX_POINT('',#2106);
#644=VERTEX_POINT('',#2112);
#645=VERTEX_POINT('',#2114);
#646=VERTEX_POINT('',#2116);
#647=VERTEX_POINT('',#2119);
#648=VERTEX_POINT('',#2121);
#649=VERTEX_POINT('',#2123);
#650=VERTEX_POINT('',#2125);
#651=VERTEX_POINT('',#2128);
#652=VERTEX_POINT('',#2130);
#653=VERTEX_POINT('',#2132);
#654=VERTEX_POINT('',#2135);
#655=VERTEX_POINT('',#2137);
#656=VERTEX_POINT('',#2139);
#657=VERTEX_POINT('',#2141);
#658=VERTEX_POINT('',#2149);
#659=VERTEX_POINT('',#2153);
#660=VERTEX_POINT('',#2156);
#661=VERTEX_POINT('',#2160);
#662=VERTEX_POINT('',#2163);
#663=VERTEX_POINT('',#2167);
#664=VERTEX_POINT('',#2170);
#665=VERTEX_POINT('',#2174);
#666=VERTEX_POINT('',#2185);
#667=VERTEX_POINT('',#2187);
#668=VERTEX_POINT('',#2191);
#669=VERTEX_POINT('',#2195);
#670=VERTEX_POINT('',#2197);
#671=VERTEX_POINT('',#2200);
#672=VERTEX_POINT('',#2202);
#673=VERTEX_POINT('',#2214);
#674=VERTEX_POINT('',#2216);
#675=VERTEX_POINT('',#2220);
#676=VERTEX_POINT('',#2223);
#677=VERTEX_POINT('',#2225);
#678=VERTEX_POINT('',#2229);
#679=VERTEX_POINT('',#2232);
#680=VERTEX_POINT('',#2236);
#681=VERTEX_POINT('',#2239);
#682=VERTEX_POINT('',#2244);
#683=VERTEX_POINT('',#2248);
#684=VERTEX_POINT('',#2251);
#685=VERTEX_POINT('',#2260);
#686=VERTEX_POINT('',#2268);
#687=VERTEX_POINT('',#2272);
#688=VERTEX_POINT('',#2274);
#689=VERTEX_POINT('',#2277);
#690=VERTEX_POINT('',#2279);
#691=VERTEX_POINT('',#2284);
#692=VERTEX_POINT('',#2294);
#693=VERTEX_POINT('',#2296);
#694=VERTEX_POINT('',#2299);
#695=VERTEX_POINT('',#2301);
#696=EDGE_CURVE('',#574,#575,#496,.T.);
#697=EDGE_CURVE('',#575,#576,#294,.T.);
#698=EDGE_CURVE('',#576,#577,#497,.T.);
#699=EDGE_CURVE('',#577,#574,#295,.T.);
#700=EDGE_CURVE('',#577,#578,#296,.T.);
#701=EDGE_CURVE('',#579,#578,#297,.T.);
#702=EDGE_CURVE('',#574,#579,#298,.T.);
#703=EDGE_CURVE('',#580,#580,#498,.T.);
#704=EDGE_CURVE('',#581,#581,#499,.T.);
#705=EDGE_CURVE('',#582,#582,#500,.T.);
#706=EDGE_CURVE('',#583,#583,#501,.T.);
#707=EDGE_CURVE('',#584,#585,#299,.T.);
#708=EDGE_CURVE('',#586,#585,#502,.T.);
#709=EDGE_CURVE('',#586,#587,#503,.T.);
#710=EDGE_CURVE('',#588,#587,#504,.T.);
#711=EDGE_CURVE('',#584,#588,#300,.T.);
#712=EDGE_CURVE('',#589,#576,#301,.T.);
#713=EDGE_CURVE('',#590,#589,#302,.T.);
#714=EDGE_CURVE('',#591,#590,#505,.T.);
#715=EDGE_CURVE('',#592,#591,#303,.T.);
#716=EDGE_CURVE('',#593,#592,#506,.T.);
#717=EDGE_CURVE('',#594,#593,#304,.T.);
#718=EDGE_CURVE('',#595,#594,#507,.T.);
#719=EDGE_CURVE('',#596,#595,#305,.T.);
#720=EDGE_CURVE('',#596,#597,#306,.T.);
#721=EDGE_CURVE('',#597,#598,#508,.T.);
#722=EDGE_CURVE('',#599,#598,#307,.T.);
#723=EDGE_CURVE('',#599,#600,#308,.T.);
#724=EDGE_CURVE('',#578,#600,#309,.T.);
#725=EDGE_CURVE('',#592,#601,#310,.T.);
#726=EDGE_CURVE('',#601,#602,#509,.T.);
#727=EDGE_CURVE('',#602,#593,#311,.T.);
#728=EDGE_CURVE('',#591,#603,#312,.T.);
#729=EDGE_CURVE('',#604,#603,#313,.T.);
#730=EDGE_CURVE('',#604,#605,#510,.T.);
#731=EDGE_CURVE('',#605,#606,#314,.T.);
#732=EDGE_CURVE('',#607,#606,#511,.T.);
#733=EDGE_CURVE('',#608,#607,#315,.T.);
#734=EDGE_CURVE('',#609,#608,#316,.T.);
#735=EDGE_CURVE('',#609,#601,#317,.T.);
#736=EDGE_CURVE('',#610,#610,#512,.T.);
#737=EDGE_CURVE('',#611,#611,#513,.T.);
#738=EDGE_CURVE('',#612,#612,#514,.T.);
#739=EDGE_CURVE('',#613,#613,#515,.T.);
#740=EDGE_CURVE('',#594,#614,#318,.T.);
#741=EDGE_CURVE('',#614,#615,#516,.T.);
#742=EDGE_CURVE('',#615,#595,#319,.T.);
#743=EDGE_CURVE('',#614,#602,#320,.T.);
#744=EDGE_CURVE('',#616,#616,#517,.T.);
#745=EDGE_CURVE('',#617,#617,#518,.T.);
#746=EDGE_CURVE('',#618,#618,#519,.T.);
#747=EDGE_CURVE('',#619,#619,#520,.T.);
#748=EDGE_CURVE('',#620,#621,#321,.T.);
#749=EDGE_CURVE('',#621,#622,#322,.T.);
#750=EDGE_CURVE('',#623,#622,#521,.T.);
#751=EDGE_CURVE('',#623,#624,#522,.T.);
#752=EDGE_CURVE('',#620,#624,#523,.T.);
#753=EDGE_CURVE('',#625,#626,#524,.T.);
#754=EDGE_CURVE('',#626,#607,#323,.T.);
#755=EDGE_CURVE('',#606,#625,#324,.T.);
#756=EDGE_CURVE('',#627,#626,#325,.T.);
#757=EDGE_CURVE('',#627,#628,#326,.T.);
#758=EDGE_CURVE('',#608,#628,#15,.T.);
#759=EDGE_CURVE('',#629,#609,#525,.T.);
#760=EDGE_CURVE('',#628,#629,#327,.T.);
#761=EDGE_CURVE('',#630,#579,#328,.T.);
#762=EDGE_CURVE('',#630,#631,#329,.T.);
#763=EDGE_CURVE('',#631,#632,#330,.T.);
#764=EDGE_CURVE('',#633,#632,#526,.T.);
#765=EDGE_CURVE('',#615,#633,#331,.T.);
#766=EDGE_CURVE('',#629,#634,#332,.T.);
#767=EDGE_CURVE('',#634,#575,#333,.T.);
#768=EDGE_CURVE('',#605,#635,#334,.T.);
#769=EDGE_CURVE('',#625,#635,#335,.T.);
#770=EDGE_CURVE('',#634,#627,#336,.T.);
#771=EDGE_CURVE('',#585,#620,#337,.T.);
#772=EDGE_CURVE('',#584,#621,#338,.T.);
#773=EDGE_CURVE('',#622,#588,#339,.T.);
#774=EDGE_CURVE('',#636,#637,#16,.T.);
#775=EDGE_CURVE('',#637,#633,#340,.T.);
#776=EDGE_CURVE('',#632,#636,#341,.T.);
#777=EDGE_CURVE('',#638,#631,#342,.T.);
#778=EDGE_CURVE('',#636,#638,#343,.T.);
#779=EDGE_CURVE('',#639,#640,#527,.T.);
#780=EDGE_CURVE('',#640,#641,#344,.T.);
#781=EDGE_CURVE('',#641,#642,#528,.T.);
#782=EDGE_CURVE('',#642,#639,#345,.T.);
#783=EDGE_CURVE('',#638,#643,#346,.T.);
#784=EDGE_CURVE('',#641,#643,#347,.T.);
#785=EDGE_CURVE('',#637,#640,#348,.T.);
#786=EDGE_CURVE('',#643,#630,#349,.T.);
#787=EDGE_CURVE('',#600,#644,#350,.T.);
#788=EDGE_CURVE('',#644,#645,#351,.T.);
#789=EDGE_CURVE('',#645,#646,#529,.T.);
#790=EDGE_CURVE('',#646,#642,#352,.T.);
#791=EDGE_CURVE('',#647,#647,#530,.T.);
#792=EDGE_CURVE('',#648,#648,#531,.T.);
#793=EDGE_CURVE('',#649,#649,#532,.T.);
#794=EDGE_CURVE('',#650,#650,#533,.T.);
#795=EDGE_CURVE('',#639,#651,#353,.T.);
#796=EDGE_CURVE('',#651,#652,#534,.T.);
#797=EDGE_CURVE('',#652,#653,#354,.T.);
#798=EDGE_CURVE('',#653,#596,#355,.T.);
#799=EDGE_CURVE('',#654,#654,#535,.T.);
#800=EDGE_CURVE('',#655,#655,#536,.T.);
#801=EDGE_CURVE('',#656,#656,#537,.T.);
#802=EDGE_CURVE('',#657,#657,#538,.T.);
#803=EDGE_CURVE('',#624,#586,#356,.T.);
#804=EDGE_CURVE('',#587,#623,#357,.T.);
#805=EDGE_CURVE('',#616,#658,#358,.T.);
#806=EDGE_CURVE('',#658,#658,#539,.T.);
#807=EDGE_CURVE('',#659,#659,#540,.T.);
#808=EDGE_CURVE('',#617,#660,#359,.T.);
#809=EDGE_CURVE('',#660,#660,#541,.T.);
#810=EDGE_CURVE('',#661,#661,#542,.T.);
#811=EDGE_CURVE('',#618,#662,#360,.T.);
#812=EDGE_CURVE('',#662,#662,#543,.T.);
#813=EDGE_CURVE('',#663,#663,#544,.T.);
#814=EDGE_CURVE('',#619,#664,#361,.T.);
#815=EDGE_CURVE('',#664,#664,#545,.T.);
#816=EDGE_CURVE('',#665,#665,#546,.T.);
#817=EDGE_CURVE('',#580,#661,#362,.T.);
#818=EDGE_CURVE('',#581,#659,#363,.T.);
#819=EDGE_CURVE('',#582,#665,#364,.T.);
#820=EDGE_CURVE('',#583,#663,#365,.T.);
#821=EDGE_CURVE('',#598,#666,#366,.T.);
#822=EDGE_CURVE('',#667,#666,#367,.T.);
#823=EDGE_CURVE('',#599,#667,#368,.T.);
#824=EDGE_CURVE('',#668,#597,#369,.T.);
#825=EDGE_CURVE('',#666,#668,#547,.T.);
#826=EDGE_CURVE('',#669,#669,#548,.T.);
#827=EDGE_CURVE('',#670,#670,#549,.T.);
#828=EDGE_CURVE('',#671,#671,#550,.T.);
#829=EDGE_CURVE('',#672,#672,#551,.T.);
#830=EDGE_CURVE('',#668,#653,#370,.T.);
#831=EDGE_CURVE('',#652,#645,#371,.T.);
#832=EDGE_CURVE('',#644,#667,#372,.T.);
#833=EDGE_CURVE('',#651,#646,#373,.T.);
#834=EDGE_CURVE('',#673,#673,#552,.T.);
#835=EDGE_CURVE('',#673,#674,#374,.T.);
#836=EDGE_CURVE('',#674,#674,#553,.T.);
#837=EDGE_CURVE('',#675,#675,#554,.T.);
#838=EDGE_CURVE('',#676,#676,#555,.T.);
#839=EDGE_CURVE('',#676,#677,#375,.T.);
#840=EDGE_CURVE('',#677,#677,#556,.T.);
#841=EDGE_CURVE('',#678,#678,#557,.T.);
#842=EDGE_CURVE('',#650,#679,#376,.T.);
#843=EDGE_CURVE('',#679,#679,#558,.T.);
#844=EDGE_CURVE('',#680,#680,#559,.T.);
#845=EDGE_CURVE('',#647,#681,#377,.T.);
#846=EDGE_CURVE('',#681,#681,#560,.T.);
#847=EDGE_CURVE('',#649,#682,#378,.T.);
#848=EDGE_CURVE('',#682,#682,#561,.T.);
#849=EDGE_CURVE('',#683,#683,#562,.T.);
#850=EDGE_CURVE('',#648,#684,#379,.T.);
#851=EDGE_CURVE('',#684,#684,#563,.T.);
#852=EDGE_CURVE('',#610,#675,#380,.T.);
#853=EDGE_CURVE('',#680,#654,#381,.T.);
#854=EDGE_CURVE('',#672,#685,#382,.T.);
#855=EDGE_CURVE('',#685,#685,#564,.T.);
#856=EDGE_CURVE('',#611,#678,#383,.T.);
#857=EDGE_CURVE('',#683,#655,#384,.T.);
#858=EDGE_CURVE('',#670,#686,#385,.T.);
#859=EDGE_CURVE('',#686,#686,#565,.T.);
#860=EDGE_CURVE('',#687,#635,#566,.T.);
#861=EDGE_CURVE('',#688,#687,#386,.T.);
#862=EDGE_CURVE('',#589,#688,#387,.T.);
#863=EDGE_CURVE('',#689,#689,#567,.T.);
#864=EDGE_CURVE('',#690,#690,#568,.T.);
#865=EDGE_CURVE('',#691,#688,#388,.T.);
#866=EDGE_CURVE('',#590,#691,#389,.T.);
#867=EDGE_CURVE('',#603,#691,#569,.T.);
#868=EDGE_CURVE('',#687,#604,#390,.T.);
#869=EDGE_CURVE('',#692,#692,#570,.T.);
#870=EDGE_CURVE('',#693,#693,#571,.T.);
#871=EDGE_CURVE('',#694,#694,#572,.T.);
#872=EDGE_CURVE('',#695,#695,#573,.T.);
#873=EDGE_CURVE('',#695,#612,#391,.T.);
#874=EDGE_CURVE('',#693,#613,#392,.T.);
#875=EDGE_CURVE('',#690,#692,#393,.T.);
#876=EDGE_CURVE('',#689,#694,#394,.T.);
#877=ORIENTED_EDGE('',*,*,#696,.T.);
#878=ORIENTED_EDGE('',*,*,#697,.T.);
#879=ORIENTED_EDGE('',*,*,#698,.T.);
#880=ORIENTED_EDGE('',*,*,#699,.T.);
#881=ORIENTED_EDGE('',*,*,#699,.F.);
#882=ORIENTED_EDGE('',*,*,#700,.T.);
#883=ORIENTED_EDGE('',*,*,#701,.F.);
#884=ORIENTED_EDGE('',*,*,#702,.F.);
#885=ORIENTED_EDGE('',*,*,#703,.T.);
#886=ORIENTED_EDGE('',*,*,#704,.T.);
#887=ORIENTED_EDGE('',*,*,#705,.T.);
#888=ORIENTED_EDGE('',*,*,#706,.T.);
#889=ORIENTED_EDGE('',*,*,#707,.T.);
#890=ORIENTED_EDGE('',*,*,#708,.F.);
#891=ORIENTED_EDGE('',*,*,#709,.T.);
#892=ORIENTED_EDGE('',*,*,#710,.F.);
#893=ORIENTED_EDGE('',*,*,#711,.F.);
#894=ORIENTED_EDGE('',*,*,#698,.F.);
#895=ORIENTED_EDGE('',*,*,#712,.F.);
#896=ORIENTED_EDGE('',*,*,#713,.F.);
#897=ORIENTED_EDGE('',*,*,#714,.F.);
#898=ORIENTED_EDGE('',*,*,#715,.F.);
#899=ORIENTED_EDGE('',*,*,#716,.F.);
#900=ORIENTED_EDGE('',*,*,#717,.F.);
#901=ORIENTED_EDGE('',*,*,#718,.F.);
#902=ORIENTED_EDGE('',*,*,#719,.F.);
#903=ORIENTED_EDGE('',*,*,#720,.T.);
#904=ORIENTED_EDGE('',*,*,#721,.T.);
#905=ORIENTED_EDGE('',*,*,#722,.F.);
#906=ORIENTED_EDGE('',*,*,#723,.T.);
#907=ORIENTED_EDGE('',*,*,#724,.F.);
#908=ORIENTED_EDGE('',*,*,#700,.F.);
#909=ORIENTED_EDGE('',*,*,#716,.T.);
#910=ORIENTED_EDGE('',*,*,#725,.T.);
#911=ORIENTED_EDGE('',*,*,#726,.T.);
#912=ORIENTED_EDGE('',*,*,#727,.T.);
#913=ORIENTED_EDGE('',*,*,#725,.F.);
#914=ORIENTED_EDGE('',*,*,#715,.T.);
#915=ORIENTED_EDGE('',*,*,#728,.T.);
#916=ORIENTED_EDGE('',*,*,#729,.F.);
#917=ORIENTED_EDGE('',*,*,#730,.T.);
#918=ORIENTED_EDGE('',*,*,#731,.T.);
#919=ORIENTED_EDGE('',*,*,#732,.F.);
#920=ORIENTED_EDGE('',*,*,#733,.F.);
#921=ORIENTED_EDGE('',*,*,#734,.F.);
#922=ORIENTED_EDGE('',*,*,#735,.T.);
#923=ORIENTED_EDGE('',*,*,#736,.T.);
#924=ORIENTED_EDGE('',*,*,#737,.T.);
#925=ORIENTED_EDGE('',*,*,#738,.T.);
#926=ORIENTED_EDGE('',*,*,#739,.T.);
#927=ORIENTED_EDGE('',*,*,#718,.T.);
#928=ORIENTED_EDGE('',*,*,#740,.T.);
#929=ORIENTED_EDGE('',*,*,#741,.T.);
#930=ORIENTED_EDGE('',*,*,#742,.T.);
#931=ORIENTED_EDGE('',*,*,#727,.F.);
#932=ORIENTED_EDGE('',*,*,#743,.F.);
#933=ORIENTED_EDGE('',*,*,#740,.F.);
#934=ORIENTED_EDGE('',*,*,#717,.T.);
#935=ORIENTED_EDGE('',*,*,#744,.T.);
#936=ORIENTED_EDGE('',*,*,#745,.T.);
#937=ORIENTED_EDGE('',*,*,#746,.T.);
#938=ORIENTED_EDGE('',*,*,#747,.T.);
#939=ORIENTED_EDGE('',*,*,#748,.T.);
#940=ORIENTED_EDGE('',*,*,#749,.T.);
#941=ORIENTED_EDGE('',*,*,#750,.F.);
#942=ORIENTED_EDGE('',*,*,#751,.T.);
#943=ORIENTED_EDGE('',*,*,#752,.F.);
#944=ORIENTED_EDGE('',*,*,#753,.T.);
#945=ORIENTED_EDGE('',*,*,#754,.T.);
#946=ORIENTED_EDGE('',*,*,#732,.T.);
#947=ORIENTED_EDGE('',*,*,#755,.T.);
#948=ORIENTED_EDGE('',*,*,#754,.F.);
#949=ORIENTED_EDGE('',*,*,#756,.F.);
#950=ORIENTED_EDGE('',*,*,#757,.T.);
#951=ORIENTED_EDGE('',*,*,#758,.F.);
#952=ORIENTED_EDGE('',*,*,#733,.T.);
#953=ORIENTED_EDGE('',*,*,#759,.T.);
#954=ORIENTED_EDGE('',*,*,#734,.T.);
#955=ORIENTED_EDGE('',*,*,#758,.T.);
#956=ORIENTED_EDGE('',*,*,#760,.T.);
#957=ORIENTED_EDGE('',*,*,#696,.F.);
#958=ORIENTED_EDGE('',*,*,#702,.T.);
#959=ORIENTED_EDGE('',*,*,#761,.F.);
#960=ORIENTED_EDGE('',*,*,#762,.T.);
#961=ORIENTED_EDGE('',*,*,#763,.T.);
#962=ORIENTED_EDGE('',*,*,#764,.F.);
#963=ORIENTED_EDGE('',*,*,#765,.F.);
#964=ORIENTED_EDGE('',*,*,#741,.F.);
#965=ORIENTED_EDGE('',*,*,#743,.T.);
#966=ORIENTED_EDGE('',*,*,#726,.F.);
#967=ORIENTED_EDGE('',*,*,#735,.F.);
#968=ORIENTED_EDGE('',*,*,#759,.F.);
#969=ORIENTED_EDGE('',*,*,#766,.T.);
#970=ORIENTED_EDGE('',*,*,#767,.T.);
#971=ORIENTED_EDGE('',*,*,#755,.F.);
#972=ORIENTED_EDGE('',*,*,#731,.F.);
#973=ORIENTED_EDGE('',*,*,#768,.T.);
#974=ORIENTED_EDGE('',*,*,#769,.F.);
#975=ORIENTED_EDGE('',*,*,#760,.F.);
#976=ORIENTED_EDGE('',*,*,#757,.F.);
#977=ORIENTED_EDGE('',*,*,#770,.F.);
#978=ORIENTED_EDGE('',*,*,#766,.F.);
#979=ORIENTED_EDGE('',*,*,#748,.F.);
#980=ORIENTED_EDGE('',*,*,#771,.F.);
#981=ORIENTED_EDGE('',*,*,#707,.F.);
#982=ORIENTED_EDGE('',*,*,#772,.T.);
#983=ORIENTED_EDGE('',*,*,#772,.F.);
#984=ORIENTED_EDGE('',*,*,#711,.T.);
#985=ORIENTED_EDGE('',*,*,#773,.F.);
#986=ORIENTED_EDGE('',*,*,#749,.F.);
#987=ORIENTED_EDGE('',*,*,#774,.T.);
#988=ORIENTED_EDGE('',*,*,#775,.T.);
#989=ORIENTED_EDGE('',*,*,#764,.T.);
#990=ORIENTED_EDGE('',*,*,#776,.T.);
#991=ORIENTED_EDGE('',*,*,#776,.F.);
#992=ORIENTED_EDGE('',*,*,#763,.F.);
#993=ORIENTED_EDGE('',*,*,#777,.F.);
#994=ORIENTED_EDGE('',*,*,#778,.F.);
#995=ORIENTED_EDGE('',*,*,#779,.T.);
#996=ORIENTED_EDGE('',*,*,#780,.T.);
#997=ORIENTED_EDGE('',*,*,#781,.T.);
#998=ORIENTED_EDGE('',*,*,#782,.T.);
#999=ORIENTED_EDGE('',*,*,#774,.F.);
#1000=ORIENTED_EDGE('',*,*,#778,.T.);
#1001=ORIENTED_EDGE('',*,*,#783,.T.);
#1002=ORIENTED_EDGE('',*,*,#784,.F.);
#1003=ORIENTED_EDGE('',*,*,#780,.F.);
#1004=ORIENTED_EDGE('',*,*,#785,.F.);
#1005=ORIENTED_EDGE('',*,*,#786,.T.);
#1006=ORIENTED_EDGE('',*,*,#761,.T.);
#1007=ORIENTED_EDGE('',*,*,#701,.T.);
#1008=ORIENTED_EDGE('',*,*,#724,.T.);
#1009=ORIENTED_EDGE('',*,*,#787,.T.);
#1010=ORIENTED_EDGE('',*,*,#788,.T.);
#1011=ORIENTED_EDGE('',*,*,#789,.T.);
#1012=ORIENTED_EDGE('',*,*,#790,.T.);
#1013=ORIENTED_EDGE('',*,*,#781,.F.);
#1014=ORIENTED_EDGE('',*,*,#784,.T.);
#1015=ORIENTED_EDGE('',*,*,#791,.T.);
#1016=ORIENTED_EDGE('',*,*,#792,.T.);
#1017=ORIENTED_EDGE('',*,*,#793,.T.);
#1018=ORIENTED_EDGE('',*,*,#794,.T.);
#1019=ORIENTED_EDGE('',*,*,#742,.F.);
#1020=ORIENTED_EDGE('',*,*,#765,.T.);
#1021=ORIENTED_EDGE('',*,*,#775,.F.);
#1022=ORIENTED_EDGE('',*,*,#785,.T.);
#1023=ORIENTED_EDGE('',*,*,#779,.F.);
#1024=ORIENTED_EDGE('',*,*,#795,.T.);
#1025=ORIENTED_EDGE('',*,*,#796,.T.);
#1026=ORIENTED_EDGE('',*,*,#797,.T.);
#1027=ORIENTED_EDGE('',*,*,#798,.T.);
#1028=ORIENTED_EDGE('',*,*,#719,.T.);
#1029=ORIENTED_EDGE('',*,*,#799,.T.);
#1030=ORIENTED_EDGE('',*,*,#800,.T.);
#1031=ORIENTED_EDGE('',*,*,#801,.T.);
#1032=ORIENTED_EDGE('',*,*,#802,.T.);
#1033=ORIENTED_EDGE('',*,*,#708,.T.);
#1034=ORIENTED_EDGE('',*,*,#771,.T.);
#1035=ORIENTED_EDGE('',*,*,#752,.T.);
#1036=ORIENTED_EDGE('',*,*,#803,.T.);
#1037=ORIENTED_EDGE('',*,*,#750,.T.);
#1038=ORIENTED_EDGE('',*,*,#773,.T.);
#1039=ORIENTED_EDGE('',*,*,#710,.T.);
#1040=ORIENTED_EDGE('',*,*,#804,.T.);
#1041=ORIENTED_EDGE('',*,*,#803,.F.);
#1042=ORIENTED_EDGE('',*,*,#751,.F.);
#1043=ORIENTED_EDGE('',*,*,#804,.F.);
#1044=ORIENTED_EDGE('',*,*,#709,.F.);
#1045=ORIENTED_EDGE('',*,*,#744,.F.);
#1046=ORIENTED_EDGE('',*,*,#805,.T.);
#1047=ORIENTED_EDGE('',*,*,#806,.T.);
#1048=ORIENTED_EDGE('',*,*,#805,.F.);
#1049=ORIENTED_EDGE('',*,*,#806,.F.);
#1050=ORIENTED_EDGE('',*,*,#807,.F.);
#1051=ORIENTED_EDGE('',*,*,#745,.F.);
#1052=ORIENTED_EDGE('',*,*,#808,.T.);
#1053=ORIENTED_EDGE('',*,*,#809,.T.);
#1054=ORIENTED_EDGE('',*,*,#808,.F.);
#1055=ORIENTED_EDGE('',*,*,#809,.F.);
#1056=ORIENTED_EDGE('',*,*,#810,.F.);
#1057=ORIENTED_EDGE('',*,*,#746,.F.);
#1058=ORIENTED_EDGE('',*,*,#811,.T.);
#1059=ORIENTED_EDGE('',*,*,#812,.T.);
#1060=ORIENTED_EDGE('',*,*,#811,.F.);
#1061=ORIENTED_EDGE('',*,*,#812,.F.);
#1062=ORIENTED_EDGE('',*,*,#813,.F.);
#1063=ORIENTED_EDGE('',*,*,#747,.F.);
#1064=ORIENTED_EDGE('',*,*,#814,.T.);
#1065=ORIENTED_EDGE('',*,*,#815,.T.);
#1066=ORIENTED_EDGE('',*,*,#814,.F.);
#1067=ORIENTED_EDGE('',*,*,#815,.F.);
#1068=ORIENTED_EDGE('',*,*,#816,.F.);
#1069=ORIENTED_EDGE('',*,*,#703,.F.);
#1070=ORIENTED_EDGE('',*,*,#817,.T.);
#1071=ORIENTED_EDGE('',*,*,#810,.T.);
#1072=ORIENTED_EDGE('',*,*,#817,.F.);
#1073=ORIENTED_EDGE('',*,*,#704,.F.);
#1074=ORIENTED_EDGE('',*,*,#818,.T.);
#1075=ORIENTED_EDGE('',*,*,#807,.T.);
#1076=ORIENTED_EDGE('',*,*,#818,.F.);
#1077=ORIENTED_EDGE('',*,*,#705,.F.);
#1078=ORIENTED_EDGE('',*,*,#819,.T.);
#1079=ORIENTED_EDGE('',*,*,#816,.T.);
#1080=ORIENTED_EDGE('',*,*,#819,.F.);
#1081=ORIENTED_EDGE('',*,*,#706,.F.);
#1082=ORIENTED_EDGE('',*,*,#820,.T.);
#1083=ORIENTED_EDGE('',*,*,#813,.T.);
#1084=ORIENTED_EDGE('',*,*,#820,.F.);
#1085=ORIENTED_EDGE('',*,*,#722,.T.);
#1086=ORIENTED_EDGE('',*,*,#821,.T.);
#1087=ORIENTED_EDGE('',*,*,#822,.F.);
#1088=ORIENTED_EDGE('',*,*,#823,.F.);
#1089=ORIENTED_EDGE('',*,*,#721,.F.);
#1090=ORIENTED_EDGE('',*,*,#824,.F.);
#1091=ORIENTED_EDGE('',*,*,#825,.F.);
#1092=ORIENTED_EDGE('',*,*,#821,.F.);
#1093=ORIENTED_EDGE('',*,*,#826,.T.);
#1094=ORIENTED_EDGE('',*,*,#827,.F.);
#1095=ORIENTED_EDGE('',*,*,#828,.T.);
#1096=ORIENTED_EDGE('',*,*,#829,.F.);
#1097=ORIENTED_EDGE('',*,*,#830,.T.);
#1098=ORIENTED_EDGE('',*,*,#797,.F.);
#1099=ORIENTED_EDGE('',*,*,#831,.T.);
#1100=ORIENTED_EDGE('',*,*,#788,.F.);
#1101=ORIENTED_EDGE('',*,*,#832,.T.);
#1102=ORIENTED_EDGE('',*,*,#822,.T.);
#1103=ORIENTED_EDGE('',*,*,#825,.T.);
#1104=ORIENTED_EDGE('',*,*,#796,.F.);
#1105=ORIENTED_EDGE('',*,*,#833,.T.);
#1106=ORIENTED_EDGE('',*,*,#789,.F.);
#1107=ORIENTED_EDGE('',*,*,#831,.F.);
#1108=ORIENTED_EDGE('',*,*,#782,.F.);
#1109=ORIENTED_EDGE('',*,*,#790,.F.);
#1110=ORIENTED_EDGE('',*,*,#833,.F.);
#1111=ORIENTED_EDGE('',*,*,#795,.F.);
#1112=ORIENTED_EDGE('',*,*,#823,.T.);
#1113=ORIENTED_EDGE('',*,*,#832,.F.);
#1114=ORIENTED_EDGE('',*,*,#787,.F.);
#1115=ORIENTED_EDGE('',*,*,#723,.F.);
#1116=ORIENTED_EDGE('',*,*,#777,.T.);
#1117=ORIENTED_EDGE('',*,*,#762,.F.);
#1118=ORIENTED_EDGE('',*,*,#786,.F.);
#1119=ORIENTED_EDGE('',*,*,#783,.F.);
#1120=ORIENTED_EDGE('',*,*,#834,.F.);
#1121=ORIENTED_EDGE('',*,*,#835,.T.);
#1122=ORIENTED_EDGE('',*,*,#836,.T.);
#1123=ORIENTED_EDGE('',*,*,#835,.F.);
#1124=ORIENTED_EDGE('',*,*,#836,.F.);
#1125=ORIENTED_EDGE('',*,*,#837,.F.);
#1126=ORIENTED_EDGE('',*,*,#838,.F.);
#1127=ORIENTED_EDGE('',*,*,#839,.T.);
#1128=ORIENTED_EDGE('',*,*,#840,.T.);
#1129=ORIENTED_EDGE('',*,*,#839,.F.);
#1130=ORIENTED_EDGE('',*,*,#840,.F.);
#1131=ORIENTED_EDGE('',*,*,#841,.F.);
#1132=ORIENTED_EDGE('',*,*,#794,.F.);
#1133=ORIENTED_EDGE('',*,*,#842,.T.);
#1134=ORIENTED_EDGE('',*,*,#843,.T.);
#1135=ORIENTED_EDGE('',*,*,#842,.F.);
#1136=ORIENTED_EDGE('',*,*,#843,.F.);
#1137=ORIENTED_EDGE('',*,*,#844,.F.);
#1138=ORIENTED_EDGE('',*,*,#791,.F.);
#1139=ORIENTED_EDGE('',*,*,#845,.T.);
#1140=ORIENTED_EDGE('',*,*,#846,.T.);
#1141=ORIENTED_EDGE('',*,*,#845,.F.);
#1142=ORIENTED_EDGE('',*,*,#846,.F.);
#1143=ORIENTED_EDGE('',*,*,#828,.F.);
#1144=ORIENTED_EDGE('',*,*,#793,.F.);
#1145=ORIENTED_EDGE('',*,*,#847,.T.);
#1146=ORIENTED_EDGE('',*,*,#848,.T.);
#1147=ORIENTED_EDGE('',*,*,#847,.F.);
#1148=ORIENTED_EDGE('',*,*,#848,.F.);
#1149=ORIENTED_EDGE('',*,*,#849,.F.);
#1150=ORIENTED_EDGE('',*,*,#792,.F.);
#1151=ORIENTED_EDGE('',*,*,#850,.T.);
#1152=ORIENTED_EDGE('',*,*,#851,.T.);
#1153=ORIENTED_EDGE('',*,*,#850,.F.);
#1154=ORIENTED_EDGE('',*,*,#851,.F.);
#1155=ORIENTED_EDGE('',*,*,#826,.F.);
#1156=ORIENTED_EDGE('',*,*,#736,.F.);
#1157=ORIENTED_EDGE('',*,*,#852,.T.);
#1158=ORIENTED_EDGE('',*,*,#837,.T.);
#1159=ORIENTED_EDGE('',*,*,#852,.F.);
#1160=ORIENTED_EDGE('',*,*,#844,.T.);
#1161=ORIENTED_EDGE('',*,*,#853,.T.);
#1162=ORIENTED_EDGE('',*,*,#799,.F.);
#1163=ORIENTED_EDGE('',*,*,#853,.F.);
#1164=ORIENTED_EDGE('',*,*,#829,.T.);
#1165=ORIENTED_EDGE('',*,*,#854,.T.);
#1166=ORIENTED_EDGE('',*,*,#855,.F.);
#1167=ORIENTED_EDGE('',*,*,#854,.F.);
#1168=ORIENTED_EDGE('',*,*,#737,.F.);
#1169=ORIENTED_EDGE('',*,*,#856,.T.);
#1170=ORIENTED_EDGE('',*,*,#841,.T.);
#1171=ORIENTED_EDGE('',*,*,#856,.F.);
#1172=ORIENTED_EDGE('',*,*,#849,.T.);
#1173=ORIENTED_EDGE('',*,*,#857,.T.);
#1174=ORIENTED_EDGE('',*,*,#800,.F.);
#1175=ORIENTED_EDGE('',*,*,#857,.F.);
#1176=ORIENTED_EDGE('',*,*,#827,.T.);
#1177=ORIENTED_EDGE('',*,*,#858,.T.);
#1178=ORIENTED_EDGE('',*,*,#859,.F.);
#1179=ORIENTED_EDGE('',*,*,#858,.F.);
#1180=ORIENTED_EDGE('',*,*,#697,.F.);
#1181=ORIENTED_EDGE('',*,*,#767,.F.);
#1182=ORIENTED_EDGE('',*,*,#770,.T.);
#1183=ORIENTED_EDGE('',*,*,#756,.T.);
#1184=ORIENTED_EDGE('',*,*,#753,.F.);
#1185=ORIENTED_EDGE('',*,*,#769,.T.);
#1186=ORIENTED_EDGE('',*,*,#860,.F.);
#1187=ORIENTED_EDGE('',*,*,#861,.F.);
#1188=ORIENTED_EDGE('',*,*,#862,.F.);
#1189=ORIENTED_EDGE('',*,*,#712,.T.);
#1190=ORIENTED_EDGE('',*,*,#863,.T.);
#1191=ORIENTED_EDGE('',*,*,#864,.T.);
#1192=ORIENTED_EDGE('',*,*,#838,.T.);
#1193=ORIENTED_EDGE('',*,*,#834,.T.);
#1194=ORIENTED_EDGE('',*,*,#802,.F.);
#1195=ORIENTED_EDGE('',*,*,#855,.T.);
#1196=ORIENTED_EDGE('',*,*,#801,.F.);
#1197=ORIENTED_EDGE('',*,*,#859,.T.);
#1198=ORIENTED_EDGE('',*,*,#713,.T.);
#1199=ORIENTED_EDGE('',*,*,#862,.T.);
#1200=ORIENTED_EDGE('',*,*,#865,.F.);
#1201=ORIENTED_EDGE('',*,*,#866,.F.);
#1202=ORIENTED_EDGE('',*,*,#714,.T.);
#1203=ORIENTED_EDGE('',*,*,#866,.T.);
#1204=ORIENTED_EDGE('',*,*,#867,.F.);
#1205=ORIENTED_EDGE('',*,*,#728,.F.);
#1206=ORIENTED_EDGE('',*,*,#860,.T.);
#1207=ORIENTED_EDGE('',*,*,#768,.F.);
#1208=ORIENTED_EDGE('',*,*,#730,.F.);
#1209=ORIENTED_EDGE('',*,*,#868,.F.);
#1210=ORIENTED_EDGE('',*,*,#861,.T.);
#1211=ORIENTED_EDGE('',*,*,#868,.T.);
#1212=ORIENTED_EDGE('',*,*,#729,.T.);
#1213=ORIENTED_EDGE('',*,*,#867,.T.);
#1214=ORIENTED_EDGE('',*,*,#865,.T.);
#1215=ORIENTED_EDGE('',*,*,#798,.F.);
#1216=ORIENTED_EDGE('',*,*,#830,.F.);
#1217=ORIENTED_EDGE('',*,*,#824,.T.);
#1218=ORIENTED_EDGE('',*,*,#720,.F.);
#1219=ORIENTED_EDGE('',*,*,#869,.F.);
#1220=ORIENTED_EDGE('',*,*,#870,.F.);
#1221=ORIENTED_EDGE('',*,*,#871,.F.);
#1222=ORIENTED_EDGE('',*,*,#872,.F.);
#1223=ORIENTED_EDGE('',*,*,#872,.T.);
#1224=ORIENTED_EDGE('',*,*,#873,.T.);
#1225=ORIENTED_EDGE('',*,*,#738,.F.);
#1226=ORIENTED_EDGE('',*,*,#873,.F.);
#1227=ORIENTED_EDGE('',*,*,#870,.T.);
#1228=ORIENTED_EDGE('',*,*,#874,.T.);
#1229=ORIENTED_EDGE('',*,*,#739,.F.);
#1230=ORIENTED_EDGE('',*,*,#874,.F.);
#1231=ORIENTED_EDGE('',*,*,#864,.F.);
#1232=ORIENTED_EDGE('',*,*,#875,.T.);
#1233=ORIENTED_EDGE('',*,*,#869,.T.);
#1234=ORIENTED_EDGE('',*,*,#875,.F.);
#1235=ORIENTED_EDGE('',*,*,#863,.F.);
#1236=ORIENTED_EDGE('',*,*,#876,.T.);
#1237=ORIENTED_EDGE('',*,*,#871,.T.);
#1238=ORIENTED_EDGE('',*,*,#876,.F.);
#1239=CYLINDRICAL_SURFACE('',#1356,2.5);
#1240=CYLINDRICAL_SURFACE('',#1372,2.5);
#1241=CYLINDRICAL_SURFACE('',#1381,2.5);
#1242=CYLINDRICAL_SURFACE('',#1391,8.5);
#1243=CYLINDRICAL_SURFACE('',#1395,0.5);
#1244=CYLINDRICAL_SURFACE('',#1403,0.5);
#1245=CYLINDRICAL_SURFACE('',#1406,8.5);
#1246=CYLINDRICAL_SURFACE('',#1422,9.);
#1247=CYLINDRICAL_SURFACE('',#1423,9.);
#1248=CYLINDRICAL_SURFACE('',#1424,20.);
#1249=CYLINDRICAL_SURFACE('',#1425,3.);
#1250=CYLINDRICAL_SURFACE('',#1429,3.);
#1251=CYLINDRICAL_SURFACE('',#1433,3.);
#1252=CYLINDRICAL_SURFACE('',#1437,3.);
#1253=CYLINDRICAL_SURFACE('',#1441,1.6);
#1254=CYLINDRICAL_SURFACE('',#1442,1.6);
#1255=CYLINDRICAL_SURFACE('',#1443,1.6);
#1256=CYLINDRICAL_SURFACE('',#1444,1.6);
#1257=CYLINDRICAL_SURFACE('',#1446,0.499999999999998);
#1258=CYLINDRICAL_SURFACE('',#1455,4.49999999999999);
#1259=CYLINDRICAL_SURFACE('',#1459,3.);
#1260=CYLINDRICAL_SURFACE('',#1464,3.);
#1261=CYLINDRICAL_SURFACE('',#1469,3.);
#1262=CYLINDRICAL_SURFACE('',#1473,3.);
#1263=CYLINDRICAL_SURFACE('',#1476,3.);
#1264=CYLINDRICAL_SURFACE('',#1480,3.);
#1265=CYLINDRICAL_SURFACE('',#1483,1.6);
#1266=CYLINDRICAL_SURFACE('',#1484,1.6);
#1267=CYLINDRICAL_SURFACE('',#1485,1.6);
#1268=CYLINDRICAL_SURFACE('',#1487,1.6);
#1269=CYLINDRICAL_SURFACE('',#1488,1.6);
#1270=CYLINDRICAL_SURFACE('',#1489,1.6);
#1271=CYLINDRICAL_SURFACE('',#1498,0.499999999999998);
#1272=CYLINDRICAL_SURFACE('',#1500,4.5);
#1273=CYLINDRICAL_SURFACE('',#1509,1.7);
#1274=CYLINDRICAL_SURFACE('',#1510,1.7);
#1275=CYLINDRICAL_SURFACE('',#1511,3.);
#1276=CYLINDRICAL_SURFACE('',#1512,3.);
#1277=ADVANCED_FACE('',(#98),#1239,.T.);
#1278=ADVANCED_FACE('',(#99,#17,#18,#19,#20,#21),#59,.T.);
#1279=ADVANCED_FACE('',(#100),#60,.F.);
#1280=ADVANCED_FACE('',(#101),#1240,.F.);
#1281=ADVANCED_FACE('',(#102,#22,#23,#24,#25),#61,.T.);
#1282=ADVANCED_FACE('',(#103),#1241,.F.);
#1283=ADVANCED_FACE('',(#104,#26,#27,#28,#29,#30),#62,.F.);
#1284=ADVANCED_FACE('',(#105),#1242,.F.);
#1285=ADVANCED_FACE('',(#106),#63,.T.);
#1286=ADVANCED_FACE('',(#107),#1243,.T.);
#1287=ADVANCED_FACE('',(#108),#64,.T.);
#1288=ADVANCED_FACE('',(#109),#65,.F.);
#1289=ADVANCED_FACE('',(#110),#66,.F.);
#1290=ADVANCED_FACE('',(#111),#67,.T.);
#1291=ADVANCED_FACE('',(#112),#68,.T.);
#1292=ADVANCED_FACE('',(#113),#1244,.T.);
#1293=ADVANCED_FACE('',(#114),#69,.T.);
#1294=ADVANCED_FACE('',(#115),#1245,.F.);
#1295=ADVANCED_FACE('',(#116),#70,.T.);
#1296=ADVANCED_FACE('',(#117,#31,#32,#33,#34),#71,.T.);
#1297=ADVANCED_FACE('',(#118,#35,#36,#37,#38),#72,.T.);
#1298=ADVANCED_FACE('',(#119),#1246,.F.);
#1299=ADVANCED_FACE('',(#120),#1247,.F.);
#1300=ADVANCED_FACE('',(#121),#1248,.F.);
#1301=ADVANCED_FACE('',(#122),#1249,.F.);
#1302=ADVANCED_FACE('',(#123,#39),#73,.T.);
#1303=ADVANCED_FACE('',(#124),#1250,.F.);
#1304=ADVANCED_FACE('',(#125,#40),#74,.T.);
#1305=ADVANCED_FACE('',(#126),#1251,.F.);
#1306=ADVANCED_FACE('',(#127,#41),#75,.T.);
#1307=ADVANCED_FACE('',(#128),#1252,.F.);
#1308=ADVANCED_FACE('',(#129,#42),#76,.T.);
#1309=ADVANCED_FACE('',(#130),#1253,.F.);
#1310=ADVANCED_FACE('',(#131),#1254,.F.);
#1311=ADVANCED_FACE('',(#132),#1255,.F.);
#1312=ADVANCED_FACE('',(#133),#1256,.F.);
#1313=ADVANCED_FACE('',(#134),#77,.T.);
#1314=ADVANCED_FACE('',(#135),#1257,.T.);
#1315=ADVANCED_FACE('',(#136,#43),#78,.T.);
#1316=ADVANCED_FACE('',(#137,#44),#79,.T.);
#1317=ADVANCED_FACE('',(#138),#80,.F.);
#1318=ADVANCED_FACE('',(#139),#1258,.F.);
#1319=ADVANCED_FACE('',(#140),#81,.F.);
#1320=ADVANCED_FACE('',(#141),#82,.T.);
#1321=ADVANCED_FACE('',(#142),#83,.F.);
#1322=ADVANCED_FACE('',(#143),#1259,.F.);
#1323=ADVANCED_FACE('',(#144,#45),#84,.F.);
#1324=ADVANCED_FACE('',(#145),#1260,.F.);
#1325=ADVANCED_FACE('',(#146,#46),#85,.F.);
#1326=ADVANCED_FACE('',(#147),#1261,.F.);
#1327=ADVANCED_FACE('',(#148,#47),#86,.T.);
#1328=ADVANCED_FACE('',(#149),#1262,.F.);
#1329=ADVANCED_FACE('',(#150,#48),#87,.T.);
#1330=ADVANCED_FACE('',(#151),#1263,.F.);
#1331=ADVANCED_FACE('',(#152,#49),#88,.T.);
#1332=ADVANCED_FACE('',(#153),#1264,.F.);
#1333=ADVANCED_FACE('',(#154,#50),#89,.T.);
#1334=ADVANCED_FACE('',(#155),#1265,.F.);
#1335=ADVANCED_FACE('',(#156),#1266,.F.);
#1336=ADVANCED_FACE('',(#157),#1267,.F.);
#1337=ADVANCED_FACE('',(#158),#1268,.F.);
#1338=ADVANCED_FACE('',(#159),#1269,.F.);
#1339=ADVANCED_FACE('',(#160),#1270,.F.);
#1340=ADVANCED_FACE('',(#161,#51,#52,#53,#54),#90,.T.);
#1341=ADVANCED_FACE('',(#162,#55),#91,.T.);
#1342=ADVANCED_FACE('',(#163,#56),#92,.T.);
#1343=ADVANCED_FACE('',(#164),#93,.T.);
#1344=ADVANCED_FACE('',(#165),#1271,.T.);
#1345=ADVANCED_FACE('',(#166),#1272,.F.);
#1346=ADVANCED_FACE('',(#167),#94,.T.);
#1347=ADVANCED_FACE('',(#168),#95,.T.);
#1348=ADVANCED_FACE('',(#169,#57),#96,.T.);
#1349=ADVANCED_FACE('',(#170,#58),#97,.T.);
#1350=ADVANCED_FACE('',(#171),#1273,.F.);
#1351=ADVANCED_FACE('',(#172),#1274,.F.);
#1352=ADVANCED_FACE('',(#173),#1275,.F.);
#1353=ADVANCED_FACE('',(#174),#1276,.F.);
#1354=CLOSED_SHELL('',(#1277,#1278,#1279,#1280,#1281,#1282,#1283,#1284,
#1285,#1286,#1287,#1288,#1289,#1290,#1291,#1292,#1293,#1294,#1295,#1296,
#1297,#1298,#1299,#1300,#1301,#1302,#1303,#1304,#1305,#1306,#1307,#1308,
#1309,#1310,#1311,#1312,#1313,#1314,#1315,#1316,#1317,#1318,#1319,#1320,
#1321,#1322,#1323,#1324,#1325,#1326,#1327,#1328,#1329,#1330,#1331,#1332,
#1333,#1334,#1335,#1336,#1337,#1338,#1339,#1340,#1341,#1342,#1343,#1344,
#1345,#1346,#1347,#1348,#1349,#1350,#1351,#1352,#1353));
#1355=AXIS2_PLACEMENT_3D('',#1930,#1513,#1514);
#1356=AXIS2_PLACEMENT_3D('',#1931,#1515,#1516);
#1357=AXIS2_PLACEMENT_3D('',#1934,#1517,#1518);
#1358=AXIS2_PLACEMENT_3D('',#1938,#1520,#1521);
#1359=AXIS2_PLACEMENT_3D('',#1940,#1523,#1524);
#1360=AXIS2_PLACEMENT_3D('',#1947,#1528,#1529);
#1361=AXIS2_PLACEMENT_3D('',#1949,#1530,#1531);
#1362=AXIS2_PLACEMENT_3D('',#1951,#1532,#1533);
#1363=AXIS2_PLACEMENT_3D('',#1953,#1534,#1535);
#1364=AXIS2_PLACEMENT_3D('',#1958,#1537,#1538);
#1365=AXIS2_PLACEMENT_3D('',#1960,#1539,#1540);
#1366=AXIS2_PLACEMENT_3D('',#1962,#1541,#1542);
#1367=AXIS2_PLACEMENT_3D('',#1964,#1544,#1545);
#1368=AXIS2_PLACEMENT_3D('',#1970,#1548,#1549);
#1369=AXIS2_PLACEMENT_3D('',#1974,#1551,#1552);
#1370=AXIS2_PLACEMENT_3D('',#1978,#1554,#1555);
#1371=AXIS2_PLACEMENT_3D('',#1984,#1558,#1559);
#1372=AXIS2_PLACEMENT_3D('',#1990,#1563,#1564);
#1373=AXIS2_PLACEMENT_3D('',#1994,#1566,#1567);
#1374=AXIS2_PLACEMENT_3D('',#1996,#1569,#1570);
#1375=AXIS2_PLACEMENT_3D('',#2002,#1573,#1574);
#1376=AXIS2_PLACEMENT_3D('',#2006,#1576,#1577);
#1377=AXIS2_PLACEMENT_3D('',#2013,#1581,#1582);
#1378=AXIS2_PLACEMENT_3D('',#2015,#1583,#1584);
#1379=AXIS2_PLACEMENT_3D('',#2017,#1585,#1586);
#1380=AXIS2_PLACEMENT_3D('',#2019,#1587,#1588);
#1381=AXIS2_PLACEMENT_3D('',#2020,#1589,#1590);
#1382=AXIS2_PLACEMENT_3D('',#2024,#1592,#1593);
#1383=AXIS2_PLACEMENT_3D('',#2026,#1595,#1596);
#1384=AXIS2_PLACEMENT_3D('',#2029,#1598,#1599);
#1385=AXIS2_PLACEMENT_3D('',#2031,#1600,#1601);
#1386=AXIS2_PLACEMENT_3D('',#2033,#1602,#1603);
#1387=AXIS2_PLACEMENT_3D('',#2035,#1604,#1605);
#1388=AXIS2_PLACEMENT_3D('',#2042,#1608,#1609);
#1389=AXIS2_PLACEMENT_3D('',#2044,#1610,#1611);
#1390=AXIS2_PLACEMENT_3D('',#2045,#1612,#1613);
#1391=AXIS2_PLACEMENT_3D('',#2046,#1614,#1615);
#1392=AXIS2_PLACEMENT_3D('',#2049,#1616,#1617);
#1393=AXIS2_PLACEMENT_3D('',#2052,#1620,#1621);
#1394=AXIS2_PLACEMENT_3D('',#2057,#1624,#1625);
#1395=AXIS2_PLACEMENT_3D('',#2058,#1626,#1627);
#1396=AXIS2_PLACEMENT_3D('',#2060,#1628,#1629);
#1397=AXIS2_PLACEMENT_3D('',#2062,#1631,#1632);
#1398=AXIS2_PLACEMENT_3D('',#2070,#1636,#1637);
#1399=AXIS2_PLACEMENT_3D('',#2075,#1641,#1642);
#1400=AXIS2_PLACEMENT_3D('',#2079,#1645,#1646);
#1401=AXIS2_PLACEMENT_3D('',#2081,#1648,#1649);
#1402=AXIS2_PLACEMENT_3D('',#2084,#1652,#1653);
#1403=AXIS2_PLACEMENT_3D('',#2086,#1655,#1656);
#1404=AXIS2_PLACEMENT_3D('',#2089,#1657,#1658);
#1405=AXIS2_PLACEMENT_3D('',#2092,#1661,#1662);
#1406=AXIS2_PLACEMENT_3D('',#2096,#1665,#1666);
#1407=AXIS2_PLACEMENT_3D('',#2099,#1667,#1668);
#1408=AXIS2_PLACEMENT_3D('',#2103,#1670,#1671);
#1409=AXIS2_PLACEMENT_3D('',#2105,#1673,#1674);
#1410=AXIS2_PLACEMENT_3D('',#2110,#1678,#1679);
#1411=AXIS2_PLACEMENT_3D('',#2117,#1683,#1684);
#1412=AXIS2_PLACEMENT_3D('',#2120,#1686,#1687);
#1413=AXIS2_PLACEMENT_3D('',#2122,#1688,#1689);
#1414=AXIS2_PLACEMENT_3D('',#2124,#1690,#1691);
#1415=AXIS2_PLACEMENT_3D('',#2126,#1692,#1693);
#1416=AXIS2_PLACEMENT_3D('',#2127,#1694,#1695);
#1417=AXIS2_PLACEMENT_3D('',#2131,#1697,#1698);
#1418=AXIS2_PLACEMENT_3D('',#2136,#1701,#1702);
#1419=AXIS2_PLACEMENT_3D('',#2138,#1703,#1704);
#1420=AXIS2_PLACEMENT_3D('',#2140,#1705,#1706);
#1421=AXIS2_PLACEMENT_3D('',#2142,#1707,#1708);
#1422=AXIS2_PLACEMENT_3D('',#2143,#1709,#1710);
#1423=AXIS2_PLACEMENT_3D('',#2145,#1712,#1713);
#1424=AXIS2_PLACEMENT_3D('',#2147,#1715,#1716);
#1425=AXIS2_PLACEMENT_3D('',#2148,#1717,#1718);
#1426=AXIS2_PLACEMENT_3D('',#2151,#1720,#1721);
#1427=AXIS2_PLACEMENT_3D('',#2152,#1722,#1723);
#1428=AXIS2_PLACEMENT_3D('',#2154,#1724,#1725);
#1429=AXIS2_PLACEMENT_3D('',#2155,#1726,#1727);
#1430=AXIS2_PLACEMENT_3D('',#2158,#1729,#1730);
#1431=AXIS2_PLACEMENT_3D('',#2159,#1731,#1732);
#1432=AXIS2_PLACEMENT_3D('',#2161,#1733,#1734);
#1433=AXIS2_PLACEMENT_3D('',#2162,#1735,#1736);
#1434=AXIS2_PLACEMENT_3D('',#2165,#1738,#1739);
#1435=AXIS2_PLACEMENT_3D('',#2166,#1740,#1741);
#1436=AXIS2_PLACEMENT_3D('',#2168,#1742,#1743);
#1437=AXIS2_PLACEMENT_3D('',#2169,#1744,#1745);
#1438=AXIS2_PLACEMENT_3D('',#2172,#1747,#1748);
#1439=AXIS2_PLACEMENT_3D('',#2173,#1749,#1750);
#1440=AXIS2_PLACEMENT_3D('',#2175,#1751,#1752);
#1441=AXIS2_PLACEMENT_3D('',#2176,#1753,#1754);
#1442=AXIS2_PLACEMENT_3D('',#2178,#1756,#1757);
#1443=AXIS2_PLACEMENT_3D('',#2180,#1759,#1760);
#1444=AXIS2_PLACEMENT_3D('',#2182,#1762,#1763);
#1445=AXIS2_PLACEMENT_3D('',#2184,#1765,#1766);
#1446=AXIS2_PLACEMENT_3D('',#2190,#1770,#1771);
#1447=AXIS2_PLACEMENT_3D('',#2193,#1773,#1774);
#1448=AXIS2_PLACEMENT_3D('',#2194,#1775,#1776);
#1449=AXIS2_PLACEMENT_3D('',#2196,#1777,#1778);
#1450=AXIS2_PLACEMENT_3D('',#2198,#1779,#1780);
#1451=AXIS2_PLACEMENT_3D('',#2199,#1781,#1782);
#1452=AXIS2_PLACEMENT_3D('',#2201,#1783,#1784);
#1453=AXIS2_PLACEMENT_3D('',#2203,#1785,#1786);
#1454=AXIS2_PLACEMENT_3D('',#2204,#1787,#1788);
#1455=AXIS2_PLACEMENT_3D('',#2208,#1792,#1793);
#1456=AXIS2_PLACEMENT_3D('',#2210,#1795,#1796);
#1457=AXIS2_PLACEMENT_3D('',#2211,#1797,#1798);
#1458=AXIS2_PLACEMENT_3D('',#2212,#1799,#1800);
#1459=AXIS2_PLACEMENT_3D('',#2213,#1801,#1802);
#1460=AXIS2_PLACEMENT_3D('',#2215,#1803,#1804);
#1461=AXIS2_PLACEMENT_3D('',#2218,#1806,#1807);
#1462=AXIS2_PLACEMENT_3D('',#2219,#1808,#1809);
#1463=AXIS2_PLACEMENT_3D('',#2221,#1810,#1811);
#1464=AXIS2_PLACEMENT_3D('',#2222,#1812,#1813);
#1465=AXIS2_PLACEMENT_3D('',#2224,#1814,#1815);
#1466=AXIS2_PLACEMENT_3D('',#2227,#1817,#1818);
#1467=AXIS2_PLACEMENT_3D('',#2228,#1819,#1820);
#1468=AXIS2_PLACEMENT_3D('',#2230,#1821,#1822);
#1469=AXIS2_PLACEMENT_3D('',#2231,#1823,#1824);
#1470=AXIS2_PLACEMENT_3D('',#2234,#1826,#1827);
#1471=AXIS2_PLACEMENT_3D('',#2235,#1828,#1829);
#1472=AXIS2_PLACEMENT_3D('',#2237,#1830,#1831);
#1473=AXIS2_PLACEMENT_3D('',#2238,#1832,#1833);
#1474=AXIS2_PLACEMENT_3D('',#2241,#1835,#1836);
#1475=AXIS2_PLACEMENT_3D('',#2242,#1837,#1838);
#1476=AXIS2_PLACEMENT_3D('',#2243,#1839,#1840);
#1477=AXIS2_PLACEMENT_3D('',#2246,#1842,#1843);
#1478=AXIS2_PLACEMENT_3D('',#2247,#1844,#1845);
#1479=AXIS2_PLACEMENT_3D('',#2249,#1846,#1847);
#1480=AXIS2_PLACEMENT_3D('',#2250,#1848,#1849);
#1481=AXIS2_PLACEMENT_3D('',#2253,#1851,#1852);
#1482=AXIS2_PLACEMENT_3D('',#2254,#1853,#1854);
#1483=AXIS2_PLACEMENT_3D('',#2255,#1855,#1856);
#1484=AXIS2_PLACEMENT_3D('',#2257,#1858,#1859);
#1485=AXIS2_PLACEMENT_3D('',#2259,#1861,#1862);
#1486=AXIS2_PLACEMENT_3D('',#2262,#1864,#1865);
#1487=AXIS2_PLACEMENT_3D('',#2263,#1866,#1867);
#1488=AXIS2_PLACEMENT_3D('',#2265,#1869,#1870);
#1489=AXIS2_PLACEMENT_3D('',#2267,#1872,#1873);
#1490=AXIS2_PLACEMENT_3D('',#2270,#1875,#1876);
#1491=AXIS2_PLACEMENT_3D('',#2271,#1877,#1878);
#1492=AXIS2_PLACEMENT_3D('',#2273,#1879,#1880);
#1493=AXIS2_PLACEMENT_3D('',#2278,#1883,#1884);
#1494=AXIS2_PLACEMENT_3D('',#2280,#1885,#1886);
#1495=AXIS2_PLACEMENT_3D('',#2281,#1887,#1888);
#1496=AXIS2_PLACEMENT_3D('',#2282,#1889,#1890);
#1497=AXIS2_PLACEMENT_3D('',#2283,#1891,#1892);
#1498=AXIS2_PLACEMENT_3D('',#2287,#1895,#1896);
#1499=AXIS2_PLACEMENT_3D('',#2288,#1897,#1898);
#1500=AXIS2_PLACEMENT_3D('',#2289,#1899,#1900);
#1501=AXIS2_PLACEMENT_3D('',#2291,#1902,#1903);
#1502=AXIS2_PLACEMENT_3D('',#2292,#1904,#1905);
#1503=AXIS2_PLACEMENT_3D('',#2293,#1906,#1907);
#1504=AXIS2_PLACEMENT_3D('',#2295,#1908,#1909);
#1505=AXIS2_PLACEMENT_3D('',#2297,#1910,#1911);
#1506=AXIS2_PLACEMENT_3D('',#2298,#1912,#1913);
#1507=AXIS2_PLACEMENT_3D('',#2300,#1914,#1915);
#1508=AXIS2_PLACEMENT_3D('',#2302,#1916,#1917);
#1509=AXIS2_PLACEMENT_3D('',#2303,#1918,#1919);
#1510=AXIS2_PLACEMENT_3D('',#2305,#1921,#1922);
#1511=AXIS2_PLACEMENT_3D('',#2307,#1924,#1925);
#1512=AXIS2_PLACEMENT_3D('',#2309,#1927,#1928);
#1513=DIRECTION('axis',(0.,0.,1.));
#1514=DIRECTION('refdir',(1.,0.,0.));
#1515=DIRECTION('center_axis',(0.,0.,1.));
#1516=DIRECTION('ref_axis',(-0.707106781186547,-0.707106781186547,0.));
#1517=DIRECTION('center_axis',(0.,0.,-1.));
#1518=DIRECTION('ref_axis',(-0.707106781186547,-0.707106781186547,0.));
#1519=DIRECTION('',(0.,0.,-1.));
#1520=DIRECTION('center_axis',(0.,0.,1.));
#1521=DIRECTION('ref_axis',(-0.707106781186547,-0.707106781186547,0.));
#1522=DIRECTION('',(0.,0.,1.));
#1523=DIRECTION('center_axis',(0.,-1.,0.));
#1524=DIRECTION('ref_axis',(0.,0.,-1.));
#1525=DIRECTION('',(1.,0.,0.));
#1526=DIRECTION('',(0.,0.,-1.));
#1527=DIRECTION('',(1.,0.,0.));
#1528=DIRECTION('center_axis',(0.,1.,0.));
#1529=DIRECTION('ref_axis',(1.,0.,0.));
#1530=DIRECTION('center_axis',(0.,1.,0.));
#1531=DIRECTION('ref_axis',(1.,0.,0.));
#1532=DIRECTION('center_axis',(0.,1.,0.));
#1533=DIRECTION('ref_axis',(1.,0.,0.));
#1534=DIRECTION('center_axis',(0.,1.,0.));
#1535=DIRECTION('ref_axis',(1.,0.,0.));
#1536=DIRECTION('',(0.815234506696699,0.,-0.579130986125756));
#1537=DIRECTION('center_axis',(0.,-1.,0.));
#1538=DIRECTION('ref_axis',(0.86237421129745,0.,0.506271389364539));
#1539=DIRECTION('center_axis',(0.,1.,0.));
#1540=DIRECTION('ref_axis',(-1.,0.,0.));
#1541=DIRECTION('center_axis',(0.,-1.,0.));
#1542=DIRECTION('ref_axis',(-0.862374206234677,0.,0.506271397988382));
#1543=DIRECTION('',(-0.815234507071017,0.,-0.579130985598833));
#1544=DIRECTION('center_axis',(0.,0.,1.));
#1545=DIRECTION('ref_axis',(0.,-1.,0.));
#1546=DIRECTION('',(8.88178419700125E-16,-1.,0.));
#1547=DIRECTION('',(-0.707106781186547,-0.707106781186548,0.));
#1548=DIRECTION('center_axis',(0.,0.,1.));
#1549=DIRECTION('ref_axis',(1.,0.,0.));
#1550=DIRECTION('',(0.,1.,0.));
#1551=DIRECTION('center_axis',(0.,0.,-1.));
#1552=DIRECTION('ref_axis',(-0.707106781186547,-0.707106781186547,0.));
#1553=DIRECTION('',(-1.,0.,0.));
#1554=DIRECTION('center_axis',(0.,0.,-1.));
#1555=DIRECTION('ref_axis',(0.707106781186547,-0.707106781186547,0.));
#1556=DIRECTION('',(0.,-1.,0.));
#1557=DIRECTION('',(1.05641250309486E-8,1.,0.));
#1558=DIRECTION('center_axis',(0.,0.,-1.));
#1559=DIRECTION('ref_axis',(-1.,-1.13377751631561E-9,0.));
#1560=DIRECTION('',(-0.707106781988253,0.707106780384841,0.));
#1561=DIRECTION('',(0.707106781186547,-0.707106781186548,0.));
#1562=DIRECTION('',(0.,1.,0.));
#1563=DIRECTION('center_axis',(0.,0.,1.));
#1564=DIRECTION('ref_axis',(-0.707106781186547,-0.707106781186547,0.));
#1565=DIRECTION('',(0.,0.,1.));
#1566=DIRECTION('center_axis',(0.,0.,1.));
#1567=DIRECTION('ref_axis',(-0.707106781186547,-0.707106781186547,0.));
#1568=DIRECTION('',(0.,0.,-1.));
#1569=DIRECTION('center_axis',(1.,0.,0.));
#1570=DIRECTION('ref_axis',(0.,0.,1.));
#1571=DIRECTION('',(0.,0.,1.));
#1572=DIRECTION('',(0.,1.,0.));
#1573=DIRECTION('center_axis',(-1.,0.,0.));
#1574=DIRECTION('ref_axis',(0.,0.,-1.));
#1575=DIRECTION('',(0.,0.,1.));
#1576=DIRECTION('center_axis',(1.,0.,0.));
#1577=DIRECTION('ref_axis',(0.,-0.868198814489142,0.496216503675209));
#1578=DIRECTION('',(0.,-0.861629160441526,-0.507538362960704));
#1579=DIRECTION('',(0.,0.,-1.));
#1580=DIRECTION('',(0.,-1.,0.));
#1581=DIRECTION('center_axis',(-1.,0.,0.));
#1582=DIRECTION('ref_axis',(0.,1.,0.));
#1583=DIRECTION('center_axis',(-1.,0.,0.));
#1584=DIRECTION('ref_axis',(0.,1.,0.));
#1585=DIRECTION('center_axis',(-1.,0.,0.));
#1586=DIRECTION('ref_axis',(0.,1.,0.));
#1587=DIRECTION('center_axis',(-1.,0.,0.));
#1588=DIRECTION('ref_axis',(0.,1.,0.));
#1589=DIRECTION('center_axis',(0.,0.,1.));
#1590=DIRECTION('ref_axis',(0.707106781186547,-0.707106781186547,0.));
#1591=DIRECTION('',(0.,0.,1.));
#1592=DIRECTION('center_axis',(0.,0.,1.));
#1593=DIRECTION('ref_axis',(0.707106781186547,-0.707106781186547,0.));
#1594=DIRECTION('',(0.,0.,-1.));
#1595=DIRECTION('center_axis',(0.,-1.,0.));
#1596=DIRECTION('ref_axis',(1.,0.,0.));
#1597=DIRECTION('',(-1.,0.,0.));
#1598=DIRECTION('center_axis',(0.,-1.,0.));
#1599=DIRECTION('ref_axis',(-1.,0.,0.));
#1600=DIRECTION('center_axis',(0.,-1.,0.));
#1601=DIRECTION('ref_axis',(-1.,0.,0.));
#1602=DIRECTION('center_axis',(0.,-1.,0.));
#1603=DIRECTION('ref_axis',(-1.,0.,0.));
#1604=DIRECTION('center_axis',(0.,-1.,0.));
#1605=DIRECTION('ref_axis',(-1.,0.,0.));
#1606=DIRECTION('',(-0.815234506696699,0.,0.579130986125756));
#1607=DIRECTION('',(-0.815234507071017,0.,-0.579130985598833));
#1608=DIRECTION('center_axis',(0.,1.,0.));
#1609=DIRECTION('ref_axis',(-0.862374206234677,0.,0.506271397988382));
#1610=DIRECTION('center_axis',(0.,-1.,0.));
#1611=DIRECTION('ref_axis',(-1.,0.,0.));
#1612=DIRECTION('center_axis',(0.,1.,0.));
#1613=DIRECTION('ref_axis',(0.86237421129745,0.,0.506271389364539));
#1614=DIRECTION('center_axis',(1.,0.,0.));
#1615=DIRECTION('ref_axis',(0.,-0.868198814489142,0.496216503675209));
#1616=DIRECTION('center_axis',(-1.,0.,0.));
#1617=DIRECTION('ref_axis',(0.,-0.868198814489142,0.496216503675209));
#1618=DIRECTION('',(1.,0.,0.));
#1619=DIRECTION('',(-1.,0.,0.));
#1620=DIRECTION('center_axis',(0.,0.507538362960704,-0.861629160441526));
#1621=DIRECTION('ref_axis',(0.,-0.861629160441526,-0.507538362960704));
#1622=DIRECTION('',(0.,-0.861629160441526,-0.507538362960704));
#1623=DIRECTION('',(0.652748462972707,0.652748462972707,0.384498229090247));
#1624=DIRECTION('center_axis',(0.,-0.507538362960704,0.861629160441526));
#1625=DIRECTION('ref_axis',(5.97875332881641E-17,0.861629160441526,0.507538362960704));
#1626=DIRECTION('center_axis',(0.,0.,-1.));
#1627=DIRECTION('ref_axis',(0.382683432365088,0.923879532511288,0.));
#1628=DIRECTION('center_axis',(0.,0.,-1.));
#1629=DIRECTION('ref_axis',(0.382683432365088,0.923879532511288,0.));
#1630=DIRECTION('',(0.,0.,1.));
#1631=DIRECTION('center_axis',(0.,0.,1.));
#1632=DIRECTION('ref_axis',(-1.,1.26882631480267E-16,0.));
#1633=DIRECTION('',(0.,-1.,0.));
#1634=DIRECTION('',(-0.707106781186547,0.707106781186548,0.));
#1635=DIRECTION('',(-0.707106781988253,0.707106780384841,0.));
#1636=DIRECTION('center_axis',(0.,0.,-1.));
#1637=DIRECTION('ref_axis',(-0.382683432888847,0.923879532294339,0.));
#1638=DIRECTION('',(0.,1.,0.));
#1639=DIRECTION('',(-0.707106781186548,-0.707106781186547,0.));
#1640=DIRECTION('',(8.88178419700125E-16,-1.,0.));
#1641=DIRECTION('center_axis',(0.,-1.,0.));
#1642=DIRECTION('ref_axis',(0.,0.,1.));
#1643=DIRECTION('',(-1.,0.,0.));
#1644=DIRECTION('',(0.,0.,-1.));
#1645=DIRECTION('center_axis',(0.707106781186547,-0.707106781186548,0.));
#1646=DIRECTION('ref_axis',(-0.707106781186548,-0.707106781186547,0.));
#1647=DIRECTION('',(0.,0.,-1.));
#1648=DIRECTION('center_axis',(-0.579130986125756,0.,-0.815234506696699));
#1649=DIRECTION('ref_axis',(-0.815234506696699,0.,0.579130986125756));
#1650=DIRECTION('',(0.,1.,0.));
#1651=DIRECTION('',(0.,1.,0.));
#1652=DIRECTION('center_axis',(0.579130985598833,0.,-0.815234507071017));
#1653=DIRECTION('ref_axis',(-0.815234507071017,0.,-0.579130985598833));
#1654=DIRECTION('',(0.,-1.,0.));
#1655=DIRECTION('center_axis',(0.,0.,-1.));
#1656=DIRECTION('ref_axis',(-0.382683432888847,0.923879532294339,0.));
#1657=DIRECTION('center_axis',(0.,-0.507538362960704,0.861629160441526));
#1658=DIRECTION('ref_axis',(0.,0.861629160441526,0.507538362960704));
#1659=DIRECTION('',(0.,0.,1.));
#1660=DIRECTION('',(0.,0.,-1.));
#1661=DIRECTION('center_axis',(0.707106780384842,0.707106781988254,0.));
#1662=DIRECTION('ref_axis',(-0.707106781988253,0.707106780384841,0.));
#1663=DIRECTION('',(0.,0.,1.));
#1664=DIRECTION('',(0.652748463822195,-0.652748462342044,-0.384498228718759));
#1665=DIRECTION('center_axis',(1.,0.,0.));
#1666=DIRECTION('ref_axis',(0.,-0.868198814489142,0.496216503675208));
#1667=DIRECTION('center_axis',(-1.,0.,0.));
#1668=DIRECTION('ref_axis',(0.,-0.868198814489142,0.496216503675208));
#1669=DIRECTION('',(1.,0.,0.));
#1670=DIRECTION('center_axis',(1.,0.,0.));
#1671=DIRECTION('ref_axis',(0.,-0.868198814489142,0.496216503675208));
#1672=DIRECTION('',(-1.,0.,0.));
#1673=DIRECTION('center_axis',(0.,0.507538362960704,-0.861629160441526));
#1674=DIRECTION('ref_axis',(0.,0.861629160441526,0.507538362960704));
#1675=DIRECTION('',(0.652748462972707,-0.652748462972707,-0.384498229090248));
#1676=DIRECTION('',(0.,0.861629160441526,0.507538362960704));
#1677=DIRECTION('',(0.,-0.861629160441526,-0.507538362960704));
#1678=DIRECTION('center_axis',(1.,0.,0.));
#1679=DIRECTION('ref_axis',(0.,0.,1.));
#1680=DIRECTION('',(0.,0.,1.));
#1681=DIRECTION('',(0.,0.,1.));
#1682=DIRECTION('',(0.,-1.,0.));
#1683=DIRECTION('center_axis',(-1.,0.,0.));
#1684=DIRECTION('ref_axis',(0.,0.,-1.));
#1685=DIRECTION('',(0.,0.,1.));
#1686=DIRECTION('center_axis',(-1.,0.,0.));
#1687=DIRECTION('ref_axis',(0.,1.,0.));
#1688=DIRECTION('center_axis',(-1.,0.,0.));
#1689=DIRECTION('ref_axis',(0.,1.,0.));
#1690=DIRECTION('center_axis',(-1.,0.,0.));
#1691=DIRECTION('ref_axis',(0.,1.,0.));
#1692=DIRECTION('center_axis',(-1.,0.,0.));
#1693=DIRECTION('ref_axis',(0.,1.,0.));
#1694=DIRECTION('center_axis',(-1.,0.,0.));
#1695=DIRECTION('ref_axis',(0.,0.,-1.));
#1696=DIRECTION('',(0.,0.,-1.));
#1697=DIRECTION('center_axis',(1.,0.,0.));
#1698=DIRECTION('ref_axis',(0.,0.,-1.));
#1699=DIRECTION('',(0.,1.,0.));
#1700=DIRECTION('',(0.,0.,-1.));
#1701=DIRECTION('center_axis',(1.,0.,0.));
#1702=DIRECTION('ref_axis',(0.,1.,0.));
#1703=DIRECTION('center_axis',(1.,0.,0.));
#1704=DIRECTION('ref_axis',(0.,1.,0.));
#1705=DIRECTION('center_axis',(1.,0.,0.));
#1706=DIRECTION('ref_axis',(0.,1.,0.));
#1707=DIRECTION('center_axis',(1.,0.,0.));
#1708=DIRECTION('ref_axis',(0.,1.,0.));
#1709=DIRECTION('center_axis',(0.,1.,0.));
#1710=DIRECTION('ref_axis',(0.86237421129745,0.,0.506271389364539));
#1711=DIRECTION('',(0.,-1.,0.));
#1712=DIRECTION('center_axis',(0.,-1.,0.));
#1713=DIRECTION('ref_axis',(-0.862374206234677,0.,0.506271397988382));
#1714=DIRECTION('',(0.,1.,0.));
#1715=DIRECTION('center_axis',(0.,-1.,0.));
#1716=DIRECTION('ref_axis',(-9.67694439528758E-9,0.,-1.));
#1717=DIRECTION('center_axis',(0.,-1.,0.));
#1718=DIRECTION('ref_axis',(-1.,0.,0.));
#1719=DIRECTION('',(0.,-1.,0.));
#1720=DIRECTION('center_axis',(0.,-1.,0.));
#1721=DIRECTION('ref_axis',(-1.,0.,0.));
#1722=DIRECTION('center_axis',(0.,1.,0.));
#1723=DIRECTION('ref_axis',(-1.,0.,0.));
#1724=DIRECTION('center_axis',(0.,1.,0.));
#1725=DIRECTION('ref_axis',(1.,0.,0.));
#1726=DIRECTION('center_axis',(0.,-1.,0.));
#1727=DIRECTION('ref_axis',(-1.,0.,0.));
#1728=DIRECTION('',(0.,-1.,0.));
#1729=DIRECTION('center_axis',(0.,-1.,0.));
#1730=DIRECTION('ref_axis',(-1.,0.,0.));
#1731=DIRECTION('center_axis',(0.,1.,0.));
#1732=DIRECTION('ref_axis',(-1.,0.,0.));
#1733=DIRECTION('center_axis',(0.,1.,0.));
#1734=DIRECTION('ref_axis',(1.,0.,0.));
#1735=DIRECTION('center_axis',(0.,-1.,0.));
#1736=DIRECTION('ref_axis',(-1.,0.,0.));
#1737=DIRECTION('',(0.,-1.,0.));
#1738=DIRECTION('center_axis',(0.,-1.,0.));
#1739=DIRECTION('ref_axis',(-1.,0.,0.));
#1740=DIRECTION('center_axis',(0.,1.,0.));
#1741=DIRECTION('ref_axis',(-1.,0.,0.));
#1742=DIRECTION('center_axis',(0.,1.,0.));
#1743=DIRECTION('ref_axis',(1.,0.,0.));
#1744=DIRECTION('center_axis',(0.,-1.,0.));
#1745=DIRECTION('ref_axis',(-1.,0.,0.));
#1746=DIRECTION('',(0.,-1.,0.));
#1747=DIRECTION('center_axis',(0.,-1.,0.));
#1748=DIRECTION('ref_axis',(-1.,0.,0.));
#1749=DIRECTION('center_axis',(0.,1.,0.));
#1750=DIRECTION('ref_axis',(-1.,0.,0.));
#1751=DIRECTION('center_axis',(0.,1.,0.));
#1752=DIRECTION('ref_axis',(1.,0.,0.));
#1753=DIRECTION('center_axis',(0.,1.,0.));
#1754=DIRECTION('ref_axis',(1.,0.,0.));
#1755=DIRECTION('',(0.,1.,0.));
#1756=DIRECTION('center_axis',(0.,1.,0.));
#1757=DIRECTION('ref_axis',(1.,0.,0.));
#1758=DIRECTION('',(0.,1.,0.));
#1759=DIRECTION('center_axis',(0.,1.,0.));
#1760=DIRECTION('ref_axis',(1.,0.,0.));
#1761=DIRECTION('',(0.,1.,0.));
#1762=DIRECTION('center_axis',(0.,1.,0.));
#1763=DIRECTION('ref_axis',(1.,0.,0.));
#1764=DIRECTION('',(0.,1.,0.));
#1765=DIRECTION('center_axis',(0.707106780384842,0.707106781988254,0.));
#1766=DIRECTION('ref_axis',(-0.707106781988253,0.707106780384841,0.));
#1767=DIRECTION('',(0.,0.,1.));
#1768=DIRECTION('',(-0.707106781988253,0.707106780384841,0.));
#1769=DIRECTION('',(0.,0.,1.));
#1770=DIRECTION('center_axis',(0.,0.,1.));
#1771=DIRECTION('ref_axis',(-1.,-1.13377751631561E-9,0.));
#1772=DIRECTION('',(0.,0.,-1.));
#1773=DIRECTION('center_axis',(0.,0.,1.));
#1774=DIRECTION('ref_axis',(-1.,-1.13377751631561E-9,0.));
#1775=DIRECTION('center_axis',(1.,-6.4992060798341E-10,0.));
#1776=DIRECTION('ref_axis',(6.4992060798341E-10,1.,0.));
#1777=DIRECTION('center_axis',(1.,0.,0.));
#1778=DIRECTION('ref_axis',(0.,1.,0.));
#1779=DIRECTION('center_axis',(1.,-6.4992060798341E-10,0.));
#1780=DIRECTION('ref_axis',(6.4992060798341E-10,1.,0.));
#1781=DIRECTION('center_axis',(1.,-6.4992060798341E-10,0.));
#1782=DIRECTION('ref_axis',(6.4992060798341E-10,1.,0.));
#1783=DIRECTION('center_axis',(1.,0.,0.));
#1784=DIRECTION('ref_axis',(0.,1.,0.));
#1785=DIRECTION('center_axis',(1.,-6.4992060798341E-10,0.));
#1786=DIRECTION('ref_axis',(6.4992060798341E-10,1.,0.));
#1787=DIRECTION('center_axis',(0.,5.45132413115273E-16,-1.));
#1788=DIRECTION('ref_axis',(0.,1.,5.45132413115273E-16));
#1789=DIRECTION('',(-1.05641250309486E-8,-1.,0.));
#1790=DIRECTION('',(1.,0.,0.));
#1791=DIRECTION('',(-0.707106781186547,0.707106781186548,0.));
#1792=DIRECTION('center_axis',(1.,0.,0.));
#1793=DIRECTION('ref_axis',(0.,-1.,1.97372982155584E-15));
#1794=DIRECTION('',(1.,0.,0.));
#1795=DIRECTION('center_axis',(0.,-1.,0.));
#1796=DIRECTION('ref_axis',(0.,0.,-1.));
#1797=DIRECTION('center_axis',(0.707106781186548,0.707106781186547,0.));
#1798=DIRECTION('ref_axis',(0.707106781186547,-0.707106781186548,0.));
#1799=DIRECTION('center_axis',(-0.707106781186548,-0.707106781186547,0.));
#1800=DIRECTION('ref_axis',(-0.707106781186547,0.707106781186548,0.));
#1801=DIRECTION('center_axis',(1.,0.,0.));
#1802=DIRECTION('ref_axis',(0.,1.,0.));
#1803=DIRECTION('center_axis',(1.,0.,0.));
#1804=DIRECTION('ref_axis',(0.,1.,0.));
#1805=DIRECTION('',(1.,0.,0.));
#1806=DIRECTION('center_axis',(1.,0.,0.));
#1807=DIRECTION('ref_axis',(0.,1.,0.));
#1808=DIRECTION('center_axis',(1.,0.,0.));
#1809=DIRECTION('ref_axis',(0.,1.,0.));
#1810=DIRECTION('center_axis',(-1.,0.,0.));
#1811=DIRECTION('ref_axis',(0.,1.,0.));
#1812=DIRECTION('center_axis',(1.,0.,0.));
#1813=DIRECTION('ref_axis',(0.,1.,0.));
#1814=DIRECTION('center_axis',(1.,0.,0.));
#1815=DIRECTION('ref_axis',(0.,1.,0.));
#1816=DIRECTION('',(1.,0.,0.));
#1817=DIRECTION('center_axis',(1.,0.,0.));
#1818=DIRECTION('ref_axis',(0.,1.,0.));
#1819=DIRECTION('center_axis',(1.,0.,0.));
#1820=DIRECTION('ref_axis',(0.,1.,0.));
#1821=DIRECTION('center_axis',(-1.,0.,0.));
#1822=DIRECTION('ref_axis',(0.,1.,0.));
#1823=DIRECTION('center_axis',(-1.,0.,0.));
#1824=DIRECTION('ref_axis',(0.,1.,0.));
#1825=DIRECTION('',(-1.,0.,0.));
#1826=DIRECTION('center_axis',(-1.,0.,0.));
#1827=DIRECTION('ref_axis',(0.,1.,0.));
#1828=DIRECTION('center_axis',(1.,0.,0.));
#1829=DIRECTION('ref_axis',(0.,1.,0.));
#1830=DIRECTION('center_axis',(1.,0.,0.));
#1831=DIRECTION('ref_axis',(0.,1.,0.));
#1832=DIRECTION('center_axis',(-1.,0.,0.));
#1833=DIRECTION('ref_axis',(0.,1.,0.));
#1834=DIRECTION('',(-1.,0.,0.));
#1835=DIRECTION('center_axis',(-1.,0.,0.));
#1836=DIRECTION('ref_axis',(0.,1.,0.));
#1837=DIRECTION('center_axis',(1.,0.,0.));
#1838=DIRECTION('ref_axis',(0.,1.,0.));
#1839=DIRECTION('center_axis',(-1.,0.,0.));
#1840=DIRECTION('ref_axis',(0.,1.,0.));
#1841=DIRECTION('',(-1.,0.,0.));
#1842=DIRECTION('center_axis',(-1.,0.,0.));
#1843=DIRECTION('ref_axis',(0.,1.,0.));
#1844=DIRECTION('center_axis',(1.,0.,0.));
#1845=DIRECTION('ref_axis',(0.,1.,0.));
#1846=DIRECTION('center_axis',(1.,0.,0.));
#1847=DIRECTION('ref_axis',(0.,1.,0.));
#1848=DIRECTION('center_axis',(-1.,0.,0.));
#1849=DIRECTION('ref_axis',(0.,1.,0.));
#1850=DIRECTION('',(-1.,0.,0.));
#1851=DIRECTION('center_axis',(-1.,0.,0.));
#1852=DIRECTION('ref_axis',(0.,1.,0.));
#1853=DIRECTION('center_axis',(1.,0.,0.));
#1854=DIRECTION('ref_axis',(0.,1.,0.));
#1855=DIRECTION('center_axis',(-1.,0.,0.));
#1856=DIRECTION('ref_axis',(0.,1.,0.));
#1857=DIRECTION('',(-1.,0.,0.));
#1858=DIRECTION('center_axis',(-1.,0.,0.));
#1859=DIRECTION('ref_axis',(0.,1.,0.));
#1860=DIRECTION('',(-1.,0.,0.));
#1861=DIRECTION('center_axis',(-1.,0.,0.));
#1862=DIRECTION('ref_axis',(0.,1.,0.));
#1863=DIRECTION('',(-1.,0.,0.));
#1864=DIRECTION('center_axis',(0.999999999999999,4.30837931514568E-8,0.));
#1865=DIRECTION('ref_axis',(-4.30837931514568E-8,0.999999999999999,0.));
#1866=DIRECTION('center_axis',(-1.,0.,0.));
#1867=DIRECTION('ref_axis',(0.,1.,0.));
#1868=DIRECTION('',(-1.,0.,0.));
#1869=DIRECTION('center_axis',(-1.,0.,0.));
#1870=DIRECTION('ref_axis',(0.,1.,0.));
#1871=DIRECTION('',(-1.,0.,0.));
#1872=DIRECTION('center_axis',(-1.,0.,0.));
#1873=DIRECTION('ref_axis',(0.,1.,0.));
#1874=DIRECTION('',(-1.,0.,0.));
#1875=DIRECTION('center_axis',(0.999999999999999,4.30837931514568E-8,0.));
#1876=DIRECTION('ref_axis',(-4.30837931514568E-8,0.999999999999999,0.));
#1877=DIRECTION('center_axis',(-1.,0.,0.));
#1878=DIRECTION('ref_axis',(0.,0.,-1.));
#1879=DIRECTION('center_axis',(-1.,0.,0.));
#1880=DIRECTION('ref_axis',(0.,0.,-1.));
#1881=DIRECTION('',(0.,-1.,0.));
#1882=DIRECTION('',(0.,0.,1.));
#1883=DIRECTION('center_axis',(1.,0.,0.));
#1884=DIRECTION('ref_axis',(0.,-1.,0.));
#1885=DIRECTION('center_axis',(1.,0.,0.));
#1886=DIRECTION('ref_axis',(0.,-1.,0.));
#1887=DIRECTION('center_axis',(-0.999999999999999,-4.30837931514568E-8,
0.));
#1888=DIRECTION('ref_axis',(4.30837931514568E-8,-0.999999999999999,0.));
#1889=DIRECTION('center_axis',(-0.999999999999999,-4.30837931514568E-8,
0.));
#1890=DIRECTION('ref_axis',(4.30837931514568E-8,-0.999999999999999,0.));
#1891=DIRECTION('center_axis',(-0.707106781186548,0.707106781186547,0.));
#1892=DIRECTION('ref_axis',(-0.707106781186547,-0.707106781186548,0.));
#1893=DIRECTION('',(-0.707106781186547,-0.707106781186548,0.));
#1894=DIRECTION('',(0.,0.,1.));
#1895=DIRECTION('center_axis',(0.,0.,1.));
#1896=DIRECTION('ref_axis',(1.,0.,0.));
#1897=DIRECTION('center_axis',(0.,0.,1.));
#1898=DIRECTION('ref_axis',(1.,0.,0.));
#1899=DIRECTION('center_axis',(1.,0.,0.));
#1900=DIRECTION('ref_axis',(0.,0.,-1.));
#1901=DIRECTION('',(1.,0.,0.));
#1902=DIRECTION('center_axis',(0.,0.,1.));
#1903=DIRECTION('ref_axis',(0.,-1.,0.));
#1904=DIRECTION('center_axis',(-1.,1.05641250309486E-8,0.));
#1905=DIRECTION('ref_axis',(1.05641250309486E-8,1.,0.));
#1906=DIRECTION('center_axis',(-1.,0.,0.));
#1907=DIRECTION('ref_axis',(0.,-1.,0.));
#1908=DIRECTION('center_axis',(1.,0.,0.));
#1909=DIRECTION('ref_axis',(0.,-1.,0.));
#1910=DIRECTION('center_axis',(-1.,0.,0.));
#1911=DIRECTION('ref_axis',(0.,1.,0.));
#1912=DIRECTION('center_axis',(-1.,0.,0.));
#1913=DIRECTION('ref_axis',(0.,-1.,0.));
#1914=DIRECTION('center_axis',(1.,0.,0.));
#1915=DIRECTION('ref_axis',(0.,-1.,0.));
#1916=DIRECTION('center_axis',(-1.,0.,0.));
#1917=DIRECTION('ref_axis',(0.,1.,0.));
#1918=DIRECTION('center_axis',(1.,0.,0.));
#1919=DIRECTION('ref_axis',(0.,1.,0.));
#1920=DIRECTION('',(1.,0.,0.));
#1921=DIRECTION('center_axis',(1.,0.,0.));
#1922=DIRECTION('ref_axis',(0.,1.,0.));
#1923=DIRECTION('',(1.,0.,0.));
#1924=DIRECTION('center_axis',(1.,0.,0.));
#1925=DIRECTION('ref_axis',(0.,-1.,0.));
#1926=DIRECTION('',(1.,0.,0.));
#1927=DIRECTION('center_axis',(1.,0.,0.));
#1928=DIRECTION('ref_axis',(0.,-1.,0.));
#1929=DIRECTION('',(1.,0.,0.));
#1930=CARTESIAN_POINT('',(0.,0.,0.));
#1931=CARTESIAN_POINT('Origin',(-32.5000004693866,-48.5,-5.25000000186265));
#1932=CARTESIAN_POINT('',(-32.5000004693866,-51.,-0.499999999999998));
#1933=CARTESIAN_POINT('',(-35.0000004693866,-48.5,-0.500000000000007));
#1934=CARTESIAN_POINT('Origin',(-32.5000004693866,-48.5,-0.499999999999998));
#1935=CARTESIAN_POINT('',(-35.0000004693866,-48.5,-68.3));
#1936=CARTESIAN_POINT('',(-35.0000004693866,-48.5,-5.25000000186265));
#1937=CARTESIAN_POINT('',(-32.5000004693866,-51.,-68.3));
#1938=CARTESIAN_POINT('Origin',(-32.5000004693866,-48.5,-68.3));
#1939=CARTESIAN_POINT('',(-32.5000004693866,-51.,-5.25000000186265));
#1940=CARTESIAN_POINT('Origin',(-5.21540641784668E-7,-51.,-10.0000000037253));
#1941=CARTESIAN_POINT('',(34.9999995179696,-51.,-68.3));
#1942=CARTESIAN_POINT('',(-17.5000004954636,-51.,-68.3));
#1943=CARTESIAN_POINT('',(34.9999995179696,-51.,-0.500000000000007));
#1944=CARTESIAN_POINT('',(34.9999994784594,-51.,-43.9));
#1945=CARTESIAN_POINT('',(7.08257060146843,-51.,-0.499999999999998));
#1946=CARTESIAN_POINT('',(18.400000026077,-51.,-14.4));
#1947=CARTESIAN_POINT('Origin',(20.000000026077,-51.,-14.4));
#1948=CARTESIAN_POINT('',(18.400000026077,-51.,-54.4));
#1949=CARTESIAN_POINT('Origin',(20.000000026077,-51.,-54.4));
#1950=CARTESIAN_POINT('',(-21.599999973923,-51.,-14.4));
#1951=CARTESIAN_POINT('Origin',(-19.999999973923,-51.,-14.4));
#1952=CARTESIAN_POINT('',(-21.599999973923,-51.,-54.4));
#1953=CARTESIAN_POINT('Origin',(-19.999999973923,-51.,-54.4));
#1954=CARTESIAN_POINT('',(-1.00295787924809E-7,-51.,-14.4));
#1955=CARTESIAN_POINT('',(16.1474029964682,-51.,-25.8708852507861));
#1956=CARTESIAN_POINT('',(-1.00295788072934E-7,-51.,-14.4));
#1957=CARTESIAN_POINT('',(19.8822256538213,-51.,-32.2327196564661));
#1958=CARTESIAN_POINT('Origin',(10.9352241213364,-51.,-33.2079958110563));
#1959=CARTESIAN_POINT('',(-19.882225559722,-51.,-32.2327192716677));
#1960=CARTESIAN_POINT('Origin',(2.60770161020218E-8,-51.,-34.4));
#1961=CARTESIAN_POINT('',(-16.1474029165019,-51.,-25.8708850357781));
#1962=CARTESIAN_POINT('Origin',(-10.9352240461124,-51.,-33.2079955994172));
#1963=CARTESIAN_POINT('',(-1.00295788072934E-7,-51.,-14.4));
#1964=CARTESIAN_POINT('Origin',(-35.0000004693866,-4.20753507091138,-68.3));
#1965=CARTESIAN_POINT('',(-35.0000004693866,-23.,-68.3));
#1966=CARTESIAN_POINT('',(-35.0000004693866,-46.,-68.3));
#1967=CARTESIAN_POINT('',(-30.8535538599799,-18.8535533905933,-68.3));
#1968=CARTESIAN_POINT('',(-35.2651655123316,-23.265165042945,-68.3));
#1969=CARTESIAN_POINT('',(-30.0000004693866,-19.2071067811865,-68.3));
#1970=CARTESIAN_POINT('Origin',(-30.5000004693866,-19.2071067811865,-68.3));
#1971=CARTESIAN_POINT('',(-30.0000004693866,-43.5,-68.3));
#1972=CARTESIAN_POINT('',(-30.0000004693866,-35.4267766952966,-68.3));
#1973=CARTESIAN_POINT('',(-27.5000004693866,-46.,-68.3));
#1974=CARTESIAN_POINT('Origin',(-27.5000004693866,-43.5,-68.3));
#1975=CARTESIAN_POINT('',(27.5000005215406,-46.,-68.3));
#1976=CARTESIAN_POINT('',(-17.5000004954636,-46.,-68.3));
#1977=CARTESIAN_POINT('',(30.0000005215406,-43.5,-68.3));
#1978=CARTESIAN_POINT('Origin',(27.5000005215406,-43.5,-68.3));
#1979=CARTESIAN_POINT('',(29.9999995306134,-23.,-68.3));
#1980=CARTESIAN_POINT('',(30.0000005215406,-20.1037675354557,-68.3));
#1981=CARTESIAN_POINT('',(30.0000005215406,-19.2071067811865,-68.3));
#1982=CARTESIAN_POINT('',(30.0000005215406,-19.2071067811865,-68.3));
#1983=CARTESIAN_POINT('',(30.8535538813557,-18.853553355612,-68.3));
#1984=CARTESIAN_POINT('Origin',(30.5000004911633,-19.2071067466062,-68.3));
#1985=CARTESIAN_POINT('',(31.2071073027272,-19.2071067811865,-68.3));
#1986=CARTESIAN_POINT('',(35.0000004954636,-22.9999999603176,-68.3));
#1987=CARTESIAN_POINT('',(34.9999995306134,-23.,-68.3));
#1988=CARTESIAN_POINT('',(34.9999991887146,-22.999998667174,-68.3));
#1989=CARTESIAN_POINT('',(34.9999994784594,-20.1037675354557,-68.3));
#1990=CARTESIAN_POINT('Origin',(-27.5000004693866,-43.5,-14.7500000018626));
#1991=CARTESIAN_POINT('',(-30.0000004693866,-43.5,-0.499999999999998));
#1992=CARTESIAN_POINT('',(-30.0000004693866,-43.5,-14.7500000018626));
#1993=CARTESIAN_POINT('',(-27.5000004693866,-46.,-0.500000000000007));
#1994=CARTESIAN_POINT('Origin',(-27.5000004693866,-43.5,-0.499999999999998));
#1995=CARTESIAN_POINT('',(-27.5000004693866,-46.,-14.7500000018626));
#1996=CARTESIAN_POINT('Origin',(-30.0000004693866,-36.,-19.5));
#1997=CARTESIAN_POINT('',(-30.0000004693866,-19.2071067811865,-49.3));
#1998=CARTESIAN_POINT('',(-30.0000004693866,-19.2071067811865,-70.5));
#1999=CARTESIAN_POINT('',(-30.0000004693866,-35.5,-49.3));
#2000=CARTESIAN_POINT('',(-30.0000004693866,-51.,-49.3));
#2001=CARTESIAN_POINT('',(-30.0000004693866,-40.,-44.8));
#2002=CARTESIAN_POINT('Origin',(-30.0000004693866,-35.5,-44.8));
#2003=CARTESIAN_POINT('',(-30.0000004693866,-40.,-37.3171406038565));
#2004=CARTESIAN_POINT('',(-30.0000004693866,-40.,-44.4905768133848));
#2005=CARTESIAN_POINT('',(-30.0000004693866,-35.814076085166,-29.9932927401035));
#2006=CARTESIAN_POINT('Origin',(-30.0000004693866,-31.5,-37.3171406038565));
#2007=CARTESIAN_POINT('',(-30.0000004693866,-19.2071067811865,-20.2110402337454));
#2008=CARTESIAN_POINT('',(-30.0000004693866,-18.,-19.5));
#2009=CARTESIAN_POINT('',(-30.0000004693866,-19.2071067811865,-0.499999999999998));
#2010=CARTESIAN_POINT('',(-30.0000004693866,-19.2071067811865,-9.5));
#2011=CARTESIAN_POINT('',(-30.0000004693866,-36.,-0.499999999999998));
#2012=CARTESIAN_POINT('',(-30.0000004693866,-39.3,-54.3));
#2013=CARTESIAN_POINT('Origin',(-30.0000004693866,-37.7,-54.3));
#2014=CARTESIAN_POINT('',(-30.0000004693866,-39.3,-63.3));
#2015=CARTESIAN_POINT('Origin',(-30.0000004693866,-37.7,-63.3));
#2016=CARTESIAN_POINT('',(-30.0000004693866,-39.4,-14.5));
#2017=CARTESIAN_POINT('Origin',(-30.0000004693866,-37.7,-14.5));
#2018=CARTESIAN_POINT('',(-30.0000004693866,-39.4,-5.5));
#2019=CARTESIAN_POINT('Origin',(-30.0000004693866,-37.7,-5.5));
#2020=CARTESIAN_POINT('Origin',(27.5000005215406,-43.5,-5.25000000186265));
#2021=CARTESIAN_POINT('',(27.5000005215406,-46.,-0.500000000000007));
#2022=CARTESIAN_POINT('',(27.5000005215406,-46.,-5.25000000186265));
#2023=CARTESIAN_POINT('',(29.9999995306134,-43.5,-0.499999999999998));
#2024=CARTESIAN_POINT('Origin',(27.5000005215406,-43.5,-0.499999999999998));
#2025=CARTESIAN_POINT('',(30.0000005215406,-43.5,-5.25000000186265));
#2026=CARTESIAN_POINT('Origin',(-5.21540641784668E-7,-46.,-10.0000000037253));
#2027=CARTESIAN_POINT('',(-30.0000004693866,-46.,-0.500000000000007));
#2028=CARTESIAN_POINT('',(23.000000026077,-46.,-54.4));
#2029=CARTESIAN_POINT('Origin',(20.000000026077,-46.,-54.4));
#2030=CARTESIAN_POINT('',(23.000000026077,-46.,-14.4));
#2031=CARTESIAN_POINT('Origin',(20.000000026077,-46.,-14.4));
#2032=CARTESIAN_POINT('',(-16.999999973923,-46.,-54.4));
#2033=CARTESIAN_POINT('Origin',(-19.999999973923,-46.,-54.4));
#2034=CARTESIAN_POINT('',(-16.999999973923,-46.,-14.4));
#2035=CARTESIAN_POINT('Origin',(-19.999999973923,-46.,-14.4));
#2036=CARTESIAN_POINT('',(16.1474029964682,-46.,-25.8708852507861));
#2037=CARTESIAN_POINT('',(-1.00295788341143E-7,-46.,-14.4));
#2038=CARTESIAN_POINT('',(-1.00295788072934E-7,-46.,-14.4));
#2039=CARTESIAN_POINT('',(-16.1474029165019,-46.,-25.8708850357781));
#2040=CARTESIAN_POINT('',(-1.00295788072934E-7,-46.,-14.4));
#2041=CARTESIAN_POINT('',(-19.882225559722,-46.,-32.2327192716677));
#2042=CARTESIAN_POINT('Origin',(-10.9352240461124,-46.,-33.2079955994172));
#2043=CARTESIAN_POINT('',(19.8822256538213,-46.,-32.2327196564661));
#2044=CARTESIAN_POINT('Origin',(2.60770161020218E-8,-46.,-34.4));
#2045=CARTESIAN_POINT('Origin',(10.9352241213364,-46.,-33.2079958110563));
#2046=CARTESIAN_POINT('Origin',(2.49999950453638,-31.5,-37.3171406038565));
#2047=CARTESIAN_POINT('',(-35.0000004693866,-40.,-37.3171406038565));
#2048=CARTESIAN_POINT('',(-35.0000004693866,-35.814076085166,-29.9932927401035));
#2049=CARTESIAN_POINT('Origin',(-35.0000004693866,-31.5,-37.3171406038565));
#2050=CARTESIAN_POINT('',(2.49999950453638,-35.814076085166,-29.9932927401035));
#2051=CARTESIAN_POINT('',(2.49999950453638,-40.,-37.3171406038565));
#2052=CARTESIAN_POINT('Origin',(-30.0000004693866,-18.,-19.5));
#2053=CARTESIAN_POINT('',(-35.0000004693866,-23.,-22.4452250821028));
#2054=CARTESIAN_POINT('',(-35.0000004693866,-18.,-19.5));
#2055=CARTESIAN_POINT('',(-30.8535538599799,-18.8535533905933,-20.0027813709778));
#2056=CARTESIAN_POINT('',(-30.0000004693866,-18.,-19.5));
#2057=CARTESIAN_POINT('Origin',(-30.5000004693866,-19.2071067811865,-20.2110402337454));
#2058=CARTESIAN_POINT('Origin',(-30.5000004693866,-19.2071067811865,-9.5));
#2059=CARTESIAN_POINT('',(-30.8535538599799,-18.8535533905933,-0.499999999999998));
#2060=CARTESIAN_POINT('Origin',(-30.5000004693866,-19.2071067811865,-0.499999999999998));
#2061=CARTESIAN_POINT('',(-30.8535538599799,-18.8535533905933,-9.5));
#2062=CARTESIAN_POINT('Origin',(34.9999994784594,-36.,-0.499999999999998));
#2063=CARTESIAN_POINT('',(34.9999991887146,-22.999998667174,-0.499999999999998));
#2064=CARTESIAN_POINT('',(34.9999995306134,-23.,-0.499999999999998));
#2065=CARTESIAN_POINT('',(31.2071073027272,-19.2071067811865,-0.499999999999998));
#2066=CARTESIAN_POINT('',(38.2499995943573,-26.2499990728167,-0.499999999999998));
#2067=CARTESIAN_POINT('',(30.8535539117331,-18.8535533859894,-0.500000000000009));
#2068=CARTESIAN_POINT('',(35.0000004954636,-22.9999999603176,-0.500000000000009));
#2069=CARTESIAN_POINT('',(29.9999995306134,-19.2071067769835,-0.499999999999998));
#2070=CARTESIAN_POINT('Origin',(30.5000005215406,-19.2071067769835,-0.499999999999998));
#2071=CARTESIAN_POINT('',(29.9999995306134,-23.,-0.499999999999998));
#2072=CARTESIAN_POINT('',(-35.0000004693866,-23.,-0.499999999999998));
#2073=CARTESIAN_POINT('',(-34.5000004693866,-22.5,-0.499999999999998));
#2074=CARTESIAN_POINT('',(-35.0000004693866,-46.,-0.500000000000007));
#2075=CARTESIAN_POINT('Origin',(34.9999994784594,-40.,-69.4811536267697));
#2076=CARTESIAN_POINT('',(-35.0000004693866,-40.,-44.8));
#2077=CARTESIAN_POINT('',(-35.0000004693866,-40.,-44.8));
#2078=CARTESIAN_POINT('',(-35.0000004693866,-40.,-34.9905768133848));
#2079=CARTESIAN_POINT('Origin',(-30.0000004693866,-18.,0.499999999999998));
#2080=CARTESIAN_POINT('',(-35.0000004693866,-23.,-19.5));
#2081=CARTESIAN_POINT('Origin',(18.8851026191609,-51.,-27.8157080829678));
#2082=CARTESIAN_POINT('',(16.1474029964682,-46.,-25.8708852507861));
#2083=CARTESIAN_POINT('',(-1.00295790006477E-7,-51.,-14.4));
#2084=CARTESIAN_POINT('Origin',(-1.00295788072934E-7,-51.,-14.4));
#2085=CARTESIAN_POINT('',(-16.1474029165019,-46.,-25.8708850357781));
#2086=CARTESIAN_POINT('Origin',(30.5000005215406,-19.2071067769835,-10.));
#2087=CARTESIAN_POINT('',(30.8535539117331,-18.8535533859894,-20.0027813696016));
#2088=CARTESIAN_POINT('',(30.0000005215406,-19.2071067769835,-20.2110402326053));
#2089=CARTESIAN_POINT('Origin',(30.5000005215406,-19.2071067769835,-20.2110402326053));
#2090=CARTESIAN_POINT('',(30.0000005215406,-19.2071067769835,-10.));
#2091=CARTESIAN_POINT('',(30.8535539117331,-18.8535533859894,-10.));
#2092=CARTESIAN_POINT('Origin',(31.2071073052296,-19.2071067786842,-19.5));
#2093=CARTESIAN_POINT('',(31.2071072182342,-19.2071067811865,-20.2110402350811));
#2094=CARTESIAN_POINT('',(31.2071073027272,-19.2071067811865,0.));
#2095=CARTESIAN_POINT('',(36.827439120875,-24.8274385815851,-23.5216686727358));
#2096=CARTESIAN_POINT('Origin',(2.60770161020218E-8,-31.5,-37.3171406051922));
#2097=CARTESIAN_POINT('',(30.0000005215406,-40.,-37.3171406051922));
#2098=CARTESIAN_POINT('',(30.0000005215406,-35.814076085166,-29.9932927414392));
#2099=CARTESIAN_POINT('Origin',(30.0000005215406,-31.5,-37.3171406051922));
#2100=CARTESIAN_POINT('',(35.0000005215406,-35.814076085166,-29.9932927414392));
#2101=CARTESIAN_POINT('',(2.60770161020218E-8,-35.814076085166,-29.9932927414392));
#2102=CARTESIAN_POINT('',(34.9999994784594,-40.,-37.3171406051922));
#2103=CARTESIAN_POINT('Origin',(34.9999994784594,-31.5,-37.3171406051922));
#2104=CARTESIAN_POINT('',(2.60770161020218E-8,-40.,-37.3171406051922));
#2105=CARTESIAN_POINT('Origin',(30.0000005215406,-40.,-32.4589903625878));
#2106=CARTESIAN_POINT('',(34.9999994784594,-22.9999989569187,-22.4452244690166));
#2107=CARTESIAN_POINT('',(38.443516741457,-26.4435162199163,-24.4736111517435));
#2108=CARTESIAN_POINT('',(35.0000005215406,-17.9999999977324,-19.5));
#2109=CARTESIAN_POINT('',(30.0000005215406,-17.9999999977324,-19.5));
#2110=CARTESIAN_POINT('Origin',(34.9999994784594,-36.,-19.5));
#2111=CARTESIAN_POINT('',(34.9999994784594,-22.9999989569187,-19.5));
#2112=CARTESIAN_POINT('',(34.9999995306134,-23.,-49.3));
#2113=CARTESIAN_POINT('',(34.9999995306134,-23.,-68.3));
#2114=CARTESIAN_POINT('',(34.9999995306134,-35.5,-49.3));
#2115=CARTESIAN_POINT('',(34.9999995306134,-23.,-49.3));
#2116=CARTESIAN_POINT('',(34.9999995306134,-40.,-44.8));
#2117=CARTESIAN_POINT('Origin',(34.9999995306134,-35.5,-44.8));
#2118=CARTESIAN_POINT('',(34.9999994784594,-40.,-44.4905768133848));
#2119=CARTESIAN_POINT('',(34.9999994784594,-40.7,-14.5));
#2120=CARTESIAN_POINT('Origin',(34.9999994784594,-37.7,-14.5));
#2121=CARTESIAN_POINT('',(34.9999994784594,-40.7,-5.5));
#2122=CARTESIAN_POINT('Origin',(34.9999994784594,-37.7,-5.5));
#2123=CARTESIAN_POINT('',(34.9999995306134,-40.7,-63.3));
#2124=CARTESIAN_POINT('Origin',(34.9999994784594,-37.7,-63.3));
#2125=CARTESIAN_POINT('',(34.9999995306134,-40.7,-54.3));
#2126=CARTESIAN_POINT('Origin',(34.9999994784594,-37.7,-54.3));
#2127=CARTESIAN_POINT('Origin',(30.0000005215406,-36.,-0.499999999999998));
#2128=CARTESIAN_POINT('',(29.9999995306134,-40.,-44.8));
#2129=CARTESIAN_POINT('',(30.0000005215406,-40.,-34.9905768133848));
#2130=CARTESIAN_POINT('',(29.9999995306134,-35.5,-49.3));
#2131=CARTESIAN_POINT('Origin',(29.9999995306134,-35.5,-44.8));
#2132=CARTESIAN_POINT('',(29.9999995306134,-23.,-49.3));
#2133=CARTESIAN_POINT('',(29.9999995306134,-23.,-49.3));
#2134=CARTESIAN_POINT('',(29.9999995306134,-23.,-68.3));
#2135=CARTESIAN_POINT('',(30.0000005215406,-39.3,-54.3));
#2136=CARTESIAN_POINT('Origin',(30.0000005215406,-37.7,-54.3));
#2137=CARTESIAN_POINT('',(30.0000005215406,-39.3,-63.3));
#2138=CARTESIAN_POINT('Origin',(30.0000005215406,-37.7,-63.3));
#2139=CARTESIAN_POINT('',(30.0000005215406,-39.4,-5.5));
#2140=CARTESIAN_POINT('Origin',(30.0000005215406,-37.7,-5.5));
#2141=CARTESIAN_POINT('',(30.0000005215406,-39.4,-14.5));
#2142=CARTESIAN_POINT('Origin',(30.0000005215406,-37.7,-14.5));
#2143=CARTESIAN_POINT('Origin',(10.9352241213364,-46.,-33.2079958110563));
#2144=CARTESIAN_POINT('',(19.8822256538213,-46.,-32.2327196564661));
#2145=CARTESIAN_POINT('Origin',(-10.9352240461124,-46.,-33.2079955994172));
#2146=CARTESIAN_POINT('',(-19.882225559722,-46.,-32.2327192716677));
#2147=CARTESIAN_POINT('Origin',(2.60770161020218E-8,-46.,-34.4));
#2148=CARTESIAN_POINT('Origin',(20.000000026077,-46.,-54.4));
#2149=CARTESIAN_POINT('',(23.000000026077,-47.,-54.4));
#2150=CARTESIAN_POINT('',(23.000000026077,-46.,-54.4));
#2151=CARTESIAN_POINT('Origin',(20.000000026077,-47.,-54.4));
#2152=CARTESIAN_POINT('Origin',(20.000000026077,-47.,-54.4));
#2153=CARTESIAN_POINT('',(18.400000026077,-47.,-54.4));
#2154=CARTESIAN_POINT('Origin',(20.000000026077,-47.,-54.4));
#2155=CARTESIAN_POINT('Origin',(20.000000026077,-46.,-14.4));
#2156=CARTESIAN_POINT('',(23.000000026077,-47.,-14.4));
#2157=CARTESIAN_POINT('',(23.000000026077,-46.,-14.4));
#2158=CARTESIAN_POINT('Origin',(20.000000026077,-47.,-14.4));
#2159=CARTESIAN_POINT('Origin',(20.000000026077,-47.,-14.4));
#2160=CARTESIAN_POINT('',(18.400000026077,-47.,-14.4));
#2161=CARTESIAN_POINT('Origin',(20.000000026077,-47.,-14.4));
#2162=CARTESIAN_POINT('Origin',(-19.999999973923,-46.,-54.4));
#2163=CARTESIAN_POINT('',(-16.999999973923,-47.,-54.4));
#2164=CARTESIAN_POINT('',(-16.999999973923,-46.,-54.4));
#2165=CARTESIAN_POINT('Origin',(-19.999999973923,-47.,-54.4));
#2166=CARTESIAN_POINT('Origin',(-19.999999973923,-47.,-54.4));
#2167=CARTESIAN_POINT('',(-21.599999973923,-47.,-54.4));
#2168=CARTESIAN_POINT('Origin',(-19.999999973923,-47.,-54.4));
#2169=CARTESIAN_POINT('Origin',(-19.999999973923,-46.,-14.4));
#2170=CARTESIAN_POINT('',(-16.999999973923,-47.,-14.4));
#2171=CARTESIAN_POINT('',(-16.999999973923,-46.,-14.4));
#2172=CARTESIAN_POINT('Origin',(-19.999999973923,-47.,-14.4));
#2173=CARTESIAN_POINT('Origin',(-19.999999973923,-47.,-14.4));
#2174=CARTESIAN_POINT('',(-21.599999973923,-47.,-14.4));
#2175=CARTESIAN_POINT('Origin',(-19.999999973923,-47.,-14.4));
#2176=CARTESIAN_POINT('Origin',(20.000000026077,-51.,-14.4));
#2177=CARTESIAN_POINT('',(18.400000026077,-51.,-14.4));
#2178=CARTESIAN_POINT('Origin',(20.000000026077,-51.,-54.4));
#2179=CARTESIAN_POINT('',(18.400000026077,-51.,-54.4));
#2180=CARTESIAN_POINT('Origin',(-19.999999973923,-51.,-14.4));
#2181=CARTESIAN_POINT('',(-21.599999973923,-51.,-14.4));
#2182=CARTESIAN_POINT('Origin',(-19.999999973923,-51.,-54.4));
#2183=CARTESIAN_POINT('',(-21.599999973923,-51.,-54.4));
#2184=CARTESIAN_POINT('Origin',(31.2071073052296,-19.2071067786842,-68.3));
#2185=CARTESIAN_POINT('',(30.8535538813557,-18.853553355612,-49.3));
#2186=CARTESIAN_POINT('',(30.8535538813557,-18.853553355612,-68.3));
#2187=CARTESIAN_POINT('',(31.2071072182342,-19.2071067811865,-49.3));
#2188=CARTESIAN_POINT('',(35.0000004954636,-22.9999999603176,-49.3));
#2189=CARTESIAN_POINT('',(31.2071073027272,-19.2071067811865,-49.3));
#2190=CARTESIAN_POINT('Origin',(30.5000004911633,-19.2071067466062,-68.3));
#2191=CARTESIAN_POINT('',(30.0000005215406,-19.2071067811865,-49.3));
#2192=CARTESIAN_POINT('',(30.0000005215406,-19.2071067811865,-49.3));
#2193=CARTESIAN_POINT('Origin',(30.5000004911633,-19.2071067466062,-49.3));
#2194=CARTESIAN_POINT('Origin',(32.9999994784594,-103.246774086798,-68.3));
#2195=CARTESIAN_POINT('',(32.9999995306134,-39.4,-5.5));
#2196=CARTESIAN_POINT('Origin',(32.9999995306134,-37.7,-5.5));
#2197=CARTESIAN_POINT('',(32.9999995200197,-39.2999999987002,-5.5));
#2198=CARTESIAN_POINT('Origin',(32.9999995210596,-37.7,-5.5));
#2199=CARTESIAN_POINT('Origin',(32.9999994784594,-103.246774086798,-68.3));
#2200=CARTESIAN_POINT('',(32.9999995306134,-39.4,-14.5));
#2201=CARTESIAN_POINT('Origin',(32.9999995306134,-37.7,-14.5));
#2202=CARTESIAN_POINT('',(32.9999995200197,-39.2999999987002,-14.5));
#2203=CARTESIAN_POINT('Origin',(32.9999995210596,-37.7,-14.5));
#2204=CARTESIAN_POINT('Origin',(-30.0000004693866,-35.5,-49.3));
#2205=CARTESIAN_POINT('',(30.0000005215406,-19.2071067811865,-49.3));
#2206=CARTESIAN_POINT('',(-30.0000004693866,-35.5,-49.3));
#2207=CARTESIAN_POINT('',(34.9999991887146,-22.999998667174,-49.3));
#2208=CARTESIAN_POINT('Origin',(-30.0000004693866,-35.5,-44.8));
#2209=CARTESIAN_POINT('',(-30.0000004693866,-40.,-44.8));
#2210=CARTESIAN_POINT('Origin',(-30.0000004693866,-40.,-24.));
#2211=CARTESIAN_POINT('Origin',(30.8535539121339,-18.8535533905933,-49.3));
#2212=CARTESIAN_POINT('Origin',(34.9999991887146,-22.999998667174,0.499999999999998));
#2213=CARTESIAN_POINT('Origin',(-35.0000004693866,-37.7,-54.3));
#2214=CARTESIAN_POINT('',(-35.0000004693866,-40.7,-54.3));
#2215=CARTESIAN_POINT('Origin',(-35.0000004693866,-37.7,-54.3));
#2216=CARTESIAN_POINT('',(-33.0000004693866,-40.7,-54.3));
#2217=CARTESIAN_POINT('',(-35.0000004693866,-40.7,-54.3));
#2218=CARTESIAN_POINT('Origin',(-33.0000004693866,-37.7,-54.3));
#2219=CARTESIAN_POINT('Origin',(-33.0000004693866,-37.7,-54.3));
#2220=CARTESIAN_POINT('',(-33.0000004693866,-39.3,-54.3));
#2221=CARTESIAN_POINT('Origin',(-33.0000004693866,-37.7,-54.3));
#2222=CARTESIAN_POINT('Origin',(-35.0000004693866,-37.7,-63.3));
#2223=CARTESIAN_POINT('',(-35.0000004693866,-40.7,-63.3));
#2224=CARTESIAN_POINT('Origin',(-35.0000004693866,-37.7,-63.3));
#2225=CARTESIAN_POINT('',(-33.0000004693866,-40.7,-63.3));
#2226=CARTESIAN_POINT('',(-35.0000004693866,-40.7,-63.3));
#2227=CARTESIAN_POINT('Origin',(-33.0000004693866,-37.7,-63.3));
#2228=CARTESIAN_POINT('Origin',(-33.0000004693866,-37.7,-63.3));
#2229=CARTESIAN_POINT('',(-33.0000004693866,-39.3,-63.3));
#2230=CARTESIAN_POINT('Origin',(-33.0000004693866,-37.7,-63.3));
#2231=CARTESIAN_POINT('Origin',(34.9999995306134,-37.7,-54.3));
#2232=CARTESIAN_POINT('',(32.9999995306134,-40.7,-54.3));
#2233=CARTESIAN_POINT('',(34.9999995306134,-40.7,-54.3));
#2234=CARTESIAN_POINT('Origin',(32.9999995306134,-37.7,-54.3));
#2235=CARTESIAN_POINT('Origin',(32.9999995306134,-37.7,-54.3));
#2236=CARTESIAN_POINT('',(32.9999994784594,-39.3,-54.3));
#2237=CARTESIAN_POINT('Origin',(32.9999994784594,-37.7,-54.3));
#2238=CARTESIAN_POINT('Origin',(34.9999995306134,-37.7,-14.5));
#2239=CARTESIAN_POINT('',(32.9999995306134,-40.7,-14.5));
#2240=CARTESIAN_POINT('',(34.9999995306134,-40.7,-14.5));
#2241=CARTESIAN_POINT('Origin',(32.9999995306134,-37.7,-14.5));
#2242=CARTESIAN_POINT('Origin',(32.9999995306134,-37.7,-14.5));
#2243=CARTESIAN_POINT('Origin',(34.9999995306134,-37.7,-63.3));
#2244=CARTESIAN_POINT('',(32.9999995306134,-40.7,-63.3));
#2245=CARTESIAN_POINT('',(34.9999995306134,-40.7,-63.3));
#2246=CARTESIAN_POINT('Origin',(32.9999995306134,-37.7,-63.3));
#2247=CARTESIAN_POINT('Origin',(32.9999995306134,-37.7,-63.3));
#2248=CARTESIAN_POINT('',(32.9999994784594,-39.3,-63.3));
#2249=CARTESIAN_POINT('Origin',(32.9999994784594,-37.7,-63.3));
#2250=CARTESIAN_POINT('Origin',(34.9999995306134,-37.7,-5.5));
#2251=CARTESIAN_POINT('',(32.9999995306134,-40.7,-5.5));
#2252=CARTESIAN_POINT('',(34.9999995306134,-40.7,-5.5));
#2253=CARTESIAN_POINT('Origin',(32.9999995306134,-37.7,-5.5));
#2254=CARTESIAN_POINT('Origin',(32.9999995306134,-37.7,-5.5));
#2255=CARTESIAN_POINT('Origin',(-30.0000004693866,-37.7,-54.3));
#2256=CARTESIAN_POINT('',(-30.0000004693866,-39.3,-54.3));
#2257=CARTESIAN_POINT('Origin',(-30.0000004693866,-37.7,-54.3));
#2258=CARTESIAN_POINT('',(-30.0000004693866,-39.3,-54.3));
#2259=CARTESIAN_POINT('Origin',(-30.0000004693866,-37.7,-14.5));
#2260=CARTESIAN_POINT('',(30.0000002328792,-39.3,-14.5));
#2261=CARTESIAN_POINT('',(-30.0000004693866,-39.3,-14.5));
#2262=CARTESIAN_POINT('Origin',(30.0000001639452,-37.7,-14.5));
#2263=CARTESIAN_POINT('Origin',(-30.0000004693866,-37.7,-63.3));
#2264=CARTESIAN_POINT('',(-30.0000004693866,-39.3,-63.3));
#2265=CARTESIAN_POINT('Origin',(-30.0000004693866,-37.7,-63.3));
#2266=CARTESIAN_POINT('',(-30.0000004693866,-39.3,-63.3));
#2267=CARTESIAN_POINT('Origin',(-30.0000004693866,-37.7,-5.5));
#2268=CARTESIAN_POINT('',(30.0000002328792,-39.3,-5.5));
#2269=CARTESIAN_POINT('',(-30.0000004693866,-39.3,-5.5));
#2270=CARTESIAN_POINT('Origin',(30.0000001639452,-37.7,-5.5));
#2271=CARTESIAN_POINT('Origin',(-35.0000004693866,-36.,-0.499999999999998));
#2272=CARTESIAN_POINT('',(-35.0000004693866,-35.5,-49.3));
#2273=CARTESIAN_POINT('Origin',(-35.0000004693866,-35.5,-44.8));
#2274=CARTESIAN_POINT('',(-35.0000004693866,-23.,-49.3));
#2275=CARTESIAN_POINT('',(-35.0000004693866,-23.,-49.3));
#2276=CARTESIAN_POINT('',(-35.0000004693866,-23.,-68.3));
#2277=CARTESIAN_POINT('',(-35.0000004693866,-34.7,-14.5));
#2278=CARTESIAN_POINT('Origin',(-35.0000004693866,-37.7,-14.5));
#2279=CARTESIAN_POINT('',(-35.0000004693866,-34.7,-5.5));
#2280=CARTESIAN_POINT('Origin',(-35.0000004693866,-37.7,-5.5));
#2281=CARTESIAN_POINT('Origin',(29.9999995306134,-23.,-68.3));
#2282=CARTESIAN_POINT('Origin',(29.9999995306134,-23.,-68.3));
#2283=CARTESIAN_POINT('Origin',(-30.8535538599799,-18.8535533905933,-70.5));
#2284=CARTESIAN_POINT('',(-30.8535538599799,-18.8535533905933,-49.3));
#2285=CARTESIAN_POINT('',(-30.8535538599799,-18.8535533905933,-49.3));
#2286=CARTESIAN_POINT('',(-30.8535538599799,-18.8535533905933,-70.5));
#2287=CARTESIAN_POINT('Origin',(-30.5000004693866,-19.2071067811865,-70.5));
#2288=CARTESIAN_POINT('Origin',(-30.5000004693866,-19.2071067811865,-49.3));
#2289=CARTESIAN_POINT('Origin',(-35.0000004693866,-35.5,-44.8));
#2290=CARTESIAN_POINT('',(-35.0000004693866,-35.5,-49.3));
#2291=CARTESIAN_POINT('Origin',(-35.0000004693866,-23.,-49.3));
#2292=CARTESIAN_POINT('Origin',(29.9999995306134,-113.008272058916,-49.3));
#2293=CARTESIAN_POINT('Origin',(-33.0000004693866,-37.7,-5.5));
#2294=CARTESIAN_POINT('',(-33.0000004693866,-34.7,-5.5));
#2295=CARTESIAN_POINT('Origin',(-33.0000004693866,-37.7,-5.5));
#2296=CARTESIAN_POINT('',(-33.0000004693866,-39.4,-5.5));
#2297=CARTESIAN_POINT('Origin',(-33.0000004693866,-37.7,-5.5));
#2298=CARTESIAN_POINT('Origin',(-33.0000004693866,-37.7,-14.5));
#2299=CARTESIAN_POINT('',(-33.0000004693866,-34.7,-14.5));
#2300=CARTESIAN_POINT('Origin',(-33.0000004693866,-37.7,-14.5));
#2301=CARTESIAN_POINT('',(-33.0000004693866,-39.4,-14.5));
#2302=CARTESIAN_POINT('Origin',(-33.0000004693866,-37.7,-14.5));
#2303=CARTESIAN_POINT('Origin',(30.0000005215406,-37.7,-14.5));
#2304=CARTESIAN_POINT('',(30.0000005215406,-39.4,-14.5));
#2305=CARTESIAN_POINT('Origin',(30.0000005215406,-37.7,-5.5));
#2306=CARTESIAN_POINT('',(30.0000005215406,-39.4,-5.5));
#2307=CARTESIAN_POINT('Origin',(-35.0000004693866,-37.7,-5.5));
#2308=CARTESIAN_POINT('',(-35.0000004693866,-34.7,-5.5));
#2309=CARTESIAN_POINT('Origin',(-35.0000004693866,-37.7,-14.5));
#2310=CARTESIAN_POINT('',(-35.0000004693866,-34.7,-14.5));
#2311=UNCERTAINTY_MEASURE_WITH_UNIT(LENGTH_MEASURE(0.01),#2315,
'DISTANCE_ACCURACY_VALUE',
'Maximum model space distance between geometric entities at asserted c
onnectivities');
#2312=UNCERTAINTY_MEASURE_WITH_UNIT(LENGTH_MEASURE(0.01),#2315,
'DISTANCE_ACCURACY_VALUE',
'Maximum model space distance between geometric entities at asserted c
onnectivities');
#2313=(
GEOMETRIC_REPRESENTATION_CONTEXT(3)
GLOBAL_UNCERTAINTY_ASSIGNED_CONTEXT((#2311))
GLOBAL_UNIT_ASSIGNED_CONTEXT((#2315,#2316,#2317))
REPRESENTATION_CONTEXT('','3D')
);
#2314=(
GEOMETRIC_REPRESENTATION_CONTEXT(3)
GLOBAL_UNCERTAINTY_ASSIGNED_CONTEXT((#2312))
GLOBAL_UNIT_ASSIGNED_CONTEXT((#2315,#2316,#2317))
REPRESENTATION_CONTEXT('','3D')
);
#2315=(
LENGTH_UNIT()
NAMED_UNIT(*)
SI_UNIT(.MILLI.,.METRE.)
);
#2316=(
NAMED_UNIT(*)
PLANE_ANGLE_UNIT()
SI_UNIT($,.RADIAN.)
);
#2317=(
NAMED_UNIT(*)
SI_UNIT($,.STERADIAN.)
SOLID_ANGLE_UNIT()
);
#2318=SHAPE_DEFINITION_REPRESENTATION(#2319,#2320);
#2319=PRODUCT_DEFINITION_SHAPE('',$,#2322);
#2320=SHAPE_REPRESENTATION('',(#1355),#2313);
#2321=PRODUCT_DEFINITION_CONTEXT('part definition',#2326,'design');
#2322=PRODUCT_DEFINITION('J4','J4 v16',#2323,#2321);
#2323=PRODUCT_DEFINITION_FORMATION('',$,#2328);
#2324=PRODUCT_RELATED_PRODUCT_CATEGORY('J4 v16','J4 v16',(#2328));
#2325=APPLICATION_PROTOCOL_DEFINITION('international standard',
'automotive_design',2009,#2326);
#2326=APPLICATION_CONTEXT(
'Core Data for Automotive Mechanical Design Process');
#2327=PRODUCT_CONTEXT('part definition',#2326,'mechanical');
#2328=PRODUCT('J4','J4 v16',$,(#2327));
#2329=PRESENTATION_STYLE_ASSIGNMENT((#2330));
#2330=SURFACE_STYLE_USAGE(.BOTH.,#2331);
#2331=SURFACE_SIDE_STYLE('',(#2332));
#2332=SURFACE_STYLE_FILL_AREA(#2333);
#2333=FILL_AREA_STYLE('Steel - Satin',(#2334));
#2334=FILL_AREA_STYLE_COLOUR('Steel - Satin',#2335);
#2335=COLOUR_RGB('Steel - Satin',0.627450980392157,0.627450980392157,0.627450980392157);
ENDSEC;
END-ISO-10303-21;
