ISO-10303-21;
HEADER;
/* Generated by software containing ST-Developer
 * from STEP Tools, Inc. (www.steptools.com) 
 */

FILE_DESCRIPTION(
/* description */ (''),
/* implementation_level */ '2;1');

FILE_NAME(
/* name */ 'J4-odrive-cap.step',
/* time_stamp */ '2026-10-05T21:01:37+11:00',
/* author */ (''),
/* organization */ (''),
/* preprocessor_version */ 'ST-DEVELOPER v20.2',
/* originating_system */ 'Autodesk Translation Framework v15.15.0.0',
/* authorisation */ '');

FILE_SCHEMA (('AUTOMOTIVE_DESIGN { 1 0 10303 214 3 1 1 }'));
ENDSEC;

DATA;
#10=MECHANICAL_DESIGN_GEOMETRIC_PRESENTATION_REPRESENTATION('',(#19,#20),
#3694);
#11=ITEM_DEFINED_TRANSFORMATION($,$,#2132,#2398);
#12=(
REPRESENTATION_RELATIONSHIP($,$,#3704,#3703)
REPRESENTATION_RELATIONSHIP_WITH_TRANSFORMATION(#11)
SHAPE_REPRESENTATION_RELATIONSHIP()
);
#13=CONTEXT_DEPENDENT_SHAPE_REPRESENTATION(#12,#3702);
#14=NEXT_ASSEMBLY_USAGE_OCCURRENCE('encoder-mount v7:2',
'encoder-mount v7:2','encoder-mount v7:2',#3706,#3707,
'encoder-mount v7:2');
#15=SHAPE_REPRESENTATION_RELATIONSHIP('SRR','None',#3704,#17);
#16=SHAPE_REPRESENTATION_RELATIONSHIP('SRR','None',#3703,#18);
#17=ADVANCED_BREP_SHAPE_REPRESENTATION('',(#21),#3693);
#18=ADVANCED_BREP_SHAPE_REPRESENTATION('',(#22),#3692);
#19=STYLED_ITEM('',(#3717),#21);
#20=STYLED_ITEM('',(#3717),#22);
#21=MANIFOLD_SOLID_BREP('spacer-1',#2129);
#22=MANIFOLD_SOLID_BREP('Body11',#2130);
#23=FACE_BOUND('',#252,.T.);
#24=FACE_BOUND('',#255,.T.);
#25=FACE_BOUND('',#258,.T.);
#26=FACE_BOUND('',#261,.T.);
#27=FACE_BOUND('',#264,.T.);
#28=FACE_BOUND('',#267,.T.);
#29=FACE_BOUND('',#270,.T.);
#30=FACE_BOUND('',#273,.T.);
#31=FACE_BOUND('',#275,.T.);
#32=FACE_BOUND('',#278,.T.);
#33=FACE_BOUND('',#281,.T.);
#34=FACE_BOUND('',#284,.T.);
#35=FACE_BOUND('',#287,.T.);
#36=FACE_BOUND('',#325,.T.);
#37=FACE_BOUND('',#327,.T.);
#38=FACE_BOUND('',#329,.T.);
#39=FACE_BOUND('',#330,.T.);
#40=FACE_BOUND('',#332,.T.);
#41=FACE_BOUND('',#333,.T.);
#42=FACE_BOUND('',#335,.T.);
#43=FACE_BOUND('',#336,.T.);
#44=FACE_BOUND('',#344,.T.);
#45=FACE_BOUND('',#348,.T.);
#46=FACE_BOUND('',#352,.T.);
#47=FACE_BOUND('',#356,.T.);
#48=FACE_BOUND('',#360,.T.);
#49=FACE_BOUND('',#364,.T.);
#50=FACE_BOUND('',#368,.T.);
#51=FACE_BOUND('',#372,.T.);
#52=FACE_BOUND('',#374,.T.);
#53=FACE_BOUND('',#375,.T.);
#54=FACE_BOUND('',#377,.T.);
#55=FACE_BOUND('',#378,.T.);
#56=FACE_BOUND('',#379,.T.);
#57=FACE_BOUND('',#380,.T.);
#58=FACE_BOUND('',#381,.T.);
#59=FACE_BOUND('',#382,.T.);
#60=FACE_BOUND('',#384,.T.);
#61=FACE_BOUND('',#385,.T.);
#62=FACE_BOUND('',#386,.T.);
#63=FACE_BOUND('',#387,.T.);
#64=FACE_BOUND('',#388,.T.);
#65=FACE_BOUND('',#389,.T.);
#66=FACE_BOUND('',#390,.T.);
#67=FACE_BOUND('',#391,.T.);
#68=FACE_BOUND('',#409,.T.);
#69=FACE_BOUND('',#410,.T.);
#70=FACE_BOUND('',#414,.T.);
#71=FACE_BOUND('',#415,.T.);
#72=PLANE('',#2136);
#73=PLANE('',#2141);
#74=PLANE('',#2146);
#75=PLANE('',#2151);
#76=PLANE('',#2153);
#77=PLANE('',#2158);
#78=PLANE('',#2164);
#79=PLANE('',#2169);
#80=PLANE('',#2175);
#81=PLANE('',#2180);
#82=PLANE('',#2186);
#83=PLANE('',#2191);
#84=PLANE('',#2197);
#85=PLANE('',#2203);
#86=PLANE('',#2208);
#87=PLANE('',#2213);
#88=PLANE('',#2218);
#89=PLANE('',#2222);
#90=PLANE('',#2226);
#91=PLANE('',#2230);
#92=PLANE('',#2234);
#93=PLANE('',#2238);
#94=PLANE('',#2242);
#95=PLANE('',#2246);
#96=PLANE('',#2250);
#97=PLANE('',#2254);
#98=PLANE('',#2255);
#99=PLANE('',#2256);
#100=PLANE('',#2257);
#101=PLANE('',#2258);
#102=PLANE('',#2259);
#103=PLANE('',#2260);
#104=PLANE('',#2261);
#105=PLANE('',#2262);
#106=PLANE('',#2263);
#107=PLANE('',#2264);
#108=PLANE('',#2265);
#109=PLANE('',#2298);
#110=PLANE('',#2300);
#111=PLANE('',#2302);
#112=PLANE('',#2305);
#113=PLANE('',#2308);
#114=PLANE('',#2319);
#115=PLANE('',#2325);
#116=PLANE('',#2331);
#117=PLANE('',#2337);
#118=PLANE('',#2343);
#119=PLANE('',#2349);
#120=PLANE('',#2355);
#121=PLANE('',#2361);
#122=PLANE('',#2363);
#123=PLANE('',#2366);
#124=PLANE('',#2367);
#125=PLANE('',#2389);
#126=PLANE('',#2390);
#127=PLANE('',#2394);
#128=PLANE('',#2395);
#129=PLANE('',#2396);
#130=PLANE('',#2397);
#131=FACE_OUTER_BOUND('',#250,.T.);
#132=FACE_OUTER_BOUND('',#251,.T.);
#133=FACE_OUTER_BOUND('',#253,.T.);
#134=FACE_OUTER_BOUND('',#254,.T.);
#135=FACE_OUTER_BOUND('',#256,.T.);
#136=FACE_OUTER_BOUND('',#257,.T.);
#137=FACE_OUTER_BOUND('',#259,.T.);
#138=FACE_OUTER_BOUND('',#260,.T.);
#139=FACE_OUTER_BOUND('',#262,.T.);
#140=FACE_OUTER_BOUND('',#263,.T.);
#141=FACE_OUTER_BOUND('',#265,.T.);
#142=FACE_OUTER_BOUND('',#266,.T.);
#143=FACE_OUTER_BOUND('',#268,.T.);
#144=FACE_OUTER_BOUND('',#269,.T.);
#145=FACE_OUTER_BOUND('',#271,.T.);
#146=FACE_OUTER_BOUND('',#272,.T.);
#147=FACE_OUTER_BOUND('',#274,.T.);
#148=FACE_OUTER_BOUND('',#276,.T.);
#149=FACE_OUTER_BOUND('',#277,.T.);
#150=FACE_OUTER_BOUND('',#279,.T.);
#151=FACE_OUTER_BOUND('',#280,.T.);
#152=FACE_OUTER_BOUND('',#282,.T.);
#153=FACE_OUTER_BOUND('',#283,.T.);
#154=FACE_OUTER_BOUND('',#285,.T.);
#155=FACE_OUTER_BOUND('',#286,.T.);
#156=FACE_OUTER_BOUND('',#288,.T.);
#157=FACE_OUTER_BOUND('',#289,.T.);
#158=FACE_OUTER_BOUND('',#290,.T.);
#159=FACE_OUTER_BOUND('',#291,.T.);
#160=FACE_OUTER_BOUND('',#292,.T.);
#161=FACE_OUTER_BOUND('',#293,.T.);
#162=FACE_OUTER_BOUND('',#294,.T.);
#163=FACE_OUTER_BOUND('',#295,.T.);
#164=FACE_OUTER_BOUND('',#296,.T.);
#165=FACE_OUTER_BOUND('',#297,.T.);
#166=FACE_OUTER_BOUND('',#298,.T.);
#167=FACE_OUTER_BOUND('',#299,.T.);
#168=FACE_OUTER_BOUND('',#300,.T.);
#169=FACE_OUTER_BOUND('',#301,.T.);
#170=FACE_OUTER_BOUND('',#302,.T.);
#171=FACE_OUTER_BOUND('',#303,.T.);
#172=FACE_OUTER_BOUND('',#304,.T.);
#173=FACE_OUTER_BOUND('',#305,.T.);
#174=FACE_OUTER_BOUND('',#306,.T.);
#175=FACE_OUTER_BOUND('',#307,.T.);
#176=FACE_OUTER_BOUND('',#308,.T.);
#177=FACE_OUTER_BOUND('',#309,.T.);
#178=FACE_OUTER_BOUND('',#310,.T.);
#179=FACE_OUTER_BOUND('',#311,.T.);
#180=FACE_OUTER_BOUND('',#312,.T.);
#181=FACE_OUTER_BOUND('',#313,.T.);
#182=FACE_OUTER_BOUND('',#314,.T.);
#183=FACE_OUTER_BOUND('',#315,.T.);
#184=FACE_OUTER_BOUND('',#316,.T.);
#185=FACE_OUTER_BOUND('',#317,.T.);
#186=FACE_OUTER_BOUND('',#318,.T.);
#187=FACE_OUTER_BOUND('',#319,.T.);
#188=FACE_OUTER_BOUND('',#320,.T.);
#189=FACE_OUTER_BOUND('',#321,.T.);
#190=FACE_OUTER_BOUND('',#322,.T.);
#191=FACE_OUTER_BOUND('',#323,.T.);
#192=FACE_OUTER_BOUND('',#324,.T.);
#193=FACE_OUTER_BOUND('',#326,.T.);
#194=FACE_OUTER_BOUND('',#328,.T.);
#195=FACE_OUTER_BOUND('',#331,.T.);
#196=FACE_OUTER_BOUND('',#334,.T.);
#197=FACE_OUTER_BOUND('',#337,.T.);
#198=FACE_OUTER_BOUND('',#338,.T.);
#199=FACE_OUTER_BOUND('',#339,.T.);
#200=FACE_OUTER_BOUND('',#340,.T.);
#201=FACE_OUTER_BOUND('',#341,.T.);
#202=FACE_OUTER_BOUND('',#342,.T.);
#203=FACE_OUTER_BOUND('',#343,.T.);
#204=FACE_OUTER_BOUND('',#345,.T.);
#205=FACE_OUTER_BOUND('',#346,.T.);
#206=FACE_OUTER_BOUND('',#347,.T.);
#207=FACE_OUTER_BOUND('',#349,.T.);
#208=FACE_OUTER_BOUND('',#350,.T.);
#209=FACE_OUTER_BOUND('',#351,.T.);
#210=FACE_OUTER_BOUND('',#353,.T.);
#211=FACE_OUTER_BOUND('',#354,.T.);
#212=FACE_OUTER_BOUND('',#355,.T.);
#213=FACE_OUTER_BOUND('',#357,.T.);
#214=FACE_OUTER_BOUND('',#358,.T.);
#215=FACE_OUTER_BOUND('',#359,.T.);
#216=FACE_OUTER_BOUND('',#361,.T.);
#217=FACE_OUTER_BOUND('',#362,.T.);
#218=FACE_OUTER_BOUND('',#363,.T.);
#219=FACE_OUTER_BOUND('',#365,.T.);
#220=FACE_OUTER_BOUND('',#366,.T.);
#221=FACE_OUTER_BOUND('',#367,.T.);
#222=FACE_OUTER_BOUND('',#369,.T.);
#223=FACE_OUTER_BOUND('',#370,.T.);
#224=FACE_OUTER_BOUND('',#371,.T.);
#225=FACE_OUTER_BOUND('',#373,.T.);
#226=FACE_OUTER_BOUND('',#376,.T.);
#227=FACE_OUTER_BOUND('',#383,.T.);
#228=FACE_OUTER_BOUND('',#392,.T.);
#229=FACE_OUTER_BOUND('',#393,.T.);
#230=FACE_OUTER_BOUND('',#394,.T.);
#231=FACE_OUTER_BOUND('',#395,.T.);
#232=FACE_OUTER_BOUND('',#396,.T.);
#233=FACE_OUTER_BOUND('',#397,.T.);
#234=FACE_OUTER_BOUND('',#398,.T.);
#235=FACE_OUTER_BOUND('',#399,.T.);
#236=FACE_OUTER_BOUND('',#400,.T.);
#237=FACE_OUTER_BOUND('',#401,.T.);
#238=FACE_OUTER_BOUND('',#402,.T.);
#239=FACE_OUTER_BOUND('',#403,.T.);
#240=FACE_OUTER_BOUND('',#404,.T.);
#241=FACE_OUTER_BOUND('',#405,.T.);
#242=FACE_OUTER_BOUND('',#406,.T.);
#243=FACE_OUTER_BOUND('',#407,.T.);
#244=FACE_OUTER_BOUND('',#408,.T.);
#245=FACE_OUTER_BOUND('',#411,.T.);
#246=FACE_OUTER_BOUND('',#412,.T.);
#247=FACE_OUTER_BOUND('',#413,.T.);
#248=FACE_OUTER_BOUND('',#416,.T.);
#249=FACE_OUTER_BOUND('',#417,.T.);
#250=EDGE_LOOP('',(#1350,#1351,#1352,#1353));
#251=EDGE_LOOP('',(#1354));
#252=EDGE_LOOP('',(#1355));
#253=EDGE_LOOP('',(#1356,#1357,#1358,#1359));
#254=EDGE_LOOP('',(#1360));
#255=EDGE_LOOP('',(#1361));
#256=EDGE_LOOP('',(#1362,#1363,#1364,#1365));
#257=EDGE_LOOP('',(#1366));
#258=EDGE_LOOP('',(#1367));
#259=EDGE_LOOP('',(#1368,#1369,#1370,#1371));
#260=EDGE_LOOP('',(#1372));
#261=EDGE_LOOP('',(#1373));
#262=EDGE_LOOP('',(#1374,#1375,#1376,#1377));
#263=EDGE_LOOP('',(#1378,#1379,#1380,#1381));
#264=EDGE_LOOP('',(#1382));
#265=EDGE_LOOP('',(#1383,#1384,#1385,#1386));
#266=EDGE_LOOP('',(#1387,#1388,#1389,#1390));
#267=EDGE_LOOP('',(#1391));
#268=EDGE_LOOP('',(#1392,#1393,#1394,#1395));
#269=EDGE_LOOP('',(#1396,#1397,#1398,#1399));
#270=EDGE_LOOP('',(#1400));
#271=EDGE_LOOP('',(#1401,#1402,#1403,#1404));
#272=EDGE_LOOP('',(#1405,#1406,#1407,#1408));
#273=EDGE_LOOP('',(#1409));
#274=EDGE_LOOP('',(#1410));
#275=EDGE_LOOP('',(#1411));
#276=EDGE_LOOP('',(#1412,#1413,#1414,#1415));
#277=EDGE_LOOP('',(#1416));
#278=EDGE_LOOP('',(#1417));
#279=EDGE_LOOP('',(#1418,#1419,#1420,#1421));
#280=EDGE_LOOP('',(#1422));
#281=EDGE_LOOP('',(#1423));
#282=EDGE_LOOP('',(#1424,#1425,#1426,#1427));
#283=EDGE_LOOP('',(#1428));
#284=EDGE_LOOP('',(#1429));
#285=EDGE_LOOP('',(#1430,#1431,#1432,#1433));
#286=EDGE_LOOP('',(#1434));
#287=EDGE_LOOP('',(#1435));
#288=EDGE_LOOP('',(#1436,#1437,#1438,#1439));
#289=EDGE_LOOP('',(#1440,#1441,#1442,#1443));
#290=EDGE_LOOP('',(#1444,#1445,#1446,#1447));
#291=EDGE_LOOP('',(#1448,#1449,#1450,#1451));
#292=EDGE_LOOP('',(#1452,#1453,#1454,#1455));
#293=EDGE_LOOP('',(#1456,#1457,#1458,#1459));
#294=EDGE_LOOP('',(#1460,#1461,#1462,#1463));
#295=EDGE_LOOP('',(#1464,#1465,#1466,#1467));
#296=EDGE_LOOP('',(#1468,#1469,#1470,#1471));
#297=EDGE_LOOP('',(#1472,#1473,#1474,#1475));
#298=EDGE_LOOP('',(#1476,#1477,#1478,#1479));
#299=EDGE_LOOP('',(#1480,#1481,#1482,#1483));
#300=EDGE_LOOP('',(#1484,#1485,#1486,#1487));
#301=EDGE_LOOP('',(#1488,#1489,#1490,#1491));
#302=EDGE_LOOP('',(#1492,#1493,#1494,#1495));
#303=EDGE_LOOP('',(#1496,#1497,#1498,#1499));
#304=EDGE_LOOP('',(#1500,#1501,#1502,#1503));
#305=EDGE_LOOP('',(#1504,#1505,#1506,#1507));
#306=EDGE_LOOP('',(#1508,#1509,#1510,#1511));
#307=EDGE_LOOP('',(#1512,#1513,#1514,#1515));
#308=EDGE_LOOP('',(#1516,#1517,#1518,#1519));
#309=EDGE_LOOP('',(#1520,#1521,#1522,#1523));
#310=EDGE_LOOP('',(#1524,#1525,#1526,#1527));
#311=EDGE_LOOP('',(#1528,#1529,#1530,#1531));
#312=EDGE_LOOP('',(#1532,#1533,#1534,#1535));
#313=EDGE_LOOP('',(#1536,#1537,#1538,#1539));
#314=EDGE_LOOP('',(#1540,#1541,#1542,#1543));
#315=EDGE_LOOP('',(#1544,#1545,#1546,#1547));
#316=EDGE_LOOP('',(#1548,#1549,#1550,#1551));
#317=EDGE_LOOP('',(#1552,#1553,#1554,#1555));
#318=EDGE_LOOP('',(#1556,#1557,#1558,#1559));
#319=EDGE_LOOP('',(#1560,#1561,#1562,#1563));
#320=EDGE_LOOP('',(#1564,#1565,#1566,#1567));
#321=EDGE_LOOP('',(#1568,#1569,#1570,#1571));
#322=EDGE_LOOP('',(#1572,#1573,#1574,#1575));
#323=EDGE_LOOP('',(#1576,#1577,#1578,#1579,#1580,#1581,#1582,#1583,#1584,
#1585,#1586,#1587,#1588,#1589,#1590,#1591,#1592,#1593,#1594,#1595,#1596,
#1597,#1598,#1599,#1600,#1601,#1602,#1603,#1604,#1605,#1606,#1607,#1608,
#1609,#1610,#1611,#1612,#1613,#1614,#1615,#1616,#1617,#1618,#1619,#1620,
#1621,#1622,#1623,#1624,#1625,#1626));
#324=EDGE_LOOP('',(#1627,#1628,#1629,#1630));
#325=EDGE_LOOP('',(#1631));
#326=EDGE_LOOP('',(#1632,#1633,#1634,#1635));
#327=EDGE_LOOP('',(#1636));
#328=EDGE_LOOP('',(#1637,#1638,#1639,#1640));
#329=EDGE_LOOP('',(#1641));
#330=EDGE_LOOP('',(#1642));
#331=EDGE_LOOP('',(#1643,#1644,#1645,#1646,#1647));
#332=EDGE_LOOP('',(#1648));
#333=EDGE_LOOP('',(#1649));
#334=EDGE_LOOP('',(#1650,#1651,#1652,#1653));
#335=EDGE_LOOP('',(#1654));
#336=EDGE_LOOP('',(#1655));
#337=EDGE_LOOP('',(#1656,#1657,#1658,#1659));
#338=EDGE_LOOP('',(#1660,#1661,#1662,#1663));
#339=EDGE_LOOP('',(#1664,#1665,#1666,#1667));
#340=EDGE_LOOP('',(#1668,#1669,#1670,#1671));
#341=EDGE_LOOP('',(#1672,#1673,#1674,#1675));
#342=EDGE_LOOP('',(#1676,#1677,#1678,#1679));
#343=EDGE_LOOP('',(#1680,#1681));
#344=EDGE_LOOP('',(#1682));
#345=EDGE_LOOP('',(#1683,#1684,#1685,#1686));
#346=EDGE_LOOP('',(#1687,#1688,#1689,#1690));
#347=EDGE_LOOP('',(#1691,#1692));
#348=EDGE_LOOP('',(#1693));
#349=EDGE_LOOP('',(#1694,#1695,#1696,#1697));
#350=EDGE_LOOP('',(#1698,#1699,#1700,#1701));
#351=EDGE_LOOP('',(#1702,#1703));
#352=EDGE_LOOP('',(#1704));
#353=EDGE_LOOP('',(#1705,#1706,#1707,#1708));
#354=EDGE_LOOP('',(#1709,#1710,#1711,#1712));
#355=EDGE_LOOP('',(#1713,#1714));
#356=EDGE_LOOP('',(#1715));
#357=EDGE_LOOP('',(#1716,#1717,#1718,#1719));
#358=EDGE_LOOP('',(#1720,#1721,#1722,#1723));
#359=EDGE_LOOP('',(#1724,#1725));
#360=EDGE_LOOP('',(#1726));
#361=EDGE_LOOP('',(#1727,#1728,#1729,#1730));
#362=EDGE_LOOP('',(#1731,#1732,#1733,#1734));
#363=EDGE_LOOP('',(#1735,#1736));
#364=EDGE_LOOP('',(#1737));
#365=EDGE_LOOP('',(#1738,#1739,#1740,#1741));
#366=EDGE_LOOP('',(#1742,#1743,#1744,#1745));
#367=EDGE_LOOP('',(#1746,#1747));
#368=EDGE_LOOP('',(#1748));
#369=EDGE_LOOP('',(#1749,#1750,#1751,#1752));
#370=EDGE_LOOP('',(#1753,#1754,#1755,#1756));
#371=EDGE_LOOP('',(#1757,#1758));
#372=EDGE_LOOP('',(#1759));
#373=EDGE_LOOP('',(#1760,#1761,#1762,#1763));
#374=EDGE_LOOP('',(#1764));
#375=EDGE_LOOP('',(#1765));
#376=EDGE_LOOP('',(#1766));
#377=EDGE_LOOP('',(#1767));
#378=EDGE_LOOP('',(#1768));
#379=EDGE_LOOP('',(#1769));
#380=EDGE_LOOP('',(#1770));
#381=EDGE_LOOP('',(#1771,#1772,#1773,#1774,#1775,#1776,#1777,#1778));
#382=EDGE_LOOP('',(#1779,#1780,#1781,#1782,#1783,#1784,#1785,#1786));
#383=EDGE_LOOP('',(#1787,#1788,#1789,#1790,#1791,#1792,#1793,#1794,#1795,
#1796,#1797,#1798,#1799,#1800,#1801,#1802,#1803,#1804,#1805,#1806,#1807,
#1808,#1809,#1810));
#384=EDGE_LOOP('',(#1811));
#385=EDGE_LOOP('',(#1812));
#386=EDGE_LOOP('',(#1813));
#387=EDGE_LOOP('',(#1814));
#388=EDGE_LOOP('',(#1815,#1816,#1817,#1818,#1819,#1820,#1821,#1822));
#389=EDGE_LOOP('',(#1823,#1824,#1825,#1826,#1827,#1828,#1829,#1830));
#390=EDGE_LOOP('',(#1831));
#391=EDGE_LOOP('',(#1832));
#392=EDGE_LOOP('',(#1833,#1834,#1835,#1836));
#393=EDGE_LOOP('',(#1837,#1838,#1839,#1840));
#394=EDGE_LOOP('',(#1841,#1842,#1843,#1844));
#395=EDGE_LOOP('',(#1845,#1846,#1847,#1848,#1849,#1850,#1851,#1852,#1853,
#1854,#1855,#1856,#1857,#1858,#1859,#1860,#1861,#1862,#1863,#1864,#1865,
#1866,#1867,#1868,#1869,#1870,#1871));
#396=EDGE_LOOP('',(#1872,#1873,#1874,#1875));
#397=EDGE_LOOP('',(#1876,#1877,#1878,#1879));
#398=EDGE_LOOP('',(#1880,#1881,#1882,#1883));
#399=EDGE_LOOP('',(#1884,#1885,#1886,#1887));
#400=EDGE_LOOP('',(#1888,#1889,#1890,#1891));
#401=EDGE_LOOP('',(#1892,#1893,#1894,#1895));
#402=EDGE_LOOP('',(#1896,#1897,#1898,#1899));
#403=EDGE_LOOP('',(#1900,#1901,#1902,#1903));
#404=EDGE_LOOP('',(#1904,#1905,#1906,#1907));
#405=EDGE_LOOP('',(#1908,#1909,#1910,#1911));
#406=EDGE_LOOP('',(#1912,#1913,#1914,#1915));
#407=EDGE_LOOP('',(#1916,#1917,#1918,#1919));
#408=EDGE_LOOP('',(#1920,#1921,#1922,#1923));
#409=EDGE_LOOP('',(#1924));
#410=EDGE_LOOP('',(#1925));
#411=EDGE_LOOP('',(#1926,#1927,#1928,#1929));
#412=EDGE_LOOP('',(#1930,#1931,#1932,#1933));
#413=EDGE_LOOP('',(#1934,#1935,#1936,#1937));
#414=EDGE_LOOP('',(#1938));
#415=EDGE_LOOP('',(#1939));
#416=EDGE_LOOP('',(#1940,#1941,#1942,#1943,#1944));
#417=EDGE_LOOP('',(#1945,#1946,#1947,#1948,#1949));
#418=LINE('',#3095,#572);
#419=LINE('',#3104,#573);
#420=LINE('',#3113,#574);
#421=LINE('',#3122,#575);
#422=LINE('',#3200,#576);
#423=LINE('',#3209,#577);
#424=LINE('',#3218,#578);
#425=LINE('',#3227,#579);
#426=LINE('',#3234,#580);
#427=LINE('',#3239,#581);
#428=LINE('',#3241,#582);
#429=LINE('',#3243,#583);
#430=LINE('',#3244,#584);
#431=LINE('',#3249,#585);
#432=LINE('',#3253,#586);
#433=LINE('',#3255,#587);
#434=LINE('',#3256,#588);
#435=LINE('',#3261,#589);
#436=LINE('',#3265,#590);
#437=LINE('',#3267,#591);
#438=LINE('',#3268,#592);
#439=LINE('',#3273,#593);
#440=LINE('',#3277,#594);
#441=LINE('',#3279,#595);
#442=LINE('',#3280,#596);
#443=LINE('',#3287,#597);
#444=LINE('',#3289,#598);
#445=LINE('',#3291,#599);
#446=LINE('',#3292,#600);
#447=LINE('',#3297,#601);
#448=LINE('',#3301,#602);
#449=LINE('',#3303,#603);
#450=LINE('',#3304,#604);
#451=LINE('',#3309,#605);
#452=LINE('',#3313,#606);
#453=LINE('',#3315,#607);
#454=LINE('',#3316,#608);
#455=LINE('',#3321,#609);
#456=LINE('',#3325,#610);
#457=LINE('',#3327,#611);
#458=LINE('',#3328,#612);
#459=LINE('',#3335,#613);
#460=LINE('',#3337,#614);
#461=LINE('',#3339,#615);
#462=LINE('',#3340,#616);
#463=LINE('',#3344,#617);
#464=LINE('',#3346,#618);
#465=LINE('',#3348,#619);
#466=LINE('',#3349,#620);
#467=LINE('',#3353,#621);
#468=LINE('',#3355,#622);
#469=LINE('',#3357,#623);
#470=LINE('',#3358,#624);
#471=LINE('',#3362,#625);
#472=LINE('',#3364,#626);
#473=LINE('',#3366,#627);
#474=LINE('',#3367,#628);
#475=LINE('',#3371,#629);
#476=LINE('',#3373,#630);
#477=LINE('',#3375,#631);
#478=LINE('',#3376,#632);
#479=LINE('',#3380,#633);
#480=LINE('',#3382,#634);
#481=LINE('',#3384,#635);
#482=LINE('',#3385,#636);
#483=LINE('',#3389,#637);
#484=LINE('',#3391,#638);
#485=LINE('',#3393,#639);
#486=LINE('',#3394,#640);
#487=LINE('',#3398,#641);
#488=LINE('',#3400,#642);
#489=LINE('',#3402,#643);
#490=LINE('',#3403,#644);
#491=LINE('',#3407,#645);
#492=LINE('',#3409,#646);
#493=LINE('',#3411,#647);
#494=LINE('',#3412,#648);
#495=LINE('',#3416,#649);
#496=LINE('',#3418,#650);
#497=LINE('',#3420,#651);
#498=LINE('',#3421,#652);
#499=LINE('',#3425,#653);
#500=LINE('',#3427,#654);
#501=LINE('',#3429,#655);
#502=LINE('',#3430,#656);
#503=LINE('',#3434,#657);
#504=LINE('',#3436,#658);
#505=LINE('',#3438,#659);
#506=LINE('',#3439,#660);
#507=LINE('',#3460,#661);
#508=LINE('',#3462,#662);
#509=LINE('',#3476,#663);
#510=LINE('',#3478,#664);
#511=LINE('',#3479,#665);
#512=LINE('',#3481,#666);
#513=LINE('',#3482,#667);
#514=LINE('',#3484,#668);
#515=LINE('',#3485,#669);
#516=LINE('',#3487,#670);
#517=LINE('',#3488,#671);
#518=LINE('',#3490,#672);
#519=LINE('',#3491,#673);
#520=LINE('',#3493,#674);
#521=LINE('',#3494,#675);
#522=LINE('',#3496,#676);
#523=LINE('',#3497,#677);
#524=LINE('',#3520,#678);
#525=LINE('',#3522,#679);
#526=LINE('',#3524,#680);
#527=LINE('',#3526,#681);
#528=LINE('',#3530,#682);
#529=LINE('',#3532,#683);
#530=LINE('',#3539,#684);
#531=LINE('',#3542,#685);
#532=LINE('',#3550,#686);
#533=LINE('',#3552,#687);
#534=LINE('',#3559,#688);
#535=LINE('',#3562,#689);
#536=LINE('',#3570,#690);
#537=LINE('',#3572,#691);
#538=LINE('',#3579,#692);
#539=LINE('',#3582,#693);
#540=LINE('',#3590,#694);
#541=LINE('',#3592,#695);
#542=LINE('',#3599,#696);
#543=LINE('',#3602,#697);
#544=LINE('',#3619,#698);
#545=LINE('',#3621,#699);
#546=LINE('',#3623,#700);
#547=LINE('',#3625,#701);
#548=LINE('',#3627,#702);
#549=LINE('',#3629,#703);
#550=LINE('',#3631,#704);
#551=LINE('',#3633,#705);
#552=LINE('',#3635,#706);
#553=LINE('',#3637,#707);
#554=LINE('',#3639,#708);
#555=LINE('',#3641,#709);
#556=LINE('',#3643,#710);
#557=LINE('',#3648,#711);
#558=LINE('',#3654,#712);
#559=LINE('',#3659,#713);
#560=LINE('',#3661,#714);
#561=LINE('',#3663,#715);
#562=LINE('',#3664,#716);
#563=LINE('',#3668,#717);
#564=LINE('',#3670,#718);
#565=LINE('',#3672,#719);
#566=LINE('',#3673,#720);
#567=LINE('',#3679,#721);
#568=LINE('',#3681,#722);
#569=LINE('',#3682,#723);
#570=LINE('',#3684,#724);
#571=LINE('',#3685,#725);
#572=VECTOR('',#2407,2.5);
#573=VECTOR('',#2418,2.5);
#574=VECTOR('',#2429,2.5);
#575=VECTOR('',#2440,2.5);
#576=VECTOR('',#2545,2.5);
#577=VECTOR('',#2556,2.5);
#578=VECTOR('',#2567,2.5);
#579=VECTOR('',#2578,2.5);
#580=VECTOR('',#2587,25.);
#581=VECTOR('',#2592,10.);
#582=VECTOR('',#2593,10.);
#583=VECTOR('',#2594,10.);
#584=VECTOR('',#2595,10.);
#585=VECTOR('',#2600,10.);
#586=VECTOR('',#2605,10.);
#587=VECTOR('',#2606,10.);
#588=VECTOR('',#2607,10.);
#589=VECTOR('',#2612,10.);
#590=VECTOR('',#2617,10.);
#591=VECTOR('',#2618,10.);
#592=VECTOR('',#2619,10.);
#593=VECTOR('',#2624,10.);
#594=VECTOR('',#2629,10.);
#595=VECTOR('',#2630,10.);
#596=VECTOR('',#2631,10.);
#597=VECTOR('',#2640,10.);
#598=VECTOR('',#2641,10.);
#599=VECTOR('',#2642,10.);
#600=VECTOR('',#2643,10.);
#601=VECTOR('',#2648,10.);
#602=VECTOR('',#2653,10.);
#603=VECTOR('',#2654,10.);
#604=VECTOR('',#2655,10.);
#605=VECTOR('',#2660,10.);
#606=VECTOR('',#2665,10.);
#607=VECTOR('',#2666,10.);
#608=VECTOR('',#2667,10.);
#609=VECTOR('',#2672,10.);
#610=VECTOR('',#2677,10.);
#611=VECTOR('',#2678,10.);
#612=VECTOR('',#2679,10.);
#613=VECTOR('',#2688,10.);
#614=VECTOR('',#2689,10.);
#615=VECTOR('',#2690,10.);
#616=VECTOR('',#2691,10.);
#617=VECTOR('',#2694,10.);
#618=VECTOR('',#2695,10.);
#619=VECTOR('',#2696,10.);
#620=VECTOR('',#2697,10.);
#621=VECTOR('',#2700,10.);
#622=VECTOR('',#2701,10.);
#623=VECTOR('',#2702,10.);
#624=VECTOR('',#2703,10.);
#625=VECTOR('',#2706,10.);
#626=VECTOR('',#2707,10.);
#627=VECTOR('',#2708,10.);
#628=VECTOR('',#2709,10.);
#629=VECTOR('',#2712,10.);
#630=VECTOR('',#2713,10.);
#631=VECTOR('',#2714,10.);
#632=VECTOR('',#2715,10.);
#633=VECTOR('',#2718,10.);
#634=VECTOR('',#2719,10.);
#635=VECTOR('',#2720,10.);
#636=VECTOR('',#2721,10.);
#637=VECTOR('',#2724,10.);
#638=VECTOR('',#2725,10.);
#639=VECTOR('',#2726,10.);
#640=VECTOR('',#2727,10.);
#641=VECTOR('',#2730,10.);
#642=VECTOR('',#2731,10.);
#643=VECTOR('',#2732,10.);
#644=VECTOR('',#2733,10.);
#645=VECTOR('',#2736,10.);
#646=VECTOR('',#2737,10.);
#647=VECTOR('',#2738,10.);
#648=VECTOR('',#2739,10.);
#649=VECTOR('',#2742,10.);
#650=VECTOR('',#2743,10.);
#651=VECTOR('',#2744,10.);
#652=VECTOR('',#2745,10.);
#653=VECTOR('',#2748,10.);
#654=VECTOR('',#2749,10.);
#655=VECTOR('',#2750,10.);
#656=VECTOR('',#2751,10.);
#657=VECTOR('',#2754,10.);
#658=VECTOR('',#2755,10.);
#659=VECTOR('',#2756,10.);
#660=VECTOR('',#2757,10.);
#661=VECTOR('',#2796,10.);
#662=VECTOR('',#2797,35.);
#663=VECTOR('',#2824,10.);
#664=VECTOR('',#2825,10.);
#665=VECTOR('',#2826,10.);
#666=VECTOR('',#2827,10.);
#667=VECTOR('',#2828,10.);
#668=VECTOR('',#2829,10.);
#669=VECTOR('',#2830,10.);
#670=VECTOR('',#2831,10.);
#671=VECTOR('',#2832,10.);
#672=VECTOR('',#2833,10.);
#673=VECTOR('',#2834,10.);
#674=VECTOR('',#2835,10.);
#675=VECTOR('',#2836,10.);
#676=VECTOR('',#2837,10.);
#677=VECTOR('',#2838,10.);
#678=VECTOR('',#2867,0.5);
#679=VECTOR('',#2870,0.5);
#680=VECTOR('',#2873,0.5);
#681=VECTOR('',#2876,0.499999999999999);
#682=VECTOR('',#2881,10.);
#683=VECTOR('',#2884,10.);
#684=VECTOR('',#2893,10.);
#685=VECTOR('',#2898,10.);
#686=VECTOR('',#2909,10.);
#687=VECTOR('',#2912,10.);
#688=VECTOR('',#2921,10.);
#689=VECTOR('',#2926,10.);
#690=VECTOR('',#2937,10.);
#691=VECTOR('',#2940,10.);
#692=VECTOR('',#2949,10.);
#693=VECTOR('',#2954,10.);
#694=VECTOR('',#2965,10.);
#695=VECTOR('',#2968,10.);
#696=VECTOR('',#2977,10.);
#697=VECTOR('',#2982,10.);
#698=VECTOR('',#3005,1.6);
#699=VECTOR('',#3008,1.6);
#700=VECTOR('',#3011,1.6);
#701=VECTOR('',#3014,29.);
#702=VECTOR('',#3017,1.6);
#703=VECTOR('',#3020,1.6);
#704=VECTOR('',#3023,1.6);
#705=VECTOR('',#3026,1.6);
#706=VECTOR('',#3029,1.6);
#707=VECTOR('',#3032,1.6);
#708=VECTOR('',#3035,1.6);
#709=VECTOR('',#3038,1.6);
#710=VECTOR('',#3041,1.6);
#711=VECTOR('',#3046,1.4);
#712=VECTOR('',#3053,1.4);
#713=VECTOR('',#3058,10.);
#714=VECTOR('',#3059,10.);
#715=VECTOR('',#3060,10.);
#716=VECTOR('',#3061,10.);
#717=VECTOR('',#3064,10.);
#718=VECTOR('',#3065,10.);
#719=VECTOR('',#3066,10.);
#720=VECTOR('',#3067,10.);
#721=VECTOR('',#3076,10.);
#722=VECTOR('',#3077,10.);
#723=VECTOR('',#3078,10.);
#724=VECTOR('',#3081,10.);
#725=VECTOR('',#3082,10.);
#726=CIRCLE('',#2134,2.5);
#727=CIRCLE('',#2135,2.5);
#728=CIRCLE('',#2137,0.5);
#729=CIRCLE('',#2139,2.5);
#730=CIRCLE('',#2140,2.5);
#731=CIRCLE('',#2142,0.5);
#732=CIRCLE('',#2144,2.5);
#733=CIRCLE('',#2145,2.5);
#734=CIRCLE('',#2147,0.5);
#735=CIRCLE('',#2149,2.5);
#736=CIRCLE('',#2150,2.5);
#737=CIRCLE('',#2152,0.499999999999999);
#738=CIRCLE('',#2154,3.);
#739=CIRCLE('',#2155,29.);
#740=CIRCLE('',#2156,3.);
#741=CIRCLE('',#2157,35.);
#742=CIRCLE('',#2159,3.);
#743=CIRCLE('',#2160,35.);
#744=CIRCLE('',#2161,3.);
#745=CIRCLE('',#2162,29.);
#746=CIRCLE('',#2163,1.6);
#747=CIRCLE('',#2165,3.);
#748=CIRCLE('',#2166,35.);
#749=CIRCLE('',#2167,3.);
#750=CIRCLE('',#2168,29.);
#751=CIRCLE('',#2170,3.);
#752=CIRCLE('',#2171,29.);
#753=CIRCLE('',#2172,3.);
#754=CIRCLE('',#2173,35.);
#755=CIRCLE('',#2174,1.6);
#756=CIRCLE('',#2176,3.);
#757=CIRCLE('',#2177,29.);
#758=CIRCLE('',#2178,3.);
#759=CIRCLE('',#2179,35.);
#760=CIRCLE('',#2181,3.);
#761=CIRCLE('',#2182,35.);
#762=CIRCLE('',#2183,3.);
#763=CIRCLE('',#2184,29.);
#764=CIRCLE('',#2185,1.6);
#765=CIRCLE('',#2187,3.);
#766=CIRCLE('',#2188,35.);
#767=CIRCLE('',#2189,3.);
#768=CIRCLE('',#2190,29.);
#769=CIRCLE('',#2192,3.);
#770=CIRCLE('',#2193,29.);
#771=CIRCLE('',#2194,3.);
#772=CIRCLE('',#2195,35.);
#773=CIRCLE('',#2196,1.6);
#774=CIRCLE('',#2198,29.);
#775=CIRCLE('',#2199,25.);
#776=CIRCLE('',#2201,2.5);
#777=CIRCLE('',#2202,2.5);
#778=CIRCLE('',#2204,0.5);
#779=CIRCLE('',#2206,2.5);
#780=CIRCLE('',#2207,2.5);
#781=CIRCLE('',#2209,0.499999999999999);
#782=CIRCLE('',#2211,2.5);
#783=CIRCLE('',#2212,2.5);
#784=CIRCLE('',#2214,0.5);
#785=CIRCLE('',#2216,2.5);
#786=CIRCLE('',#2217,2.5);
#787=CIRCLE('',#2219,0.5);
#788=CIRCLE('',#2221,25.);
#789=CIRCLE('',#2224,2.);
#790=CIRCLE('',#2225,2.);
#791=CIRCLE('',#2228,2.);
#792=CIRCLE('',#2229,2.);
#793=CIRCLE('',#2232,2.);
#794=CIRCLE('',#2233,2.);
#795=CIRCLE('',#2236,2.);
#796=CIRCLE('',#2237,2.);
#797=CIRCLE('',#2240,2.);
#798=CIRCLE('',#2241,2.);
#799=CIRCLE('',#2244,2.);
#800=CIRCLE('',#2245,2.);
#801=CIRCLE('',#2248,2.);
#802=CIRCLE('',#2249,2.);
#803=CIRCLE('',#2252,2.);
#804=CIRCLE('',#2253,2.);
#805=CIRCLE('',#2267,29.);
#806=CIRCLE('',#2268,29.);
#807=CIRCLE('',#2270,29.);
#808=CIRCLE('',#2271,29.);
#809=CIRCLE('',#2273,29.);
#810=CIRCLE('',#2274,29.);
#811=CIRCLE('',#2276,29.);
#812=CIRCLE('',#2277,29.);
#813=CIRCLE('',#2279,29.);
#814=CIRCLE('',#2280,29.);
#815=CIRCLE('',#2282,29.);
#816=CIRCLE('',#2283,29.);
#817=CIRCLE('',#2285,35.);
#818=CIRCLE('',#2286,35.);
#819=CIRCLE('',#2287,35.);
#820=CIRCLE('',#2288,35.);
#821=CIRCLE('',#2289,35.);
#822=CIRCLE('',#2290,35.);
#823=CIRCLE('',#2291,35.);
#824=CIRCLE('',#2292,35.);
#825=CIRCLE('',#2293,35.);
#826=CIRCLE('',#2294,35.);
#827=CIRCLE('',#2295,35.);
#828=CIRCLE('',#2296,35.);
#829=CIRCLE('',#2297,35.);
#830=CIRCLE('',#2299,1.6);
#831=CIRCLE('',#2301,1.6);
#832=CIRCLE('',#2303,1.6);
#833=CIRCLE('',#2304,1.6);
#834=CIRCLE('',#2306,1.6);
#835=CIRCLE('',#2307,1.6);
#836=CIRCLE('',#2309,1.6);
#837=CIRCLE('',#2310,1.6);
#838=CIRCLE('',#2316,3.);
#839=CIRCLE('',#2318,3.);
#840=CIRCLE('',#2320,1.6);
#841=CIRCLE('',#2322,3.);
#842=CIRCLE('',#2324,3.);
#843=CIRCLE('',#2326,1.6);
#844=CIRCLE('',#2328,3.);
#845=CIRCLE('',#2330,3.);
#846=CIRCLE('',#2332,1.6);
#847=CIRCLE('',#2334,3.);
#848=CIRCLE('',#2336,3.);
#849=CIRCLE('',#2338,1.6);
#850=CIRCLE('',#2340,3.);
#851=CIRCLE('',#2342,3.);
#852=CIRCLE('',#2344,1.6);
#853=CIRCLE('',#2346,3.);
#854=CIRCLE('',#2348,3.);
#855=CIRCLE('',#2350,1.6);
#856=CIRCLE('',#2352,3.);
#857=CIRCLE('',#2354,3.);
#858=CIRCLE('',#2356,1.6);
#859=CIRCLE('',#2358,3.);
#860=CIRCLE('',#2360,3.);
#861=CIRCLE('',#2362,1.6);
#862=CIRCLE('',#2364,1.6);
#863=CIRCLE('',#2365,1.6);
#864=CIRCLE('',#2368,1.6);
#865=CIRCLE('',#2369,1.6);
#866=CIRCLE('',#2384,1.4);
#867=CIRCLE('',#2385,1.4);
#868=CIRCLE('',#2387,1.4);
#869=CIRCLE('',#2388,1.4);
#870=CIRCLE('',#2392,35.0000005215406);
#871=CIRCLE('',#2393,35.0000005215406);
#872=VERTEX_POINT('',#3092);
#873=VERTEX_POINT('',#3094);
#874=VERTEX_POINT('',#3098);
#875=VERTEX_POINT('',#3101);
#876=VERTEX_POINT('',#3103);
#877=VERTEX_POINT('',#3107);
#878=VERTEX_POINT('',#3110);
#879=VERTEX_POINT('',#3112);
#880=VERTEX_POINT('',#3116);
#881=VERTEX_POINT('',#3119);
#882=VERTEX_POINT('',#3121);
#883=VERTEX_POINT('',#3125);
#884=VERTEX_POINT('',#3128);
#885=VERTEX_POINT('',#3129);
#886=VERTEX_POINT('',#3131);
#887=VERTEX_POINT('',#3133);
#888=VERTEX_POINT('',#3137);
#889=VERTEX_POINT('',#3138);
#890=VERTEX_POINT('',#3143);
#891=VERTEX_POINT('',#3146);
#892=VERTEX_POINT('',#3147);
#893=VERTEX_POINT('',#3154);
#894=VERTEX_POINT('',#3156);
#895=VERTEX_POINT('',#3159);
#896=VERTEX_POINT('',#3163);
#897=VERTEX_POINT('',#3165);
#898=VERTEX_POINT('',#3169);
#899=VERTEX_POINT('',#3170);
#900=VERTEX_POINT('',#3175);
#901=VERTEX_POINT('',#3178);
#902=VERTEX_POINT('',#3179);
#903=VERTEX_POINT('',#3189);
#904=VERTEX_POINT('',#3192);
#905=VERTEX_POINT('',#3194);
#906=VERTEX_POINT('',#3197);
#907=VERTEX_POINT('',#3199);
#908=VERTEX_POINT('',#3203);
#909=VERTEX_POINT('',#3206);
#910=VERTEX_POINT('',#3208);
#911=VERTEX_POINT('',#3212);
#912=VERTEX_POINT('',#3215);
#913=VERTEX_POINT('',#3217);
#914=VERTEX_POINT('',#3221);
#915=VERTEX_POINT('',#3224);
#916=VERTEX_POINT('',#3226);
#917=VERTEX_POINT('',#3230);
#918=VERTEX_POINT('',#3233);
#919=VERTEX_POINT('',#3237);
#920=VERTEX_POINT('',#3238);
#921=VERTEX_POINT('',#3240);
#922=VERTEX_POINT('',#3242);
#923=VERTEX_POINT('',#3246);
#924=VERTEX_POINT('',#3248);
#925=VERTEX_POINT('',#3252);
#926=VERTEX_POINT('',#3254);
#927=VERTEX_POINT('',#3258);
#928=VERTEX_POINT('',#3260);
#929=VERTEX_POINT('',#3264);
#930=VERTEX_POINT('',#3266);
#931=VERTEX_POINT('',#3270);
#932=VERTEX_POINT('',#3272);
#933=VERTEX_POINT('',#3276);
#934=VERTEX_POINT('',#3278);
#935=VERTEX_POINT('',#3285);
#936=VERTEX_POINT('',#3286);
#937=VERTEX_POINT('',#3288);
#938=VERTEX_POINT('',#3290);
#939=VERTEX_POINT('',#3294);
#940=VERTEX_POINT('',#3296);
#941=VERTEX_POINT('',#3300);
#942=VERTEX_POINT('',#3302);
#943=VERTEX_POINT('',#3306);
#944=VERTEX_POINT('',#3308);
#945=VERTEX_POINT('',#3312);
#946=VERTEX_POINT('',#3314);
#947=VERTEX_POINT('',#3318);
#948=VERTEX_POINT('',#3320);
#949=VERTEX_POINT('',#3324);
#950=VERTEX_POINT('',#3326);
#951=VERTEX_POINT('',#3333);
#952=VERTEX_POINT('',#3334);
#953=VERTEX_POINT('',#3336);
#954=VERTEX_POINT('',#3338);
#955=VERTEX_POINT('',#3342);
#956=VERTEX_POINT('',#3343);
#957=VERTEX_POINT('',#3345);
#958=VERTEX_POINT('',#3347);
#959=VERTEX_POINT('',#3351);
#960=VERTEX_POINT('',#3352);
#961=VERTEX_POINT('',#3354);
#962=VERTEX_POINT('',#3356);
#963=VERTEX_POINT('',#3360);
#964=VERTEX_POINT('',#3361);
#965=VERTEX_POINT('',#3363);
#966=VERTEX_POINT('',#3365);
#967=VERTEX_POINT('',#3369);
#968=VERTEX_POINT('',#3370);
#969=VERTEX_POINT('',#3372);
#970=VERTEX_POINT('',#3374);
#971=VERTEX_POINT('',#3378);
#972=VERTEX_POINT('',#3379);
#973=VERTEX_POINT('',#3381);
#974=VERTEX_POINT('',#3383);
#975=VERTEX_POINT('',#3387);
#976=VERTEX_POINT('',#3388);
#977=VERTEX_POINT('',#3390);
#978=VERTEX_POINT('',#3392);
#979=VERTEX_POINT('',#3396);
#980=VERTEX_POINT('',#3397);
#981=VERTEX_POINT('',#3399);
#982=VERTEX_POINT('',#3401);
#983=VERTEX_POINT('',#3405);
#984=VERTEX_POINT('',#3406);
#985=VERTEX_POINT('',#3408);
#986=VERTEX_POINT('',#3410);
#987=VERTEX_POINT('',#3414);
#988=VERTEX_POINT('',#3415);
#989=VERTEX_POINT('',#3417);
#990=VERTEX_POINT('',#3419);
#991=VERTEX_POINT('',#3423);
#992=VERTEX_POINT('',#3424);
#993=VERTEX_POINT('',#3426);
#994=VERTEX_POINT('',#3428);
#995=VERTEX_POINT('',#3432);
#996=VERTEX_POINT('',#3433);
#997=VERTEX_POINT('',#3435);
#998=VERTEX_POINT('',#3437);
#999=VERTEX_POINT('',#3459);
#1000=VERTEX_POINT('',#3461);
#1001=VERTEX_POINT('',#3477);
#1002=VERTEX_POINT('',#3480);
#1003=VERTEX_POINT('',#3483);
#1004=VERTEX_POINT('',#3486);
#1005=VERTEX_POINT('',#3489);
#1006=VERTEX_POINT('',#3492);
#1007=VERTEX_POINT('',#3495);
#1008=VERTEX_POINT('',#3499);
#1009=VERTEX_POINT('',#3502);
#1010=VERTEX_POINT('',#3505);
#1011=VERTEX_POINT('',#3507);
#1012=VERTEX_POINT('',#3510);
#1013=VERTEX_POINT('',#3512);
#1014=VERTEX_POINT('',#3515);
#1015=VERTEX_POINT('',#3517);
#1016=VERTEX_POINT('',#3528);
#1017=VERTEX_POINT('',#3535);
#1018=VERTEX_POINT('',#3538);
#1019=VERTEX_POINT('',#3545);
#1020=VERTEX_POINT('',#3548);
#1021=VERTEX_POINT('',#3555);
#1022=VERTEX_POINT('',#3558);
#1023=VERTEX_POINT('',#3565);
#1024=VERTEX_POINT('',#3568);
#1025=VERTEX_POINT('',#3575);
#1026=VERTEX_POINT('',#3578);
#1027=VERTEX_POINT('',#3585);
#1028=VERTEX_POINT('',#3588);
#1029=VERTEX_POINT('',#3595);
#1030=VERTEX_POINT('',#3598);
#1031=VERTEX_POINT('',#3605);
#1032=VERTEX_POINT('',#3608);
#1033=VERTEX_POINT('',#3610);
#1034=VERTEX_POINT('',#3614);
#1035=VERTEX_POINT('',#3616);
#1036=VERTEX_POINT('',#3645);
#1037=VERTEX_POINT('',#3647);
#1038=VERTEX_POINT('',#3651);
#1039=VERTEX_POINT('',#3653);
#1040=VERTEX_POINT('',#3657);
#1041=VERTEX_POINT('',#3658);
#1042=VERTEX_POINT('',#3660);
#1043=VERTEX_POINT('',#3662);
#1044=VERTEX_POINT('',#3666);
#1045=VERTEX_POINT('',#3667);
#1046=VERTEX_POINT('',#3669);
#1047=VERTEX_POINT('',#3671);
#1048=VERTEX_POINT('',#3678);
#1049=VERTEX_POINT('',#3680);
#1050=EDGE_CURVE('',#872,#872,#726,.T.);
#1051=EDGE_CURVE('',#872,#873,#418,.T.);
#1052=EDGE_CURVE('',#873,#873,#727,.T.);
#1053=EDGE_CURVE('',#874,#874,#728,.T.);
#1054=EDGE_CURVE('',#875,#875,#729,.T.);
#1055=EDGE_CURVE('',#875,#876,#419,.T.);
#1056=EDGE_CURVE('',#876,#876,#730,.T.);
#1057=EDGE_CURVE('',#877,#877,#731,.T.);
#1058=EDGE_CURVE('',#878,#878,#732,.T.);
#1059=EDGE_CURVE('',#878,#879,#420,.T.);
#1060=EDGE_CURVE('',#879,#879,#733,.T.);
#1061=EDGE_CURVE('',#880,#880,#734,.T.);
#1062=EDGE_CURVE('',#881,#881,#735,.T.);
#1063=EDGE_CURVE('',#881,#882,#421,.T.);
#1064=EDGE_CURVE('',#882,#882,#736,.T.);
#1065=EDGE_CURVE('',#883,#883,#737,.T.);
#1066=EDGE_CURVE('',#884,#885,#738,.T.);
#1067=EDGE_CURVE('',#885,#886,#739,.T.);
#1068=EDGE_CURVE('',#886,#887,#740,.T.);
#1069=EDGE_CURVE('',#887,#884,#741,.T.);
#1070=EDGE_CURVE('',#888,#889,#742,.T.);
#1071=EDGE_CURVE('',#889,#887,#743,.T.);
#1072=EDGE_CURVE('',#887,#886,#744,.T.);
#1073=EDGE_CURVE('',#886,#888,#745,.T.);
#1074=EDGE_CURVE('',#890,#890,#746,.T.);
#1075=EDGE_CURVE('',#891,#892,#747,.T.);
#1076=EDGE_CURVE('',#892,#889,#748,.T.);
#1077=EDGE_CURVE('',#889,#888,#749,.T.);
#1078=EDGE_CURVE('',#888,#891,#750,.T.);
#1079=EDGE_CURVE('',#892,#891,#751,.T.);
#1080=EDGE_CURVE('',#891,#893,#752,.T.);
#1081=EDGE_CURVE('',#893,#894,#753,.T.);
#1082=EDGE_CURVE('',#894,#892,#754,.T.);
#1083=EDGE_CURVE('',#895,#895,#755,.T.);
#1084=EDGE_CURVE('',#894,#893,#756,.T.);
#1085=EDGE_CURVE('',#893,#896,#757,.T.);
#1086=EDGE_CURVE('',#896,#897,#758,.T.);
#1087=EDGE_CURVE('',#897,#894,#759,.T.);
#1088=EDGE_CURVE('',#898,#899,#760,.T.);
#1089=EDGE_CURVE('',#899,#897,#761,.T.);
#1090=EDGE_CURVE('',#897,#896,#762,.T.);
#1091=EDGE_CURVE('',#896,#898,#763,.T.);
#1092=EDGE_CURVE('',#900,#900,#764,.T.);
#1093=EDGE_CURVE('',#901,#902,#765,.T.);
#1094=EDGE_CURVE('',#902,#899,#766,.T.);
#1095=EDGE_CURVE('',#899,#898,#767,.T.);
#1096=EDGE_CURVE('',#898,#901,#768,.T.);
#1097=EDGE_CURVE('',#902,#901,#769,.T.);
#1098=EDGE_CURVE('',#901,#885,#770,.T.);
#1099=EDGE_CURVE('',#885,#884,#771,.T.);
#1100=EDGE_CURVE('',#884,#902,#772,.T.);
#1101=EDGE_CURVE('',#903,#903,#773,.T.);
#1102=EDGE_CURVE('',#904,#904,#774,.T.);
#1103=EDGE_CURVE('',#905,#905,#775,.T.);
#1104=EDGE_CURVE('',#906,#906,#776,.T.);
#1105=EDGE_CURVE('',#906,#907,#422,.T.);
#1106=EDGE_CURVE('',#907,#907,#777,.T.);
#1107=EDGE_CURVE('',#908,#908,#778,.T.);
#1108=EDGE_CURVE('',#909,#909,#779,.T.);
#1109=EDGE_CURVE('',#909,#910,#423,.T.);
#1110=EDGE_CURVE('',#910,#910,#780,.T.);
#1111=EDGE_CURVE('',#911,#911,#781,.T.);
#1112=EDGE_CURVE('',#912,#912,#782,.T.);
#1113=EDGE_CURVE('',#912,#913,#424,.T.);
#1114=EDGE_CURVE('',#913,#913,#783,.T.);
#1115=EDGE_CURVE('',#914,#914,#784,.T.);
#1116=EDGE_CURVE('',#915,#915,#785,.T.);
#1117=EDGE_CURVE('',#915,#916,#425,.T.);
#1118=EDGE_CURVE('',#916,#916,#786,.T.);
#1119=EDGE_CURVE('',#917,#917,#787,.T.);
#1120=EDGE_CURVE('',#905,#918,#426,.T.);
#1121=EDGE_CURVE('',#918,#918,#788,.T.);
#1122=EDGE_CURVE('',#919,#920,#427,.T.);
#1123=EDGE_CURVE('',#919,#921,#428,.T.);
#1124=EDGE_CURVE('',#922,#921,#429,.T.);
#1125=EDGE_CURVE('',#920,#922,#430,.T.);
#1126=EDGE_CURVE('',#923,#919,#789,.T.);
#1127=EDGE_CURVE('',#923,#924,#431,.T.);
#1128=EDGE_CURVE('',#921,#924,#790,.T.);
#1129=EDGE_CURVE('',#925,#923,#432,.T.);
#1130=EDGE_CURVE('',#925,#926,#433,.T.);
#1131=EDGE_CURVE('',#924,#926,#434,.T.);
#1132=EDGE_CURVE('',#927,#925,#791,.T.);
#1133=EDGE_CURVE('',#927,#928,#435,.T.);
#1134=EDGE_CURVE('',#926,#928,#792,.T.);
#1135=EDGE_CURVE('',#929,#927,#436,.T.);
#1136=EDGE_CURVE('',#929,#930,#437,.T.);
#1137=EDGE_CURVE('',#928,#930,#438,.T.);
#1138=EDGE_CURVE('',#931,#929,#793,.T.);
#1139=EDGE_CURVE('',#931,#932,#439,.T.);
#1140=EDGE_CURVE('',#930,#932,#794,.T.);
#1141=EDGE_CURVE('',#933,#931,#440,.T.);
#1142=EDGE_CURVE('',#933,#934,#441,.T.);
#1143=EDGE_CURVE('',#932,#934,#442,.T.);
#1144=EDGE_CURVE('',#920,#933,#795,.T.);
#1145=EDGE_CURVE('',#934,#922,#796,.T.);
#1146=EDGE_CURVE('',#935,#936,#443,.T.);
#1147=EDGE_CURVE('',#935,#937,#444,.T.);
#1148=EDGE_CURVE('',#938,#937,#445,.T.);
#1149=EDGE_CURVE('',#936,#938,#446,.T.);
#1150=EDGE_CURVE('',#939,#935,#797,.T.);
#1151=EDGE_CURVE('',#939,#940,#447,.T.);
#1152=EDGE_CURVE('',#937,#940,#798,.T.);
#1153=EDGE_CURVE('',#941,#939,#448,.T.);
#1154=EDGE_CURVE('',#941,#942,#449,.T.);
#1155=EDGE_CURVE('',#940,#942,#450,.T.);
#1156=EDGE_CURVE('',#943,#941,#799,.T.);
#1157=EDGE_CURVE('',#943,#944,#451,.T.);
#1158=EDGE_CURVE('',#942,#944,#800,.T.);
#1159=EDGE_CURVE('',#945,#943,#452,.T.);
#1160=EDGE_CURVE('',#945,#946,#453,.T.);
#1161=EDGE_CURVE('',#944,#946,#454,.T.);
#1162=EDGE_CURVE('',#947,#945,#801,.T.);
#1163=EDGE_CURVE('',#947,#948,#455,.T.);
#1164=EDGE_CURVE('',#946,#948,#802,.T.);
#1165=EDGE_CURVE('',#949,#947,#456,.T.);
#1166=EDGE_CURVE('',#949,#950,#457,.T.);
#1167=EDGE_CURVE('',#948,#950,#458,.T.);
#1168=EDGE_CURVE('',#936,#949,#803,.T.);
#1169=EDGE_CURVE('',#950,#938,#804,.T.);
#1170=EDGE_CURVE('',#951,#952,#459,.T.);
#1171=EDGE_CURVE('',#953,#951,#460,.T.);
#1172=EDGE_CURVE('',#953,#954,#461,.T.);
#1173=EDGE_CURVE('',#952,#954,#462,.T.);
#1174=EDGE_CURVE('',#955,#956,#463,.T.);
#1175=EDGE_CURVE('',#957,#955,#464,.T.);
#1176=EDGE_CURVE('',#957,#958,#465,.T.);
#1177=EDGE_CURVE('',#956,#958,#466,.T.);
#1178=EDGE_CURVE('',#959,#960,#467,.T.);
#1179=EDGE_CURVE('',#961,#959,#468,.T.);
#1180=EDGE_CURVE('',#961,#962,#469,.T.);
#1181=EDGE_CURVE('',#960,#962,#470,.T.);
#1182=EDGE_CURVE('',#963,#964,#471,.T.);
#1183=EDGE_CURVE('',#965,#963,#472,.T.);
#1184=EDGE_CURVE('',#965,#966,#473,.T.);
#1185=EDGE_CURVE('',#964,#966,#474,.T.);
#1186=EDGE_CURVE('',#967,#968,#475,.T.);
#1187=EDGE_CURVE('',#969,#967,#476,.T.);
#1188=EDGE_CURVE('',#969,#970,#477,.T.);
#1189=EDGE_CURVE('',#968,#970,#478,.T.);
#1190=EDGE_CURVE('',#971,#972,#479,.T.);
#1191=EDGE_CURVE('',#973,#971,#480,.T.);
#1192=EDGE_CURVE('',#973,#974,#481,.T.);
#1193=EDGE_CURVE('',#972,#974,#482,.T.);
#1194=EDGE_CURVE('',#975,#976,#483,.T.);
#1195=EDGE_CURVE('',#977,#975,#484,.T.);
#1196=EDGE_CURVE('',#977,#978,#485,.T.);
#1197=EDGE_CURVE('',#976,#978,#486,.T.);
#1198=EDGE_CURVE('',#979,#980,#487,.T.);
#1199=EDGE_CURVE('',#981,#979,#488,.T.);
#1200=EDGE_CURVE('',#981,#982,#489,.T.);
#1201=EDGE_CURVE('',#980,#982,#490,.T.);
#1202=EDGE_CURVE('',#983,#984,#491,.T.);
#1203=EDGE_CURVE('',#985,#983,#492,.T.);
#1204=EDGE_CURVE('',#985,#986,#493,.T.);
#1205=EDGE_CURVE('',#984,#986,#494,.T.);
#1206=EDGE_CURVE('',#987,#988,#495,.T.);
#1207=EDGE_CURVE('',#989,#987,#496,.T.);
#1208=EDGE_CURVE('',#989,#990,#497,.T.);
#1209=EDGE_CURVE('',#988,#990,#498,.T.);
#1210=EDGE_CURVE('',#991,#992,#499,.T.);
#1211=EDGE_CURVE('',#993,#991,#500,.T.);
#1212=EDGE_CURVE('',#993,#994,#501,.T.);
#1213=EDGE_CURVE('',#992,#994,#502,.T.);
#1214=EDGE_CURVE('',#995,#996,#503,.T.);
#1215=EDGE_CURVE('',#997,#995,#504,.T.);
#1216=EDGE_CURVE('',#997,#998,#505,.T.);
#1217=EDGE_CURVE('',#996,#998,#506,.T.);
#1218=EDGE_CURVE('',#978,#989,#805,.T.);
#1219=EDGE_CURVE('',#976,#987,#806,.T.);
#1220=EDGE_CURVE('',#970,#997,#807,.T.);
#1221=EDGE_CURVE('',#968,#995,#808,.T.);
#1222=EDGE_CURVE('',#966,#973,#809,.T.);
#1223=EDGE_CURVE('',#964,#971,#810,.T.);
#1224=EDGE_CURVE('',#984,#959,#811,.T.);
#1225=EDGE_CURVE('',#986,#961,#812,.T.);
#1226=EDGE_CURVE('',#954,#981,#813,.T.);
#1227=EDGE_CURVE('',#952,#979,#814,.T.);
#1228=EDGE_CURVE('',#992,#955,#815,.T.);
#1229=EDGE_CURVE('',#994,#957,#816,.T.);
#1230=EDGE_CURVE('',#884,#999,#507,.T.);
#1231=EDGE_CURVE('',#999,#1000,#508,.T.);
#1232=EDGE_CURVE('',#960,#1000,#817,.T.);
#1233=EDGE_CURVE('',#962,#965,#818,.T.);
#1234=EDGE_CURVE('',#972,#963,#819,.T.);
#1235=EDGE_CURVE('',#974,#969,#820,.T.);
#1236=EDGE_CURVE('',#996,#967,#821,.T.);
#1237=EDGE_CURVE('',#998,#993,#822,.T.);
#1238=EDGE_CURVE('',#956,#991,#823,.T.);
#1239=EDGE_CURVE('',#958,#953,#824,.T.);
#1240=EDGE_CURVE('',#980,#951,#825,.T.);
#1241=EDGE_CURVE('',#982,#977,#826,.T.);
#1242=EDGE_CURVE('',#988,#975,#827,.T.);
#1243=EDGE_CURVE('',#990,#985,#828,.T.);
#1244=EDGE_CURVE('',#1000,#983,#829,.T.);
#1245=EDGE_CURVE('',#884,#999,#509,.T.);
#1246=EDGE_CURVE('',#887,#1001,#510,.T.);
#1247=EDGE_CURVE('',#887,#1001,#511,.T.);
#1248=EDGE_CURVE('',#889,#1002,#512,.T.);
#1249=EDGE_CURVE('',#889,#1002,#513,.T.);
#1250=EDGE_CURVE('',#892,#1003,#514,.T.);
#1251=EDGE_CURVE('',#892,#1003,#515,.T.);
#1252=EDGE_CURVE('',#894,#1004,#516,.T.);
#1253=EDGE_CURVE('',#894,#1004,#517,.T.);
#1254=EDGE_CURVE('',#897,#1005,#518,.T.);
#1255=EDGE_CURVE('',#897,#1005,#519,.T.);
#1256=EDGE_CURVE('',#899,#1006,#520,.T.);
#1257=EDGE_CURVE('',#899,#1006,#521,.T.);
#1258=EDGE_CURVE('',#902,#1007,#522,.T.);
#1259=EDGE_CURVE('',#902,#1007,#523,.T.);
#1260=EDGE_CURVE('',#1008,#1008,#830,.T.);
#1261=EDGE_CURVE('',#1009,#1009,#831,.T.);
#1262=EDGE_CURVE('',#1010,#1010,#832,.T.);
#1263=EDGE_CURVE('',#1011,#1011,#833,.T.);
#1264=EDGE_CURVE('',#1012,#1012,#834,.T.);
#1265=EDGE_CURVE('',#1013,#1013,#835,.T.);
#1266=EDGE_CURVE('',#1014,#1014,#836,.T.);
#1267=EDGE_CURVE('',#1015,#1015,#837,.T.);
#1268=EDGE_CURVE('',#908,#874,#524,.T.);
#1269=EDGE_CURVE('',#914,#877,#525,.T.);
#1270=EDGE_CURVE('',#917,#880,#526,.T.);
#1271=EDGE_CURVE('',#911,#883,#527,.T.);
#1272=EDGE_CURVE('',#1007,#1016,#838,.T.);
#1273=EDGE_CURVE('',#901,#1016,#528,.T.);
#1274=EDGE_CURVE('',#901,#1016,#529,.T.);
#1275=EDGE_CURVE('',#1016,#1007,#839,.T.);
#1276=EDGE_CURVE('',#1017,#1017,#840,.T.);
#1277=EDGE_CURVE('',#891,#1018,#530,.T.);
#1278=EDGE_CURVE('',#1018,#1003,#841,.T.);
#1279=EDGE_CURVE('',#891,#1018,#531,.T.);
#1280=EDGE_CURVE('',#1003,#1018,#842,.T.);
#1281=EDGE_CURVE('',#1019,#1019,#843,.T.);
#1282=EDGE_CURVE('',#1004,#1020,#844,.T.);
#1283=EDGE_CURVE('',#893,#1020,#532,.T.);
#1284=EDGE_CURVE('',#893,#1020,#533,.T.);
#1285=EDGE_CURVE('',#1020,#1004,#845,.T.);
#1286=EDGE_CURVE('',#1021,#1021,#846,.T.);
#1287=EDGE_CURVE('',#885,#1022,#534,.T.);
#1288=EDGE_CURVE('',#1022,#999,#847,.T.);
#1289=EDGE_CURVE('',#885,#1022,#535,.T.);
#1290=EDGE_CURVE('',#999,#1022,#848,.T.);
#1291=EDGE_CURVE('',#1023,#1023,#849,.T.);
#1292=EDGE_CURVE('',#1006,#1024,#850,.T.);
#1293=EDGE_CURVE('',#898,#1024,#536,.T.);
#1294=EDGE_CURVE('',#898,#1024,#537,.T.);
#1295=EDGE_CURVE('',#1024,#1006,#851,.T.);
#1296=EDGE_CURVE('',#1025,#1025,#852,.T.);
#1297=EDGE_CURVE('',#888,#1026,#538,.T.);
#1298=EDGE_CURVE('',#1026,#1002,#853,.T.);
#1299=EDGE_CURVE('',#888,#1026,#539,.T.);
#1300=EDGE_CURVE('',#1002,#1026,#854,.T.);
#1301=EDGE_CURVE('',#1027,#1027,#855,.T.);
#1302=EDGE_CURVE('',#1005,#1028,#856,.T.);
#1303=EDGE_CURVE('',#896,#1028,#540,.T.);
#1304=EDGE_CURVE('',#896,#1028,#541,.T.);
#1305=EDGE_CURVE('',#1028,#1005,#857,.T.);
#1306=EDGE_CURVE('',#1029,#1029,#858,.T.);
#1307=EDGE_CURVE('',#886,#1030,#542,.T.);
#1308=EDGE_CURVE('',#1030,#1001,#859,.T.);
#1309=EDGE_CURVE('',#886,#1030,#543,.T.);
#1310=EDGE_CURVE('',#1001,#1030,#860,.T.);
#1311=EDGE_CURVE('',#1031,#1031,#861,.T.);
#1312=EDGE_CURVE('',#1032,#1032,#862,.T.);
#1313=EDGE_CURVE('',#1033,#1033,#863,.T.);
#1314=EDGE_CURVE('',#1034,#1034,#864,.T.);
#1315=EDGE_CURVE('',#1035,#1035,#865,.T.);
#1316=EDGE_CURVE('',#1025,#1011,#544,.T.);
#1317=EDGE_CURVE('',#1021,#1033,#545,.T.);
#1318=EDGE_CURVE('',#1031,#1012,#546,.T.);
#1319=EDGE_CURVE('',#1016,#904,#547,.T.);
#1320=EDGE_CURVE('',#903,#1035,#548,.T.);
#1321=EDGE_CURVE('',#900,#1009,#549,.T.);
#1322=EDGE_CURVE('',#1029,#1032,#550,.T.);
#1323=EDGE_CURVE('',#895,#1034,#551,.T.);
#1324=EDGE_CURVE('',#1027,#1014,#552,.T.);
#1325=EDGE_CURVE('',#1023,#1013,#553,.T.);
#1326=EDGE_CURVE('',#1017,#1010,#554,.T.);
#1327=EDGE_CURVE('',#1019,#1015,#555,.T.);
#1328=EDGE_CURVE('',#890,#1008,#556,.T.);
#1329=EDGE_CURVE('',#1036,#1036,#866,.T.);
#1330=EDGE_CURVE('',#1036,#1037,#557,.T.);
#1331=EDGE_CURVE('',#1037,#1037,#867,.T.);
#1332=EDGE_CURVE('',#1038,#1038,#868,.T.);
#1333=EDGE_CURVE('',#1038,#1039,#558,.T.);
#1334=EDGE_CURVE('',#1039,#1039,#869,.T.);
#1335=EDGE_CURVE('',#1040,#1041,#559,.T.);
#1336=EDGE_CURVE('',#1042,#1041,#560,.T.);
#1337=EDGE_CURVE('',#1042,#1043,#561,.T.);
#1338=EDGE_CURVE('',#1040,#1043,#562,.T.);
#1339=EDGE_CURVE('',#1044,#1045,#563,.T.);
#1340=EDGE_CURVE('',#1046,#1045,#564,.T.);
#1341=EDGE_CURVE('',#1047,#1046,#565,.T.);
#1342=EDGE_CURVE('',#1044,#1047,#566,.T.);
#1343=EDGE_CURVE('',#1041,#1044,#870,.T.);
#1344=EDGE_CURVE('',#1045,#1040,#871,.T.);
#1345=EDGE_CURVE('',#1047,#1048,#567,.T.);
#1346=EDGE_CURVE('',#1049,#1046,#568,.T.);
#1347=EDGE_CURVE('',#1048,#1049,#569,.T.);
#1348=EDGE_CURVE('',#1048,#1042,#570,.T.);
#1349=EDGE_CURVE('',#1043,#1049,#571,.T.);
#1350=ORIENTED_EDGE('',*,*,#1050,.F.);
#1351=ORIENTED_EDGE('',*,*,#1051,.T.);
#1352=ORIENTED_EDGE('',*,*,#1052,.F.);
#1353=ORIENTED_EDGE('',*,*,#1051,.F.);
#1354=ORIENTED_EDGE('',*,*,#1050,.T.);
#1355=ORIENTED_EDGE('',*,*,#1053,.T.);
#1356=ORIENTED_EDGE('',*,*,#1054,.F.);
#1357=ORIENTED_EDGE('',*,*,#1055,.T.);
#1358=ORIENTED_EDGE('',*,*,#1056,.F.);
#1359=ORIENTED_EDGE('',*,*,#1055,.F.);
#1360=ORIENTED_EDGE('',*,*,#1054,.T.);
#1361=ORIENTED_EDGE('',*,*,#1057,.T.);
#1362=ORIENTED_EDGE('',*,*,#1058,.F.);
#1363=ORIENTED_EDGE('',*,*,#1059,.T.);
#1364=ORIENTED_EDGE('',*,*,#1060,.F.);
#1365=ORIENTED_EDGE('',*,*,#1059,.F.);
#1366=ORIENTED_EDGE('',*,*,#1058,.T.);
#1367=ORIENTED_EDGE('',*,*,#1061,.T.);
#1368=ORIENTED_EDGE('',*,*,#1062,.F.);
#1369=ORIENTED_EDGE('',*,*,#1063,.T.);
#1370=ORIENTED_EDGE('',*,*,#1064,.F.);
#1371=ORIENTED_EDGE('',*,*,#1063,.F.);
#1372=ORIENTED_EDGE('',*,*,#1062,.T.);
#1373=ORIENTED_EDGE('',*,*,#1065,.T.);
#1374=ORIENTED_EDGE('',*,*,#1066,.T.);
#1375=ORIENTED_EDGE('',*,*,#1067,.T.);
#1376=ORIENTED_EDGE('',*,*,#1068,.T.);
#1377=ORIENTED_EDGE('',*,*,#1069,.T.);
#1378=ORIENTED_EDGE('',*,*,#1070,.T.);
#1379=ORIENTED_EDGE('',*,*,#1071,.T.);
#1380=ORIENTED_EDGE('',*,*,#1072,.T.);
#1381=ORIENTED_EDGE('',*,*,#1073,.T.);
#1382=ORIENTED_EDGE('',*,*,#1074,.T.);
#1383=ORIENTED_EDGE('',*,*,#1075,.T.);
#1384=ORIENTED_EDGE('',*,*,#1076,.T.);
#1385=ORIENTED_EDGE('',*,*,#1077,.T.);
#1386=ORIENTED_EDGE('',*,*,#1078,.T.);
#1387=ORIENTED_EDGE('',*,*,#1079,.T.);
#1388=ORIENTED_EDGE('',*,*,#1080,.T.);
#1389=ORIENTED_EDGE('',*,*,#1081,.T.);
#1390=ORIENTED_EDGE('',*,*,#1082,.T.);
#1391=ORIENTED_EDGE('',*,*,#1083,.T.);
#1392=ORIENTED_EDGE('',*,*,#1084,.T.);
#1393=ORIENTED_EDGE('',*,*,#1085,.T.);
#1394=ORIENTED_EDGE('',*,*,#1086,.T.);
#1395=ORIENTED_EDGE('',*,*,#1087,.T.);
#1396=ORIENTED_EDGE('',*,*,#1088,.T.);
#1397=ORIENTED_EDGE('',*,*,#1089,.T.);
#1398=ORIENTED_EDGE('',*,*,#1090,.T.);
#1399=ORIENTED_EDGE('',*,*,#1091,.T.);
#1400=ORIENTED_EDGE('',*,*,#1092,.T.);
#1401=ORIENTED_EDGE('',*,*,#1093,.T.);
#1402=ORIENTED_EDGE('',*,*,#1094,.T.);
#1403=ORIENTED_EDGE('',*,*,#1095,.T.);
#1404=ORIENTED_EDGE('',*,*,#1096,.T.);
#1405=ORIENTED_EDGE('',*,*,#1097,.T.);
#1406=ORIENTED_EDGE('',*,*,#1098,.T.);
#1407=ORIENTED_EDGE('',*,*,#1099,.T.);
#1408=ORIENTED_EDGE('',*,*,#1100,.T.);
#1409=ORIENTED_EDGE('',*,*,#1101,.T.);
#1410=ORIENTED_EDGE('',*,*,#1102,.F.);
#1411=ORIENTED_EDGE('',*,*,#1103,.T.);
#1412=ORIENTED_EDGE('',*,*,#1104,.F.);
#1413=ORIENTED_EDGE('',*,*,#1105,.T.);
#1414=ORIENTED_EDGE('',*,*,#1106,.F.);
#1415=ORIENTED_EDGE('',*,*,#1105,.F.);
#1416=ORIENTED_EDGE('',*,*,#1104,.T.);
#1417=ORIENTED_EDGE('',*,*,#1107,.T.);
#1418=ORIENTED_EDGE('',*,*,#1108,.F.);
#1419=ORIENTED_EDGE('',*,*,#1109,.T.);
#1420=ORIENTED_EDGE('',*,*,#1110,.F.);
#1421=ORIENTED_EDGE('',*,*,#1109,.F.);
#1422=ORIENTED_EDGE('',*,*,#1108,.T.);
#1423=ORIENTED_EDGE('',*,*,#1111,.T.);
#1424=ORIENTED_EDGE('',*,*,#1112,.F.);
#1425=ORIENTED_EDGE('',*,*,#1113,.T.);
#1426=ORIENTED_EDGE('',*,*,#1114,.F.);
#1427=ORIENTED_EDGE('',*,*,#1113,.F.);
#1428=ORIENTED_EDGE('',*,*,#1112,.T.);
#1429=ORIENTED_EDGE('',*,*,#1115,.T.);
#1430=ORIENTED_EDGE('',*,*,#1116,.F.);
#1431=ORIENTED_EDGE('',*,*,#1117,.T.);
#1432=ORIENTED_EDGE('',*,*,#1118,.F.);
#1433=ORIENTED_EDGE('',*,*,#1117,.F.);
#1434=ORIENTED_EDGE('',*,*,#1116,.T.);
#1435=ORIENTED_EDGE('',*,*,#1119,.T.);
#1436=ORIENTED_EDGE('',*,*,#1103,.F.);
#1437=ORIENTED_EDGE('',*,*,#1120,.T.);
#1438=ORIENTED_EDGE('',*,*,#1121,.F.);
#1439=ORIENTED_EDGE('',*,*,#1120,.F.);
#1440=ORIENTED_EDGE('',*,*,#1122,.F.);
#1441=ORIENTED_EDGE('',*,*,#1123,.T.);
#1442=ORIENTED_EDGE('',*,*,#1124,.F.);
#1443=ORIENTED_EDGE('',*,*,#1125,.F.);
#1444=ORIENTED_EDGE('',*,*,#1126,.F.);
#1445=ORIENTED_EDGE('',*,*,#1127,.T.);
#1446=ORIENTED_EDGE('',*,*,#1128,.F.);
#1447=ORIENTED_EDGE('',*,*,#1123,.F.);
#1448=ORIENTED_EDGE('',*,*,#1129,.F.);
#1449=ORIENTED_EDGE('',*,*,#1130,.T.);
#1450=ORIENTED_EDGE('',*,*,#1131,.F.);
#1451=ORIENTED_EDGE('',*,*,#1127,.F.);
#1452=ORIENTED_EDGE('',*,*,#1132,.F.);
#1453=ORIENTED_EDGE('',*,*,#1133,.T.);
#1454=ORIENTED_EDGE('',*,*,#1134,.F.);
#1455=ORIENTED_EDGE('',*,*,#1130,.F.);
#1456=ORIENTED_EDGE('',*,*,#1135,.F.);
#1457=ORIENTED_EDGE('',*,*,#1136,.T.);
#1458=ORIENTED_EDGE('',*,*,#1137,.F.);
#1459=ORIENTED_EDGE('',*,*,#1133,.F.);
#1460=ORIENTED_EDGE('',*,*,#1138,.F.);
#1461=ORIENTED_EDGE('',*,*,#1139,.T.);
#1462=ORIENTED_EDGE('',*,*,#1140,.F.);
#1463=ORIENTED_EDGE('',*,*,#1136,.F.);
#1464=ORIENTED_EDGE('',*,*,#1141,.F.);
#1465=ORIENTED_EDGE('',*,*,#1142,.T.);
#1466=ORIENTED_EDGE('',*,*,#1143,.F.);
#1467=ORIENTED_EDGE('',*,*,#1139,.F.);
#1468=ORIENTED_EDGE('',*,*,#1144,.F.);
#1469=ORIENTED_EDGE('',*,*,#1125,.T.);
#1470=ORIENTED_EDGE('',*,*,#1145,.F.);
#1471=ORIENTED_EDGE('',*,*,#1142,.F.);
#1472=ORIENTED_EDGE('',*,*,#1146,.F.);
#1473=ORIENTED_EDGE('',*,*,#1147,.T.);
#1474=ORIENTED_EDGE('',*,*,#1148,.F.);
#1475=ORIENTED_EDGE('',*,*,#1149,.F.);
#1476=ORIENTED_EDGE('',*,*,#1150,.F.);
#1477=ORIENTED_EDGE('',*,*,#1151,.T.);
#1478=ORIENTED_EDGE('',*,*,#1152,.F.);
#1479=ORIENTED_EDGE('',*,*,#1147,.F.);
#1480=ORIENTED_EDGE('',*,*,#1153,.F.);
#1481=ORIENTED_EDGE('',*,*,#1154,.T.);
#1482=ORIENTED_EDGE('',*,*,#1155,.F.);
#1483=ORIENTED_EDGE('',*,*,#1151,.F.);
#1484=ORIENTED_EDGE('',*,*,#1156,.F.);
#1485=ORIENTED_EDGE('',*,*,#1157,.T.);
#1486=ORIENTED_EDGE('',*,*,#1158,.F.);
#1487=ORIENTED_EDGE('',*,*,#1154,.F.);
#1488=ORIENTED_EDGE('',*,*,#1159,.F.);
#1489=ORIENTED_EDGE('',*,*,#1160,.T.);
#1490=ORIENTED_EDGE('',*,*,#1161,.F.);
#1491=ORIENTED_EDGE('',*,*,#1157,.F.);
#1492=ORIENTED_EDGE('',*,*,#1162,.F.);
#1493=ORIENTED_EDGE('',*,*,#1163,.T.);
#1494=ORIENTED_EDGE('',*,*,#1164,.F.);
#1495=ORIENTED_EDGE('',*,*,#1160,.F.);
#1496=ORIENTED_EDGE('',*,*,#1165,.F.);
#1497=ORIENTED_EDGE('',*,*,#1166,.T.);
#1498=ORIENTED_EDGE('',*,*,#1167,.F.);
#1499=ORIENTED_EDGE('',*,*,#1163,.F.);
#1500=ORIENTED_EDGE('',*,*,#1168,.F.);
#1501=ORIENTED_EDGE('',*,*,#1149,.T.);
#1502=ORIENTED_EDGE('',*,*,#1169,.F.);
#1503=ORIENTED_EDGE('',*,*,#1166,.F.);
#1504=ORIENTED_EDGE('',*,*,#1170,.F.);
#1505=ORIENTED_EDGE('',*,*,#1171,.F.);
#1506=ORIENTED_EDGE('',*,*,#1172,.T.);
#1507=ORIENTED_EDGE('',*,*,#1173,.F.);
#1508=ORIENTED_EDGE('',*,*,#1174,.F.);
#1509=ORIENTED_EDGE('',*,*,#1175,.F.);
#1510=ORIENTED_EDGE('',*,*,#1176,.T.);
#1511=ORIENTED_EDGE('',*,*,#1177,.F.);
#1512=ORIENTED_EDGE('',*,*,#1178,.F.);
#1513=ORIENTED_EDGE('',*,*,#1179,.F.);
#1514=ORIENTED_EDGE('',*,*,#1180,.T.);
#1515=ORIENTED_EDGE('',*,*,#1181,.F.);
#1516=ORIENTED_EDGE('',*,*,#1182,.F.);
#1517=ORIENTED_EDGE('',*,*,#1183,.F.);
#1518=ORIENTED_EDGE('',*,*,#1184,.T.);
#1519=ORIENTED_EDGE('',*,*,#1185,.F.);
#1520=ORIENTED_EDGE('',*,*,#1186,.F.);
#1521=ORIENTED_EDGE('',*,*,#1187,.F.);
#1522=ORIENTED_EDGE('',*,*,#1188,.T.);
#1523=ORIENTED_EDGE('',*,*,#1189,.F.);
#1524=ORIENTED_EDGE('',*,*,#1190,.F.);
#1525=ORIENTED_EDGE('',*,*,#1191,.F.);
#1526=ORIENTED_EDGE('',*,*,#1192,.T.);
#1527=ORIENTED_EDGE('',*,*,#1193,.F.);
#1528=ORIENTED_EDGE('',*,*,#1194,.F.);
#1529=ORIENTED_EDGE('',*,*,#1195,.F.);
#1530=ORIENTED_EDGE('',*,*,#1196,.T.);
#1531=ORIENTED_EDGE('',*,*,#1197,.F.);
#1532=ORIENTED_EDGE('',*,*,#1198,.F.);
#1533=ORIENTED_EDGE('',*,*,#1199,.F.);
#1534=ORIENTED_EDGE('',*,*,#1200,.T.);
#1535=ORIENTED_EDGE('',*,*,#1201,.F.);
#1536=ORIENTED_EDGE('',*,*,#1202,.F.);
#1537=ORIENTED_EDGE('',*,*,#1203,.F.);
#1538=ORIENTED_EDGE('',*,*,#1204,.T.);
#1539=ORIENTED_EDGE('',*,*,#1205,.F.);
#1540=ORIENTED_EDGE('',*,*,#1206,.F.);
#1541=ORIENTED_EDGE('',*,*,#1207,.F.);
#1542=ORIENTED_EDGE('',*,*,#1208,.T.);
#1543=ORIENTED_EDGE('',*,*,#1209,.F.);
#1544=ORIENTED_EDGE('',*,*,#1210,.F.);
#1545=ORIENTED_EDGE('',*,*,#1211,.F.);
#1546=ORIENTED_EDGE('',*,*,#1212,.T.);
#1547=ORIENTED_EDGE('',*,*,#1213,.F.);
#1548=ORIENTED_EDGE('',*,*,#1214,.F.);
#1549=ORIENTED_EDGE('',*,*,#1215,.F.);
#1550=ORIENTED_EDGE('',*,*,#1216,.T.);
#1551=ORIENTED_EDGE('',*,*,#1217,.F.);
#1552=ORIENTED_EDGE('',*,*,#1197,.T.);
#1553=ORIENTED_EDGE('',*,*,#1218,.T.);
#1554=ORIENTED_EDGE('',*,*,#1207,.T.);
#1555=ORIENTED_EDGE('',*,*,#1219,.F.);
#1556=ORIENTED_EDGE('',*,*,#1189,.T.);
#1557=ORIENTED_EDGE('',*,*,#1220,.T.);
#1558=ORIENTED_EDGE('',*,*,#1215,.T.);
#1559=ORIENTED_EDGE('',*,*,#1221,.F.);
#1560=ORIENTED_EDGE('',*,*,#1185,.T.);
#1561=ORIENTED_EDGE('',*,*,#1222,.T.);
#1562=ORIENTED_EDGE('',*,*,#1191,.T.);
#1563=ORIENTED_EDGE('',*,*,#1223,.F.);
#1564=ORIENTED_EDGE('',*,*,#1179,.T.);
#1565=ORIENTED_EDGE('',*,*,#1224,.F.);
#1566=ORIENTED_EDGE('',*,*,#1205,.T.);
#1567=ORIENTED_EDGE('',*,*,#1225,.T.);
#1568=ORIENTED_EDGE('',*,*,#1173,.T.);
#1569=ORIENTED_EDGE('',*,*,#1226,.T.);
#1570=ORIENTED_EDGE('',*,*,#1199,.T.);
#1571=ORIENTED_EDGE('',*,*,#1227,.F.);
#1572=ORIENTED_EDGE('',*,*,#1175,.T.);
#1573=ORIENTED_EDGE('',*,*,#1228,.F.);
#1574=ORIENTED_EDGE('',*,*,#1213,.T.);
#1575=ORIENTED_EDGE('',*,*,#1229,.T.);
#1576=ORIENTED_EDGE('',*,*,#1230,.T.);
#1577=ORIENTED_EDGE('',*,*,#1231,.T.);
#1578=ORIENTED_EDGE('',*,*,#1232,.F.);
#1579=ORIENTED_EDGE('',*,*,#1181,.T.);
#1580=ORIENTED_EDGE('',*,*,#1233,.T.);
#1581=ORIENTED_EDGE('',*,*,#1183,.T.);
#1582=ORIENTED_EDGE('',*,*,#1234,.F.);
#1583=ORIENTED_EDGE('',*,*,#1193,.T.);
#1584=ORIENTED_EDGE('',*,*,#1235,.T.);
#1585=ORIENTED_EDGE('',*,*,#1187,.T.);
#1586=ORIENTED_EDGE('',*,*,#1236,.F.);
#1587=ORIENTED_EDGE('',*,*,#1217,.T.);
#1588=ORIENTED_EDGE('',*,*,#1237,.T.);
#1589=ORIENTED_EDGE('',*,*,#1211,.T.);
#1590=ORIENTED_EDGE('',*,*,#1238,.F.);
#1591=ORIENTED_EDGE('',*,*,#1177,.T.);
#1592=ORIENTED_EDGE('',*,*,#1239,.T.);
#1593=ORIENTED_EDGE('',*,*,#1171,.T.);
#1594=ORIENTED_EDGE('',*,*,#1240,.F.);
#1595=ORIENTED_EDGE('',*,*,#1201,.T.);
#1596=ORIENTED_EDGE('',*,*,#1241,.T.);
#1597=ORIENTED_EDGE('',*,*,#1195,.T.);
#1598=ORIENTED_EDGE('',*,*,#1242,.F.);
#1599=ORIENTED_EDGE('',*,*,#1209,.T.);
#1600=ORIENTED_EDGE('',*,*,#1243,.T.);
#1601=ORIENTED_EDGE('',*,*,#1203,.T.);
#1602=ORIENTED_EDGE('',*,*,#1244,.F.);
#1603=ORIENTED_EDGE('',*,*,#1231,.F.);
#1604=ORIENTED_EDGE('',*,*,#1245,.F.);
#1605=ORIENTED_EDGE('',*,*,#1069,.F.);
#1606=ORIENTED_EDGE('',*,*,#1246,.T.);
#1607=ORIENTED_EDGE('',*,*,#1247,.F.);
#1608=ORIENTED_EDGE('',*,*,#1071,.F.);
#1609=ORIENTED_EDGE('',*,*,#1248,.T.);
#1610=ORIENTED_EDGE('',*,*,#1249,.F.);
#1611=ORIENTED_EDGE('',*,*,#1076,.F.);
#1612=ORIENTED_EDGE('',*,*,#1250,.T.);
#1613=ORIENTED_EDGE('',*,*,#1251,.F.);
#1614=ORIENTED_EDGE('',*,*,#1082,.F.);
#1615=ORIENTED_EDGE('',*,*,#1252,.T.);
#1616=ORIENTED_EDGE('',*,*,#1253,.F.);
#1617=ORIENTED_EDGE('',*,*,#1087,.F.);
#1618=ORIENTED_EDGE('',*,*,#1254,.T.);
#1619=ORIENTED_EDGE('',*,*,#1255,.F.);
#1620=ORIENTED_EDGE('',*,*,#1089,.F.);
#1621=ORIENTED_EDGE('',*,*,#1256,.T.);
#1622=ORIENTED_EDGE('',*,*,#1257,.F.);
#1623=ORIENTED_EDGE('',*,*,#1094,.F.);
#1624=ORIENTED_EDGE('',*,*,#1258,.T.);
#1625=ORIENTED_EDGE('',*,*,#1259,.F.);
#1626=ORIENTED_EDGE('',*,*,#1100,.F.);
#1627=ORIENTED_EDGE('',*,*,#1194,.T.);
#1628=ORIENTED_EDGE('',*,*,#1219,.T.);
#1629=ORIENTED_EDGE('',*,*,#1206,.T.);
#1630=ORIENTED_EDGE('',*,*,#1242,.T.);
#1631=ORIENTED_EDGE('',*,*,#1260,.T.);
#1632=ORIENTED_EDGE('',*,*,#1186,.T.);
#1633=ORIENTED_EDGE('',*,*,#1221,.T.);
#1634=ORIENTED_EDGE('',*,*,#1214,.T.);
#1635=ORIENTED_EDGE('',*,*,#1236,.T.);
#1636=ORIENTED_EDGE('',*,*,#1261,.T.);
#1637=ORIENTED_EDGE('',*,*,#1182,.T.);
#1638=ORIENTED_EDGE('',*,*,#1223,.T.);
#1639=ORIENTED_EDGE('',*,*,#1190,.T.);
#1640=ORIENTED_EDGE('',*,*,#1234,.T.);
#1641=ORIENTED_EDGE('',*,*,#1262,.T.);
#1642=ORIENTED_EDGE('',*,*,#1263,.T.);
#1643=ORIENTED_EDGE('',*,*,#1178,.T.);
#1644=ORIENTED_EDGE('',*,*,#1232,.T.);
#1645=ORIENTED_EDGE('',*,*,#1244,.T.);
#1646=ORIENTED_EDGE('',*,*,#1202,.T.);
#1647=ORIENTED_EDGE('',*,*,#1224,.T.);
#1648=ORIENTED_EDGE('',*,*,#1264,.T.);
#1649=ORIENTED_EDGE('',*,*,#1265,.T.);
#1650=ORIENTED_EDGE('',*,*,#1170,.T.);
#1651=ORIENTED_EDGE('',*,*,#1227,.T.);
#1652=ORIENTED_EDGE('',*,*,#1198,.T.);
#1653=ORIENTED_EDGE('',*,*,#1240,.T.);
#1654=ORIENTED_EDGE('',*,*,#1266,.T.);
#1655=ORIENTED_EDGE('',*,*,#1267,.T.);
#1656=ORIENTED_EDGE('',*,*,#1107,.F.);
#1657=ORIENTED_EDGE('',*,*,#1268,.T.);
#1658=ORIENTED_EDGE('',*,*,#1053,.F.);
#1659=ORIENTED_EDGE('',*,*,#1268,.F.);
#1660=ORIENTED_EDGE('',*,*,#1115,.F.);
#1661=ORIENTED_EDGE('',*,*,#1269,.T.);
#1662=ORIENTED_EDGE('',*,*,#1057,.F.);
#1663=ORIENTED_EDGE('',*,*,#1269,.F.);
#1664=ORIENTED_EDGE('',*,*,#1119,.F.);
#1665=ORIENTED_EDGE('',*,*,#1270,.T.);
#1666=ORIENTED_EDGE('',*,*,#1061,.F.);
#1667=ORIENTED_EDGE('',*,*,#1270,.F.);
#1668=ORIENTED_EDGE('',*,*,#1111,.F.);
#1669=ORIENTED_EDGE('',*,*,#1271,.T.);
#1670=ORIENTED_EDGE('',*,*,#1065,.F.);
#1671=ORIENTED_EDGE('',*,*,#1271,.F.);
#1672=ORIENTED_EDGE('',*,*,#1259,.T.);
#1673=ORIENTED_EDGE('',*,*,#1272,.T.);
#1674=ORIENTED_EDGE('',*,*,#1273,.F.);
#1675=ORIENTED_EDGE('',*,*,#1097,.F.);
#1676=ORIENTED_EDGE('',*,*,#1258,.F.);
#1677=ORIENTED_EDGE('',*,*,#1093,.F.);
#1678=ORIENTED_EDGE('',*,*,#1274,.T.);
#1679=ORIENTED_EDGE('',*,*,#1275,.T.);
#1680=ORIENTED_EDGE('',*,*,#1272,.F.);
#1681=ORIENTED_EDGE('',*,*,#1275,.F.);
#1682=ORIENTED_EDGE('',*,*,#1276,.F.);
#1683=ORIENTED_EDGE('',*,*,#1277,.T.);
#1684=ORIENTED_EDGE('',*,*,#1278,.T.);
#1685=ORIENTED_EDGE('',*,*,#1250,.F.);
#1686=ORIENTED_EDGE('',*,*,#1075,.F.);
#1687=ORIENTED_EDGE('',*,*,#1279,.F.);
#1688=ORIENTED_EDGE('',*,*,#1079,.F.);
#1689=ORIENTED_EDGE('',*,*,#1251,.T.);
#1690=ORIENTED_EDGE('',*,*,#1280,.T.);
#1691=ORIENTED_EDGE('',*,*,#1278,.F.);
#1692=ORIENTED_EDGE('',*,*,#1280,.F.);
#1693=ORIENTED_EDGE('',*,*,#1281,.F.);
#1694=ORIENTED_EDGE('',*,*,#1253,.T.);
#1695=ORIENTED_EDGE('',*,*,#1282,.T.);
#1696=ORIENTED_EDGE('',*,*,#1283,.F.);
#1697=ORIENTED_EDGE('',*,*,#1084,.F.);
#1698=ORIENTED_EDGE('',*,*,#1252,.F.);
#1699=ORIENTED_EDGE('',*,*,#1081,.F.);
#1700=ORIENTED_EDGE('',*,*,#1284,.T.);
#1701=ORIENTED_EDGE('',*,*,#1285,.T.);
#1702=ORIENTED_EDGE('',*,*,#1282,.F.);
#1703=ORIENTED_EDGE('',*,*,#1285,.F.);
#1704=ORIENTED_EDGE('',*,*,#1286,.F.);
#1705=ORIENTED_EDGE('',*,*,#1287,.T.);
#1706=ORIENTED_EDGE('',*,*,#1288,.T.);
#1707=ORIENTED_EDGE('',*,*,#1230,.F.);
#1708=ORIENTED_EDGE('',*,*,#1099,.F.);
#1709=ORIENTED_EDGE('',*,*,#1289,.F.);
#1710=ORIENTED_EDGE('',*,*,#1066,.F.);
#1711=ORIENTED_EDGE('',*,*,#1245,.T.);
#1712=ORIENTED_EDGE('',*,*,#1290,.T.);
#1713=ORIENTED_EDGE('',*,*,#1288,.F.);
#1714=ORIENTED_EDGE('',*,*,#1290,.F.);
#1715=ORIENTED_EDGE('',*,*,#1291,.F.);
#1716=ORIENTED_EDGE('',*,*,#1257,.T.);
#1717=ORIENTED_EDGE('',*,*,#1292,.T.);
#1718=ORIENTED_EDGE('',*,*,#1293,.F.);
#1719=ORIENTED_EDGE('',*,*,#1095,.F.);
#1720=ORIENTED_EDGE('',*,*,#1256,.F.);
#1721=ORIENTED_EDGE('',*,*,#1088,.F.);
#1722=ORIENTED_EDGE('',*,*,#1294,.T.);
#1723=ORIENTED_EDGE('',*,*,#1295,.T.);
#1724=ORIENTED_EDGE('',*,*,#1292,.F.);
#1725=ORIENTED_EDGE('',*,*,#1295,.F.);
#1726=ORIENTED_EDGE('',*,*,#1296,.F.);
#1727=ORIENTED_EDGE('',*,*,#1297,.T.);
#1728=ORIENTED_EDGE('',*,*,#1298,.T.);
#1729=ORIENTED_EDGE('',*,*,#1248,.F.);
#1730=ORIENTED_EDGE('',*,*,#1070,.F.);
#1731=ORIENTED_EDGE('',*,*,#1299,.F.);
#1732=ORIENTED_EDGE('',*,*,#1077,.F.);
#1733=ORIENTED_EDGE('',*,*,#1249,.T.);
#1734=ORIENTED_EDGE('',*,*,#1300,.T.);
#1735=ORIENTED_EDGE('',*,*,#1298,.F.);
#1736=ORIENTED_EDGE('',*,*,#1300,.F.);
#1737=ORIENTED_EDGE('',*,*,#1301,.F.);
#1738=ORIENTED_EDGE('',*,*,#1255,.T.);
#1739=ORIENTED_EDGE('',*,*,#1302,.T.);
#1740=ORIENTED_EDGE('',*,*,#1303,.F.);
#1741=ORIENTED_EDGE('',*,*,#1090,.F.);
#1742=ORIENTED_EDGE('',*,*,#1254,.F.);
#1743=ORIENTED_EDGE('',*,*,#1086,.F.);
#1744=ORIENTED_EDGE('',*,*,#1304,.T.);
#1745=ORIENTED_EDGE('',*,*,#1305,.T.);
#1746=ORIENTED_EDGE('',*,*,#1302,.F.);
#1747=ORIENTED_EDGE('',*,*,#1305,.F.);
#1748=ORIENTED_EDGE('',*,*,#1306,.F.);
#1749=ORIENTED_EDGE('',*,*,#1307,.T.);
#1750=ORIENTED_EDGE('',*,*,#1308,.T.);
#1751=ORIENTED_EDGE('',*,*,#1246,.F.);
#1752=ORIENTED_EDGE('',*,*,#1068,.F.);
#1753=ORIENTED_EDGE('',*,*,#1309,.F.);
#1754=ORIENTED_EDGE('',*,*,#1072,.F.);
#1755=ORIENTED_EDGE('',*,*,#1247,.T.);
#1756=ORIENTED_EDGE('',*,*,#1310,.T.);
#1757=ORIENTED_EDGE('',*,*,#1308,.F.);
#1758=ORIENTED_EDGE('',*,*,#1310,.F.);
#1759=ORIENTED_EDGE('',*,*,#1311,.F.);
#1760=ORIENTED_EDGE('',*,*,#1174,.T.);
#1761=ORIENTED_EDGE('',*,*,#1238,.T.);
#1762=ORIENTED_EDGE('',*,*,#1210,.T.);
#1763=ORIENTED_EDGE('',*,*,#1228,.T.);
#1764=ORIENTED_EDGE('',*,*,#1312,.T.);
#1765=ORIENTED_EDGE('',*,*,#1313,.T.);
#1766=ORIENTED_EDGE('',*,*,#1121,.T.);
#1767=ORIENTED_EDGE('',*,*,#1052,.T.);
#1768=ORIENTED_EDGE('',*,*,#1056,.T.);
#1769=ORIENTED_EDGE('',*,*,#1060,.T.);
#1770=ORIENTED_EDGE('',*,*,#1064,.T.);
#1771=ORIENTED_EDGE('',*,*,#1122,.T.);
#1772=ORIENTED_EDGE('',*,*,#1144,.T.);
#1773=ORIENTED_EDGE('',*,*,#1141,.T.);
#1774=ORIENTED_EDGE('',*,*,#1138,.T.);
#1775=ORIENTED_EDGE('',*,*,#1135,.T.);
#1776=ORIENTED_EDGE('',*,*,#1132,.T.);
#1777=ORIENTED_EDGE('',*,*,#1129,.T.);
#1778=ORIENTED_EDGE('',*,*,#1126,.T.);
#1779=ORIENTED_EDGE('',*,*,#1146,.T.);
#1780=ORIENTED_EDGE('',*,*,#1168,.T.);
#1781=ORIENTED_EDGE('',*,*,#1165,.T.);
#1782=ORIENTED_EDGE('',*,*,#1162,.T.);
#1783=ORIENTED_EDGE('',*,*,#1159,.T.);
#1784=ORIENTED_EDGE('',*,*,#1156,.T.);
#1785=ORIENTED_EDGE('',*,*,#1153,.T.);
#1786=ORIENTED_EDGE('',*,*,#1150,.T.);
#1787=ORIENTED_EDGE('',*,*,#1225,.F.);
#1788=ORIENTED_EDGE('',*,*,#1204,.F.);
#1789=ORIENTED_EDGE('',*,*,#1243,.F.);
#1790=ORIENTED_EDGE('',*,*,#1208,.F.);
#1791=ORIENTED_EDGE('',*,*,#1218,.F.);
#1792=ORIENTED_EDGE('',*,*,#1196,.F.);
#1793=ORIENTED_EDGE('',*,*,#1241,.F.);
#1794=ORIENTED_EDGE('',*,*,#1200,.F.);
#1795=ORIENTED_EDGE('',*,*,#1226,.F.);
#1796=ORIENTED_EDGE('',*,*,#1172,.F.);
#1797=ORIENTED_EDGE('',*,*,#1239,.F.);
#1798=ORIENTED_EDGE('',*,*,#1176,.F.);
#1799=ORIENTED_EDGE('',*,*,#1229,.F.);
#1800=ORIENTED_EDGE('',*,*,#1212,.F.);
#1801=ORIENTED_EDGE('',*,*,#1237,.F.);
#1802=ORIENTED_EDGE('',*,*,#1216,.F.);
#1803=ORIENTED_EDGE('',*,*,#1220,.F.);
#1804=ORIENTED_EDGE('',*,*,#1188,.F.);
#1805=ORIENTED_EDGE('',*,*,#1235,.F.);
#1806=ORIENTED_EDGE('',*,*,#1192,.F.);
#1807=ORIENTED_EDGE('',*,*,#1222,.F.);
#1808=ORIENTED_EDGE('',*,*,#1184,.F.);
#1809=ORIENTED_EDGE('',*,*,#1233,.F.);
#1810=ORIENTED_EDGE('',*,*,#1180,.F.);
#1811=ORIENTED_EDGE('',*,*,#1106,.T.);
#1812=ORIENTED_EDGE('',*,*,#1110,.T.);
#1813=ORIENTED_EDGE('',*,*,#1114,.T.);
#1814=ORIENTED_EDGE('',*,*,#1118,.T.);
#1815=ORIENTED_EDGE('',*,*,#1124,.T.);
#1816=ORIENTED_EDGE('',*,*,#1128,.T.);
#1817=ORIENTED_EDGE('',*,*,#1131,.T.);
#1818=ORIENTED_EDGE('',*,*,#1134,.T.);
#1819=ORIENTED_EDGE('',*,*,#1137,.T.);
#1820=ORIENTED_EDGE('',*,*,#1140,.T.);
#1821=ORIENTED_EDGE('',*,*,#1143,.T.);
#1822=ORIENTED_EDGE('',*,*,#1145,.T.);
#1823=ORIENTED_EDGE('',*,*,#1148,.T.);
#1824=ORIENTED_EDGE('',*,*,#1152,.T.);
#1825=ORIENTED_EDGE('',*,*,#1155,.T.);
#1826=ORIENTED_EDGE('',*,*,#1158,.T.);
#1827=ORIENTED_EDGE('',*,*,#1161,.T.);
#1828=ORIENTED_EDGE('',*,*,#1164,.T.);
#1829=ORIENTED_EDGE('',*,*,#1167,.T.);
#1830=ORIENTED_EDGE('',*,*,#1169,.T.);
#1831=ORIENTED_EDGE('',*,*,#1314,.F.);
#1832=ORIENTED_EDGE('',*,*,#1315,.F.);
#1833=ORIENTED_EDGE('',*,*,#1296,.T.);
#1834=ORIENTED_EDGE('',*,*,#1316,.T.);
#1835=ORIENTED_EDGE('',*,*,#1263,.F.);
#1836=ORIENTED_EDGE('',*,*,#1316,.F.);
#1837=ORIENTED_EDGE('',*,*,#1286,.T.);
#1838=ORIENTED_EDGE('',*,*,#1317,.T.);
#1839=ORIENTED_EDGE('',*,*,#1313,.F.);
#1840=ORIENTED_EDGE('',*,*,#1317,.F.);
#1841=ORIENTED_EDGE('',*,*,#1311,.T.);
#1842=ORIENTED_EDGE('',*,*,#1318,.T.);
#1843=ORIENTED_EDGE('',*,*,#1264,.F.);
#1844=ORIENTED_EDGE('',*,*,#1318,.F.);
#1845=ORIENTED_EDGE('',*,*,#1273,.T.);
#1846=ORIENTED_EDGE('',*,*,#1319,.T.);
#1847=ORIENTED_EDGE('',*,*,#1102,.T.);
#1848=ORIENTED_EDGE('',*,*,#1319,.F.);
#1849=ORIENTED_EDGE('',*,*,#1274,.F.);
#1850=ORIENTED_EDGE('',*,*,#1096,.F.);
#1851=ORIENTED_EDGE('',*,*,#1293,.T.);
#1852=ORIENTED_EDGE('',*,*,#1294,.F.);
#1853=ORIENTED_EDGE('',*,*,#1091,.F.);
#1854=ORIENTED_EDGE('',*,*,#1303,.T.);
#1855=ORIENTED_EDGE('',*,*,#1304,.F.);
#1856=ORIENTED_EDGE('',*,*,#1085,.F.);
#1857=ORIENTED_EDGE('',*,*,#1283,.T.);
#1858=ORIENTED_EDGE('',*,*,#1284,.F.);
#1859=ORIENTED_EDGE('',*,*,#1080,.F.);
#1860=ORIENTED_EDGE('',*,*,#1279,.T.);
#1861=ORIENTED_EDGE('',*,*,#1277,.F.);
#1862=ORIENTED_EDGE('',*,*,#1078,.F.);
#1863=ORIENTED_EDGE('',*,*,#1299,.T.);
#1864=ORIENTED_EDGE('',*,*,#1297,.F.);
#1865=ORIENTED_EDGE('',*,*,#1073,.F.);
#1866=ORIENTED_EDGE('',*,*,#1309,.T.);
#1867=ORIENTED_EDGE('',*,*,#1307,.F.);
#1868=ORIENTED_EDGE('',*,*,#1067,.F.);
#1869=ORIENTED_EDGE('',*,*,#1289,.T.);
#1870=ORIENTED_EDGE('',*,*,#1287,.F.);
#1871=ORIENTED_EDGE('',*,*,#1098,.F.);
#1872=ORIENTED_EDGE('',*,*,#1101,.F.);
#1873=ORIENTED_EDGE('',*,*,#1320,.T.);
#1874=ORIENTED_EDGE('',*,*,#1315,.T.);
#1875=ORIENTED_EDGE('',*,*,#1320,.F.);
#1876=ORIENTED_EDGE('',*,*,#1092,.F.);
#1877=ORIENTED_EDGE('',*,*,#1321,.T.);
#1878=ORIENTED_EDGE('',*,*,#1261,.F.);
#1879=ORIENTED_EDGE('',*,*,#1321,.F.);
#1880=ORIENTED_EDGE('',*,*,#1306,.T.);
#1881=ORIENTED_EDGE('',*,*,#1322,.T.);
#1882=ORIENTED_EDGE('',*,*,#1312,.F.);
#1883=ORIENTED_EDGE('',*,*,#1322,.F.);
#1884=ORIENTED_EDGE('',*,*,#1083,.F.);
#1885=ORIENTED_EDGE('',*,*,#1323,.T.);
#1886=ORIENTED_EDGE('',*,*,#1314,.T.);
#1887=ORIENTED_EDGE('',*,*,#1323,.F.);
#1888=ORIENTED_EDGE('',*,*,#1301,.T.);
#1889=ORIENTED_EDGE('',*,*,#1324,.T.);
#1890=ORIENTED_EDGE('',*,*,#1266,.F.);
#1891=ORIENTED_EDGE('',*,*,#1324,.F.);
#1892=ORIENTED_EDGE('',*,*,#1291,.T.);
#1893=ORIENTED_EDGE('',*,*,#1325,.T.);
#1894=ORIENTED_EDGE('',*,*,#1265,.F.);
#1895=ORIENTED_EDGE('',*,*,#1325,.F.);
#1896=ORIENTED_EDGE('',*,*,#1276,.T.);
#1897=ORIENTED_EDGE('',*,*,#1326,.T.);
#1898=ORIENTED_EDGE('',*,*,#1262,.F.);
#1899=ORIENTED_EDGE('',*,*,#1326,.F.);
#1900=ORIENTED_EDGE('',*,*,#1281,.T.);
#1901=ORIENTED_EDGE('',*,*,#1327,.T.);
#1902=ORIENTED_EDGE('',*,*,#1267,.F.);
#1903=ORIENTED_EDGE('',*,*,#1327,.F.);
#1904=ORIENTED_EDGE('',*,*,#1074,.F.);
#1905=ORIENTED_EDGE('',*,*,#1328,.T.);
#1906=ORIENTED_EDGE('',*,*,#1260,.F.);
#1907=ORIENTED_EDGE('',*,*,#1328,.F.);
#1908=ORIENTED_EDGE('',*,*,#1329,.F.);
#1909=ORIENTED_EDGE('',*,*,#1330,.T.);
#1910=ORIENTED_EDGE('',*,*,#1331,.F.);
#1911=ORIENTED_EDGE('',*,*,#1330,.F.);
#1912=ORIENTED_EDGE('',*,*,#1332,.F.);
#1913=ORIENTED_EDGE('',*,*,#1333,.T.);
#1914=ORIENTED_EDGE('',*,*,#1334,.F.);
#1915=ORIENTED_EDGE('',*,*,#1333,.F.);
#1916=ORIENTED_EDGE('',*,*,#1335,.T.);
#1917=ORIENTED_EDGE('',*,*,#1336,.F.);
#1918=ORIENTED_EDGE('',*,*,#1337,.T.);
#1919=ORIENTED_EDGE('',*,*,#1338,.F.);
#1920=ORIENTED_EDGE('',*,*,#1339,.T.);
#1921=ORIENTED_EDGE('',*,*,#1340,.F.);
#1922=ORIENTED_EDGE('',*,*,#1341,.F.);
#1923=ORIENTED_EDGE('',*,*,#1342,.F.);
#1924=ORIENTED_EDGE('',*,*,#1329,.T.);
#1925=ORIENTED_EDGE('',*,*,#1332,.T.);
#1926=ORIENTED_EDGE('',*,*,#1343,.F.);
#1927=ORIENTED_EDGE('',*,*,#1335,.F.);
#1928=ORIENTED_EDGE('',*,*,#1344,.F.);
#1929=ORIENTED_EDGE('',*,*,#1339,.F.);
#1930=ORIENTED_EDGE('',*,*,#1345,.F.);
#1931=ORIENTED_EDGE('',*,*,#1341,.T.);
#1932=ORIENTED_EDGE('',*,*,#1346,.F.);
#1933=ORIENTED_EDGE('',*,*,#1347,.F.);
#1934=ORIENTED_EDGE('',*,*,#1348,.F.);
#1935=ORIENTED_EDGE('',*,*,#1347,.T.);
#1936=ORIENTED_EDGE('',*,*,#1349,.F.);
#1937=ORIENTED_EDGE('',*,*,#1337,.F.);
#1938=ORIENTED_EDGE('',*,*,#1331,.T.);
#1939=ORIENTED_EDGE('',*,*,#1334,.T.);
#1940=ORIENTED_EDGE('',*,*,#1343,.T.);
#1941=ORIENTED_EDGE('',*,*,#1342,.T.);
#1942=ORIENTED_EDGE('',*,*,#1345,.T.);
#1943=ORIENTED_EDGE('',*,*,#1348,.T.);
#1944=ORIENTED_EDGE('',*,*,#1336,.T.);
#1945=ORIENTED_EDGE('',*,*,#1344,.T.);
#1946=ORIENTED_EDGE('',*,*,#1338,.T.);
#1947=ORIENTED_EDGE('',*,*,#1349,.T.);
#1948=ORIENTED_EDGE('',*,*,#1346,.T.);
#1949=ORIENTED_EDGE('',*,*,#1340,.T.);
#1950=CYLINDRICAL_SURFACE('',#2133,2.5);
#1951=CYLINDRICAL_SURFACE('',#2138,2.5);
#1952=CYLINDRICAL_SURFACE('',#2143,2.5);
#1953=CYLINDRICAL_SURFACE('',#2148,2.5);
#1954=CYLINDRICAL_SURFACE('',#2200,2.5);
#1955=CYLINDRICAL_SURFACE('',#2205,2.5);
#1956=CYLINDRICAL_SURFACE('',#2210,2.5);
#1957=CYLINDRICAL_SURFACE('',#2215,2.5);
#1958=CYLINDRICAL_SURFACE('',#2220,25.);
#1959=CYLINDRICAL_SURFACE('',#2223,2.);
#1960=CYLINDRICAL_SURFACE('',#2227,2.);
#1961=CYLINDRICAL_SURFACE('',#2231,2.);
#1962=CYLINDRICAL_SURFACE('',#2235,2.);
#1963=CYLINDRICAL_SURFACE('',#2239,2.);
#1964=CYLINDRICAL_SURFACE('',#2243,2.);
#1965=CYLINDRICAL_SURFACE('',#2247,2.);
#1966=CYLINDRICAL_SURFACE('',#2251,2.);
#1967=CYLINDRICAL_SURFACE('',#2266,29.);
#1968=CYLINDRICAL_SURFACE('',#2269,29.);
#1969=CYLINDRICAL_SURFACE('',#2272,29.);
#1970=CYLINDRICAL_SURFACE('',#2275,29.);
#1971=CYLINDRICAL_SURFACE('',#2278,29.);
#1972=CYLINDRICAL_SURFACE('',#2281,29.);
#1973=CYLINDRICAL_SURFACE('',#2284,35.);
#1974=CYLINDRICAL_SURFACE('',#2311,0.5);
#1975=CYLINDRICAL_SURFACE('',#2312,0.5);
#1976=CYLINDRICAL_SURFACE('',#2313,0.5);
#1977=CYLINDRICAL_SURFACE('',#2314,0.499999999999999);
#1978=CYLINDRICAL_SURFACE('',#2315,3.);
#1979=CYLINDRICAL_SURFACE('',#2317,3.);
#1980=CYLINDRICAL_SURFACE('',#2321,3.);
#1981=CYLINDRICAL_SURFACE('',#2323,3.);
#1982=CYLINDRICAL_SURFACE('',#2327,3.);
#1983=CYLINDRICAL_SURFACE('',#2329,3.);
#1984=CYLINDRICAL_SURFACE('',#2333,3.);
#1985=CYLINDRICAL_SURFACE('',#2335,3.);
#1986=CYLINDRICAL_SURFACE('',#2339,3.);
#1987=CYLINDRICAL_SURFACE('',#2341,3.);
#1988=CYLINDRICAL_SURFACE('',#2345,3.);
#1989=CYLINDRICAL_SURFACE('',#2347,3.);
#1990=CYLINDRICAL_SURFACE('',#2351,3.);
#1991=CYLINDRICAL_SURFACE('',#2353,3.);
#1992=CYLINDRICAL_SURFACE('',#2357,3.);
#1993=CYLINDRICAL_SURFACE('',#2359,3.);
#1994=CYLINDRICAL_SURFACE('',#2370,1.6);
#1995=CYLINDRICAL_SURFACE('',#2371,1.6);
#1996=CYLINDRICAL_SURFACE('',#2372,1.6);
#1997=CYLINDRICAL_SURFACE('',#2373,29.);
#1998=CYLINDRICAL_SURFACE('',#2374,1.6);
#1999=CYLINDRICAL_SURFACE('',#2375,1.6);
#2000=CYLINDRICAL_SURFACE('',#2376,1.6);
#2001=CYLINDRICAL_SURFACE('',#2377,1.6);
#2002=CYLINDRICAL_SURFACE('',#2378,1.6);
#2003=CYLINDRICAL_SURFACE('',#2379,1.6);
#2004=CYLINDRICAL_SURFACE('',#2380,1.6);
#2005=CYLINDRICAL_SURFACE('',#2381,1.6);
#2006=CYLINDRICAL_SURFACE('',#2382,1.6);
#2007=CYLINDRICAL_SURFACE('',#2383,1.4);
#2008=CYLINDRICAL_SURFACE('',#2386,1.4);
#2009=CYLINDRICAL_SURFACE('',#2391,35.0000005215406);
#2010=ADVANCED_FACE('',(#131),#1950,.T.);
#2011=ADVANCED_FACE('',(#132,#23),#72,.F.);
#2012=ADVANCED_FACE('',(#133),#1951,.T.);
#2013=ADVANCED_FACE('',(#134,#24),#73,.F.);
#2014=ADVANCED_FACE('',(#135),#1952,.T.);
#2015=ADVANCED_FACE('',(#136,#25),#74,.F.);
#2016=ADVANCED_FACE('',(#137),#1953,.T.);
#2017=ADVANCED_FACE('',(#138,#26),#75,.F.);
#2018=ADVANCED_FACE('',(#139),#76,.T.);
#2019=ADVANCED_FACE('',(#140,#27),#77,.T.);
#2020=ADVANCED_FACE('',(#141),#78,.T.);
#2021=ADVANCED_FACE('',(#142,#28),#79,.T.);
#2022=ADVANCED_FACE('',(#143),#80,.T.);
#2023=ADVANCED_FACE('',(#144,#29),#81,.T.);
#2024=ADVANCED_FACE('',(#145),#82,.T.);
#2025=ADVANCED_FACE('',(#146,#30),#83,.T.);
#2026=ADVANCED_FACE('',(#147,#31),#84,.T.);
#2027=ADVANCED_FACE('',(#148),#1954,.T.);
#2028=ADVANCED_FACE('',(#149,#32),#85,.T.);
#2029=ADVANCED_FACE('',(#150),#1955,.T.);
#2030=ADVANCED_FACE('',(#151,#33),#86,.T.);
#2031=ADVANCED_FACE('',(#152),#1956,.T.);
#2032=ADVANCED_FACE('',(#153,#34),#87,.T.);
#2033=ADVANCED_FACE('',(#154),#1957,.T.);
#2034=ADVANCED_FACE('',(#155,#35),#88,.T.);
#2035=ADVANCED_FACE('',(#156),#1958,.F.);
#2036=ADVANCED_FACE('',(#157),#89,.F.);
#2037=ADVANCED_FACE('',(#158),#1959,.F.);
#2038=ADVANCED_FACE('',(#159),#90,.F.);
#2039=ADVANCED_FACE('',(#160),#1960,.F.);
#2040=ADVANCED_FACE('',(#161),#91,.F.);
#2041=ADVANCED_FACE('',(#162),#1961,.F.);
#2042=ADVANCED_FACE('',(#163),#92,.F.);
#2043=ADVANCED_FACE('',(#164),#1962,.F.);
#2044=ADVANCED_FACE('',(#165),#93,.F.);
#2045=ADVANCED_FACE('',(#166),#1963,.F.);
#2046=ADVANCED_FACE('',(#167),#94,.F.);
#2047=ADVANCED_FACE('',(#168),#1964,.F.);
#2048=ADVANCED_FACE('',(#169),#95,.F.);
#2049=ADVANCED_FACE('',(#170),#1965,.F.);
#2050=ADVANCED_FACE('',(#171),#96,.F.);
#2051=ADVANCED_FACE('',(#172),#1966,.F.);
#2052=ADVANCED_FACE('',(#173),#97,.F.);
#2053=ADVANCED_FACE('',(#174),#98,.F.);
#2054=ADVANCED_FACE('',(#175),#99,.F.);
#2055=ADVANCED_FACE('',(#176),#100,.F.);
#2056=ADVANCED_FACE('',(#177),#101,.F.);
#2057=ADVANCED_FACE('',(#178),#102,.F.);
#2058=ADVANCED_FACE('',(#179),#103,.F.);
#2059=ADVANCED_FACE('',(#180),#104,.F.);
#2060=ADVANCED_FACE('',(#181),#105,.F.);
#2061=ADVANCED_FACE('',(#182),#106,.F.);
#2062=ADVANCED_FACE('',(#183),#107,.F.);
#2063=ADVANCED_FACE('',(#184),#108,.F.);
#2064=ADVANCED_FACE('',(#185),#1967,.F.);
#2065=ADVANCED_FACE('',(#186),#1968,.F.);
#2066=ADVANCED_FACE('',(#187),#1969,.F.);
#2067=ADVANCED_FACE('',(#188),#1970,.F.);
#2068=ADVANCED_FACE('',(#189),#1971,.F.);
#2069=ADVANCED_FACE('',(#190),#1972,.F.);
#2070=ADVANCED_FACE('',(#191),#1973,.T.);
#2071=ADVANCED_FACE('',(#192,#36),#109,.F.);
#2072=ADVANCED_FACE('',(#193,#37),#110,.F.);
#2073=ADVANCED_FACE('',(#194,#38,#39),#111,.F.);
#2074=ADVANCED_FACE('',(#195,#40,#41),#112,.F.);
#2075=ADVANCED_FACE('',(#196,#42,#43),#113,.F.);
#2076=ADVANCED_FACE('',(#197),#1974,.F.);
#2077=ADVANCED_FACE('',(#198),#1975,.F.);
#2078=ADVANCED_FACE('',(#199),#1976,.F.);
#2079=ADVANCED_FACE('',(#200),#1977,.F.);
#2080=ADVANCED_FACE('',(#201),#1978,.F.);
#2081=ADVANCED_FACE('',(#202),#1979,.F.);
#2082=ADVANCED_FACE('',(#203,#44),#114,.T.);
#2083=ADVANCED_FACE('',(#204),#1980,.F.);
#2084=ADVANCED_FACE('',(#205),#1981,.F.);
#2085=ADVANCED_FACE('',(#206,#45),#115,.T.);
#2086=ADVANCED_FACE('',(#207),#1982,.F.);
#2087=ADVANCED_FACE('',(#208),#1983,.F.);
#2088=ADVANCED_FACE('',(#209,#46),#116,.T.);
#2089=ADVANCED_FACE('',(#210),#1984,.F.);
#2090=ADVANCED_FACE('',(#211),#1985,.F.);
#2091=ADVANCED_FACE('',(#212,#47),#117,.T.);
#2092=ADVANCED_FACE('',(#213),#1986,.F.);
#2093=ADVANCED_FACE('',(#214),#1987,.F.);
#2094=ADVANCED_FACE('',(#215,#48),#118,.T.);
#2095=ADVANCED_FACE('',(#216),#1988,.F.);
#2096=ADVANCED_FACE('',(#217),#1989,.F.);
#2097=ADVANCED_FACE('',(#218,#49),#119,.T.);
#2098=ADVANCED_FACE('',(#219),#1990,.F.);
#2099=ADVANCED_FACE('',(#220),#1991,.F.);
#2100=ADVANCED_FACE('',(#221,#50),#120,.T.);
#2101=ADVANCED_FACE('',(#222),#1992,.F.);
#2102=ADVANCED_FACE('',(#223),#1993,.F.);
#2103=ADVANCED_FACE('',(#224,#51),#121,.T.);
#2104=ADVANCED_FACE('',(#225,#52,#53),#122,.F.);
#2105=ADVANCED_FACE('',(#226,#54,#55,#56,#57,#58,#59),#123,.T.);
#2106=ADVANCED_FACE('',(#227,#60,#61,#62,#63,#64,#65,#66,#67),#124,.F.);
#2107=ADVANCED_FACE('',(#228),#1994,.F.);
#2108=ADVANCED_FACE('',(#229),#1995,.F.);
#2109=ADVANCED_FACE('',(#230),#1996,.F.);
#2110=ADVANCED_FACE('',(#231),#1997,.F.);
#2111=ADVANCED_FACE('',(#232),#1998,.F.);
#2112=ADVANCED_FACE('',(#233),#1999,.F.);
#2113=ADVANCED_FACE('',(#234),#2000,.F.);
#2114=ADVANCED_FACE('',(#235),#2001,.F.);
#2115=ADVANCED_FACE('',(#236),#2002,.F.);
#2116=ADVANCED_FACE('',(#237),#2003,.F.);
#2117=ADVANCED_FACE('',(#238),#2004,.F.);
#2118=ADVANCED_FACE('',(#239),#2005,.F.);
#2119=ADVANCED_FACE('',(#240),#2006,.F.);
#2120=ADVANCED_FACE('',(#241),#2007,.F.);
#2121=ADVANCED_FACE('',(#242),#2008,.F.);
#2122=ADVANCED_FACE('',(#243),#125,.T.);
#2123=ADVANCED_FACE('',(#244,#68,#69),#126,.T.);
#2124=ADVANCED_FACE('',(#245),#2009,.F.);
#2125=ADVANCED_FACE('',(#246),#127,.T.);
#2126=ADVANCED_FACE('',(#247,#70,#71),#128,.T.);
#2127=ADVANCED_FACE('',(#248),#129,.F.);
#2128=ADVANCED_FACE('',(#249),#130,.T.);
#2129=CLOSED_SHELL('',(#2010,#2011,#2012,#2013,#2014,#2015,#2016,#2017,
#2018,#2019,#2020,#2021,#2022,#2023,#2024,#2025,#2026,#2027,#2028,#2029,
#2030,#2031,#2032,#2033,#2034,#2035,#2036,#2037,#2038,#2039,#2040,#2041,
#2042,#2043,#2044,#2045,#2046,#2047,#2048,#2049,#2050,#2051,#2052,#2053,
#2054,#2055,#2056,#2057,#2058,#2059,#2060,#2061,#2062,#2063,#2064,#2065,
#2066,#2067,#2068,#2069,#2070,#2071,#2072,#2073,#2074,#2075,#2076,#2077,
#2078,#2079,#2080,#2081,#2082,#2083,#2084,#2085,#2086,#2087,#2088,#2089,
#2090,#2091,#2092,#2093,#2094,#2095,#2096,#2097,#2098,#2099,#2100,#2101,
#2102,#2103,#2104,#2105,#2106,#2107,#2108,#2109,#2110,#2111,#2112,#2113,
#2114,#2115,#2116,#2117,#2118,#2119));
#2130=CLOSED_SHELL('',(#2120,#2121,#2122,#2123,#2124,#2125,#2126,#2127,
#2128));
#2131=AXIS2_PLACEMENT_3D('',#3089,#2399,#2400);
#2132=AXIS2_PLACEMENT_3D('',#3090,#2401,#2402);
#2133=AXIS2_PLACEMENT_3D('',#3091,#2403,#2404);
#2134=AXIS2_PLACEMENT_3D('',#3093,#2405,#2406);
#2135=AXIS2_PLACEMENT_3D('',#3096,#2408,#2409);
#2136=AXIS2_PLACEMENT_3D('',#3097,#2410,#2411);
#2137=AXIS2_PLACEMENT_3D('',#3099,#2412,#2413);
#2138=AXIS2_PLACEMENT_3D('',#3100,#2414,#2415);
#2139=AXIS2_PLACEMENT_3D('',#3102,#2416,#2417);
#2140=AXIS2_PLACEMENT_3D('',#3105,#2419,#2420);
#2141=AXIS2_PLACEMENT_3D('',#3106,#2421,#2422);
#2142=AXIS2_PLACEMENT_3D('',#3108,#2423,#2424);
#2143=AXIS2_PLACEMENT_3D('',#3109,#2425,#2426);
#2144=AXIS2_PLACEMENT_3D('',#3111,#2427,#2428);
#2145=AXIS2_PLACEMENT_3D('',#3114,#2430,#2431);
#2146=AXIS2_PLACEMENT_3D('',#3115,#2432,#2433);
#2147=AXIS2_PLACEMENT_3D('',#3117,#2434,#2435);
#2148=AXIS2_PLACEMENT_3D('',#3118,#2436,#2437);
#2149=AXIS2_PLACEMENT_3D('',#3120,#2438,#2439);
#2150=AXIS2_PLACEMENT_3D('',#3123,#2441,#2442);
#2151=AXIS2_PLACEMENT_3D('',#3124,#2443,#2444);
#2152=AXIS2_PLACEMENT_3D('',#3126,#2445,#2446);
#2153=AXIS2_PLACEMENT_3D('',#3127,#2447,#2448);
#2154=AXIS2_PLACEMENT_3D('',#3130,#2449,#2450);
#2155=AXIS2_PLACEMENT_3D('',#3132,#2451,#2452);
#2156=AXIS2_PLACEMENT_3D('',#3134,#2453,#2454);
#2157=AXIS2_PLACEMENT_3D('',#3135,#2455,#2456);
#2158=AXIS2_PLACEMENT_3D('',#3136,#2457,#2458);
#2159=AXIS2_PLACEMENT_3D('',#3139,#2459,#2460);
#2160=AXIS2_PLACEMENT_3D('',#3140,#2461,#2462);
#2161=AXIS2_PLACEMENT_3D('',#3141,#2463,#2464);
#2162=AXIS2_PLACEMENT_3D('',#3142,#2465,#2466);
#2163=AXIS2_PLACEMENT_3D('',#3144,#2467,#2468);
#2164=AXIS2_PLACEMENT_3D('',#3145,#2469,#2470);
#2165=AXIS2_PLACEMENT_3D('',#3148,#2471,#2472);
#2166=AXIS2_PLACEMENT_3D('',#3149,#2473,#2474);
#2167=AXIS2_PLACEMENT_3D('',#3150,#2475,#2476);
#2168=AXIS2_PLACEMENT_3D('',#3151,#2477,#2478);
#2169=AXIS2_PLACEMENT_3D('',#3152,#2479,#2480);
#2170=AXIS2_PLACEMENT_3D('',#3153,#2481,#2482);
#2171=AXIS2_PLACEMENT_3D('',#3155,#2483,#2484);
#2172=AXIS2_PLACEMENT_3D('',#3157,#2485,#2486);
#2173=AXIS2_PLACEMENT_3D('',#3158,#2487,#2488);
#2174=AXIS2_PLACEMENT_3D('',#3160,#2489,#2490);
#2175=AXIS2_PLACEMENT_3D('',#3161,#2491,#2492);
#2176=AXIS2_PLACEMENT_3D('',#3162,#2493,#2494);
#2177=AXIS2_PLACEMENT_3D('',#3164,#2495,#2496);
#2178=AXIS2_PLACEMENT_3D('',#3166,#2497,#2498);
#2179=AXIS2_PLACEMENT_3D('',#3167,#2499,#2500);
#2180=AXIS2_PLACEMENT_3D('',#3168,#2501,#2502);
#2181=AXIS2_PLACEMENT_3D('',#3171,#2503,#2504);
#2182=AXIS2_PLACEMENT_3D('',#3172,#2505,#2506);
#2183=AXIS2_PLACEMENT_3D('',#3173,#2507,#2508);
#2184=AXIS2_PLACEMENT_3D('',#3174,#2509,#2510);
#2185=AXIS2_PLACEMENT_3D('',#3176,#2511,#2512);
#2186=AXIS2_PLACEMENT_3D('',#3177,#2513,#2514);
#2187=AXIS2_PLACEMENT_3D('',#3180,#2515,#2516);
#2188=AXIS2_PLACEMENT_3D('',#3181,#2517,#2518);
#2189=AXIS2_PLACEMENT_3D('',#3182,#2519,#2520);
#2190=AXIS2_PLACEMENT_3D('',#3183,#2521,#2522);
#2191=AXIS2_PLACEMENT_3D('',#3184,#2523,#2524);
#2192=AXIS2_PLACEMENT_3D('',#3185,#2525,#2526);
#2193=AXIS2_PLACEMENT_3D('',#3186,#2527,#2528);
#2194=AXIS2_PLACEMENT_3D('',#3187,#2529,#2530);
#2195=AXIS2_PLACEMENT_3D('',#3188,#2531,#2532);
#2196=AXIS2_PLACEMENT_3D('',#3190,#2533,#2534);
#2197=AXIS2_PLACEMENT_3D('',#3191,#2535,#2536);
#2198=AXIS2_PLACEMENT_3D('',#3193,#2537,#2538);
#2199=AXIS2_PLACEMENT_3D('',#3195,#2539,#2540);
#2200=AXIS2_PLACEMENT_3D('',#3196,#2541,#2542);
#2201=AXIS2_PLACEMENT_3D('',#3198,#2543,#2544);
#2202=AXIS2_PLACEMENT_3D('',#3201,#2546,#2547);
#2203=AXIS2_PLACEMENT_3D('',#3202,#2548,#2549);
#2204=AXIS2_PLACEMENT_3D('',#3204,#2550,#2551);
#2205=AXIS2_PLACEMENT_3D('',#3205,#2552,#2553);
#2206=AXIS2_PLACEMENT_3D('',#3207,#2554,#2555);
#2207=AXIS2_PLACEMENT_3D('',#3210,#2557,#2558);
#2208=AXIS2_PLACEMENT_3D('',#3211,#2559,#2560);
#2209=AXIS2_PLACEMENT_3D('',#3213,#2561,#2562);
#2210=AXIS2_PLACEMENT_3D('',#3214,#2563,#2564);
#2211=AXIS2_PLACEMENT_3D('',#3216,#2565,#2566);
#2212=AXIS2_PLACEMENT_3D('',#3219,#2568,#2569);
#2213=AXIS2_PLACEMENT_3D('',#3220,#2570,#2571);
#2214=AXIS2_PLACEMENT_3D('',#3222,#2572,#2573);
#2215=AXIS2_PLACEMENT_3D('',#3223,#2574,#2575);
#2216=AXIS2_PLACEMENT_3D('',#3225,#2576,#2577);
#2217=AXIS2_PLACEMENT_3D('',#3228,#2579,#2580);
#2218=AXIS2_PLACEMENT_3D('',#3229,#2581,#2582);
#2219=AXIS2_PLACEMENT_3D('',#3231,#2583,#2584);
#2220=AXIS2_PLACEMENT_3D('',#3232,#2585,#2586);
#2221=AXIS2_PLACEMENT_3D('',#3235,#2588,#2589);
#2222=AXIS2_PLACEMENT_3D('',#3236,#2590,#2591);
#2223=AXIS2_PLACEMENT_3D('',#3245,#2596,#2597);
#2224=AXIS2_PLACEMENT_3D('',#3247,#2598,#2599);
#2225=AXIS2_PLACEMENT_3D('',#3250,#2601,#2602);
#2226=AXIS2_PLACEMENT_3D('',#3251,#2603,#2604);
#2227=AXIS2_PLACEMENT_3D('',#3257,#2608,#2609);
#2228=AXIS2_PLACEMENT_3D('',#3259,#2610,#2611);
#2229=AXIS2_PLACEMENT_3D('',#3262,#2613,#2614);
#2230=AXIS2_PLACEMENT_3D('',#3263,#2615,#2616);
#2231=AXIS2_PLACEMENT_3D('',#3269,#2620,#2621);
#2232=AXIS2_PLACEMENT_3D('',#3271,#2622,#2623);
#2233=AXIS2_PLACEMENT_3D('',#3274,#2625,#2626);
#2234=AXIS2_PLACEMENT_3D('',#3275,#2627,#2628);
#2235=AXIS2_PLACEMENT_3D('',#3281,#2632,#2633);
#2236=AXIS2_PLACEMENT_3D('',#3282,#2634,#2635);
#2237=AXIS2_PLACEMENT_3D('',#3283,#2636,#2637);
#2238=AXIS2_PLACEMENT_3D('',#3284,#2638,#2639);
#2239=AXIS2_PLACEMENT_3D('',#3293,#2644,#2645);
#2240=AXIS2_PLACEMENT_3D('',#3295,#2646,#2647);
#2241=AXIS2_PLACEMENT_3D('',#3298,#2649,#2650);
#2242=AXIS2_PLACEMENT_3D('',#3299,#2651,#2652);
#2243=AXIS2_PLACEMENT_3D('',#3305,#2656,#2657);
#2244=AXIS2_PLACEMENT_3D('',#3307,#2658,#2659);
#2245=AXIS2_PLACEMENT_3D('',#3310,#2661,#2662);
#2246=AXIS2_PLACEMENT_3D('',#3311,#2663,#2664);
#2247=AXIS2_PLACEMENT_3D('',#3317,#2668,#2669);
#2248=AXIS2_PLACEMENT_3D('',#3319,#2670,#2671);
#2249=AXIS2_PLACEMENT_3D('',#3322,#2673,#2674);
#2250=AXIS2_PLACEMENT_3D('',#3323,#2675,#2676);
#2251=AXIS2_PLACEMENT_3D('',#3329,#2680,#2681);
#2252=AXIS2_PLACEMENT_3D('',#3330,#2682,#2683);
#2253=AXIS2_PLACEMENT_3D('',#3331,#2684,#2685);
#2254=AXIS2_PLACEMENT_3D('',#3332,#2686,#2687);
#2255=AXIS2_PLACEMENT_3D('',#3341,#2692,#2693);
#2256=AXIS2_PLACEMENT_3D('',#3350,#2698,#2699);
#2257=AXIS2_PLACEMENT_3D('',#3359,#2704,#2705);
#2258=AXIS2_PLACEMENT_3D('',#3368,#2710,#2711);
#2259=AXIS2_PLACEMENT_3D('',#3377,#2716,#2717);
#2260=AXIS2_PLACEMENT_3D('',#3386,#2722,#2723);
#2261=AXIS2_PLACEMENT_3D('',#3395,#2728,#2729);
#2262=AXIS2_PLACEMENT_3D('',#3404,#2734,#2735);
#2263=AXIS2_PLACEMENT_3D('',#3413,#2740,#2741);
#2264=AXIS2_PLACEMENT_3D('',#3422,#2746,#2747);
#2265=AXIS2_PLACEMENT_3D('',#3431,#2752,#2753);
#2266=AXIS2_PLACEMENT_3D('',#3440,#2758,#2759);
#2267=AXIS2_PLACEMENT_3D('',#3441,#2760,#2761);
#2268=AXIS2_PLACEMENT_3D('',#3442,#2762,#2763);
#2269=AXIS2_PLACEMENT_3D('',#3443,#2764,#2765);
#2270=AXIS2_PLACEMENT_3D('',#3444,#2766,#2767);
#2271=AXIS2_PLACEMENT_3D('',#3445,#2768,#2769);
#2272=AXIS2_PLACEMENT_3D('',#3446,#2770,#2771);
#2273=AXIS2_PLACEMENT_3D('',#3447,#2772,#2773);
#2274=AXIS2_PLACEMENT_3D('',#3448,#2774,#2775);
#2275=AXIS2_PLACEMENT_3D('',#3449,#2776,#2777);
#2276=AXIS2_PLACEMENT_3D('',#3450,#2778,#2779);
#2277=AXIS2_PLACEMENT_3D('',#3451,#2780,#2781);
#2278=AXIS2_PLACEMENT_3D('',#3452,#2782,#2783);
#2279=AXIS2_PLACEMENT_3D('',#3453,#2784,#2785);
#2280=AXIS2_PLACEMENT_3D('',#3454,#2786,#2787);
#2281=AXIS2_PLACEMENT_3D('',#3455,#2788,#2789);
#2282=AXIS2_PLACEMENT_3D('',#3456,#2790,#2791);
#2283=AXIS2_PLACEMENT_3D('',#3457,#2792,#2793);
#2284=AXIS2_PLACEMENT_3D('',#3458,#2794,#2795);
#2285=AXIS2_PLACEMENT_3D('',#3463,#2798,#2799);
#2286=AXIS2_PLACEMENT_3D('',#3464,#2800,#2801);
#2287=AXIS2_PLACEMENT_3D('',#3465,#2802,#2803);
#2288=AXIS2_PLACEMENT_3D('',#3466,#2804,#2805);
#2289=AXIS2_PLACEMENT_3D('',#3467,#2806,#2807);
#2290=AXIS2_PLACEMENT_3D('',#3468,#2808,#2809);
#2291=AXIS2_PLACEMENT_3D('',#3469,#2810,#2811);
#2292=AXIS2_PLACEMENT_3D('',#3470,#2812,#2813);
#2293=AXIS2_PLACEMENT_3D('',#3471,#2814,#2815);
#2294=AXIS2_PLACEMENT_3D('',#3472,#2816,#2817);
#2295=AXIS2_PLACEMENT_3D('',#3473,#2818,#2819);
#2296=AXIS2_PLACEMENT_3D('',#3474,#2820,#2821);
#2297=AXIS2_PLACEMENT_3D('',#3475,#2822,#2823);
#2298=AXIS2_PLACEMENT_3D('',#3498,#2839,#2840);
#2299=AXIS2_PLACEMENT_3D('',#3500,#2841,#2842);
#2300=AXIS2_PLACEMENT_3D('',#3501,#2843,#2844);
#2301=AXIS2_PLACEMENT_3D('',#3503,#2845,#2846);
#2302=AXIS2_PLACEMENT_3D('',#3504,#2847,#2848);
#2303=AXIS2_PLACEMENT_3D('',#3506,#2849,#2850);
#2304=AXIS2_PLACEMENT_3D('',#3508,#2851,#2852);
#2305=AXIS2_PLACEMENT_3D('',#3509,#2853,#2854);
#2306=AXIS2_PLACEMENT_3D('',#3511,#2855,#2856);
#2307=AXIS2_PLACEMENT_3D('',#3513,#2857,#2858);
#2308=AXIS2_PLACEMENT_3D('',#3514,#2859,#2860);
#2309=AXIS2_PLACEMENT_3D('',#3516,#2861,#2862);
#2310=AXIS2_PLACEMENT_3D('',#3518,#2863,#2864);
#2311=AXIS2_PLACEMENT_3D('',#3519,#2865,#2866);
#2312=AXIS2_PLACEMENT_3D('',#3521,#2868,#2869);
#2313=AXIS2_PLACEMENT_3D('',#3523,#2871,#2872);
#2314=AXIS2_PLACEMENT_3D('',#3525,#2874,#2875);
#2315=AXIS2_PLACEMENT_3D('',#3527,#2877,#2878);
#2316=AXIS2_PLACEMENT_3D('',#3529,#2879,#2880);
#2317=AXIS2_PLACEMENT_3D('',#3531,#2882,#2883);
#2318=AXIS2_PLACEMENT_3D('',#3533,#2885,#2886);
#2319=AXIS2_PLACEMENT_3D('',#3534,#2887,#2888);
#2320=AXIS2_PLACEMENT_3D('',#3536,#2889,#2890);
#2321=AXIS2_PLACEMENT_3D('',#3537,#2891,#2892);
#2322=AXIS2_PLACEMENT_3D('',#3540,#2894,#2895);
#2323=AXIS2_PLACEMENT_3D('',#3541,#2896,#2897);
#2324=AXIS2_PLACEMENT_3D('',#3543,#2899,#2900);
#2325=AXIS2_PLACEMENT_3D('',#3544,#2901,#2902);
#2326=AXIS2_PLACEMENT_3D('',#3546,#2903,#2904);
#2327=AXIS2_PLACEMENT_3D('',#3547,#2905,#2906);
#2328=AXIS2_PLACEMENT_3D('',#3549,#2907,#2908);
#2329=AXIS2_PLACEMENT_3D('',#3551,#2910,#2911);
#2330=AXIS2_PLACEMENT_3D('',#3553,#2913,#2914);
#2331=AXIS2_PLACEMENT_3D('',#3554,#2915,#2916);
#2332=AXIS2_PLACEMENT_3D('',#3556,#2917,#2918);
#2333=AXIS2_PLACEMENT_3D('',#3557,#2919,#2920);
#2334=AXIS2_PLACEMENT_3D('',#3560,#2922,#2923);
#2335=AXIS2_PLACEMENT_3D('',#3561,#2924,#2925);
#2336=AXIS2_PLACEMENT_3D('',#3563,#2927,#2928);
#2337=AXIS2_PLACEMENT_3D('',#3564,#2929,#2930);
#2338=AXIS2_PLACEMENT_3D('',#3566,#2931,#2932);
#2339=AXIS2_PLACEMENT_3D('',#3567,#2933,#2934);
#2340=AXIS2_PLACEMENT_3D('',#3569,#2935,#2936);
#2341=AXIS2_PLACEMENT_3D('',#3571,#2938,#2939);
#2342=AXIS2_PLACEMENT_3D('',#3573,#2941,#2942);
#2343=AXIS2_PLACEMENT_3D('',#3574,#2943,#2944);
#2344=AXIS2_PLACEMENT_3D('',#3576,#2945,#2946);
#2345=AXIS2_PLACEMENT_3D('',#3577,#2947,#2948);
#2346=AXIS2_PLACEMENT_3D('',#3580,#2950,#2951);
#2347=AXIS2_PLACEMENT_3D('',#3581,#2952,#2953);
#2348=AXIS2_PLACEMENT_3D('',#3583,#2955,#2956);
#2349=AXIS2_PLACEMENT_3D('',#3584,#2957,#2958);
#2350=AXIS2_PLACEMENT_3D('',#3586,#2959,#2960);
#2351=AXIS2_PLACEMENT_3D('',#3587,#2961,#2962);
#2352=AXIS2_PLACEMENT_3D('',#3589,#2963,#2964);
#2353=AXIS2_PLACEMENT_3D('',#3591,#2966,#2967);
#2354=AXIS2_PLACEMENT_3D('',#3593,#2969,#2970);
#2355=AXIS2_PLACEMENT_3D('',#3594,#2971,#2972);
#2356=AXIS2_PLACEMENT_3D('',#3596,#2973,#2974);
#2357=AXIS2_PLACEMENT_3D('',#3597,#2975,#2976);
#2358=AXIS2_PLACEMENT_3D('',#3600,#2978,#2979);
#2359=AXIS2_PLACEMENT_3D('',#3601,#2980,#2981);
#2360=AXIS2_PLACEMENT_3D('',#3603,#2983,#2984);
#2361=AXIS2_PLACEMENT_3D('',#3604,#2985,#2986);
#2362=AXIS2_PLACEMENT_3D('',#3606,#2987,#2988);
#2363=AXIS2_PLACEMENT_3D('',#3607,#2989,#2990);
#2364=AXIS2_PLACEMENT_3D('',#3609,#2991,#2992);
#2365=AXIS2_PLACEMENT_3D('',#3611,#2993,#2994);
#2366=AXIS2_PLACEMENT_3D('',#3612,#2995,#2996);
#2367=AXIS2_PLACEMENT_3D('',#3613,#2997,#2998);
#2368=AXIS2_PLACEMENT_3D('',#3615,#2999,#3000);
#2369=AXIS2_PLACEMENT_3D('',#3617,#3001,#3002);
#2370=AXIS2_PLACEMENT_3D('',#3618,#3003,#3004);
#2371=AXIS2_PLACEMENT_3D('',#3620,#3006,#3007);
#2372=AXIS2_PLACEMENT_3D('',#3622,#3009,#3010);
#2373=AXIS2_PLACEMENT_3D('',#3624,#3012,#3013);
#2374=AXIS2_PLACEMENT_3D('',#3626,#3015,#3016);
#2375=AXIS2_PLACEMENT_3D('',#3628,#3018,#3019);
#2376=AXIS2_PLACEMENT_3D('',#3630,#3021,#3022);
#2377=AXIS2_PLACEMENT_3D('',#3632,#3024,#3025);
#2378=AXIS2_PLACEMENT_3D('',#3634,#3027,#3028);
#2379=AXIS2_PLACEMENT_3D('',#3636,#3030,#3031);
#2380=AXIS2_PLACEMENT_3D('',#3638,#3033,#3034);
#2381=AXIS2_PLACEMENT_3D('',#3640,#3036,#3037);
#2382=AXIS2_PLACEMENT_3D('',#3642,#3039,#3040);
#2383=AXIS2_PLACEMENT_3D('',#3644,#3042,#3043);
#2384=AXIS2_PLACEMENT_3D('',#3646,#3044,#3045);
#2385=AXIS2_PLACEMENT_3D('',#3649,#3047,#3048);
#2386=AXIS2_PLACEMENT_3D('',#3650,#3049,#3050);
#2387=AXIS2_PLACEMENT_3D('',#3652,#3051,#3052);
#2388=AXIS2_PLACEMENT_3D('',#3655,#3054,#3055);
#2389=AXIS2_PLACEMENT_3D('',#3656,#3056,#3057);
#2390=AXIS2_PLACEMENT_3D('',#3665,#3062,#3063);
#2391=AXIS2_PLACEMENT_3D('',#3674,#3068,#3069);
#2392=AXIS2_PLACEMENT_3D('',#3675,#3070,#3071);
#2393=AXIS2_PLACEMENT_3D('',#3676,#3072,#3073);
#2394=AXIS2_PLACEMENT_3D('',#3677,#3074,#3075);
#2395=AXIS2_PLACEMENT_3D('',#3683,#3079,#3080);
#2396=AXIS2_PLACEMENT_3D('',#3686,#3083,#3084);
#2397=AXIS2_PLACEMENT_3D('',#3687,#3085,#3086);
#2398=AXIS2_PLACEMENT_3D('',#3688,#3087,#3088);
#2399=DIRECTION('axis',(0.,0.,1.));
#2400=DIRECTION('refdir',(1.,0.,0.));
#2401=DIRECTION('axis',(0.,0.,1.));
#2402=DIRECTION('refdir',(1.,0.,0.));
#2403=DIRECTION('center_axis',(0.,-1.,9.95799250102959E-17));
#2404=DIRECTION('ref_axis',(1.,0.,0.));
#2405=DIRECTION('center_axis',(0.,-1.,9.95799250102959E-17));
#2406=DIRECTION('ref_axis',(1.,0.,0.));
#2407=DIRECTION('',(0.,1.,-9.95799250102959E-17));
#2408=DIRECTION('center_axis',(0.,1.,-9.95799250102959E-17));
#2409=DIRECTION('ref_axis',(1.,0.,0.));
#2410=DIRECTION('center_axis',(0.,1.,-9.95799250102959E-17));
#2411=DIRECTION('ref_axis',(1.,0.,0.));
#2412=DIRECTION('center_axis',(0.,1.,-9.95799250102959E-17));
#2413=DIRECTION('ref_axis',(1.,0.,0.));
#2414=DIRECTION('center_axis',(0.,-1.,9.95799250102959E-17));
#2415=DIRECTION('ref_axis',(1.,0.,0.));
#2416=DIRECTION('center_axis',(0.,-1.,9.95799250102959E-17));
#2417=DIRECTION('ref_axis',(1.,0.,0.));
#2418=DIRECTION('',(0.,1.,-9.95799250102959E-17));
#2419=DIRECTION('center_axis',(0.,1.,-9.95799250102959E-17));
#2420=DIRECTION('ref_axis',(1.,0.,0.));
#2421=DIRECTION('center_axis',(0.,1.,-9.95799250102959E-17));
#2422=DIRECTION('ref_axis',(1.,0.,0.));
#2423=DIRECTION('center_axis',(0.,1.,-9.95799250102959E-17));
#2424=DIRECTION('ref_axis',(1.,0.,0.));
#2425=DIRECTION('center_axis',(0.,-1.,9.95799250102959E-17));
#2426=DIRECTION('ref_axis',(1.,0.,0.));
#2427=DIRECTION('center_axis',(0.,-1.,9.95799250102959E-17));
#2428=DIRECTION('ref_axis',(1.,0.,0.));
#2429=DIRECTION('',(0.,1.,-9.95799250102959E-17));
#2430=DIRECTION('center_axis',(0.,1.,-9.95799250102959E-17));
#2431=DIRECTION('ref_axis',(1.,0.,0.));
#2432=DIRECTION('center_axis',(0.,1.,-9.95799250102959E-17));
#2433=DIRECTION('ref_axis',(1.,0.,0.));
#2434=DIRECTION('center_axis',(0.,1.,-9.95799250102959E-17));
#2435=DIRECTION('ref_axis',(1.,0.,0.));
#2436=DIRECTION('center_axis',(0.,-1.,9.95799250102959E-17));
#2437=DIRECTION('ref_axis',(1.,0.,0.));
#2438=DIRECTION('center_axis',(0.,-1.,9.95799250102959E-17));
#2439=DIRECTION('ref_axis',(1.,0.,0.));
#2440=DIRECTION('',(0.,1.,-9.9579925010296E-17));
#2441=DIRECTION('center_axis',(0.,1.,-9.95799250102959E-17));
#2442=DIRECTION('ref_axis',(1.,0.,0.));
#2443=DIRECTION('center_axis',(0.,1.,-9.95799250102959E-17));
#2444=DIRECTION('ref_axis',(1.,0.,0.));
#2445=DIRECTION('center_axis',(0.,1.,-9.95799250102959E-17));
#2446=DIRECTION('ref_axis',(1.,0.,0.));
#2447=DIRECTION('center_axis',(0.,-1.,9.95799250102959E-17));
#2448=DIRECTION('ref_axis',(-1.,0.,0.));
#2449=DIRECTION('center_axis',(0.,1.,-9.95799250102959E-17));
#2450=DIRECTION('ref_axis',(-1.,0.,0.));
#2451=DIRECTION('center_axis',(0.,1.,-9.95799250102959E-17));
#2452=DIRECTION('ref_axis',(-1.,0.,0.));
#2453=DIRECTION('center_axis',(0.,1.,-9.95799250102959E-17));
#2454=DIRECTION('ref_axis',(-1.,0.,0.));
#2455=DIRECTION('center_axis',(0.,-1.,9.95799250102959E-17));
#2456=DIRECTION('ref_axis',(-1.,0.,0.));
#2457=DIRECTION('center_axis',(0.,-1.,9.95799250102959E-17));
#2458=DIRECTION('ref_axis',(-1.,0.,0.));
#2459=DIRECTION('center_axis',(0.,1.,-9.95799250102959E-17));
#2460=DIRECTION('ref_axis',(-1.,0.,0.));
#2461=DIRECTION('center_axis',(0.,-1.,9.95799250102959E-17));
#2462=DIRECTION('ref_axis',(-1.,0.,0.));
#2463=DIRECTION('center_axis',(0.,1.,-9.95799250102959E-17));
#2464=DIRECTION('ref_axis',(-1.,0.,0.));
#2465=DIRECTION('center_axis',(0.,1.,-9.95799250102959E-17));
#2466=DIRECTION('ref_axis',(-1.,0.,0.));
#2467=DIRECTION('center_axis',(0.,1.,-9.95799250102959E-17));
#2468=DIRECTION('ref_axis',(-1.,0.,0.));
#2469=DIRECTION('center_axis',(0.,-1.,9.95799250102959E-17));
#2470=DIRECTION('ref_axis',(-1.,0.,0.));
#2471=DIRECTION('center_axis',(0.,1.,-9.95799250102959E-17));
#2472=DIRECTION('ref_axis',(-1.,0.,0.));
#2473=DIRECTION('center_axis',(0.,-1.,9.95799250102959E-17));
#2474=DIRECTION('ref_axis',(-1.,0.,0.));
#2475=DIRECTION('center_axis',(0.,1.,-9.95799250102959E-17));
#2476=DIRECTION('ref_axis',(-1.,0.,0.));
#2477=DIRECTION('center_axis',(0.,1.,-9.95799250102959E-17));
#2478=DIRECTION('ref_axis',(-1.,0.,0.));
#2479=DIRECTION('center_axis',(0.,-1.,9.95799250102959E-17));
#2480=DIRECTION('ref_axis',(-1.,0.,0.));
#2481=DIRECTION('center_axis',(0.,1.,-9.95799250102959E-17));
#2482=DIRECTION('ref_axis',(-1.,0.,0.));
#2483=DIRECTION('center_axis',(0.,1.,-9.95799250102959E-17));
#2484=DIRECTION('ref_axis',(-1.,0.,0.));
#2485=DIRECTION('center_axis',(0.,1.,-9.95799250102959E-17));
#2486=DIRECTION('ref_axis',(-1.,0.,0.));
#2487=DIRECTION('center_axis',(0.,-1.,9.95799250102959E-17));
#2488=DIRECTION('ref_axis',(-1.,0.,0.));
#2489=DIRECTION('center_axis',(0.,1.,-9.95799250102959E-17));
#2490=DIRECTION('ref_axis',(-1.,0.,0.));
#2491=DIRECTION('center_axis',(0.,-1.,9.95799250102959E-17));
#2492=DIRECTION('ref_axis',(-1.,0.,0.));
#2493=DIRECTION('center_axis',(0.,1.,-9.95799250102959E-17));
#2494=DIRECTION('ref_axis',(-1.,0.,0.));
#2495=DIRECTION('center_axis',(0.,1.,-9.95799250102959E-17));
#2496=DIRECTION('ref_axis',(-1.,0.,0.));
#2497=DIRECTION('center_axis',(0.,1.,-9.95799250102959E-17));
#2498=DIRECTION('ref_axis',(-1.,0.,0.));
#2499=DIRECTION('center_axis',(0.,-1.,9.95799250102959E-17));
#2500=DIRECTION('ref_axis',(-1.,0.,0.));
#2501=DIRECTION('center_axis',(0.,-1.,9.95799250102959E-17));
#2502=DIRECTION('ref_axis',(-1.,0.,0.));
#2503=DIRECTION('center_axis',(0.,1.,-9.95799250102959E-17));
#2504=DIRECTION('ref_axis',(-1.,0.,0.));
#2505=DIRECTION('center_axis',(0.,-1.,9.95799250102959E-17));
#2506=DIRECTION('ref_axis',(-1.,0.,0.));
#2507=DIRECTION('center_axis',(0.,1.,-9.95799250102959E-17));
#2508=DIRECTION('ref_axis',(-1.,0.,0.));
#2509=DIRECTION('center_axis',(0.,1.,-9.95799250102959E-17));
#2510=DIRECTION('ref_axis',(-1.,0.,0.));
#2511=DIRECTION('center_axis',(0.,1.,-9.95799250102959E-17));
#2512=DIRECTION('ref_axis',(-1.,0.,0.));
#2513=DIRECTION('center_axis',(0.,-1.,9.95799250102959E-17));
#2514=DIRECTION('ref_axis',(-1.,0.,0.));
#2515=DIRECTION('center_axis',(0.,1.,-9.95799250102959E-17));
#2516=DIRECTION('ref_axis',(-1.,0.,0.));
#2517=DIRECTION('center_axis',(0.,-1.,9.95799250102959E-17));
#2518=DIRECTION('ref_axis',(-1.,0.,0.));
#2519=DIRECTION('center_axis',(0.,1.,-9.95799250102959E-17));
#2520=DIRECTION('ref_axis',(-1.,0.,0.));
#2521=DIRECTION('center_axis',(0.,1.,-9.95799250102959E-17));
#2522=DIRECTION('ref_axis',(-1.,0.,0.));
#2523=DIRECTION('center_axis',(0.,-1.,9.95799250102959E-17));
#2524=DIRECTION('ref_axis',(-1.,0.,0.));
#2525=DIRECTION('center_axis',(0.,1.,-9.95799250102959E-17));
#2526=DIRECTION('ref_axis',(-1.,0.,0.));
#2527=DIRECTION('center_axis',(0.,1.,-9.95799250102959E-17));
#2528=DIRECTION('ref_axis',(-1.,0.,0.));
#2529=DIRECTION('center_axis',(0.,1.,-9.95799250102959E-17));
#2530=DIRECTION('ref_axis',(-1.,0.,0.));
#2531=DIRECTION('center_axis',(0.,-1.,9.95799250102959E-17));
#2532=DIRECTION('ref_axis',(-1.,0.,0.));
#2533=DIRECTION('center_axis',(0.,1.,-9.95799250102959E-17));
#2534=DIRECTION('ref_axis',(-1.,0.,0.));
#2535=DIRECTION('center_axis',(0.,-1.,9.95799250102959E-17));
#2536=DIRECTION('ref_axis',(-1.,0.,0.));
#2537=DIRECTION('center_axis',(0.,1.,-9.95799250102959E-17));
#2538=DIRECTION('ref_axis',(-1.,0.,0.));
#2539=DIRECTION('center_axis',(0.,1.,-9.95799250102959E-17));
#2540=DIRECTION('ref_axis',(-1.,0.,0.));
#2541=DIRECTION('center_axis',(0.,1.,-9.95799250102959E-17));
#2542=DIRECTION('ref_axis',(1.,0.,0.));
#2543=DIRECTION('center_axis',(0.,1.,-9.95799250102959E-17));
#2544=DIRECTION('ref_axis',(1.,0.,0.));
#2545=DIRECTION('',(0.,-1.,9.95799250102959E-17));
#2546=DIRECTION('center_axis',(0.,-1.,9.95799250102959E-17));
#2547=DIRECTION('ref_axis',(1.,0.,0.));
#2548=DIRECTION('center_axis',(0.,1.,-9.95799250102959E-17));
#2549=DIRECTION('ref_axis',(1.,0.,0.));
#2550=DIRECTION('center_axis',(0.,-1.,9.95799250102959E-17));
#2551=DIRECTION('ref_axis',(1.,0.,0.));
#2552=DIRECTION('center_axis',(0.,1.,-9.95799250102959E-17));
#2553=DIRECTION('ref_axis',(1.,0.,0.));
#2554=DIRECTION('center_axis',(0.,1.,-9.95799250102959E-17));
#2555=DIRECTION('ref_axis',(1.,0.,0.));
#2556=DIRECTION('',(0.,-1.,9.9579925010296E-17));
#2557=DIRECTION('center_axis',(0.,-1.,9.95799250102959E-17));
#2558=DIRECTION('ref_axis',(1.,0.,0.));
#2559=DIRECTION('center_axis',(0.,1.,-9.95799250102959E-17));
#2560=DIRECTION('ref_axis',(1.,0.,0.));
#2561=DIRECTION('center_axis',(0.,-1.,9.95799250102959E-17));
#2562=DIRECTION('ref_axis',(1.,0.,0.));
#2563=DIRECTION('center_axis',(0.,1.,-9.95799250102959E-17));
#2564=DIRECTION('ref_axis',(1.,0.,0.));
#2565=DIRECTION('center_axis',(0.,1.,-9.95799250102959E-17));
#2566=DIRECTION('ref_axis',(1.,0.,0.));
#2567=DIRECTION('',(0.,-1.,9.95799250102959E-17));
#2568=DIRECTION('center_axis',(0.,-1.,9.95799250102959E-17));
#2569=DIRECTION('ref_axis',(1.,0.,0.));
#2570=DIRECTION('center_axis',(0.,1.,-9.95799250102959E-17));
#2571=DIRECTION('ref_axis',(1.,0.,0.));
#2572=DIRECTION('center_axis',(0.,-1.,9.95799250102959E-17));
#2573=DIRECTION('ref_axis',(1.,0.,0.));
#2574=DIRECTION('center_axis',(0.,1.,-9.95799250102959E-17));
#2575=DIRECTION('ref_axis',(1.,0.,0.));
#2576=DIRECTION('center_axis',(0.,1.,-9.95799250102959E-17));
#2577=DIRECTION('ref_axis',(1.,0.,0.));
#2578=DIRECTION('',(0.,-1.,9.95799250102959E-17));
#2579=DIRECTION('center_axis',(0.,-1.,9.95799250102959E-17));
#2580=DIRECTION('ref_axis',(1.,0.,0.));
#2581=DIRECTION('center_axis',(0.,1.,-9.95799250102959E-17));
#2582=DIRECTION('ref_axis',(1.,0.,0.));
#2583=DIRECTION('center_axis',(0.,-1.,9.95799250102959E-17));
#2584=DIRECTION('ref_axis',(1.,0.,0.));
#2585=DIRECTION('center_axis',(0.,-1.,9.95799250102959E-17));
#2586=DIRECTION('ref_axis',(-1.,0.,0.));
#2587=DIRECTION('',(0.,1.,-9.95799250102959E-17));
#2588=DIRECTION('center_axis',(0.,-1.,9.95799250102959E-17));
#2589=DIRECTION('ref_axis',(-1.,0.,0.));
#2590=DIRECTION('center_axis',(0.,-9.95799250102959E-17,-1.));
#2591=DIRECTION('ref_axis',(-1.,0.,0.));
#2592=DIRECTION('',(-1.,0.,0.));
#2593=DIRECTION('',(0.,1.,-9.95799250102959E-17));
#2594=DIRECTION('',(1.,0.,0.));
#2595=DIRECTION('',(0.,1.,-9.95799250102959E-17));
#2596=DIRECTION('center_axis',(0.,1.,-9.95799250102959E-17));
#2597=DIRECTION('ref_axis',(0.,-9.95799250102959E-17,-1.));
#2598=DIRECTION('center_axis',(0.,1.,-9.95799250102959E-17));
#2599=DIRECTION('ref_axis',(0.,-9.95799250102959E-17,-1.));
#2600=DIRECTION('',(0.,1.,-9.95799250102959E-17));
#2601=DIRECTION('center_axis',(0.,-1.,9.95799250102959E-17));
#2602=DIRECTION('ref_axis',(0.,-9.95799250102959E-17,-1.));
#2603=DIRECTION('center_axis',(1.,1.16374658984669E-32,1.16865582066503E-16));
#2604=DIRECTION('ref_axis',(1.16865582066503E-16,-9.95799250102959E-17,
-1.));
#2605=DIRECTION('',(1.16865582066503E-16,-9.95799250102959E-17,-1.));
#2606=DIRECTION('',(0.,1.,-9.95799250102959E-17));
#2607=DIRECTION('',(-1.16865582066503E-16,9.95799250102959E-17,1.));
#2608=DIRECTION('center_axis',(0.,1.,-9.95799250102959E-17));
#2609=DIRECTION('ref_axis',(1.,-5.52779627684386E-32,-5.55111512312579E-16));
#2610=DIRECTION('center_axis',(0.,1.,-9.95799250102959E-17));
#2611=DIRECTION('ref_axis',(1.,-5.52779627684386E-32,-5.55111512312579E-16));
#2612=DIRECTION('',(0.,1.,-9.95799250102959E-17));
#2613=DIRECTION('center_axis',(0.,-1.,9.95799250102959E-17));
#2614=DIRECTION('ref_axis',(1.,-5.52779627684386E-32,-5.55111512312579E-16));
#2615=DIRECTION('center_axis',(0.,9.95799250102959E-17,1.));
#2616=DIRECTION('ref_axis',(1.,0.,0.));
#2617=DIRECTION('',(1.,0.,0.));
#2618=DIRECTION('',(0.,1.,-9.95799250102959E-17));
#2619=DIRECTION('',(-1.,0.,0.));
#2620=DIRECTION('center_axis',(0.,1.,-9.95799250102959E-17));
#2621=DIRECTION('ref_axis',(0.,9.95799250102959E-17,1.));
#2622=DIRECTION('center_axis',(0.,1.,-9.95799250102959E-17));
#2623=DIRECTION('ref_axis',(0.,9.95799250102959E-17,1.));
#2624=DIRECTION('',(0.,1.,-9.95799250102959E-17));
#2625=DIRECTION('center_axis',(0.,-1.,9.95799250102959E-17));
#2626=DIRECTION('ref_axis',(0.,9.95799250102959E-17,1.));
#2627=DIRECTION('center_axis',(-1.,0.,0.));
#2628=DIRECTION('ref_axis',(0.,9.95799250102959E-17,1.));
#2629=DIRECTION('',(0.,9.95799250102959E-17,1.));
#2630=DIRECTION('',(0.,1.,-9.95799250102959E-17));
#2631=DIRECTION('',(0.,-9.95799250102959E-17,-1.));
#2632=DIRECTION('center_axis',(0.,1.,-9.95799250102959E-17));
#2633=DIRECTION('ref_axis',(-1.,0.,0.));
#2634=DIRECTION('center_axis',(0.,1.,-9.95799250102959E-17));
#2635=DIRECTION('ref_axis',(-1.,0.,0.));
#2636=DIRECTION('center_axis',(0.,-1.,9.95799250102959E-17));
#2637=DIRECTION('ref_axis',(-1.,0.,0.));
#2638=DIRECTION('center_axis',(1.,0.,0.));
#2639=DIRECTION('ref_axis',(0.,-9.95799250102959E-17,-1.));
#2640=DIRECTION('',(0.,-9.95799250102959E-17,-1.));
#2641=DIRECTION('',(0.,1.,-9.95799250102959E-17));
#2642=DIRECTION('',(0.,9.95799250102959E-17,1.));
#2643=DIRECTION('',(0.,1.,-9.95799250102959E-17));
#2644=DIRECTION('center_axis',(0.,1.,-9.95799250102959E-17));
#2645=DIRECTION('ref_axis',(1.,-5.52779627684385E-32,-5.55111512312578E-16));
#2646=DIRECTION('center_axis',(0.,1.,-9.95799250102959E-17));
#2647=DIRECTION('ref_axis',(1.,-5.52779627684385E-32,-5.55111512312578E-16));
#2648=DIRECTION('',(0.,1.,-9.95799250102959E-17));
#2649=DIRECTION('center_axis',(0.,-1.,9.95799250102959E-17));
#2650=DIRECTION('ref_axis',(1.,-5.52779627684385E-32,-5.55111512312578E-16));
#2651=DIRECTION('center_axis',(0.,9.95799250102959E-17,1.));
#2652=DIRECTION('ref_axis',(1.,0.,0.));
#2653=DIRECTION('',(1.,0.,0.));
#2654=DIRECTION('',(0.,1.,-9.95799250102959E-17));
#2655=DIRECTION('',(-1.,0.,0.));
#2656=DIRECTION('center_axis',(0.,1.,-9.95799250102959E-17));
#2657=DIRECTION('ref_axis',(0.,9.95799250102959E-17,1.));
#2658=DIRECTION('center_axis',(0.,1.,-9.95799250102959E-17));
#2659=DIRECTION('ref_axis',(0.,9.95799250102959E-17,1.));
#2660=DIRECTION('',(0.,1.,-9.95799250102959E-17));
#2661=DIRECTION('center_axis',(0.,-1.,9.95799250102959E-17));
#2662=DIRECTION('ref_axis',(0.,9.95799250102959E-17,1.));
#2663=DIRECTION('center_axis',(-1.,1.16374658984669E-32,1.16865582066503E-16));
#2664=DIRECTION('ref_axis',(1.16865582066503E-16,9.95799250102959E-17,1.));
#2665=DIRECTION('',(1.16865582066503E-16,9.95799250102959E-17,1.));
#2666=DIRECTION('',(0.,1.,-9.95799250102959E-17));
#2667=DIRECTION('',(-1.16865582066503E-16,-9.95799250102959E-17,-1.));
#2668=DIRECTION('center_axis',(0.,1.,-9.95799250102959E-17));
#2669=DIRECTION('ref_axis',(-1.,-1.10555925536877E-31,-1.11022302462516E-15));
#2670=DIRECTION('center_axis',(0.,1.,-9.95799250102959E-17));
#2671=DIRECTION('ref_axis',(-1.,-1.10555925536877E-31,-1.11022302462516E-15));
#2672=DIRECTION('',(0.,1.,-9.95799250102959E-17));
#2673=DIRECTION('center_axis',(0.,-1.,9.95799250102959E-17));
#2674=DIRECTION('ref_axis',(-1.,-1.10555925536877E-31,-1.11022302462516E-15));
#2675=DIRECTION('center_axis',(0.,-9.95799250102959E-17,-1.));
#2676=DIRECTION('ref_axis',(-1.,0.,0.));
#2677=DIRECTION('',(-1.,0.,0.));
#2678=DIRECTION('',(0.,1.,-9.95799250102959E-17));
#2679=DIRECTION('',(1.,0.,0.));
#2680=DIRECTION('center_axis',(0.,1.,-9.95799250102959E-17));
#2681=DIRECTION('ref_axis',(0.,-9.95799250102959E-17,-1.));
#2682=DIRECTION('center_axis',(0.,1.,-9.95799250102959E-17));
#2683=DIRECTION('ref_axis',(0.,-9.95799250102959E-17,-1.));
#2684=DIRECTION('center_axis',(0.,-1.,9.95799250102959E-17));
#2685=DIRECTION('ref_axis',(0.,-9.95799250102959E-17,-1.));
#2686=DIRECTION('center_axis',(0.64278760968654,-7.62826482003417E-17,-0.766044443118978));
#2687=DIRECTION('ref_axis',(0.766044443118978,6.4008741970133E-17,0.64278760968654));
#2688=DIRECTION('',(0.766044443118978,6.4008741970133E-17,0.64278760968654));
#2689=DIRECTION('',(0.,1.,-9.95799250102959E-17));
#2690=DIRECTION('',(0.766044443118978,6.4008741970133E-17,0.64278760968654));
#2691=DIRECTION('',(0.,-1.,9.95799250102959E-17));
#2692=DIRECTION('center_axis',(0.17364817766693,9.80670821945137E-17,0.984807753012208));
#2693=DIRECTION('ref_axis',(-0.984807753012208,1.72918725102475E-17,0.17364817766693));
#2694=DIRECTION('',(-0.984807753012208,1.72918725102475E-17,0.17364817766693));
#2695=DIRECTION('',(0.,1.,-9.95799250102959E-17));
#2696=DIRECTION('',(-0.984807753012208,1.72918725102475E-17,0.17364817766693));
#2697=DIRECTION('',(0.,-1.,9.95799250102959E-17));
#2698=DIRECTION('center_axis',(-0.17364817766693,-9.80670821945137E-17,
-0.984807753012208));
#2699=DIRECTION('ref_axis',(0.984807753012208,-1.72918725102474E-17,-0.17364817766693));
#2700=DIRECTION('',(0.984807753012208,-1.72918725102474E-17,-0.17364817766693));
#2701=DIRECTION('',(0.,1.,-9.95799250102959E-17));
#2702=DIRECTION('',(0.984807753012208,-1.72918725102474E-17,-0.17364817766693));
#2703=DIRECTION('',(0.,-1.,9.95799250102959E-17));
#2704=DIRECTION('center_axis',(-0.64278760968654,7.62826482003417E-17,0.766044443118978));
#2705=DIRECTION('ref_axis',(-0.766044443118978,-6.4008741970133E-17,-0.64278760968654));
#2706=DIRECTION('',(-0.766044443118978,-6.4008741970133E-17,-0.64278760968654));
#2707=DIRECTION('',(0.,1.,-9.95799250102959E-17));
#2708=DIRECTION('',(-0.766044443118978,-6.4008741970133E-17,-0.642787609686539));
#2709=DIRECTION('',(0.,-1.,9.95799250102959E-17));
#2710=DIRECTION('center_axis',(-0.984807753012208,-1.72918725102475E-17,
-0.173648177666931));
#2711=DIRECTION('ref_axis',(0.173648177666931,-9.80670821945137E-17,-0.984807753012208));
#2712=DIRECTION('',(0.173648177666931,-9.80670821945137E-17,-0.984807753012208));
#2713=DIRECTION('',(0.,1.,-9.95799250102959E-17));
#2714=DIRECTION('',(0.173648177666931,-9.80670821945137E-17,-0.984807753012208));
#2715=DIRECTION('',(0.,-1.,9.95799250102959E-17));
#2716=DIRECTION('center_axis',(0.984807753012208,-1.72918725102475E-17,
-0.17364817766693));
#2717=DIRECTION('ref_axis',(0.17364817766693,9.80670821945137E-17,0.984807753012208));
#2718=DIRECTION('',(0.17364817766693,9.80670821945137E-17,0.984807753012208));
#2719=DIRECTION('',(0.,1.,-9.95799250102959E-17));
#2720=DIRECTION('',(0.17364817766693,9.80670821945138E-17,0.984807753012208));
#2721=DIRECTION('',(0.,-1.,9.95799250102959E-17));
#2722=DIRECTION('center_axis',(0.984807753012208,1.72918725102475E-17,0.17364817766693));
#2723=DIRECTION('ref_axis',(-0.17364817766693,9.80670821945137E-17,0.984807753012208));
#2724=DIRECTION('',(-0.17364817766693,9.80670821945137E-17,0.984807753012208));
#2725=DIRECTION('',(0.,1.,-9.95799250102959E-17));
#2726=DIRECTION('',(-0.17364817766693,9.80670821945138E-17,0.984807753012208));
#2727=DIRECTION('',(0.,-1.,9.95799250102959E-17));
#2728=DIRECTION('center_axis',(-0.984807753012208,1.72918725102474E-17,
0.17364817766693));
#2729=DIRECTION('ref_axis',(-0.17364817766693,-9.80670821945137E-17,-0.984807753012208));
#2730=DIRECTION('',(-0.17364817766693,-9.80670821945137E-17,-0.984807753012208));
#2731=DIRECTION('',(0.,1.,-9.95799250102959E-17));
#2732=DIRECTION('',(-0.17364817766693,-9.80670821945137E-17,-0.984807753012208));
#2733=DIRECTION('',(0.,-1.,9.95799250102959E-17));
#2734=DIRECTION('center_axis',(0.766044443118978,6.4008741970133E-17,0.64278760968654));
#2735=DIRECTION('ref_axis',(-0.64278760968654,7.62826482003417E-17,0.766044443118978));
#2736=DIRECTION('',(-0.64278760968654,7.62826482003417E-17,0.766044443118978));
#2737=DIRECTION('',(0.,1.,-9.95799250102959E-17));
#2738=DIRECTION('',(-0.64278760968654,7.62826482003417E-17,0.766044443118978));
#2739=DIRECTION('',(0.,-1.,9.95799250102959E-17));
#2740=DIRECTION('center_axis',(-0.939692620785908,-3.40583402243808E-17,
-0.342020143325669));
#2741=DIRECTION('ref_axis',(0.342020143325669,-9.35745207105892E-17,-0.939692620785908));
#2742=DIRECTION('',(0.342020143325669,-9.35745207105892E-17,-0.939692620785908));
#2743=DIRECTION('',(0.,1.,-9.95799250102959E-17));
#2744=DIRECTION('',(0.342020143325669,-9.35745207105892E-17,-0.939692620785908));
#2745=DIRECTION('',(0.,-1.,9.95799250102959E-17));
#2746=DIRECTION('center_axis',(-0.766044443118978,-6.4008741970133E-17,
-0.642787609686539));
#2747=DIRECTION('ref_axis',(0.642787609686539,-7.62826482003417E-17,-0.766044443118978));
#2748=DIRECTION('',(0.642787609686539,-7.62826482003417E-17,-0.766044443118978));
#2749=DIRECTION('',(0.,1.,-9.95799250102959E-17));
#2750=DIRECTION('',(0.642787609686539,-7.62826482003417E-17,-0.766044443118978));
#2751=DIRECTION('',(0.,-1.,9.95799250102959E-17));
#2752=DIRECTION('center_axis',(0.939692620785908,3.40583402243808E-17,0.342020143325669));
#2753=DIRECTION('ref_axis',(-0.342020143325669,9.35745207105892E-17,0.939692620785908));
#2754=DIRECTION('',(-0.342020143325669,9.35745207105892E-17,0.939692620785908));
#2755=DIRECTION('',(0.,1.,-9.95799250102959E-17));
#2756=DIRECTION('',(-0.342020143325669,9.35745207105892E-17,0.939692620785908));
#2757=DIRECTION('',(0.,-1.,9.95799250102959E-17));
#2758=DIRECTION('center_axis',(0.,-1.,9.95799250102959E-17));
#2759=DIRECTION('ref_axis',(-1.,0.,0.));
#2760=DIRECTION('center_axis',(0.,-1.,9.95799250102959E-17));
#2761=DIRECTION('ref_axis',(-1.,0.,0.));
#2762=DIRECTION('center_axis',(0.,-1.,9.95799250102959E-17));
#2763=DIRECTION('ref_axis',(-1.,0.,0.));
#2764=DIRECTION('center_axis',(0.,-1.,9.95799250102959E-17));
#2765=DIRECTION('ref_axis',(-1.,0.,0.));
#2766=DIRECTION('center_axis',(0.,-1.,9.95799250102959E-17));
#2767=DIRECTION('ref_axis',(-1.,0.,0.));
#2768=DIRECTION('center_axis',(0.,-1.,9.95799250102959E-17));
#2769=DIRECTION('ref_axis',(-1.,0.,0.));
#2770=DIRECTION('center_axis',(0.,-1.,9.95799250102959E-17));
#2771=DIRECTION('ref_axis',(-1.,0.,0.));
#2772=DIRECTION('center_axis',(0.,-1.,9.95799250102959E-17));
#2773=DIRECTION('ref_axis',(-1.,0.,0.));
#2774=DIRECTION('center_axis',(0.,-1.,9.95799250102959E-17));
#2775=DIRECTION('ref_axis',(-1.,0.,0.));
#2776=DIRECTION('center_axis',(0.,-1.,9.95799250102959E-17));
#2777=DIRECTION('ref_axis',(-1.,0.,0.));
#2778=DIRECTION('center_axis',(0.,-1.,9.95799250102959E-17));
#2779=DIRECTION('ref_axis',(-1.,0.,0.));
#2780=DIRECTION('center_axis',(0.,-1.,9.95799250102959E-17));
#2781=DIRECTION('ref_axis',(-1.,0.,0.));
#2782=DIRECTION('center_axis',(0.,-1.,9.95799250102959E-17));
#2783=DIRECTION('ref_axis',(-1.,0.,0.));
#2784=DIRECTION('center_axis',(0.,-1.,9.95799250102959E-17));
#2785=DIRECTION('ref_axis',(-1.,0.,0.));
#2786=DIRECTION('center_axis',(0.,-1.,9.95799250102959E-17));
#2787=DIRECTION('ref_axis',(-1.,0.,0.));
#2788=DIRECTION('center_axis',(0.,-1.,9.95799250102959E-17));
#2789=DIRECTION('ref_axis',(-1.,0.,0.));
#2790=DIRECTION('center_axis',(0.,-1.,9.95799250102959E-17));
#2791=DIRECTION('ref_axis',(-1.,0.,0.));
#2792=DIRECTION('center_axis',(0.,-1.,9.95799250102959E-17));
#2793=DIRECTION('ref_axis',(-1.,0.,0.));
#2794=DIRECTION('center_axis',(0.,-1.,9.95799250102959E-17));
#2795=DIRECTION('ref_axis',(-0.965925826289068,2.57731811025454E-17,0.258819045102521));
#2796=DIRECTION('',(0.,1.,-9.95799250102959E-17));
#2797=DIRECTION('',(0.,1.,-9.95799250102959E-17));
#2798=DIRECTION('center_axis',(0.,1.,-9.95799250102959E-17));
#2799=DIRECTION('ref_axis',(-1.,0.,0.));
#2800=DIRECTION('center_axis',(0.,-1.,9.95799250102959E-17));
#2801=DIRECTION('ref_axis',(-1.,0.,0.));
#2802=DIRECTION('center_axis',(0.,1.,-9.95799250102959E-17));
#2803=DIRECTION('ref_axis',(-1.,0.,0.));
#2804=DIRECTION('center_axis',(0.,-1.,9.95799250102959E-17));
#2805=DIRECTION('ref_axis',(-1.,0.,0.));
#2806=DIRECTION('center_axis',(0.,1.,-9.95799250102959E-17));
#2807=DIRECTION('ref_axis',(-1.,0.,0.));
#2808=DIRECTION('center_axis',(0.,-1.,9.95799250102959E-17));
#2809=DIRECTION('ref_axis',(-1.,0.,0.));
#2810=DIRECTION('center_axis',(0.,1.,-9.95799250102959E-17));
#2811=DIRECTION('ref_axis',(-1.,0.,0.));
#2812=DIRECTION('center_axis',(0.,-1.,9.95799250102959E-17));
#2813=DIRECTION('ref_axis',(-1.,0.,0.));
#2814=DIRECTION('center_axis',(0.,1.,-9.95799250102959E-17));
#2815=DIRECTION('ref_axis',(-1.,0.,0.));
#2816=DIRECTION('center_axis',(0.,-1.,9.95799250102959E-17));
#2817=DIRECTION('ref_axis',(-1.,0.,0.));
#2818=DIRECTION('center_axis',(0.,1.,-9.95799250102959E-17));
#2819=DIRECTION('ref_axis',(-1.,0.,0.));
#2820=DIRECTION('center_axis',(0.,-1.,9.95799250102959E-17));
#2821=DIRECTION('ref_axis',(-1.,0.,0.));
#2822=DIRECTION('center_axis',(0.,1.,-9.95799250102959E-17));
#2823=DIRECTION('ref_axis',(-1.,0.,0.));
#2824=DIRECTION('',(0.,1.,-9.95799250102959E-17));
#2825=DIRECTION('',(0.,1.,-9.95799250102959E-17));
#2826=DIRECTION('',(0.,1.,-9.95799250102959E-17));
#2827=DIRECTION('',(0.,1.,-9.95799250102959E-17));
#2828=DIRECTION('',(0.,1.,-9.95799250102959E-17));
#2829=DIRECTION('',(0.,1.,-9.95799250102959E-17));
#2830=DIRECTION('',(0.,1.,-9.95799250102959E-17));
#2831=DIRECTION('',(0.,1.,-9.95799250102959E-17));
#2832=DIRECTION('',(0.,1.,-9.95799250102959E-17));
#2833=DIRECTION('',(0.,1.,-9.95799250102959E-17));
#2834=DIRECTION('',(0.,1.,-9.95799250102959E-17));
#2835=DIRECTION('',(0.,1.,-9.95799250102959E-17));
#2836=DIRECTION('',(0.,1.,-9.95799250102959E-17));
#2837=DIRECTION('',(0.,1.,-9.95799250102959E-17));
#2838=DIRECTION('',(0.,1.,-9.95799250102959E-17));
#2839=DIRECTION('center_axis',(0.,-1.,9.95799250102959E-17));
#2840=DIRECTION('ref_axis',(-1.,0.,0.));
#2841=DIRECTION('center_axis',(0.,-1.,9.95799250102959E-17));
#2842=DIRECTION('ref_axis',(-1.,0.,0.));
#2843=DIRECTION('center_axis',(0.,-1.,9.95799250102959E-17));
#2844=DIRECTION('ref_axis',(-1.,0.,0.));
#2845=DIRECTION('center_axis',(0.,-1.,9.95799250102959E-17));
#2846=DIRECTION('ref_axis',(-1.,0.,0.));
#2847=DIRECTION('center_axis',(0.,-1.,9.95799250102959E-17));
#2848=DIRECTION('ref_axis',(-1.,0.,0.));
#2849=DIRECTION('center_axis',(0.,-1.,9.95799250102959E-17));
#2850=DIRECTION('ref_axis',(-1.,0.,0.));
#2851=DIRECTION('center_axis',(0.,-1.,9.95799250102959E-17));
#2852=DIRECTION('ref_axis',(-1.,0.,0.));
#2853=DIRECTION('center_axis',(0.,-1.,9.95799250102959E-17));
#2854=DIRECTION('ref_axis',(-1.,0.,0.));
#2855=DIRECTION('center_axis',(0.,-1.,9.95799250102959E-17));
#2856=DIRECTION('ref_axis',(-1.,0.,0.));
#2857=DIRECTION('center_axis',(0.,-1.,9.95799250102959E-17));
#2858=DIRECTION('ref_axis',(-1.,0.,0.));
#2859=DIRECTION('center_axis',(0.,-1.,9.95799250102959E-17));
#2860=DIRECTION('ref_axis',(-1.,0.,0.));
#2861=DIRECTION('center_axis',(0.,-1.,9.95799250102959E-17));
#2862=DIRECTION('ref_axis',(-1.,0.,0.));
#2863=DIRECTION('center_axis',(0.,-1.,9.95799250102959E-17));
#2864=DIRECTION('ref_axis',(-1.,0.,0.));
#2865=DIRECTION('center_axis',(0.,1.,-9.95799250102959E-17));
#2866=DIRECTION('ref_axis',(-1.,0.,0.));
#2867=DIRECTION('',(0.,-1.,9.95799250102959E-17));
#2868=DIRECTION('center_axis',(0.,1.,-9.95799250102959E-17));
#2869=DIRECTION('ref_axis',(-1.,0.,0.));
#2870=DIRECTION('',(0.,-1.,9.95799250102959E-17));
#2871=DIRECTION('center_axis',(0.,1.,-9.95799250102959E-17));
#2872=DIRECTION('ref_axis',(-1.,0.,0.));
#2873=DIRECTION('',(0.,-1.,9.95799250102959E-17));
#2874=DIRECTION('center_axis',(0.,1.,-9.95799250102959E-17));
#2875=DIRECTION('ref_axis',(-1.,0.,0.));
#2876=DIRECTION('',(0.,-1.,9.9579925010296E-17));
#2877=DIRECTION('center_axis',(0.,1.,-9.95799250102959E-17));
#2878=DIRECTION('ref_axis',(0.707106781186547,-7.04136402448282E-17,-0.707106781186548));
#2879=DIRECTION('center_axis',(0.,1.,-9.95799250102959E-17));
#2880=DIRECTION('ref_axis',(-1.,0.,0.));
#2881=DIRECTION('',(0.,1.,-9.95799250102959E-17));
#2882=DIRECTION('center_axis',(0.,1.,-9.95799250102959E-17));
#2883=DIRECTION('ref_axis',(-1.,0.,0.));
#2884=DIRECTION('',(0.,1.,-9.95799250102959E-17));
#2885=DIRECTION('center_axis',(0.,1.,-9.95799250102959E-17));
#2886=DIRECTION('ref_axis',(-1.,0.,0.));
#2887=DIRECTION('center_axis',(0.,-1.,9.95799250102959E-17));
#2888=DIRECTION('ref_axis',(-1.,0.,0.));
#2889=DIRECTION('center_axis',(0.,-1.,9.95799250102959E-17));
#2890=DIRECTION('ref_axis',(-1.,0.,0.));
#2891=DIRECTION('center_axis',(0.,1.,-9.95799250102959E-17));
#2892=DIRECTION('ref_axis',(0.707106781186546,-7.04136402448283E-17,-0.707106781186549));
#2893=DIRECTION('',(0.,1.,-9.95799250102959E-17));
#2894=DIRECTION('center_axis',(0.,1.,-9.95799250102959E-17));
#2895=DIRECTION('ref_axis',(-1.,0.,0.));
#2896=DIRECTION('center_axis',(0.,1.,-9.95799250102959E-17));
#2897=DIRECTION('ref_axis',(-1.,0.,0.));
#2898=DIRECTION('',(0.,1.,-9.95799250102959E-17));
#2899=DIRECTION('center_axis',(0.,1.,-9.95799250102959E-17));
#2900=DIRECTION('ref_axis',(-1.,0.,0.));
#2901=DIRECTION('center_axis',(0.,-1.,9.95799250102959E-17));
#2902=DIRECTION('ref_axis',(-1.,0.,0.));
#2903=DIRECTION('center_axis',(0.,-1.,9.95799250102959E-17));
#2904=DIRECTION('ref_axis',(-1.,0.,0.));
#2905=DIRECTION('center_axis',(0.,1.,-9.95799250102959E-17));
#2906=DIRECTION('ref_axis',(0.258819045102521,9.61868213473735E-17,0.965925826289068));
#2907=DIRECTION('center_axis',(0.,1.,-9.95799250102959E-17));
#2908=DIRECTION('ref_axis',(-1.,0.,0.));
#2909=DIRECTION('',(0.,1.,-9.95799250102959E-17));
#2910=DIRECTION('center_axis',(0.,1.,-9.95799250102959E-17));
#2911=DIRECTION('ref_axis',(-1.,0.,0.));
#2912=DIRECTION('',(0.,1.,-9.95799250102959E-17));
#2913=DIRECTION('center_axis',(0.,1.,-9.95799250102959E-17));
#2914=DIRECTION('ref_axis',(-1.,0.,0.));
#2915=DIRECTION('center_axis',(0.,-1.,9.95799250102959E-17));
#2916=DIRECTION('ref_axis',(-1.,0.,0.));
#2917=DIRECTION('center_axis',(0.,-1.,9.95799250102959E-17));
#2918=DIRECTION('ref_axis',(-1.,0.,0.));
#2919=DIRECTION('center_axis',(0.,1.,-9.95799250102959E-17));
#2920=DIRECTION('ref_axis',(0.258819045102522,9.61868213473735E-17,0.965925826289068));
#2921=DIRECTION('',(0.,1.,-9.95799250102959E-17));
#2922=DIRECTION('center_axis',(0.,1.,-9.95799250102959E-17));
#2923=DIRECTION('ref_axis',(-1.,0.,0.));
#2924=DIRECTION('center_axis',(0.,1.,-9.95799250102959E-17));
#2925=DIRECTION('ref_axis',(-1.,0.,0.));
#2926=DIRECTION('',(0.,1.,-9.95799250102959E-17));
#2927=DIRECTION('center_axis',(0.,1.,-9.95799250102959E-17));
#2928=DIRECTION('ref_axis',(-1.,0.,0.));
#2929=DIRECTION('center_axis',(0.,-1.,9.95799250102959E-17));
#2930=DIRECTION('ref_axis',(-1.,0.,0.));
#2931=DIRECTION('center_axis',(0.,-1.,9.95799250102959E-17));
#2932=DIRECTION('ref_axis',(-1.,0.,0.));
#2933=DIRECTION('center_axis',(0.,1.,-9.95799250102959E-17));
#2934=DIRECTION('ref_axis',(0.965925826289068,-2.57731811025455E-17,-0.258819045102522));
#2935=DIRECTION('center_axis',(0.,1.,-9.95799250102959E-17));
#2936=DIRECTION('ref_axis',(-1.,0.,0.));
#2937=DIRECTION('',(0.,1.,-9.95799250102959E-17));
#2938=DIRECTION('center_axis',(0.,1.,-9.95799250102959E-17));
#2939=DIRECTION('ref_axis',(-1.,0.,0.));
#2940=DIRECTION('',(0.,1.,-9.95799250102959E-17));
#2941=DIRECTION('center_axis',(0.,1.,-9.95799250102959E-17));
#2942=DIRECTION('ref_axis',(-1.,0.,0.));
#2943=DIRECTION('center_axis',(0.,-1.,9.95799250102959E-17));
#2944=DIRECTION('ref_axis',(-1.,0.,0.));
#2945=DIRECTION('center_axis',(0.,-1.,9.95799250102959E-17));
#2946=DIRECTION('ref_axis',(-1.,0.,0.));
#2947=DIRECTION('center_axis',(0.,1.,-9.95799250102959E-17));
#2948=DIRECTION('ref_axis',(0.965925826289068,-2.57731811025455E-17,-0.258819045102522));
#2949=DIRECTION('',(0.,1.,-9.95799250102959E-17));
#2950=DIRECTION('center_axis',(0.,1.,-9.95799250102959E-17));
#2951=DIRECTION('ref_axis',(-1.,0.,0.));
#2952=DIRECTION('center_axis',(0.,1.,-9.95799250102959E-17));
#2953=DIRECTION('ref_axis',(-1.,0.,0.));
#2954=DIRECTION('',(0.,1.,-9.95799250102959E-17));
#2955=DIRECTION('center_axis',(0.,1.,-9.95799250102959E-17));
#2956=DIRECTION('ref_axis',(-1.,0.,0.));
#2957=DIRECTION('center_axis',(0.,-1.,9.95799250102959E-17));
#2958=DIRECTION('ref_axis',(-1.,0.,0.));
#2959=DIRECTION('center_axis',(0.,-1.,9.95799250102959E-17));
#2960=DIRECTION('ref_axis',(-1.,0.,0.));
#2961=DIRECTION('center_axis',(0.,1.,-9.95799250102959E-17));
#2962=DIRECTION('ref_axis',(0.707106781186548,7.04136402448281E-17,0.707106781186547));
#2963=DIRECTION('center_axis',(0.,1.,-9.95799250102959E-17));
#2964=DIRECTION('ref_axis',(-1.,0.,0.));
#2965=DIRECTION('',(0.,1.,-9.95799250102959E-17));
#2966=DIRECTION('center_axis',(0.,1.,-9.95799250102959E-17));
#2967=DIRECTION('ref_axis',(-1.,0.,0.));
#2968=DIRECTION('',(0.,1.,-9.95799250102959E-17));
#2969=DIRECTION('center_axis',(0.,1.,-9.95799250102959E-17));
#2970=DIRECTION('ref_axis',(-1.,0.,0.));
#2971=DIRECTION('center_axis',(0.,-1.,9.95799250102959E-17));
#2972=DIRECTION('ref_axis',(-1.,0.,0.));
#2973=DIRECTION('center_axis',(0.,-1.,9.95799250102959E-17));
#2974=DIRECTION('ref_axis',(-1.,0.,0.));
#2975=DIRECTION('center_axis',(0.,1.,-9.95799250102959E-17));
#2976=DIRECTION('ref_axis',(0.707106781186547,7.04136402448282E-17,0.707106781186548));
#2977=DIRECTION('',(0.,1.,-9.95799250102959E-17));
#2978=DIRECTION('center_axis',(0.,1.,-9.95799250102959E-17));
#2979=DIRECTION('ref_axis',(-1.,0.,0.));
#2980=DIRECTION('center_axis',(0.,1.,-9.95799250102959E-17));
#2981=DIRECTION('ref_axis',(-1.,0.,0.));
#2982=DIRECTION('',(0.,1.,-9.95799250102959E-17));
#2983=DIRECTION('center_axis',(0.,1.,-9.95799250102959E-17));
#2984=DIRECTION('ref_axis',(-1.,0.,0.));
#2985=DIRECTION('center_axis',(0.,-1.,9.95799250102959E-17));
#2986=DIRECTION('ref_axis',(-1.,0.,0.));
#2987=DIRECTION('center_axis',(0.,-1.,9.95799250102959E-17));
#2988=DIRECTION('ref_axis',(-1.,0.,0.));
#2989=DIRECTION('center_axis',(0.,-1.,9.95799250102959E-17));
#2990=DIRECTION('ref_axis',(-1.,0.,0.));
#2991=DIRECTION('center_axis',(0.,-1.,9.95799250102959E-17));
#2992=DIRECTION('ref_axis',(-1.,0.,0.));
#2993=DIRECTION('center_axis',(0.,-1.,9.95799250102959E-17));
#2994=DIRECTION('ref_axis',(-1.,0.,0.));
#2995=DIRECTION('center_axis',(0.,-1.,9.95799250102959E-17));
#2996=DIRECTION('ref_axis',(-1.,0.,0.));
#2997=DIRECTION('center_axis',(0.,-1.,9.95799250102959E-17));
#2998=DIRECTION('ref_axis',(-1.,0.,0.));
#2999=DIRECTION('center_axis',(0.,1.,-9.95799250102959E-17));
#3000=DIRECTION('ref_axis',(-1.,0.,0.));
#3001=DIRECTION('center_axis',(0.,1.,-9.95799250102959E-17));
#3002=DIRECTION('ref_axis',(-1.,0.,0.));
#3003=DIRECTION('center_axis',(0.,-1.,9.95799250102959E-17));
#3004=DIRECTION('ref_axis',(-1.,0.,0.));
#3005=DIRECTION('',(0.,1.,-9.9579925010296E-17));
#3006=DIRECTION('center_axis',(0.,-1.,9.95799250102959E-17));
#3007=DIRECTION('ref_axis',(-1.,0.,0.));
#3008=DIRECTION('',(0.,1.,-9.95799250102959E-17));
#3009=DIRECTION('center_axis',(0.,-1.,9.95799250102959E-17));
#3010=DIRECTION('ref_axis',(-1.,0.,0.));
#3011=DIRECTION('',(0.,1.,-9.95799250102959E-17));
#3012=DIRECTION('center_axis',(0.,-1.,9.95799250102959E-17));
#3013=DIRECTION('ref_axis',(-0.707106781186547,-7.04136402448282E-17,-0.707106781186548));
#3014=DIRECTION('',(0.,1.,-9.9579925010296E-17));
#3015=DIRECTION('center_axis',(0.,-1.,9.95799250102959E-17));
#3016=DIRECTION('ref_axis',(-1.,0.,0.));
#3017=DIRECTION('',(0.,1.,-9.95799250102959E-17));
#3018=DIRECTION('center_axis',(0.,-1.,9.95799250102959E-17));
#3019=DIRECTION('ref_axis',(-1.,0.,0.));
#3020=DIRECTION('',(0.,1.,-9.9579925010296E-17));
#3021=DIRECTION('center_axis',(0.,-1.,9.95799250102959E-17));
#3022=DIRECTION('ref_axis',(-1.,0.,0.));
#3023=DIRECTION('',(0.,1.,-9.95799250102959E-17));
#3024=DIRECTION('center_axis',(0.,-1.,9.95799250102959E-17));
#3025=DIRECTION('ref_axis',(-1.,0.,0.));
#3026=DIRECTION('',(0.,1.,-9.95799250102959E-17));
#3027=DIRECTION('center_axis',(0.,-1.,9.95799250102959E-17));
#3028=DIRECTION('ref_axis',(-1.,0.,0.));
#3029=DIRECTION('',(0.,1.,-9.9579925010296E-17));
#3030=DIRECTION('center_axis',(0.,-1.,9.95799250102959E-17));
#3031=DIRECTION('ref_axis',(-1.,0.,0.));
#3032=DIRECTION('',(0.,1.,-9.95799250102959E-17));
#3033=DIRECTION('center_axis',(0.,-1.,9.95799250102959E-17));
#3034=DIRECTION('ref_axis',(-1.,0.,0.));
#3035=DIRECTION('',(0.,1.,-9.95799250102959E-17));
#3036=DIRECTION('center_axis',(0.,-1.,9.95799250102959E-17));
#3037=DIRECTION('ref_axis',(-1.,0.,0.));
#3038=DIRECTION('',(0.,1.,-9.95799250102959E-17));
#3039=DIRECTION('center_axis',(0.,-1.,9.95799250102959E-17));
#3040=DIRECTION('ref_axis',(-1.,0.,0.));
#3041=DIRECTION('',(0.,1.,-9.9579925010296E-17));
#3042=DIRECTION('center_axis',(-1.,0.,0.));
#3043=DIRECTION('ref_axis',(0.,1.,0.));
#3044=DIRECTION('center_axis',(-1.,2.46716227694479E-16,0.));
#3045=DIRECTION('ref_axis',(0.,1.,0.));
#3046=DIRECTION('',(-1.,0.,0.));
#3047=DIRECTION('center_axis',(0.999999999999999,5.21540644745262E-8,0.));
#3048=DIRECTION('ref_axis',(-5.21540644745262E-8,0.999999999999999,0.));
#3049=DIRECTION('center_axis',(-1.,0.,0.));
#3050=DIRECTION('ref_axis',(0.,1.,0.));
#3051=DIRECTION('center_axis',(-1.,2.46716227694479E-16,0.));
#3052=DIRECTION('ref_axis',(0.,1.,0.));
#3053=DIRECTION('',(-1.,0.,0.));
#3054=DIRECTION('center_axis',(0.999999999999999,5.21540644745262E-8,0.));
#3055=DIRECTION('ref_axis',(-5.21540644745262E-8,0.999999999999999,0.));
#3056=DIRECTION('center_axis',(-1.,2.46716227694479E-16,0.));
#3057=DIRECTION('ref_axis',(-2.46716227694479E-16,-1.,0.));
#3058=DIRECTION('',(0.,0.,-1.));
#3059=DIRECTION('',(2.46716227694479E-16,1.,0.));
#3060=DIRECTION('',(0.,0.,1.));
#3061=DIRECTION('',(-2.46716227694479E-16,-1.,0.));
#3062=DIRECTION('center_axis',(1.,-2.46716227694479E-16,0.));
#3063=DIRECTION('ref_axis',(2.46716227694479E-16,1.,0.));
#3064=DIRECTION('',(0.,0.,1.));
#3065=DIRECTION('',(2.46716227694479E-16,1.,0.));
#3066=DIRECTION('',(0.,0.,1.));
#3067=DIRECTION('',(-2.46716227694479E-16,-1.,0.));
#3068=DIRECTION('center_axis',(0.,0.,1.));
#3069=DIRECTION('ref_axis',(-1.,0.,0.));
#3070=DIRECTION('center_axis',(0.,0.,1.));
#3071=DIRECTION('ref_axis',(-1.,0.,0.));
#3072=DIRECTION('center_axis',(0.,0.,-1.));
#3073=DIRECTION('ref_axis',(1.,0.,0.));
#3074=DIRECTION('center_axis',(0.,-1.,0.));
#3075=DIRECTION('ref_axis',(1.,0.,0.));
#3076=DIRECTION('',(-1.,0.,0.));
#3077=DIRECTION('',(1.,0.,0.));
#3078=DIRECTION('',(0.,0.,1.));
#3079=DIRECTION('center_axis',(-0.999999999999999,-5.21540644745262E-8,
0.));
#3080=DIRECTION('ref_axis',(5.21540644745262E-8,-0.999999999999999,0.));
#3081=DIRECTION('',(-5.21540644745262E-8,0.999999999999999,0.));
#3082=DIRECTION('',(5.21540644745262E-8,-0.999999999999999,0.));
#3083=DIRECTION('center_axis',(0.,0.,1.));
#3084=DIRECTION('ref_axis',(-1.,0.,0.));
#3085=DIRECTION('center_axis',(0.,0.,1.));
#3086=DIRECTION('ref_axis',(-1.,0.,0.));
#3087=DIRECTION('',(0.258819045102519,-0.965925826289066,2.00596743076507E-15));
#3088=DIRECTION('',(0.965925826289067,0.258819045102519,5.74693726168636E-17));
#3089=CARTESIAN_POINT('',(0.,0.,0.));
#3090=CARTESIAN_POINT('',(0.,0.,0.));
#3091=CARTESIAN_POINT('Origin',(5.50000000000001,-15.,-80.0000000000001));
#3092=CARTESIAN_POINT('',(3.00000000000001,-19.,-80.0000000000001));
#3093=CARTESIAN_POINT('Origin',(5.50000000000001,-19.,-80.0000000000001));
#3094=CARTESIAN_POINT('',(3.00000000000001,-18.,-80.0000000000001));
#3095=CARTESIAN_POINT('',(3.00000000000001,-15.,-80.0000000000001));
#3096=CARTESIAN_POINT('Origin',(5.50000000000001,-18.,-80.0000000000001));
#3097=CARTESIAN_POINT('Origin',(5.50000000000001,-19.,-80.0000000000001));
#3098=CARTESIAN_POINT('',(6.00000000000001,-19.,-80.0000000000001));
#3099=CARTESIAN_POINT('Origin',(5.50000000000001,-19.,-80.0000000000001));
#3100=CARTESIAN_POINT('Origin',(5.50000000000001,-15.,-98.0000000000001));
#3101=CARTESIAN_POINT('',(3.00000000000001,-19.,-98.0000000000001));
#3102=CARTESIAN_POINT('Origin',(5.50000000000001,-19.,-98.0000000000001));
#3103=CARTESIAN_POINT('',(3.00000000000001,-17.9999999999999,-98.0000000000001));
#3104=CARTESIAN_POINT('',(3.00000000000001,-15.,-98.0000000000001));
#3105=CARTESIAN_POINT('Origin',(5.50000000000001,-17.9999999999999,-98.0000000000001));
#3106=CARTESIAN_POINT('Origin',(5.50000000000001,-19.,-98.0000000000001));
#3107=CARTESIAN_POINT('',(6.00000000000001,-19.,-98.0000000000001));
#3108=CARTESIAN_POINT('Origin',(5.50000000000001,-19.,-98.0000000000001));
#3109=CARTESIAN_POINT('Origin',(-5.50000000000001,-15.,-98.0000000000001));
#3110=CARTESIAN_POINT('',(-8.00000000000001,-19.,-98.0000000000001));
#3111=CARTESIAN_POINT('Origin',(-5.50000000000001,-19.,-98.0000000000001));
#3112=CARTESIAN_POINT('',(-8.00000000000001,-17.9999999999999,-98.0000000000001));
#3113=CARTESIAN_POINT('',(-8.00000000000001,-15.,-98.0000000000001));
#3114=CARTESIAN_POINT('Origin',(-5.50000000000001,-17.9999999999999,-98.0000000000001));
#3115=CARTESIAN_POINT('Origin',(-5.50000000000001,-19.,-98.0000000000001));
#3116=CARTESIAN_POINT('',(-5.00000000000001,-19.,-98.0000000000001));
#3117=CARTESIAN_POINT('Origin',(-5.50000000000001,-19.,-98.0000000000001));
#3118=CARTESIAN_POINT('Origin',(-5.50000000000001,-15.,-80.0000000000001));
#3119=CARTESIAN_POINT('',(-8.00000000000001,-19.,-80.0000000000001));
#3120=CARTESIAN_POINT('Origin',(-5.50000000000001,-19.,-80.0000000000001));
#3121=CARTESIAN_POINT('',(-8.00000000000001,-18.,-80.0000000000001));
#3122=CARTESIAN_POINT('',(-8.00000000000001,-15.,-80.0000000000001));
#3123=CARTESIAN_POINT('Origin',(-5.50000000000001,-18.,-80.0000000000001));
#3124=CARTESIAN_POINT('Origin',(-5.50000000000001,-19.,-80.0000000000001));
#3125=CARTESIAN_POINT('',(-5.00000000000001,-19.,-80.0000000000001));
#3126=CARTESIAN_POINT('Origin',(-5.50000000000001,-19.,-80.0000000000001));
#3127=CARTESIAN_POINT('Origin',(0.,-27.,-89.0000000000001));
#3128=CARTESIAN_POINT('',(33.8074039201174,-27.,-98.0586665785883));
#3129=CARTESIAN_POINT('',(28.011848962383,-27.,-96.5057523079732));
#3130=CARTESIAN_POINT('Origin',(30.9096264412502,-27.,-97.2822094432807));
#3131=CARTESIAN_POINT('',(20.5060966544099,-27.,-109.50609665441));
#3132=CARTESIAN_POINT('Origin',(0.,-27.,-89.0000000000001));
#3133=CARTESIAN_POINT('',(24.7487373415292,-27.,-113.748737341529));
#3134=CARTESIAN_POINT('Origin',(22.6274169979695,-27.,-111.62741699797));
#3135=CARTESIAN_POINT('Origin',(0.,-27.,-89.0000000000001));
#3136=CARTESIAN_POINT('Origin',(0.,-27.,-89.0000000000001));
#3137=CARTESIAN_POINT('',(-7.50575230797311,-27.,-117.011848962383));
#3138=CARTESIAN_POINT('',(-9.05866657858825,-27.,-122.807403920117));
#3139=CARTESIAN_POINT('Origin',(-8.28220944328068,-27.,-119.90962644125));
#3140=CARTESIAN_POINT('Origin',(0.,-27.,-89.0000000000001));
#3141=CARTESIAN_POINT('Origin',(22.6274169979695,-27.,-111.62741699797));
#3142=CARTESIAN_POINT('Origin',(0.,-27.,-89.0000000000001));
#3143=CARTESIAN_POINT('',(9.88220944328067,-27.,-119.90962644125));
#3144=CARTESIAN_POINT('Origin',(8.28220944328066,-27.,-119.90962644125));
#3145=CARTESIAN_POINT('Origin',(0.,-27.,-89.0000000000001));
#3146=CARTESIAN_POINT('',(-20.5060966544099,-27.,-109.50609665441));
#3147=CARTESIAN_POINT('',(-24.7487373415292,-27.,-113.748737341529));
#3148=CARTESIAN_POINT('Origin',(-22.6274169979695,-27.,-111.62741699797));
#3149=CARTESIAN_POINT('Origin',(0.,-27.,-89.0000000000001));
#3150=CARTESIAN_POINT('Origin',(-8.28220944328068,-27.,-119.90962644125));
#3151=CARTESIAN_POINT('Origin',(0.,-27.,-89.0000000000001));
#3152=CARTESIAN_POINT('Origin',(0.,-27.,-89.0000000000001));
#3153=CARTESIAN_POINT('Origin',(-22.6274169979695,-27.,-111.62741699797));
#3154=CARTESIAN_POINT('',(-28.011848962383,-27.,-81.494247692027));
#3155=CARTESIAN_POINT('Origin',(0.,-27.,-89.0000000000001));
#3156=CARTESIAN_POINT('',(-33.8074039201174,-27.,-79.9413334214118));
#3157=CARTESIAN_POINT('Origin',(-30.9096264412502,-27.,-80.7177905567194));
#3158=CARTESIAN_POINT('Origin',(0.,-27.,-89.0000000000001));
#3159=CARTESIAN_POINT('',(-29.3096264412502,-27.,-97.2822094432807));
#3160=CARTESIAN_POINT('Origin',(-30.9096264412502,-27.,-97.2822094432807));
#3161=CARTESIAN_POINT('Origin',(0.,-27.,-89.0000000000001));
#3162=CARTESIAN_POINT('Origin',(-30.9096264412502,-27.,-80.7177905567194));
#3163=CARTESIAN_POINT('',(-20.5060966544099,-27.,-68.4939033455902));
#3164=CARTESIAN_POINT('Origin',(0.,-27.,-89.0000000000001));
#3165=CARTESIAN_POINT('',(-24.7487373415292,-27.,-64.2512626584709));
#3166=CARTESIAN_POINT('Origin',(-22.6274169979695,-27.,-66.3725830020306));
#3167=CARTESIAN_POINT('Origin',(0.,-27.,-89.0000000000001));
#3168=CARTESIAN_POINT('Origin',(0.,-27.,-89.0000000000001));
#3169=CARTESIAN_POINT('',(7.50575230797311,-27.,-60.9881510376171));
#3170=CARTESIAN_POINT('',(9.05866657858825,-27.,-55.1925960798827));
#3171=CARTESIAN_POINT('Origin',(8.28220944328068,-27.,-58.0903735587499));
#3172=CARTESIAN_POINT('Origin',(0.,-27.,-89.0000000000001));
#3173=CARTESIAN_POINT('Origin',(-22.6274169979695,-27.,-66.3725830020306));
#3174=CARTESIAN_POINT('Origin',(0.,-27.,-89.0000000000001));
#3175=CARTESIAN_POINT('',(-6.68220944328066,-27.,-58.0903735587499));
#3176=CARTESIAN_POINT('Origin',(-8.28220944328066,-27.,-58.0903735587499));
#3177=CARTESIAN_POINT('Origin',(0.,-27.,-89.0000000000001));
#3178=CARTESIAN_POINT('',(20.5060966544099,-27.,-68.4939033455902));
#3179=CARTESIAN_POINT('',(24.7487373415292,-27.,-64.2512626584709));
#3180=CARTESIAN_POINT('Origin',(22.6274169979695,-27.,-66.3725830020306));
#3181=CARTESIAN_POINT('Origin',(0.,-27.,-89.0000000000001));
#3182=CARTESIAN_POINT('Origin',(8.28220944328068,-27.,-58.0903735587499));
#3183=CARTESIAN_POINT('Origin',(0.,-27.,-89.0000000000001));
#3184=CARTESIAN_POINT('Origin',(0.,-27.,-89.0000000000001));
#3185=CARTESIAN_POINT('Origin',(22.6274169979695,-27.,-66.3725830020306));
#3186=CARTESIAN_POINT('Origin',(0.,-27.,-89.0000000000001));
#3187=CARTESIAN_POINT('Origin',(30.9096264412502,-27.,-97.2822094432807));
#3188=CARTESIAN_POINT('Origin',(0.,-27.,-89.0000000000001));
#3189=CARTESIAN_POINT('',(32.5096264412502,-27.,-80.7177905567194));
#3190=CARTESIAN_POINT('Origin',(30.9096264412502,-27.,-80.7177905567194));
#3191=CARTESIAN_POINT('Origin',(0.,-20.,-89.0000000000001));
#3192=CARTESIAN_POINT('',(20.5060966544099,-20.,-68.4939033455902));
#3193=CARTESIAN_POINT('Origin',(0.,-20.,-89.0000000000001));
#3194=CARTESIAN_POINT('',(25.,-20.,-89.0000000000001));
#3195=CARTESIAN_POINT('Origin',(0.,-20.,-89.0000000000001));
#3196=CARTESIAN_POINT('Origin',(5.50000000000001,-16.,-80.0000000000001));
#3197=CARTESIAN_POINT('',(3.00000000000001,-15.,-80.0000000000001));
#3198=CARTESIAN_POINT('Origin',(5.50000000000001,-15.,-80.0000000000001));
#3199=CARTESIAN_POINT('',(3.00000000000001,-16.,-80.0000000000001));
#3200=CARTESIAN_POINT('',(3.00000000000001,-16.,-80.0000000000001));
#3201=CARTESIAN_POINT('Origin',(5.50000000000001,-16.,-80.0000000000001));
#3202=CARTESIAN_POINT('Origin',(5.50000000000001,-15.,-80.0000000000001));
#3203=CARTESIAN_POINT('',(6.00000000000001,-15.,-80.0000000000001));
#3204=CARTESIAN_POINT('Origin',(5.50000000000001,-15.,-80.0000000000001));
#3205=CARTESIAN_POINT('Origin',(-5.50000000000001,-16.,-80.0000000000001));
#3206=CARTESIAN_POINT('',(-8.00000000000001,-15.,-80.0000000000001));
#3207=CARTESIAN_POINT('Origin',(-5.50000000000001,-15.,-80.0000000000001));
#3208=CARTESIAN_POINT('',(-8.00000000000001,-16.,-80.0000000000001));
#3209=CARTESIAN_POINT('',(-8.00000000000001,-16.,-80.0000000000001));
#3210=CARTESIAN_POINT('Origin',(-5.50000000000001,-16.,-80.0000000000001));
#3211=CARTESIAN_POINT('Origin',(-5.50000000000001,-15.,-80.0000000000001));
#3212=CARTESIAN_POINT('',(-5.00000000000001,-15.,-80.0000000000001));
#3213=CARTESIAN_POINT('Origin',(-5.50000000000001,-15.,-80.0000000000001));
#3214=CARTESIAN_POINT('Origin',(5.50000000000001,-16.,-98.0000000000001));
#3215=CARTESIAN_POINT('',(3.00000000000001,-15.,-98.0000000000001));
#3216=CARTESIAN_POINT('Origin',(5.50000000000001,-15.,-98.0000000000001));
#3217=CARTESIAN_POINT('',(3.00000000000001,-16.,-98.0000000000001));
#3218=CARTESIAN_POINT('',(3.00000000000001,-16.,-98.0000000000001));
#3219=CARTESIAN_POINT('Origin',(5.50000000000001,-16.,-98.0000000000001));
#3220=CARTESIAN_POINT('Origin',(5.50000000000001,-15.,-98.0000000000001));
#3221=CARTESIAN_POINT('',(6.00000000000001,-15.,-98.0000000000001));
#3222=CARTESIAN_POINT('Origin',(5.50000000000001,-15.,-98.0000000000001));
#3223=CARTESIAN_POINT('Origin',(-5.50000000000001,-16.,-98.0000000000001));
#3224=CARTESIAN_POINT('',(-8.00000000000001,-15.,-98.0000000000001));
#3225=CARTESIAN_POINT('Origin',(-5.50000000000001,-15.,-98.0000000000001));
#3226=CARTESIAN_POINT('',(-8.00000000000001,-16.,-98.0000000000001));
#3227=CARTESIAN_POINT('',(-8.00000000000001,-16.,-98.0000000000001));
#3228=CARTESIAN_POINT('Origin',(-5.50000000000001,-16.,-98.0000000000001));
#3229=CARTESIAN_POINT('Origin',(-5.50000000000001,-15.,-98.0000000000001));
#3230=CARTESIAN_POINT('',(-5.00000000000001,-15.,-98.0000000000001));
#3231=CARTESIAN_POINT('Origin',(-5.50000000000001,-15.,-98.0000000000001));
#3232=CARTESIAN_POINT('Origin',(0.,-18.,-89.0000000000001));
#3233=CARTESIAN_POINT('',(25.,-18.,-89.0000000000001));
#3234=CARTESIAN_POINT('',(25.,-18.,-89.0000000000001));
#3235=CARTESIAN_POINT('Origin',(0.,-18.,-89.0000000000001));
#3236=CARTESIAN_POINT('Origin',(-14.9999997094273,-18.,-100.500000171363));
#3237=CARTESIAN_POINT('',(-14.9999997094273,-18.,-100.500000171363));
#3238=CARTESIAN_POINT('',(-18.9999997094274,-18.,-100.500000171363));
#3239=CARTESIAN_POINT('',(-7.49999985471367,-18.,-100.500000171363));
#3240=CARTESIAN_POINT('',(-14.9999997094273,-16.,-100.500000171363));
#3241=CARTESIAN_POINT('',(-14.9999997094273,-18.,-100.500000171363));
#3242=CARTESIAN_POINT('',(-18.9999997094274,-16.,-100.500000171363));
#3243=CARTESIAN_POINT('',(-7.49999985471367,-16.,-100.500000171363));
#3244=CARTESIAN_POINT('',(-18.9999997094274,-18.,-100.500000171363));
#3245=CARTESIAN_POINT('Origin',(-14.9999997094273,-17.9999999999999,-98.5000001713635));
#3246=CARTESIAN_POINT('',(-12.9999997094274,-17.9999999999999,-98.5000001713635));
#3247=CARTESIAN_POINT('Origin',(-14.9999997094273,-17.9999999999999,-98.5000001713635));
#3248=CARTESIAN_POINT('',(-12.9999997094274,-16.,-98.5000001713635));
#3249=CARTESIAN_POINT('',(-12.9999997094274,-17.9999999999999,-98.5000001713635));
#3250=CARTESIAN_POINT('Origin',(-14.9999997094273,-16.,-98.5000001713635));
#3251=CARTESIAN_POINT('Origin',(-12.9999997094274,-18.,-79.5000002570451));
#3252=CARTESIAN_POINT('',(-12.9999997094274,-18.,-79.5000002570451));
#3253=CARTESIAN_POINT('',(-12.9999997094274,-18.,-84.2500001285226));
#3254=CARTESIAN_POINT('',(-12.9999997094274,-16.,-79.5000002570451));
#3255=CARTESIAN_POINT('',(-12.9999997094274,-18.,-79.5000002570451));
#3256=CARTESIAN_POINT('',(-12.9999997094274,-16.,-84.2500001285226));
#3257=CARTESIAN_POINT('Origin',(-14.9999997094273,-18.,-79.5000002570451));
#3258=CARTESIAN_POINT('',(-14.9999997094273,-17.9999999999999,-77.5000002570451));
#3259=CARTESIAN_POINT('Origin',(-14.9999997094273,-18.,-79.5000002570451));
#3260=CARTESIAN_POINT('',(-14.9999997094273,-16.,-77.5000002570451));
#3261=CARTESIAN_POINT('',(-14.9999997094273,-17.9999999999999,-77.5000002570451));
#3262=CARTESIAN_POINT('Origin',(-14.9999997094273,-16.,-79.5000002570451));
#3263=CARTESIAN_POINT('Origin',(-18.9999997094274,-17.9999999999999,-77.5000002570451));
#3264=CARTESIAN_POINT('',(-18.9999997094274,-17.9999999999999,-77.5000002570451));
#3265=CARTESIAN_POINT('',(-9.49999985471369,-17.9999999999999,-77.5000002570451));
#3266=CARTESIAN_POINT('',(-18.9999997094274,-16.,-77.5000002570451));
#3267=CARTESIAN_POINT('',(-18.9999997094274,-17.9999999999999,-77.5000002570451));
#3268=CARTESIAN_POINT('',(-9.49999985471369,-16.,-77.5000002570451));
#3269=CARTESIAN_POINT('Origin',(-18.9999997094274,-18.,-79.5000002570451));
#3270=CARTESIAN_POINT('',(-20.9999997094274,-18.,-79.5000002570451));
#3271=CARTESIAN_POINT('Origin',(-18.9999997094274,-18.,-79.5000002570451));
#3272=CARTESIAN_POINT('',(-20.9999997094274,-16.,-79.5000002570451));
#3273=CARTESIAN_POINT('',(-20.9999997094274,-18.,-79.5000002570451));
#3274=CARTESIAN_POINT('Origin',(-18.9999997094274,-16.,-79.5000002570451));
#3275=CARTESIAN_POINT('Origin',(-20.9999997094274,-17.9999999999999,-98.5000001713635));
#3276=CARTESIAN_POINT('',(-20.9999997094274,-17.9999999999999,-98.5000001713635));
#3277=CARTESIAN_POINT('',(-20.9999997094274,-17.9999999999999,-93.7500000856818));
#3278=CARTESIAN_POINT('',(-20.9999997094274,-16.,-98.5000001713635));
#3279=CARTESIAN_POINT('',(-20.9999997094274,-17.9999999999999,-98.5000001713635));
#3280=CARTESIAN_POINT('',(-20.9999997094274,-16.,-93.7500000856818));
#3281=CARTESIAN_POINT('Origin',(-18.9999997094274,-17.9999999999999,-98.5000001713635));
#3282=CARTESIAN_POINT('Origin',(-18.9999997094274,-17.9999999999999,-98.5000001713635));
#3283=CARTESIAN_POINT('Origin',(-18.9999997094274,-16.,-98.5000001713635));
#3284=CARTESIAN_POINT('Origin',(20.9999997094274,-18.,-79.5000002570451));
#3285=CARTESIAN_POINT('',(20.9999997094274,-18.,-79.5000002570451));
#3286=CARTESIAN_POINT('',(20.9999997094274,-17.9999999999999,-98.5000001713635));
#3287=CARTESIAN_POINT('',(20.9999997094274,-18.,-84.2500001285226));
#3288=CARTESIAN_POINT('',(20.9999997094274,-16.,-79.5000002570451));
#3289=CARTESIAN_POINT('',(20.9999997094274,-18.,-79.5000002570451));
#3290=CARTESIAN_POINT('',(20.9999997094274,-16.,-98.5000001713635));
#3291=CARTESIAN_POINT('',(20.9999997094274,-16.,-84.2500001285226));
#3292=CARTESIAN_POINT('',(20.9999997094274,-17.9999999999999,-98.5000001713635));
#3293=CARTESIAN_POINT('Origin',(18.9999997094274,-18.,-79.5000002570451));
#3294=CARTESIAN_POINT('',(18.9999997094274,-17.9999999999999,-77.5000002570451));
#3295=CARTESIAN_POINT('Origin',(18.9999997094274,-18.,-79.5000002570451));
#3296=CARTESIAN_POINT('',(18.9999997094274,-16.,-77.5000002570451));
#3297=CARTESIAN_POINT('',(18.9999997094274,-17.9999999999999,-77.5000002570451));
#3298=CARTESIAN_POINT('Origin',(18.9999997094274,-16.,-79.5000002570451));
#3299=CARTESIAN_POINT('Origin',(14.9999997094273,-17.9999999999999,-77.5000002570451));
#3300=CARTESIAN_POINT('',(14.9999997094273,-17.9999999999999,-77.5000002570451));
#3301=CARTESIAN_POINT('',(7.49999985471367,-17.9999999999999,-77.5000002570451));
#3302=CARTESIAN_POINT('',(14.9999997094273,-16.,-77.5000002570451));
#3303=CARTESIAN_POINT('',(14.9999997094273,-17.9999999999999,-77.5000002570451));
#3304=CARTESIAN_POINT('',(7.49999985471367,-16.,-77.5000002570451));
#3305=CARTESIAN_POINT('Origin',(14.9999997094273,-18.,-79.5000002570451));
#3306=CARTESIAN_POINT('',(12.9999997094274,-18.,-79.5000002570451));
#3307=CARTESIAN_POINT('Origin',(14.9999997094273,-18.,-79.5000002570451));
#3308=CARTESIAN_POINT('',(12.9999997094274,-16.,-79.5000002570451));
#3309=CARTESIAN_POINT('',(12.9999997094274,-18.,-79.5000002570451));
#3310=CARTESIAN_POINT('Origin',(14.9999997094273,-16.,-79.5000002570451));
#3311=CARTESIAN_POINT('Origin',(12.9999997094274,-17.9999999999999,-98.5000001713635));
#3312=CARTESIAN_POINT('',(12.9999997094274,-17.9999999999999,-98.5000001713635));
#3313=CARTESIAN_POINT('',(12.9999997094274,-17.9999999999999,-93.7500000856818));
#3314=CARTESIAN_POINT('',(12.9999997094274,-16.,-98.5000001713635));
#3315=CARTESIAN_POINT('',(12.9999997094274,-17.9999999999999,-98.5000001713635));
#3316=CARTESIAN_POINT('',(12.9999997094274,-16.,-93.7500000856818));
#3317=CARTESIAN_POINT('Origin',(14.9999997094273,-17.9999999999999,-98.5000001713635));
#3318=CARTESIAN_POINT('',(14.9999997094273,-18.,-100.500000171363));
#3319=CARTESIAN_POINT('Origin',(14.9999997094273,-17.9999999999999,-98.5000001713635));
#3320=CARTESIAN_POINT('',(14.9999997094273,-16.,-100.500000171363));
#3321=CARTESIAN_POINT('',(14.9999997094273,-18.,-100.500000171363));
#3322=CARTESIAN_POINT('Origin',(14.9999997094273,-16.,-98.5000001713635));
#3323=CARTESIAN_POINT('Origin',(18.9999997094274,-18.,-100.500000171363));
#3324=CARTESIAN_POINT('',(18.9999997094274,-18.,-100.500000171363));
#3325=CARTESIAN_POINT('',(9.49999985471369,-18.,-100.500000171363));
#3326=CARTESIAN_POINT('',(18.9999997094274,-16.,-100.500000171363));
#3327=CARTESIAN_POINT('',(18.9999997094274,-18.,-100.500000171363));
#3328=CARTESIAN_POINT('',(9.49999985471369,-16.,-100.500000171363));
#3329=CARTESIAN_POINT('Origin',(18.9999997094274,-17.9999999999999,-98.5000001713635));
#3330=CARTESIAN_POINT('Origin',(18.9999997094274,-17.9999999999999,-98.5000001713635));
#3331=CARTESIAN_POINT('Origin',(18.9999997094274,-16.,-98.5000001713635));
#3332=CARTESIAN_POINT('Origin',(-26.8115559086875,-8.99999999999996,-111.497566674269));
#3333=CARTESIAN_POINT('',(-26.8115559086875,-8.99999999999996,-111.497566674269));
#3334=CARTESIAN_POINT('',(-22.2152888504504,-8.99999999999996,-107.64084068091));
#3335=CARTESIAN_POINT('',(-13.4057779543438,-8.99999999999996,-100.248783337134));
#3336=CARTESIAN_POINT('',(-26.8115559086875,-16.,-111.497566674269));
#3337=CARTESIAN_POINT('',(-26.8115555091642,-11.,-111.497566339029));
#3338=CARTESIAN_POINT('',(-22.2152888504504,-16.,-107.64084068091));
#3339=CARTESIAN_POINT('',(0.,-16.,-89.0000000000001));
#3340=CARTESIAN_POINT('',(-22.2152888504504,-11.,-107.64084068091));
#3341=CARTESIAN_POINT('Origin',(-28.559424837354,-8.99999999999996,-83.9642028476591));
#3342=CARTESIAN_POINT('',(-28.559424837354,-8.99999999999996,-83.9642028476591));
#3343=CARTESIAN_POINT('',(-34.4682718690446,-8.99999999999996,-82.922313691093));
#3344=CARTESIAN_POINT('',(-14.279712418677,-8.99999999999996,-86.4821014238296));
#3345=CARTESIAN_POINT('',(-28.559424837354,-16.,-83.9642028476591));
#3346=CARTESIAN_POINT('',(-28.559424837354,-11.,-83.9642028476591));
#3347=CARTESIAN_POINT('',(-34.4682718690446,-16.,-82.922313691093));
#3348=CARTESIAN_POINT('',(0.,-16.,-89.0000000000001));
#3349=CARTESIAN_POINT('',(-34.4682713554273,-11.,-82.9223137816575));
#3350=CARTESIAN_POINT('Origin',(28.559424837354,-8.99999999999996,-94.0357971523411));
#3351=CARTESIAN_POINT('',(28.559424837354,-8.99999999999996,-94.0357971523411));
#3352=CARTESIAN_POINT('',(34.4682718690446,-8.99999999999996,-95.0776863089072));
#3353=CARTESIAN_POINT('',(14.279712418677,-8.99999999999996,-91.5178985761706));
#3354=CARTESIAN_POINT('',(28.559424837354,-16.,-94.0357971523411));
#3355=CARTESIAN_POINT('',(28.559424837354,-11.,-94.0357971523411));
#3356=CARTESIAN_POINT('',(34.4682718690446,-16.,-95.0776863089072));
#3357=CARTESIAN_POINT('',(0.,-16.,-89.0000000000001));
#3358=CARTESIAN_POINT('',(34.4682713554273,-11.,-95.0776862183426));
#3359=CARTESIAN_POINT('Origin',(26.8115559086875,-8.99999999999996,-66.5024333257313));
#3360=CARTESIAN_POINT('',(26.8115559086875,-8.99999999999996,-66.5024333257313));
#3361=CARTESIAN_POINT('',(22.2152888504504,-8.99999999999996,-70.3591593190904));
#3362=CARTESIAN_POINT('',(13.4057779543438,-8.99999999999996,-77.7512166628657));
#3363=CARTESIAN_POINT('',(26.8115559086875,-16.,-66.5024333257313));
#3364=CARTESIAN_POINT('',(26.8115555091642,-11.,-66.5024336609712));
#3365=CARTESIAN_POINT('',(22.2152888504504,-16.,-70.3591593190904));
#3366=CARTESIAN_POINT('',(0.,-16.,-89.0000000000001));
#3367=CARTESIAN_POINT('',(22.2152888504504,-11.,-70.3591593190904));
#3368=CARTESIAN_POINT('Origin',(-6.07768630890716,-8.99999999999996,-54.5317281309556));
#3369=CARTESIAN_POINT('',(-6.07768630890714,-8.99999999999996,-54.5317281309555));
#3370=CARTESIAN_POINT('',(-5.03579715234098,-8.99999999999996,-60.4405751626461));
#3371=CARTESIAN_POINT('',(-3.03884315445357,-8.99999999999996,-71.7658640654778));
#3372=CARTESIAN_POINT('',(-6.07768630890714,-16.,-54.5317281309555));
#3373=CARTESIAN_POINT('',(-6.07768621834257,-11.,-54.5317286445728));
#3374=CARTESIAN_POINT('',(-5.03579715234098,-16.,-60.440575162646));
#3375=CARTESIAN_POINT('',(0.,-16.,-89.0000000000001));
#3376=CARTESIAN_POINT('',(-5.035797152341,-11.,-60.440575162646));
#3377=CARTESIAN_POINT('Origin',(5.03579715234098,-8.99999999999996,-60.440575162646));
#3378=CARTESIAN_POINT('',(5.03579715234098,-8.99999999999996,-60.4405751626461));
#3379=CARTESIAN_POINT('',(6.07768630890714,-8.99999999999996,-54.5317281309555));
#3380=CARTESIAN_POINT('',(2.5178985761705,-8.99999999999996,-74.7202875813231));
#3381=CARTESIAN_POINT('',(5.03579715234098,-16.,-60.440575162646));
#3382=CARTESIAN_POINT('',(5.03579715234098,-11.,-60.440575162646));
#3383=CARTESIAN_POINT('',(6.07768630890714,-16.,-54.5317281309555));
#3384=CARTESIAN_POINT('',(0.,-16.,-89.0000000000001));
#3385=CARTESIAN_POINT('',(6.07768621834257,-11.,-54.5317286445728));
#3386=CARTESIAN_POINT('Origin',(6.07768630890714,-8.99999999999996,-123.468271869045));
#3387=CARTESIAN_POINT('',(6.07768630890714,-8.99999999999996,-123.468271869045));
#3388=CARTESIAN_POINT('',(5.03579715234098,-8.99999999999996,-117.559424837354));
#3389=CARTESIAN_POINT('',(3.03884315445357,-8.99999999999996,-106.234135934522));
#3390=CARTESIAN_POINT('',(6.07768630890714,-16.,-123.468271869045));
#3391=CARTESIAN_POINT('',(6.07768621834255,-11.,-123.468271355427));
#3392=CARTESIAN_POINT('',(5.03579715234098,-16.,-117.559424837354));
#3393=CARTESIAN_POINT('',(0.,-16.,-89.0000000000001));
#3394=CARTESIAN_POINT('',(5.03579715234098,-11.,-117.559424837354));
#3395=CARTESIAN_POINT('Origin',(-5.03579715234096,-8.99999999999996,-117.559424837354));
#3396=CARTESIAN_POINT('',(-5.03579715234098,-8.99999999999996,-117.559424837354));
#3397=CARTESIAN_POINT('',(-6.07768630890712,-8.99999999999996,-123.468271869045));
#3398=CARTESIAN_POINT('',(-2.51789857617048,-8.99999999999996,-103.279712418677));
#3399=CARTESIAN_POINT('',(-5.03579715234098,-16.,-117.559424837354));
#3400=CARTESIAN_POINT('',(-5.03579715234096,-11.,-117.559424837354));
#3401=CARTESIAN_POINT('',(-6.07768630890712,-16.,-123.468271869045));
#3402=CARTESIAN_POINT('',(0.,-16.,-89.0000000000001));
#3403=CARTESIAN_POINT('',(-6.07768621834255,-11.,-123.468271355427));
#3404=CARTESIAN_POINT('Origin',(22.4975666742687,-8.99999999999996,-115.811555908688));
#3405=CARTESIAN_POINT('',(22.4975666742687,-8.99999999999996,-115.811555908688));
#3406=CARTESIAN_POINT('',(18.6408406809097,-8.99999999999996,-111.21528885045));
#3407=CARTESIAN_POINT('',(11.2487833371344,-8.99999999999996,-102.405777954344));
#3408=CARTESIAN_POINT('',(22.4975666742687,-16.,-115.811555908688));
#3409=CARTESIAN_POINT('',(22.4975663390289,-11.,-115.811555509164));
#3410=CARTESIAN_POINT('',(18.6408406809097,-16.,-111.21528885045));
#3411=CARTESIAN_POINT('',(0.,-16.,-89.0000000000001));
#3412=CARTESIAN_POINT('',(18.6408406809096,-11.,-111.21528885045));
#3413=CARTESIAN_POINT('Origin',(9.91858415644442,-8.99999999999996,-116.251086002791));
#3414=CARTESIAN_POINT('',(9.91858415644442,-8.99999999999996,-116.251086002791));
#3415=CARTESIAN_POINT('',(11.9707051947758,-8.99999999999996,-121.889242217595));
#3416=CARTESIAN_POINT('',(4.9592920782222,-8.99999999999996,-102.625543001396));
#3417=CARTESIAN_POINT('',(9.91858415644442,-16.,-116.251086002791));
#3418=CARTESIAN_POINT('',(9.91858415644442,-11.,-116.251086002791));
#3419=CARTESIAN_POINT('',(11.9707051947758,-16.,-121.889242217595));
#3420=CARTESIAN_POINT('',(0.,-16.,-89.0000000000001));
#3421=CARTESIAN_POINT('',(11.9707050163984,-11.,-121.889241727507));
#3422=CARTESIAN_POINT('Origin',(-22.4975666742687,-8.99999999999996,-62.1884440913126));
#3423=CARTESIAN_POINT('',(-22.4975666742687,-8.99999999999996,-62.1884440913126));
#3424=CARTESIAN_POINT('',(-18.6408406809096,-8.99999999999996,-66.7847111495497));
#3425=CARTESIAN_POINT('',(-11.2487833371344,-8.99999999999996,-75.5942220456563));
#3426=CARTESIAN_POINT('',(-22.4975666742687,-16.,-62.1884440913125));
#3427=CARTESIAN_POINT('',(-22.4975663390289,-11.,-62.1884444908358));
#3428=CARTESIAN_POINT('',(-18.6408406809096,-16.,-66.7847111495497));
#3429=CARTESIAN_POINT('',(0.,-16.,-89.0000000000001));
#3430=CARTESIAN_POINT('',(-18.6408406809096,-11.,-66.7847111495497));
#3431=CARTESIAN_POINT('Origin',(-9.9185841564444,-8.99999999999996,-61.7489139972087));
#3432=CARTESIAN_POINT('',(-9.9185841564444,-8.99999999999996,-61.7489139972088));
#3433=CARTESIAN_POINT('',(-11.9707051947758,-8.99999999999996,-56.1107577824054));
#3434=CARTESIAN_POINT('',(-4.9592920782222,-8.99999999999996,-75.3744569986044));
#3435=CARTESIAN_POINT('',(-9.9185841564444,-16.,-61.7489139972087));
#3436=CARTESIAN_POINT('',(-9.9185841564444,-11.,-61.7489139972087));
#3437=CARTESIAN_POINT('',(-11.9707051947758,-16.,-56.1107577824054));
#3438=CARTESIAN_POINT('',(0.,-16.,-89.0000000000001));
#3439=CARTESIAN_POINT('',(-11.9707050163984,-11.,-56.1107582724933));
#3440=CARTESIAN_POINT('Origin',(0.,-11.,-89.0000000000001));
#3441=CARTESIAN_POINT('Origin',(0.,-16.,-89.0000000000001));
#3442=CARTESIAN_POINT('Origin',(0.,-8.99999999999996,-89.0000000000001));
#3443=CARTESIAN_POINT('Origin',(0.,-11.,-89.0000000000001));
#3444=CARTESIAN_POINT('Origin',(0.,-16.,-89.0000000000001));
#3445=CARTESIAN_POINT('Origin',(0.,-8.99999999999996,-89.0000000000001));
#3446=CARTESIAN_POINT('Origin',(0.,-11.,-89.0000000000001));
#3447=CARTESIAN_POINT('Origin',(0.,-16.,-89.0000000000001));
#3448=CARTESIAN_POINT('Origin',(0.,-8.99999999999996,-89.0000000000001));
#3449=CARTESIAN_POINT('Origin',(0.,-11.,-89.0000000000001));
#3450=CARTESIAN_POINT('Origin',(0.,-8.99999999999996,-89.0000000000001));
#3451=CARTESIAN_POINT('Origin',(0.,-16.,-89.0000000000001));
#3452=CARTESIAN_POINT('Origin',(0.,-11.,-89.0000000000001));
#3453=CARTESIAN_POINT('Origin',(0.,-16.,-89.0000000000001));
#3454=CARTESIAN_POINT('Origin',(0.,-8.99999999999996,-89.0000000000001));
#3455=CARTESIAN_POINT('Origin',(0.,-11.,-89.0000000000001));
#3456=CARTESIAN_POINT('Origin',(0.,-8.99999999999996,-89.0000000000001));
#3457=CARTESIAN_POINT('Origin',(0.,-16.,-89.0000000000001));
#3458=CARTESIAN_POINT('Origin',(0.,-11.,-89.0000000000001));
#3459=CARTESIAN_POINT('',(33.8074039201174,-22.,-98.0586665785883));
#3460=CARTESIAN_POINT('',(33.8074039201174,-25.,-98.0586665785883));
#3461=CARTESIAN_POINT('',(33.8074039201174,-8.99999999999995,-98.0586665785883));
#3462=CARTESIAN_POINT('',(33.8074039201174,-11.,-98.0586665785883));
#3463=CARTESIAN_POINT('Origin',(0.,-8.99999999999996,-89.0000000000001));
#3464=CARTESIAN_POINT('Origin',(0.,-16.,-89.0000000000001));
#3465=CARTESIAN_POINT('Origin',(0.,-8.99999999999996,-89.0000000000001));
#3466=CARTESIAN_POINT('Origin',(0.,-16.,-89.0000000000001));
#3467=CARTESIAN_POINT('Origin',(0.,-8.99999999999996,-89.0000000000001));
#3468=CARTESIAN_POINT('Origin',(0.,-16.,-89.0000000000001));
#3469=CARTESIAN_POINT('Origin',(0.,-8.99999999999996,-89.0000000000001));
#3470=CARTESIAN_POINT('Origin',(0.,-16.,-89.0000000000001));
#3471=CARTESIAN_POINT('Origin',(0.,-8.99999999999996,-89.0000000000001));
#3472=CARTESIAN_POINT('Origin',(0.,-16.,-89.0000000000001));
#3473=CARTESIAN_POINT('Origin',(0.,-8.99999999999996,-89.0000000000001));
#3474=CARTESIAN_POINT('Origin',(0.,-16.,-89.0000000000001));
#3475=CARTESIAN_POINT('Origin',(0.,-8.99999999999996,-89.0000000000001));
#3476=CARTESIAN_POINT('',(33.8074039201174,-25.,-98.0586665785883));
#3477=CARTESIAN_POINT('',(24.7487373415292,-22.,-113.748737341529));
#3478=CARTESIAN_POINT('',(24.7487373415292,-24.9999999999999,-113.748737341529));
#3479=CARTESIAN_POINT('',(24.7487373415292,-24.9999999999999,-113.748737341529));
#3480=CARTESIAN_POINT('',(-9.05866657858825,-22.,-122.807403920117));
#3481=CARTESIAN_POINT('',(-9.05866657858825,-24.9999999999999,-122.807403920117));
#3482=CARTESIAN_POINT('',(-9.05866657858825,-24.9999999999999,-122.807403920117));
#3483=CARTESIAN_POINT('',(-24.7487373415292,-22.,-113.748737341529));
#3484=CARTESIAN_POINT('',(-24.7487373415292,-24.9999999999999,-113.748737341529));
#3485=CARTESIAN_POINT('',(-24.7487373415292,-24.9999999999999,-113.748737341529));
#3486=CARTESIAN_POINT('',(-33.8074039201174,-22.,-79.9413334214119));
#3487=CARTESIAN_POINT('',(-33.8074039201174,-25.,-79.9413334214119));
#3488=CARTESIAN_POINT('',(-33.8074039201174,-25.,-79.9413334214119));
#3489=CARTESIAN_POINT('',(-24.7487373415292,-22.,-64.2512626584709));
#3490=CARTESIAN_POINT('',(-24.7487373415292,-25.,-64.2512626584709));
#3491=CARTESIAN_POINT('',(-24.7487373415292,-25.,-64.2512626584709));
#3492=CARTESIAN_POINT('',(9.05866657858825,-22.,-55.1925960798827));
#3493=CARTESIAN_POINT('',(9.05866657858825,-25.,-55.1925960798827));
#3494=CARTESIAN_POINT('',(9.05866657858825,-25.,-55.1925960798827));
#3495=CARTESIAN_POINT('',(24.7487373415292,-22.,-64.2512626584709));
#3496=CARTESIAN_POINT('',(24.7487373415292,-25.,-64.2512626584709));
#3497=CARTESIAN_POINT('',(24.7487373415292,-25.,-64.2512626584709));
#3498=CARTESIAN_POINT('Origin',(0.,-8.99999999999996,-89.0000000000001));
#3499=CARTESIAN_POINT('',(9.88220944328067,-8.99999999999996,-119.90962644125));
#3500=CARTESIAN_POINT('Origin',(8.28220944328066,-8.99999999999996,-119.90962644125));
#3501=CARTESIAN_POINT('Origin',(0.,-8.99999999999996,-89.0000000000001));
#3502=CARTESIAN_POINT('',(-6.68220944328066,-8.99999999999996,-58.0903735587499));
#3503=CARTESIAN_POINT('Origin',(-8.28220944328066,-8.99999999999996,-58.0903735587499));
#3504=CARTESIAN_POINT('Origin',(0.,-8.99999999999996,-89.0000000000001));
#3505=CARTESIAN_POINT('',(24.2274169979695,-8.99999999999996,-66.3725830020306));
#3506=CARTESIAN_POINT('Origin',(22.6274169979695,-8.99999999999996,-66.3725830020306));
#3507=CARTESIAN_POINT('',(9.88220944328067,-8.99999999999996,-58.0903735587499));
#3508=CARTESIAN_POINT('Origin',(8.28220944328066,-8.99999999999996,-58.0903735587499));
#3509=CARTESIAN_POINT('Origin',(0.,-8.99999999999996,-89.0000000000001));
#3510=CARTESIAN_POINT('',(24.2274169979695,-8.99999999999996,-111.62741699797));
#3511=CARTESIAN_POINT('Origin',(22.6274169979695,-8.99999999999996,-111.62741699797));
#3512=CARTESIAN_POINT('',(32.5096264412502,-8.99999999999996,-97.2822094432808));
#3513=CARTESIAN_POINT('Origin',(30.9096264412502,-8.99999999999996,-97.2822094432808));
#3514=CARTESIAN_POINT('Origin',(0.,-8.99999999999996,-89.0000000000001));
#3515=CARTESIAN_POINT('',(-6.68220944328066,-8.99999999999996,-119.90962644125));
#3516=CARTESIAN_POINT('Origin',(-8.28220944328066,-8.99999999999996,-119.90962644125));
#3517=CARTESIAN_POINT('',(-21.0274169979695,-8.99999999999996,-111.62741699797));
#3518=CARTESIAN_POINT('Origin',(-22.6274169979695,-8.99999999999996,-111.62741699797));
#3519=CARTESIAN_POINT('Origin',(5.50000000000001,-18.,-80.0000000000001));
#3520=CARTESIAN_POINT('',(6.00000000000001,-18.,-80.0000000000001));
#3521=CARTESIAN_POINT('Origin',(5.50000000000001,-17.9999999999999,-98.0000000000001));
#3522=CARTESIAN_POINT('',(6.00000000000001,-17.9999999999999,-98.0000000000001));
#3523=CARTESIAN_POINT('Origin',(-5.50000000000001,-17.9999999999999,-98.0000000000001));
#3524=CARTESIAN_POINT('',(-5.00000000000001,-17.9999999999999,-98.0000000000001));
#3525=CARTESIAN_POINT('Origin',(-5.50000000000001,-18.,-80.0000000000001));
#3526=CARTESIAN_POINT('',(-5.00000000000001,-18.,-80.0000000000001));
#3527=CARTESIAN_POINT('Origin',(22.6274169979695,-25.,-66.3725830020306));
#3528=CARTESIAN_POINT('',(20.5060966544099,-22.,-68.4939033455902));
#3529=CARTESIAN_POINT('Origin',(22.6274169979695,-22.,-66.3725830020306));
#3530=CARTESIAN_POINT('',(20.5060966544099,-25.,-68.4939033455902));
#3531=CARTESIAN_POINT('Origin',(22.6274169979695,-25.,-66.3725830020306));
#3532=CARTESIAN_POINT('',(20.5060966544099,-25.,-68.4939033455902));
#3533=CARTESIAN_POINT('Origin',(22.6274169979695,-22.,-66.3725830020306));
#3534=CARTESIAN_POINT('Origin',(22.6274169979695,-22.,-66.3725830020306));
#3535=CARTESIAN_POINT('',(24.2274169979695,-22.,-66.3725830020306));
#3536=CARTESIAN_POINT('Origin',(22.6274169979695,-22.,-66.3725830020306));
#3537=CARTESIAN_POINT('Origin',(-22.6274169979695,-24.9999999999999,-111.62741699797));
#3538=CARTESIAN_POINT('',(-20.5060966544099,-22.,-109.50609665441));
#3539=CARTESIAN_POINT('',(-20.5060966544099,-24.9999999999999,-109.50609665441));
#3540=CARTESIAN_POINT('Origin',(-22.6274169979695,-22.,-111.62741699797));
#3541=CARTESIAN_POINT('Origin',(-22.6274169979695,-24.9999999999999,-111.62741699797));
#3542=CARTESIAN_POINT('',(-20.5060966544099,-24.9999999999999,-109.50609665441));
#3543=CARTESIAN_POINT('Origin',(-22.6274169979695,-22.,-111.62741699797));
#3544=CARTESIAN_POINT('Origin',(-22.6274169979695,-22.,-111.62741699797));
#3545=CARTESIAN_POINT('',(-21.0274169979695,-22.,-111.62741699797));
#3546=CARTESIAN_POINT('Origin',(-22.6274169979695,-22.,-111.62741699797));
#3547=CARTESIAN_POINT('Origin',(-30.9096264412502,-25.,-80.7177905567194));
#3548=CARTESIAN_POINT('',(-28.011848962383,-22.,-81.494247692027));
#3549=CARTESIAN_POINT('Origin',(-30.9096264412502,-22.,-80.7177905567194));
#3550=CARTESIAN_POINT('',(-28.011848962383,-25.,-81.494247692027));
#3551=CARTESIAN_POINT('Origin',(-30.9096264412502,-25.,-80.7177905567194));
#3552=CARTESIAN_POINT('',(-28.011848962383,-25.,-81.494247692027));
#3553=CARTESIAN_POINT('Origin',(-30.9096264412502,-22.,-80.7177905567194));
#3554=CARTESIAN_POINT('Origin',(-30.9096264412502,-22.,-80.7177905567194));
#3555=CARTESIAN_POINT('',(-29.3096264412502,-22.,-80.7177905567194));
#3556=CARTESIAN_POINT('Origin',(-30.9096264412502,-22.,-80.7177905567194));
#3557=CARTESIAN_POINT('Origin',(30.9096264412502,-25.,-97.2822094432807));
#3558=CARTESIAN_POINT('',(28.011848962383,-22.,-96.5057523079732));
#3559=CARTESIAN_POINT('',(28.011848962383,-25.,-96.5057523079732));
#3560=CARTESIAN_POINT('Origin',(30.9096264412502,-22.,-97.2822094432807));
#3561=CARTESIAN_POINT('Origin',(30.9096264412502,-25.,-97.2822094432807));
#3562=CARTESIAN_POINT('',(28.011848962383,-25.,-96.5057523079732));
#3563=CARTESIAN_POINT('Origin',(30.9096264412502,-22.,-97.2822094432807));
#3564=CARTESIAN_POINT('Origin',(30.9096264412502,-22.,-97.2822094432807));
#3565=CARTESIAN_POINT('',(32.5096264412502,-22.,-97.2822094432807));
#3566=CARTESIAN_POINT('Origin',(30.9096264412502,-22.,-97.2822094432807));
#3567=CARTESIAN_POINT('Origin',(8.28220944328068,-25.,-58.0903735587499));
#3568=CARTESIAN_POINT('',(7.50575230797311,-22.,-60.9881510376171));
#3569=CARTESIAN_POINT('Origin',(8.28220944328068,-22.,-58.0903735587499));
#3570=CARTESIAN_POINT('',(7.50575230797311,-25.,-60.9881510376171));
#3571=CARTESIAN_POINT('Origin',(8.28220944328068,-25.,-58.0903735587499));
#3572=CARTESIAN_POINT('',(7.50575230797311,-25.,-60.9881510376171));
#3573=CARTESIAN_POINT('Origin',(8.28220944328068,-22.,-58.0903735587499));
#3574=CARTESIAN_POINT('Origin',(8.28220944328068,-22.,-58.0903735587499));
#3575=CARTESIAN_POINT('',(9.88220944328067,-22.,-58.0903735587499));
#3576=CARTESIAN_POINT('Origin',(8.28220944328066,-22.,-58.0903735587499));
#3577=CARTESIAN_POINT('Origin',(-8.28220944328068,-24.9999999999999,-119.90962644125));
#3578=CARTESIAN_POINT('',(-7.50575230797311,-22.,-117.011848962383));
#3579=CARTESIAN_POINT('',(-7.50575230797311,-24.9999999999999,-117.011848962383));
#3580=CARTESIAN_POINT('Origin',(-8.28220944328068,-22.,-119.90962644125));
#3581=CARTESIAN_POINT('Origin',(-8.28220944328068,-24.9999999999999,-119.90962644125));
#3582=CARTESIAN_POINT('',(-7.50575230797311,-24.9999999999999,-117.011848962383));
#3583=CARTESIAN_POINT('Origin',(-8.28220944328068,-22.,-119.90962644125));
#3584=CARTESIAN_POINT('Origin',(-8.28220944328068,-22.,-119.90962644125));
#3585=CARTESIAN_POINT('',(-6.68220944328066,-22.,-119.90962644125));
#3586=CARTESIAN_POINT('Origin',(-8.28220944328066,-22.,-119.90962644125));
#3587=CARTESIAN_POINT('Origin',(-22.6274169979695,-25.,-66.3725830020306));
#3588=CARTESIAN_POINT('',(-20.5060966544099,-22.,-68.4939033455902));
#3589=CARTESIAN_POINT('Origin',(-22.6274169979695,-22.,-66.3725830020306));
#3590=CARTESIAN_POINT('',(-20.5060966544099,-25.,-68.4939033455902));
#3591=CARTESIAN_POINT('Origin',(-22.6274169979695,-25.,-66.3725830020306));
#3592=CARTESIAN_POINT('',(-20.5060966544099,-25.,-68.4939033455902));
#3593=CARTESIAN_POINT('Origin',(-22.6274169979695,-22.,-66.3725830020306));
#3594=CARTESIAN_POINT('Origin',(-22.6274169979695,-22.,-66.3725830020306));
#3595=CARTESIAN_POINT('',(-21.0274169979695,-22.,-66.3725830020306));
#3596=CARTESIAN_POINT('Origin',(-22.6274169979695,-22.,-66.3725830020306));
#3597=CARTESIAN_POINT('Origin',(22.6274169979695,-24.9999999999999,-111.62741699797));
#3598=CARTESIAN_POINT('',(20.5060966544099,-22.,-109.50609665441));
#3599=CARTESIAN_POINT('',(20.5060966544099,-24.9999999999999,-109.50609665441));
#3600=CARTESIAN_POINT('Origin',(22.6274169979695,-22.,-111.62741699797));
#3601=CARTESIAN_POINT('Origin',(22.6274169979695,-24.9999999999999,-111.62741699797));
#3602=CARTESIAN_POINT('',(20.5060966544099,-24.9999999999999,-109.50609665441));
#3603=CARTESIAN_POINT('Origin',(22.6274169979695,-22.,-111.62741699797));
#3604=CARTESIAN_POINT('Origin',(22.6274169979695,-22.,-111.62741699797));
#3605=CARTESIAN_POINT('',(24.2274169979695,-22.,-111.62741699797));
#3606=CARTESIAN_POINT('Origin',(22.6274169979695,-22.,-111.62741699797));
#3607=CARTESIAN_POINT('Origin',(0.,-8.99999999999996,-89.0000000000001));
#3608=CARTESIAN_POINT('',(-21.0274169979695,-8.99999999999996,-66.3725830020306));
#3609=CARTESIAN_POINT('Origin',(-22.6274169979695,-8.99999999999996,-66.3725830020306));
#3610=CARTESIAN_POINT('',(-29.3096264412502,-8.99999999999996,-80.7177905567194));
#3611=CARTESIAN_POINT('Origin',(-30.9096264412502,-8.99999999999996,-80.7177905567194));
#3612=CARTESIAN_POINT('Origin',(0.,-18.,-89.0000000000001));
#3613=CARTESIAN_POINT('Origin',(0.,-16.,-89.0000000000001));
#3614=CARTESIAN_POINT('',(-29.3096264412502,-16.,-97.2822094432807));
#3615=CARTESIAN_POINT('Origin',(-30.9096264412502,-16.,-97.2822094432807));
#3616=CARTESIAN_POINT('',(32.5096264412502,-16.,-80.7177905567195));
#3617=CARTESIAN_POINT('Origin',(30.9096264412502,-16.,-80.7177905567194));
#3618=CARTESIAN_POINT('Origin',(8.28220944328066,-11.,-58.0903735587499));
#3619=CARTESIAN_POINT('',(9.88220944328066,-11.,-58.0903735587499));
#3620=CARTESIAN_POINT('Origin',(-30.9096264412502,-11.,-80.7177905567194));
#3621=CARTESIAN_POINT('',(-29.3096264412502,-11.,-80.7177905567194));
#3622=CARTESIAN_POINT('Origin',(22.6274169979695,-11.,-111.62741699797));
#3623=CARTESIAN_POINT('',(24.2274169979695,-11.,-111.62741699797));
#3624=CARTESIAN_POINT('Origin',(0.,-11.,-89.0000000000001));
#3625=CARTESIAN_POINT('',(20.5060966544099,-11.,-68.4939033455902));
#3626=CARTESIAN_POINT('Origin',(30.9096264412502,-11.,-80.7177905567195));
#3627=CARTESIAN_POINT('',(32.5096264412502,-11.,-80.7177905567195));
#3628=CARTESIAN_POINT('Origin',(-8.28220944328066,-11.,-58.0903735587499));
#3629=CARTESIAN_POINT('',(-6.68220944328066,-11.,-58.0903735587499));
#3630=CARTESIAN_POINT('Origin',(-22.6274169979695,-11.,-66.3725830020306));
#3631=CARTESIAN_POINT('',(-21.0274169979695,-11.,-66.3725830020306));
#3632=CARTESIAN_POINT('Origin',(-30.9096264412502,-11.,-97.2822094432807));
#3633=CARTESIAN_POINT('',(-29.3096264412502,-11.,-97.2822094432807));
#3634=CARTESIAN_POINT('Origin',(-8.28220944328066,-11.,-119.90962644125));
#3635=CARTESIAN_POINT('',(-6.68220944328066,-11.,-119.90962644125));
#3636=CARTESIAN_POINT('Origin',(30.9096264412502,-11.,-97.2822094432808));
#3637=CARTESIAN_POINT('',(32.5096264412502,-11.,-97.2822094432808));
#3638=CARTESIAN_POINT('Origin',(22.6274169979695,-11.,-66.3725830020306));
#3639=CARTESIAN_POINT('',(24.2274169979695,-11.,-66.3725830020306));
#3640=CARTESIAN_POINT('Origin',(-22.6274169979695,-11.,-111.62741699797));
#3641=CARTESIAN_POINT('',(-21.0274169979695,-11.,-111.62741699797));
#3642=CARTESIAN_POINT('Origin',(8.28220944328066,-11.,-119.90962644125));
#3643=CARTESIAN_POINT('',(9.88220944328066,-11.,-119.90962644125));
#3644=CARTESIAN_POINT('Origin',(30.0000005215406,-37.7,-54.8));
#3645=CARTESIAN_POINT('',(30.0000005215406,-39.1,-54.8));
#3646=CARTESIAN_POINT('Origin',(30.0000005215406,-37.7,-54.8));
#3647=CARTESIAN_POINT('',(-29.9999994784594,-39.1,-54.8));
#3648=CARTESIAN_POINT('',(30.0000005215406,-39.1,-54.8));
#3649=CARTESIAN_POINT('Origin',(-30.0000003807247,-37.7,-54.8));
#3650=CARTESIAN_POINT('Origin',(30.0000005215406,-37.7,-63.8));
#3651=CARTESIAN_POINT('',(30.0000005215406,-39.1,-63.8));
#3652=CARTESIAN_POINT('Origin',(30.0000005215406,-37.7,-63.8));
#3653=CARTESIAN_POINT('',(-29.9999994784594,-39.1,-63.8));
#3654=CARTESIAN_POINT('',(30.0000005215406,-39.1,-63.8));
#3655=CARTESIAN_POINT('Origin',(-30.0000003807247,-37.7,-63.8));
#3656=CARTESIAN_POINT('Origin',(-30.0000004693866,-18.,-68.3));
#3657=CARTESIAN_POINT('',(-30.0000004693866,-18.0277566087589,-50.3));
#3658=CARTESIAN_POINT('',(-30.0000004693866,-18.0277566087589,-68.3));
#3659=CARTESIAN_POINT('',(-30.0000004693866,-18.0277566087589,-68.3));
#3660=CARTESIAN_POINT('',(-30.0000004693866,-36.,-68.3));
#3661=CARTESIAN_POINT('',(-30.0000004693866,-31.7500001303852,-68.3));
#3662=CARTESIAN_POINT('',(-30.0000004693866,-36.,-50.3));
#3663=CARTESIAN_POINT('',(-30.0000004693866,-36.,-68.3));
#3664=CARTESIAN_POINT('',(-30.0000004693866,-31.7500001303852,-50.3));
#3665=CARTESIAN_POINT('Origin',(30.0000005215406,-42.,-68.3));
#3666=CARTESIAN_POINT('',(30.0000005215406,-18.0277565219693,-68.3));
#3667=CARTESIAN_POINT('',(30.0000005215406,-18.0277565219693,-50.3));
#3668=CARTESIAN_POINT('',(30.0000005215406,-18.0277565219693,-68.3));
#3669=CARTESIAN_POINT('',(30.0000005215406,-42.,-50.3));
#3670=CARTESIAN_POINT('',(30.0000005215406,-31.7500001303852,-50.3));
#3671=CARTESIAN_POINT('',(30.0000005215406,-42.,-68.3));
#3672=CARTESIAN_POINT('',(30.0000005215406,-42.,-68.3));
#3673=CARTESIAN_POINT('',(30.0000005215406,-31.7500001303852,-68.3));
#3674=CARTESIAN_POINT('Origin',(0.,0.,-68.3));
#3675=CARTESIAN_POINT('Origin',(0.,0.,-68.3));
#3676=CARTESIAN_POINT('Origin',(-8.88178419700125E-15,-4.9960036108132E-15,
-50.3));
#3677=CARTESIAN_POINT('Origin',(-30.0000001564622,-42.,-68.3));
#3678=CARTESIAN_POINT('',(-30.0000001564622,-42.,-68.3));
#3679=CARTESIAN_POINT('',(15.0000002607703,-42.,-68.3));
#3680=CARTESIAN_POINT('',(-30.0000001564622,-42.,-50.3));
#3681=CARTESIAN_POINT('',(15.0000002607703,-42.,-50.3));
#3682=CARTESIAN_POINT('',(-30.0000001564622,-42.,-68.3));
#3683=CARTESIAN_POINT('Origin',(-30.0000004693866,-36.,-68.3));
#3684=CARTESIAN_POINT('',(-30.0000005345791,-34.7500009126962,-68.3));
#3685=CARTESIAN_POINT('',(-30.0000005345791,-34.7500009126962,-50.3));
#3686=CARTESIAN_POINT('Origin',(0.,-27.5000002607703,-68.3));
#3687=CARTESIAN_POINT('Origin',(0.,-27.5000002607703,-50.3));
#3688=CARTESIAN_POINT('',(23.0348950123775,-85.9862448996892,-41.3001536267695));
#3689=UNCERTAINTY_MEASURE_WITH_UNIT(LENGTH_MEASURE(0.01),#3695,
'DISTANCE_ACCURACY_VALUE',
'Maximum model space distance between geometric entities at asserted c
onnectivities');
#3690=UNCERTAINTY_MEASURE_WITH_UNIT(LENGTH_MEASURE(0.01),#3695,
'DISTANCE_ACCURACY_VALUE',
'Maximum model space distance between geometric entities at asserted c
onnectivities');
#3691=UNCERTAINTY_MEASURE_WITH_UNIT(LENGTH_MEASURE(0.01),#3695,
'DISTANCE_ACCURACY_VALUE',
'Maximum model space distance between geometric entities at asserted c
onnectivities');
#3692=(
GEOMETRIC_REPRESENTATION_CONTEXT(3)
GLOBAL_UNCERTAINTY_ASSIGNED_CONTEXT((#3689))
GLOBAL_UNIT_ASSIGNED_CONTEXT((#3695,#3696,#3697))
REPRESENTATION_CONTEXT('','3D')
);
#3693=(
GEOMETRIC_REPRESENTATION_CONTEXT(3)
GLOBAL_UNCERTAINTY_ASSIGNED_CONTEXT((#3690))
GLOBAL_UNIT_ASSIGNED_CONTEXT((#3695,#3696,#3697))
REPRESENTATION_CONTEXT('','3D')
);
#3694=(
GEOMETRIC_REPRESENTATION_CONTEXT(3)
GLOBAL_UNCERTAINTY_ASSIGNED_CONTEXT((#3691))
GLOBAL_UNIT_ASSIGNED_CONTEXT((#3695,#3696,#3697))
REPRESENTATION_CONTEXT('','3D')
);
#3695=(
LENGTH_UNIT()
NAMED_UNIT(*)
SI_UNIT(.MILLI.,.METRE.)
);
#3696=(
NAMED_UNIT(*)
PLANE_ANGLE_UNIT()
SI_UNIT($,.RADIAN.)
);
#3697=(
NAMED_UNIT(*)
SI_UNIT($,.STERADIAN.)
SOLID_ANGLE_UNIT()
);
#3698=SHAPE_DEFINITION_REPRESENTATION(#3700,#3703);
#3699=SHAPE_DEFINITION_REPRESENTATION(#3701,#3704);
#3700=PRODUCT_DEFINITION_SHAPE('',$,#3706);
#3701=PRODUCT_DEFINITION_SHAPE('',$,#3707);
#3702=PRODUCT_DEFINITION_SHAPE($,$,#14);
#3703=SHAPE_REPRESENTATION('',(#2131,#2398),#3692);
#3704=SHAPE_REPRESENTATION('',(#2132),#3693);
#3705=PRODUCT_DEFINITION_CONTEXT('part definition',#3713,'design');
#3706=PRODUCT_DEFINITION('J4','J4 v16',#3708,#3705);
#3707=PRODUCT_DEFINITION('encoder-mount','encoder-mount v7',#3709,#3705);
#3708=PRODUCT_DEFINITION_FORMATION('',$,#3715);
#3709=PRODUCT_DEFINITION_FORMATION('',$,#3716);
#3710=PRODUCT_RELATED_PRODUCT_CATEGORY('J4 v16','J4 v16',(#3715));
#3711=PRODUCT_RELATED_PRODUCT_CATEGORY('encoder-mount v7',
'encoder-mount v7',(#3716));
#3712=APPLICATION_PROTOCOL_DEFINITION('international standard',
'automotive_design',2009,#3713);
#3713=APPLICATION_CONTEXT(
'Core Data for Automotive Mechanical Design Process');
#3714=PRODUCT_CONTEXT('part definition',#3713,'mechanical');
#3715=PRODUCT('J4','J4 v16',$,(#3714));
#3716=PRODUCT('encoder-mount','encoder-mount v7',$,(#3714));
#3717=PRESENTATION_STYLE_ASSIGNMENT((#3718));
#3718=SURFACE_STYLE_USAGE(.BOTH.,#3719);
#3719=SURFACE_SIDE_STYLE('',(#3720));
#3720=SURFACE_STYLE_FILL_AREA(#3721);
#3721=FILL_AREA_STYLE('Steel - Satin',(#3722));
#3722=FILL_AREA_STYLE_COLOUR('Steel - Satin',#3723);
#3723=COLOUR_RGB('Steel - Satin',0.627450980392157,0.627450980392157,0.627450980392157);
ENDSEC;
END-ISO-10303-21;
