ISO-10303-21;
HEADER;
/* Generated by software containing ST-Developer
 * from STEP Tools, Inc. (www.steptools.com) 
 */

FILE_DESCRIPTION(
/* description */ (''),
/* implementation_level */ '2;1');

FILE_NAME(
/* name */ 'J5-connector-1.step',
/* time_stamp */ '2026-10-05T21:02:35+11:00',
/* author */ (''),
/* organization */ (''),
/* preprocessor_version */ 'ST-DEVELOPER v20.2',
/* originating_system */ 'Autodesk Translation Framework v15.15.0.0',
/* authorisation */ '');

FILE_SCHEMA (('AUTOMOTIVE_DESIGN { 1 0 10303 214 3 1 1 }'));
ENDSEC;

DATA;
#10=MECHANICAL_DESIGN_GEOMETRIC_PRESENTATION_REPRESENTATION('',(#13),#2863);
#11=SHAPE_REPRESENTATION_RELATIONSHIP('SRR','None',#2869,#12);
#12=ADVANCED_BREP_SHAPE_REPRESENTATION('',(#14),#2862);
#13=STYLED_ITEM('',(#2878),#14);
#14=MANIFOLD_SOLID_BREP('Body2',#1515);
#15=(
BOUNDED_SURFACE()
B_SPLINE_SURFACE(2,2,((#2446,#2447,#2448,#2449,#2450),(#2451,#2452,#2453,
#2454,#2455),(#2456,#2457,#2458,#2459,#2460)),.UNSPECIFIED.,.F.,.F.,.F.)
B_SPLINE_SURFACE_WITH_KNOTS((3,3),(3,2,3),(0.,1.2661036727795),(-0.0818871045150933,
0.785398163397447,1.65268343130999),.UNSPECIFIED.)
GEOMETRIC_REPRESENTATION_ITEM()
RATIONAL_B_SPLINE_SURFACE(((1.,0.907441214865117,1.,0.907441214865117,1.),
(0.806225774829848,0.731602496567167,0.806225774829848,0.731602496567167,
0.806225774829848),(1.,0.907441214865117,1.,0.907441214865117,1.)))
REPRESENTATION_ITEM('')
SURFACE()
);
#16=(
BOUNDED_SURFACE()
B_SPLINE_SURFACE(2,2,((#2512,#2513,#2514,#2515,#2516),(#2517,#2518,#2519,
#2520,#2521),(#2522,#2523,#2524,#2525,#2526)),.UNSPECIFIED.,.F.,.F.,.F.)
B_SPLINE_SURFACE_WITH_KNOTS((3,3),(3,2,3),(0.,1.2661036727795),(-0.86728526791254,
1.11022302462516E-16,0.86728526791254),.UNSPECIFIED.)
GEOMETRIC_REPRESENTATION_ITEM()
RATIONAL_B_SPLINE_SURFACE(((1.,0.907441214865117,1.,0.907441214865117,1.),
(0.806225774829857,0.731602496567176,0.806225774829857,0.731602496567176,
0.806225774829857),(1.,0.907441214865117,1.,0.907441214865117,1.)))
REPRESENTATION_ITEM('')
SURFACE()
);
#17=(
BOUNDED_SURFACE()
B_SPLINE_SURFACE(2,2,((#2616,#2617,#2618,#2619,#2620),(#2621,#2622,#2623,
#2624,#2625),(#2626,#2627,#2628,#2629,#2630)),.UNSPECIFIED.,.F.,.F.,.F.)
B_SPLINE_SURFACE_WITH_KNOTS((3,3),(3,2,3),(0.,1.2661036727795),(-0.867285267912541,
0.,0.86728526791254),.UNSPECIFIED.)
GEOMETRIC_REPRESENTATION_ITEM()
RATIONAL_B_SPLINE_SURFACE(((1.,0.907441214865117,1.,0.907441214865117,1.),
(0.80622577482986,0.731602496567179,0.80622577482986,0.731602496567179,
0.80622577482986),(1.,0.907441214865117,1.,0.907441214865117,1.)))
REPRESENTATION_ITEM('')
SURFACE()
);
#18=(
BOUNDED_SURFACE()
B_SPLINE_SURFACE(2,2,((#2680,#2681,#2682,#2683,#2684),(#2685,#2686,#2687,
#2688,#2689),(#2690,#2691,#2692,#2693,#2694)),.UNSPECIFIED.,.F.,.F.,.F.)
B_SPLINE_SURFACE_WITH_KNOTS((3,3),(3,2,3),(0.,1.2661036727795),(-1.65268343130999,
-0.785398163397448,0.0818871045150933),.UNSPECIFIED.)
GEOMETRIC_REPRESENTATION_ITEM()
RATIONAL_B_SPLINE_SURFACE(((1.,0.907441214865117,1.,0.907441214865117,1.),
(0.806225774829844,0.731602496567164,0.806225774829844,0.731602496567164,
0.806225774829844),(1.,0.907441214865117,1.,0.907441214865117,1.)))
REPRESENTATION_ITEM('')
SURFACE()
);
#19=B_SPLINE_CURVE_WITH_KNOTS('',3,(#2389,#2390,#2391,#2392,#2393,#2394,
#2395,#2396,#2397,#2398),.UNSPECIFIED.,.F.,.F.,(4,2,2,2,4),(0.896946080322159,
0.972414878841197,1.04713485443015,1.12170961762343,1.19568531537736),
 .UNSPECIFIED.);
#20=B_SPLINE_CURVE_WITH_KNOTS('',3,(#2408,#2409,#2410,#2411,#2412,#2413,
#2414,#2415),.UNSPECIFIED.,.F.,.F.,(4,2,2,4),(0.134584298943413,0.160719497243114,
0.225587634553191,0.273619439790764),.UNSPECIFIED.);
#21=B_SPLINE_CURVE_WITH_KNOTS('',3,(#2435,#2436,#2437,#2438,#2439,#2440,
#2441,#2442),.UNSPECIFIED.,.F.,.F.,(4,2,2,4),(1.58439155058354,1.62623227617718,
1.68169181024993,1.72113210930278),.UNSPECIFIED.);
#22=B_SPLINE_CURVE_WITH_KNOTS('',3,(#2467,#2468,#2469,#2470,#2471,#2472,
#2473,#2474,#2475,#2476),.UNSPECIFIED.,.F.,.F.,(4,2,2,2,4),(1.72113210930407,
1.74124154608525,1.79165208494131,1.8208944779272,1.85642318478495),
 .UNSPECIFIED.);
#23=B_SPLINE_CURVE_WITH_KNOTS('',3,(#2488,#2489,#2490,#2491,#2492,#2493,
#2494,#2495,#2496,#2497),.UNSPECIFIED.,.F.,.F.,(4,2,2,2,4),(1.1956849977487,
1.26934637720364,1.34360005188699,1.41863390080892,1.49442411300104),
 .UNSPECIFIED.);
#24=B_SPLINE_CURVE_WITH_KNOTS('',3,(#2501,#2502,#2503,#2504,#2505,#2506,
#2507,#2508),.UNSPECIFIED.,.F.,.F.,(4,2,2,4),(1.58439155058411,1.6262322761778,
1.68169181025061,1.72113210930348),.UNSPECIFIED.);
#25=B_SPLINE_CURVE_WITH_KNOTS('',3,(#2557,#2558,#2559,#2560,#2561,#2562,
#2563,#2564,#2565,#2566),.UNSPECIFIED.,.F.,.F.,(4,2,2,2,4),(0.897084363116831,
0.972576550430666,1.04730759692238,1.12189104381535,1.19586555421323),
 .UNSPECIFIED.);
#26=B_SPLINE_CURVE_WITH_KNOTS('',3,(#2576,#2577,#2578,#2579,#2580,#2581,
#2582,#2583,#2584,#2585),.UNSPECIFIED.,.F.,.F.,(4,2,2,2,4),(1.72113210930264,
1.74124154608386,1.79165208493987,1.82089447792574,1.85642318478346),
 .UNSPECIFIED.);
#27=B_SPLINE_CURVE_WITH_KNOTS('',3,(#2605,#2606,#2607,#2608,#2609,#2610,
#2611,#2612),.UNSPECIFIED.,.F.,.F.,(4,2,2,4),(1.58439155058361,1.62623227617728,
1.68169181025005,1.72113210930287),.UNSPECIFIED.);
#28=B_SPLINE_CURVE_WITH_KNOTS('',3,(#2635,#2636,#2637,#2638,#2639,#2640,
#2641,#2642,#2643,#2644),.UNSPECIFIED.,.F.,.F.,(4,2,2,2,4),(1.72113210930447,
1.74124154608575,1.79165208494182,1.82089447792769,1.85642318478541),
 .UNSPECIFIED.);
#29=B_SPLINE_CURVE_WITH_KNOTS('',3,(#2656,#2657,#2658,#2659,#2660,#2661,
#2662,#2663,#2664,#2665),.UNSPECIFIED.,.F.,.F.,(4,2,2,2,4),(1.19586522607305,
1.2695203083782,1.34377733382938,1.41882734843767,1.494646293419),
 .UNSPECIFIED.);
#30=B_SPLINE_CURVE_WITH_KNOTS('',3,(#2669,#2670,#2671,#2672,#2673,#2674,
#2675,#2676),.UNSPECIFIED.,.F.,.F.,(4,2,2,4),(1.85480074258119,1.90128226909904,
1.95672876680983,1.98938504152456),.UNSPECIFIED.);
#31=B_SPLINE_CURVE_WITH_KNOTS('',3,(#2741,#2742,#2743,#2744,#2745,#2746,
#2747),.UNSPECIFIED.,.F.,.F.,(4,3,4),(-0.0618085358299469,0.,0.061808535829947),
 .UNSPECIFIED.);
#32=B_SPLINE_CURVE_WITH_KNOTS('',3,(#2805,#2806,#2807,#2808,#2809,#2810,
#2811),.UNSPECIFIED.,.F.,.F.,(4,3,4),(-0.0618085358299461,0.,0.0618085358299465),
 .UNSPECIFIED.);
#33=FACE_BOUND('',#358,.T.);
#34=FACE_BOUND('',#361,.T.);
#35=FACE_BOUND('',#362,.T.);
#36=FACE_BOUND('',#363,.T.);
#37=FACE_BOUND('',#364,.T.);
#38=FACE_BOUND('',#365,.T.);
#39=FACE_BOUND('',#366,.T.);
#40=FACE_BOUND('',#367,.T.);
#41=FACE_BOUND('',#402,.T.);
#42=FACE_BOUND('',#404,.T.);
#43=FACE_BOUND('',#410,.T.);
#44=FACE_BOUND('',#411,.T.);
#45=FACE_BOUND('',#412,.T.);
#46=FACE_BOUND('',#413,.T.);
#47=FACE_BOUND('',#414,.T.);
#48=FACE_BOUND('',#415,.T.);
#49=FACE_BOUND('',#416,.T.);
#50=FACE_BOUND('',#417,.T.);
#51=FACE_BOUND('',#418,.T.);
#52=FACE_BOUND('',#419,.T.);
#53=FACE_BOUND('',#420,.T.);
#54=FACE_BOUND('',#443,.T.);
#55=PLANE('',#1549);
#56=PLANE('',#1551);
#57=PLANE('',#1552);
#58=PLANE('',#1622);
#59=PLANE('',#1668);
#60=PLANE('',#1669);
#61=PLANE('',#1672);
#62=PLANE('',#1675);
#63=PLANE('',#1680);
#64=PLANE('',#1704);
#65=PLANE('',#1725);
#66=PLANE('',#1732);
#67=LINE('',#2257,#143);
#68=LINE('',#2258,#144);
#69=LINE('',#2272,#145);
#70=LINE('',#2273,#146);
#71=LINE('',#2287,#147);
#72=LINE('',#2288,#148);
#73=LINE('',#2290,#149);
#74=LINE('',#2291,#150);
#75=LINE('',#2305,#151);
#76=LINE('',#2306,#152);
#77=LINE('',#2308,#153);
#78=LINE('',#2309,#154);
#79=LINE('',#2311,#155);
#80=LINE('',#2312,#156);
#81=LINE('',#2314,#157);
#82=LINE('',#2315,#158);
#83=LINE('',#2317,#159);
#84=LINE('',#2321,#160);
#85=LINE('',#2343,#161);
#86=LINE('',#2345,#162);
#87=LINE('',#2347,#163);
#88=LINE('',#2369,#164);
#89=LINE('',#2371,#165);
#90=LINE('',#2373,#166);
#91=LINE('',#2532,#167);
#92=LINE('',#2536,#168);
#93=LINE('',#2539,#169);
#94=LINE('',#2541,#170);
#95=LINE('',#2543,#171);
#96=LINE('',#2545,#172);
#97=LINE('',#2547,#173);
#98=LINE('',#2549,#174);
#99=LINE('',#2550,#175);
#100=LINE('',#2553,#176);
#101=LINE('',#2702,#177);
#102=LINE('',#2706,#178);
#103=LINE('',#2709,#179);
#104=LINE('',#2711,#180);
#105=LINE('',#2712,#181);
#106=LINE('',#2717,#182);
#107=LINE('',#2719,#183);
#108=LINE('',#2720,#184);
#109=LINE('',#2726,#185);
#110=LINE('',#2727,#186);
#111=LINE('',#2732,#187);
#112=LINE('',#2733,#188);
#113=LINE('',#2735,#189);
#114=LINE('',#2738,#190);
#115=LINE('',#2765,#191);
#116=LINE('',#2795,#192);
#117=LINE('',#2796,#193);
#118=LINE('',#2799,#194);
#119=LINE('',#2801,#195);
#120=LINE('',#2802,#196);
#121=LINE('',#2803,#197);
#122=LINE('',#2813,#198);
#123=LINE('',#2815,#199);
#124=LINE('',#2816,#200);
#125=LINE('',#2818,#201);
#126=LINE('',#2820,#202);
#127=LINE('',#2821,#203);
#128=LINE('',#2824,#204);
#129=LINE('',#2827,#205);
#130=LINE('',#2829,#206);
#131=LINE('',#2831,#207);
#132=LINE('',#2833,#208);
#133=LINE('',#2835,#209);
#134=LINE('',#2837,#210);
#135=LINE('',#2839,#211);
#136=LINE('',#2842,#212);
#137=LINE('',#2848,#213);
#138=LINE('',#2850,#214);
#139=LINE('',#2852,#215);
#140=LINE('',#2854,#216);
#141=LINE('',#2856,#217);
#142=LINE('',#2858,#218);
#143=VECTOR('',#1749,10.);
#144=VECTOR('',#1750,10.);
#145=VECTOR('',#1765,10.);
#146=VECTOR('',#1766,10.);
#147=VECTOR('',#1781,10.);
#148=VECTOR('',#1782,10.);
#149=VECTOR('',#1785,10.);
#150=VECTOR('',#1786,10.);
#151=VECTOR('',#1801,10.);
#152=VECTOR('',#1802,10.);
#153=VECTOR('',#1805,10.);
#154=VECTOR('',#1806,10.);
#155=VECTOR('',#1809,10.);
#156=VECTOR('',#1810,10.);
#157=VECTOR('',#1813,10.);
#158=VECTOR('',#1814,10.);
#159=VECTOR('',#1817,10.);
#160=VECTOR('',#1822,10.);
#161=VECTOR('',#1843,10.);
#162=VECTOR('',#1844,10.);
#163=VECTOR('',#1845,10.);
#164=VECTOR('',#1866,10.);
#165=VECTOR('',#1867,10.);
#166=VECTOR('',#1868,10.);
#167=VECTOR('',#1965,1.6);
#168=VECTOR('',#1970,1.6);
#169=VECTOR('',#1973,10.);
#170=VECTOR('',#1974,10.);
#171=VECTOR('',#1975,10.);
#172=VECTOR('',#1976,10.);
#173=VECTOR('',#1977,10.);
#174=VECTOR('',#1978,10.);
#175=VECTOR('',#1979,10.);
#176=VECTOR('',#1982,10.);
#177=VECTOR('',#2067,1.6);
#178=VECTOR('',#2072,1.6);
#179=VECTOR('',#2075,10.);
#180=VECTOR('',#2076,10.);
#181=VECTOR('',#2077,10.);
#182=VECTOR('',#2082,10.);
#183=VECTOR('',#2083,10.);
#184=VECTOR('',#2084,10.);
#185=VECTOR('',#2091,10.);
#186=VECTOR('',#2092,10.);
#187=VECTOR('',#2097,10.);
#188=VECTOR('',#2098,10.);
#189=VECTOR('',#2101,2.6);
#190=VECTOR('',#2104,2.6);
#191=VECTOR('',#2127,10.);
#192=VECTOR('',#2158,10.);
#193=VECTOR('',#2159,10.);
#194=VECTOR('',#2162,10.);
#195=VECTOR('',#2163,10.);
#196=VECTOR('',#2164,10.);
#197=VECTOR('',#2165,10.);
#198=VECTOR('',#2170,10.);
#199=VECTOR('',#2173,10.);
#200=VECTOR('',#2174,10.);
#201=VECTOR('',#2177,10.);
#202=VECTOR('',#2180,10.);
#203=VECTOR('',#2181,10.);
#204=VECTOR('',#2186,10.);
#205=VECTOR('',#2191,10.);
#206=VECTOR('',#2194,10.);
#207=VECTOR('',#2197,10.);
#208=VECTOR('',#2200,10.);
#209=VECTOR('',#2203,10.);
#210=VECTOR('',#2206,10.);
#211=VECTOR('',#2209,10.);
#212=VECTOR('',#2214,10.);
#213=VECTOR('',#2225,3.);
#214=VECTOR('',#2228,3.);
#215=VECTOR('',#2231,3.);
#216=VECTOR('',#2234,3.);
#217=VECTOR('',#2237,3.);
#218=VECTOR('',#2240,3.);
#219=CYLINDRICAL_SURFACE('',#1522,0.5);
#220=CYLINDRICAL_SURFACE('',#1529,0.5);
#221=CYLINDRICAL_SURFACE('',#1536,0.5);
#222=CYLINDRICAL_SURFACE('',#1538,0.5);
#223=CYLINDRICAL_SURFACE('',#1544,0.5);
#224=CYLINDRICAL_SURFACE('',#1546,0.5);
#225=CYLINDRICAL_SURFACE('',#1547,0.5);
#226=CYLINDRICAL_SURFACE('',#1548,0.5);
#227=CYLINDRICAL_SURFACE('',#1618,1.6);
#228=CYLINDRICAL_SURFACE('',#1620,1.6);
#229=CYLINDRICAL_SURFACE('',#1623,28.2842716689304);
#230=CYLINDRICAL_SURFACE('',#1664,1.6);
#231=CYLINDRICAL_SURFACE('',#1666,1.6);
#232=CYLINDRICAL_SURFACE('',#1676,2.6);
#233=CYLINDRICAL_SURFACE('',#1677,2.6);
#234=CYLINDRICAL_SURFACE('',#1679,5.);
#235=CYLINDRICAL_SURFACE('',#1705,21.5);
#236=CYLINDRICAL_SURFACE('',#1706,28.2842716689304);
#237=CYLINDRICAL_SURFACE('',#1707,8.5);
#238=CYLINDRICAL_SURFACE('',#1708,28.2842716689304);
#239=CYLINDRICAL_SURFACE('',#1709,8.5);
#240=CYLINDRICAL_SURFACE('',#1710,28.2842716689304);
#241=CYLINDRICAL_SURFACE('',#1711,8.5);
#242=CYLINDRICAL_SURFACE('',#1712,3.);
#243=CYLINDRICAL_SURFACE('',#1713,8.5);
#244=CYLINDRICAL_SURFACE('',#1714,3.);
#245=CYLINDRICAL_SURFACE('',#1715,8.5);
#246=CYLINDRICAL_SURFACE('',#1716,28.2842716689304);
#247=CYLINDRICAL_SURFACE('',#1717,8.5);
#248=CYLINDRICAL_SURFACE('',#1718,3.);
#249=CYLINDRICAL_SURFACE('',#1719,8.5);
#250=CYLINDRICAL_SURFACE('',#1720,28.2842716689304);
#251=CYLINDRICAL_SURFACE('',#1721,8.5);
#252=CYLINDRICAL_SURFACE('',#1722,3.);
#253=CYLINDRICAL_SURFACE('',#1723,21.5);
#254=CYLINDRICAL_SURFACE('',#1724,5.);
#255=CYLINDRICAL_SURFACE('',#1726,3.);
#256=CYLINDRICAL_SURFACE('',#1727,3.);
#257=CYLINDRICAL_SURFACE('',#1728,3.);
#258=CYLINDRICAL_SURFACE('',#1729,3.);
#259=CYLINDRICAL_SURFACE('',#1730,3.);
#260=CYLINDRICAL_SURFACE('',#1731,3.);
#261=FACE_OUTER_BOUND('',#345,.T.);
#262=FACE_OUTER_BOUND('',#346,.T.);
#263=FACE_OUTER_BOUND('',#347,.T.);
#264=FACE_OUTER_BOUND('',#348,.T.);
#265=FACE_OUTER_BOUND('',#349,.T.);
#266=FACE_OUTER_BOUND('',#350,.T.);
#267=FACE_OUTER_BOUND('',#351,.T.);
#268=FACE_OUTER_BOUND('',#352,.T.);
#269=FACE_OUTER_BOUND('',#353,.T.);
#270=FACE_OUTER_BOUND('',#354,.T.);
#271=FACE_OUTER_BOUND('',#355,.T.);
#272=FACE_OUTER_BOUND('',#356,.T.);
#273=FACE_OUTER_BOUND('',#357,.T.);
#274=FACE_OUTER_BOUND('',#359,.T.);
#275=FACE_OUTER_BOUND('',#360,.T.);
#276=FACE_OUTER_BOUND('',#368,.T.);
#277=FACE_OUTER_BOUND('',#369,.T.);
#278=FACE_OUTER_BOUND('',#370,.T.);
#279=FACE_OUTER_BOUND('',#371,.T.);
#280=FACE_OUTER_BOUND('',#372,.T.);
#281=FACE_OUTER_BOUND('',#373,.T.);
#282=FACE_OUTER_BOUND('',#374,.T.);
#283=FACE_OUTER_BOUND('',#375,.T.);
#284=FACE_OUTER_BOUND('',#376,.T.);
#285=FACE_OUTER_BOUND('',#377,.T.);
#286=FACE_OUTER_BOUND('',#378,.T.);
#287=FACE_OUTER_BOUND('',#379,.T.);
#288=FACE_OUTER_BOUND('',#380,.T.);
#289=FACE_OUTER_BOUND('',#381,.T.);
#290=FACE_OUTER_BOUND('',#382,.T.);
#291=FACE_OUTER_BOUND('',#383,.T.);
#292=FACE_OUTER_BOUND('',#384,.T.);
#293=FACE_OUTER_BOUND('',#385,.T.);
#294=FACE_OUTER_BOUND('',#386,.T.);
#295=FACE_OUTER_BOUND('',#387,.T.);
#296=FACE_OUTER_BOUND('',#388,.T.);
#297=FACE_OUTER_BOUND('',#389,.T.);
#298=FACE_OUTER_BOUND('',#390,.T.);
#299=FACE_OUTER_BOUND('',#391,.T.);
#300=FACE_OUTER_BOUND('',#392,.T.);
#301=FACE_OUTER_BOUND('',#393,.T.);
#302=FACE_OUTER_BOUND('',#394,.T.);
#303=FACE_OUTER_BOUND('',#395,.T.);
#304=FACE_OUTER_BOUND('',#396,.T.);
#305=FACE_OUTER_BOUND('',#397,.T.);
#306=FACE_OUTER_BOUND('',#398,.T.);
#307=FACE_OUTER_BOUND('',#399,.T.);
#308=FACE_OUTER_BOUND('',#400,.T.);
#309=FACE_OUTER_BOUND('',#401,.T.);
#310=FACE_OUTER_BOUND('',#403,.T.);
#311=FACE_OUTER_BOUND('',#405,.T.);
#312=FACE_OUTER_BOUND('',#406,.T.);
#313=FACE_OUTER_BOUND('',#407,.T.);
#314=FACE_OUTER_BOUND('',#408,.T.);
#315=FACE_OUTER_BOUND('',#409,.T.);
#316=FACE_OUTER_BOUND('',#421,.T.);
#317=FACE_OUTER_BOUND('',#422,.T.);
#318=FACE_OUTER_BOUND('',#423,.T.);
#319=FACE_OUTER_BOUND('',#424,.T.);
#320=FACE_OUTER_BOUND('',#425,.T.);
#321=FACE_OUTER_BOUND('',#426,.T.);
#322=FACE_OUTER_BOUND('',#427,.T.);
#323=FACE_OUTER_BOUND('',#428,.T.);
#324=FACE_OUTER_BOUND('',#429,.T.);
#325=FACE_OUTER_BOUND('',#430,.T.);
#326=FACE_OUTER_BOUND('',#431,.T.);
#327=FACE_OUTER_BOUND('',#432,.T.);
#328=FACE_OUTER_BOUND('',#433,.T.);
#329=FACE_OUTER_BOUND('',#434,.T.);
#330=FACE_OUTER_BOUND('',#435,.T.);
#331=FACE_OUTER_BOUND('',#436,.T.);
#332=FACE_OUTER_BOUND('',#437,.T.);
#333=FACE_OUTER_BOUND('',#438,.T.);
#334=FACE_OUTER_BOUND('',#439,.T.);
#335=FACE_OUTER_BOUND('',#440,.T.);
#336=FACE_OUTER_BOUND('',#441,.T.);
#337=FACE_OUTER_BOUND('',#442,.T.);
#338=FACE_OUTER_BOUND('',#444,.T.);
#339=FACE_OUTER_BOUND('',#445,.T.);
#340=FACE_OUTER_BOUND('',#446,.T.);
#341=FACE_OUTER_BOUND('',#447,.T.);
#342=FACE_OUTER_BOUND('',#448,.T.);
#343=FACE_OUTER_BOUND('',#449,.T.);
#344=FACE_OUTER_BOUND('',#450,.T.);
#345=EDGE_LOOP('',(#953,#954,#955,#956));
#346=EDGE_LOOP('',(#957,#958,#959,#960));
#347=EDGE_LOOP('',(#961,#962,#963,#964));
#348=EDGE_LOOP('',(#965,#966,#967,#968));
#349=EDGE_LOOP('',(#969,#970,#971,#972));
#350=EDGE_LOOP('',(#973,#974,#975,#976));
#351=EDGE_LOOP('',(#977,#978,#979,#980));
#352=EDGE_LOOP('',(#981,#982,#983,#984));
#353=EDGE_LOOP('',(#985,#986,#987,#988));
#354=EDGE_LOOP('',(#989,#990,#991,#992));
#355=EDGE_LOOP('',(#993,#994,#995,#996));
#356=EDGE_LOOP('',(#997,#998,#999,#1000));
#357=EDGE_LOOP('',(#1001,#1002,#1003,#1004));
#358=EDGE_LOOP('',(#1005));
#359=EDGE_LOOP('',(#1006,#1007,#1008,#1009));
#360=EDGE_LOOP('',(#1010,#1011,#1012,#1013,#1014,#1015,#1016,#1017,#1018,
#1019,#1020,#1021,#1022,#1023,#1024,#1025,#1026,#1027,#1028,#1029,#1030,
#1031,#1032,#1033,#1034,#1035));
#361=EDGE_LOOP('',(#1036));
#362=EDGE_LOOP('',(#1037));
#363=EDGE_LOOP('',(#1038));
#364=EDGE_LOOP('',(#1039));
#365=EDGE_LOOP('',(#1040));
#366=EDGE_LOOP('',(#1041));
#367=EDGE_LOOP('',(#1042,#1043,#1044,#1045,#1046,#1047,#1048,#1049));
#368=EDGE_LOOP('',(#1050,#1051,#1052,#1053));
#369=EDGE_LOOP('',(#1054,#1055,#1056,#1057));
#370=EDGE_LOOP('',(#1058,#1059,#1060,#1061));
#371=EDGE_LOOP('',(#1062,#1063,#1064,#1065));
#372=EDGE_LOOP('',(#1066,#1067,#1068,#1069));
#373=EDGE_LOOP('',(#1070,#1071,#1072,#1073));
#374=EDGE_LOOP('',(#1074,#1075,#1076,#1077));
#375=EDGE_LOOP('',(#1078,#1079,#1080,#1081,#1082));
#376=EDGE_LOOP('',(#1083,#1084,#1085,#1086));
#377=EDGE_LOOP('',(#1087,#1088,#1089,#1090));
#378=EDGE_LOOP('',(#1091,#1092,#1093,#1094));
#379=EDGE_LOOP('',(#1095,#1096,#1097,#1098));
#380=EDGE_LOOP('',(#1099,#1100,#1101,#1102));
#381=EDGE_LOOP('',(#1103,#1104,#1105,#1106,#1107,#1108,#1109,#1110));
#382=EDGE_LOOP('',(#1111,#1112,#1113,#1114,#1115,#1116,#1117,#1118));
#383=EDGE_LOOP('',(#1119,#1120,#1121,#1122,#1123,#1124,#1125,#1126,#1127));
#384=EDGE_LOOP('',(#1128,#1129,#1130,#1131));
#385=EDGE_LOOP('',(#1132,#1133,#1134,#1135));
#386=EDGE_LOOP('',(#1136,#1137,#1138,#1139));
#387=EDGE_LOOP('',(#1140,#1141,#1142,#1143));
#388=EDGE_LOOP('',(#1144,#1145,#1146,#1147));
#389=EDGE_LOOP('',(#1148,#1149,#1150,#1151));
#390=EDGE_LOOP('',(#1152,#1153,#1154,#1155));
#391=EDGE_LOOP('',(#1156,#1157,#1158,#1159));
#392=EDGE_LOOP('',(#1160,#1161,#1162,#1163));
#393=EDGE_LOOP('',(#1164,#1165,#1166,#1167));
#394=EDGE_LOOP('',(#1168,#1169,#1170,#1171));
#395=EDGE_LOOP('',(#1172,#1173,#1174,#1175));
#396=EDGE_LOOP('',(#1176,#1177,#1178,#1179));
#397=EDGE_LOOP('',(#1180,#1181,#1182,#1183,#1184));
#398=EDGE_LOOP('',(#1185,#1186,#1187,#1188,#1189,#1190,#1191,#1192));
#399=EDGE_LOOP('',(#1193,#1194,#1195,#1196,#1197,#1198,#1199,#1200));
#400=EDGE_LOOP('',(#1201,#1202,#1203,#1204,#1205));
#401=EDGE_LOOP('',(#1206,#1207,#1208,#1209,#1210,#1211));
#402=EDGE_LOOP('',(#1212));
#403=EDGE_LOOP('',(#1213,#1214,#1215,#1216,#1217,#1218));
#404=EDGE_LOOP('',(#1219));
#405=EDGE_LOOP('',(#1220,#1221,#1222,#1223,#1224));
#406=EDGE_LOOP('',(#1225,#1226,#1227,#1228));
#407=EDGE_LOOP('',(#1229,#1230,#1231,#1232));
#408=EDGE_LOOP('',(#1233,#1234,#1235,#1236));
#409=EDGE_LOOP('',(#1237,#1238,#1239,#1240,#1241,#1242,#1243,#1244,#1245,
#1246,#1247,#1248,#1249,#1250,#1251,#1252,#1253,#1254,#1255,#1256,#1257,
#1258,#1259,#1260));
#410=EDGE_LOOP('',(#1261));
#411=EDGE_LOOP('',(#1262));
#412=EDGE_LOOP('',(#1263));
#413=EDGE_LOOP('',(#1264));
#414=EDGE_LOOP('',(#1265));
#415=EDGE_LOOP('',(#1266));
#416=EDGE_LOOP('',(#1267));
#417=EDGE_LOOP('',(#1268));
#418=EDGE_LOOP('',(#1269));
#419=EDGE_LOOP('',(#1270));
#420=EDGE_LOOP('',(#1271,#1272,#1273,#1274,#1275,#1276,#1277,#1278));
#421=EDGE_LOOP('',(#1279,#1280,#1281,#1282,#1283,#1284,#1285,#1286,#1287));
#422=EDGE_LOOP('',(#1288,#1289));
#423=EDGE_LOOP('',(#1290,#1291,#1292,#1293));
#424=EDGE_LOOP('',(#1294,#1295,#1296,#1297,#1298));
#425=EDGE_LOOP('',(#1299,#1300,#1301,#1302));
#426=EDGE_LOOP('',(#1303,#1304,#1305,#1306,#1307));
#427=EDGE_LOOP('',(#1308,#1309,#1310,#1311));
#428=EDGE_LOOP('',(#1312,#1313,#1314,#1315,#1316));
#429=EDGE_LOOP('',(#1317,#1318,#1319,#1320));
#430=EDGE_LOOP('',(#1321,#1322,#1323,#1324,#1325));
#431=EDGE_LOOP('',(#1326,#1327,#1328,#1329));
#432=EDGE_LOOP('',(#1330,#1331,#1332,#1333,#1334));
#433=EDGE_LOOP('',(#1335,#1336,#1337,#1338));
#434=EDGE_LOOP('',(#1339,#1340,#1341,#1342,#1343));
#435=EDGE_LOOP('',(#1344,#1345,#1346,#1347));
#436=EDGE_LOOP('',(#1348,#1349,#1350,#1351,#1352));
#437=EDGE_LOOP('',(#1353,#1354,#1355,#1356));
#438=EDGE_LOOP('',(#1357,#1358,#1359,#1360,#1361));
#439=EDGE_LOOP('',(#1362,#1363,#1364,#1365));
#440=EDGE_LOOP('',(#1366,#1367));
#441=EDGE_LOOP('',(#1368,#1369,#1370,#1371));
#442=EDGE_LOOP('',(#1372,#1373,#1374,#1375));
#443=EDGE_LOOP('',(#1376));
#444=EDGE_LOOP('',(#1377,#1378,#1379,#1380));
#445=EDGE_LOOP('',(#1381,#1382,#1383,#1384));
#446=EDGE_LOOP('',(#1385,#1386,#1387,#1388));
#447=EDGE_LOOP('',(#1389,#1390,#1391,#1392));
#448=EDGE_LOOP('',(#1393,#1394,#1395,#1396));
#449=EDGE_LOOP('',(#1397,#1398,#1399,#1400));
#450=EDGE_LOOP('',(#1401,#1402,#1403,#1404));
#451=CIRCLE('',#1518,0.5);
#452=CIRCLE('',#1519,0.5);
#453=CIRCLE('',#1520,0.499999999999998);
#454=CIRCLE('',#1521,1.);
#455=CIRCLE('',#1523,0.5);
#456=CIRCLE('',#1525,0.5);
#457=CIRCLE('',#1526,0.5);
#458=CIRCLE('',#1527,0.499999999999994);
#459=CIRCLE('',#1528,1.);
#460=CIRCLE('',#1530,0.5);
#461=CIRCLE('',#1532,0.5);
#462=CIRCLE('',#1533,0.5);
#463=CIRCLE('',#1534,0.499999999999994);
#464=CIRCLE('',#1535,1.);
#465=CIRCLE('',#1537,0.5);
#466=CIRCLE('',#1540,0.5);
#467=CIRCLE('',#1541,0.5);
#468=CIRCLE('',#1542,0.499999999999994);
#469=CIRCLE('',#1543,1.);
#470=CIRCLE('',#1545,0.5);
#471=CIRCLE('',#1550,2.6);
#472=CIRCLE('',#1553,10.5);
#473=CIRCLE('',#1554,1.6);
#474=CIRCLE('',#1555,10.5);
#475=CIRCLE('',#1556,26.2842716689304);
#476=CIRCLE('',#1557,10.5);
#477=CIRCLE('',#1558,1.6);
#478=CIRCLE('',#1559,1.6);
#479=CIRCLE('',#1560,10.5);
#480=CIRCLE('',#1561,26.2842716689304);
#481=CIRCLE('',#1562,26.2842716689304);
#482=CIRCLE('',#1563,10.5);
#483=CIRCLE('',#1564,1.6);
#484=CIRCLE('',#1565,1.6);
#485=CIRCLE('',#1566,10.5);
#486=CIRCLE('',#1567,26.2842716689304);
#487=CIRCLE('',#1568,10.5);
#488=CIRCLE('',#1569,1.6);
#489=CIRCLE('',#1570,10.5);
#490=CIRCLE('',#1571,26.2842716689304);
#491=CIRCLE('',#1572,26.2842716689304);
#492=CIRCLE('',#1573,3.);
#493=CIRCLE('',#1574,3.);
#494=CIRCLE('',#1575,3.);
#495=CIRCLE('',#1576,3.);
#496=CIRCLE('',#1577,3.);
#497=CIRCLE('',#1578,3.);
#498=CIRCLE('',#1580,28.2842716689304);
#499=CIRCLE('',#1581,2.00000000000001);
#500=CIRCLE('',#1583,2.);
#501=CIRCLE('',#1584,8.5);
#502=CIRCLE('',#1586,8.5);
#503=CIRCLE('',#1587,2.);
#504=CIRCLE('',#1589,2.);
#505=CIRCLE('',#1590,8.5);
#506=CIRCLE('',#1591,1.99999999999999);
#507=CIRCLE('',#1593,2.);
#508=CIRCLE('',#1594,28.2842716689304);
#509=CIRCLE('',#1596,2.);
#510=CIRCLE('',#1597,8.5);
#511=CIRCLE('',#1599,2.);
#512=CIRCLE('',#1600,8.5);
#513=CIRCLE('',#1601,1.6);
#514=CIRCLE('',#1602,1.6);
#515=CIRCLE('',#1603,3.);
#516=CIRCLE('',#1605,8.5);
#517=CIRCLE('',#1606,2.);
#518=CIRCLE('',#1608,2.);
#519=CIRCLE('',#1609,8.5);
#520=CIRCLE('',#1610,1.99999999999999);
#521=CIRCLE('',#1612,28.2842716689304);
#522=CIRCLE('',#1614,2.);
#523=CIRCLE('',#1615,8.5);
#524=CIRCLE('',#1616,1.6);
#525=CIRCLE('',#1617,3.);
#526=CIRCLE('',#1619,1.6);
#527=CIRCLE('',#1621,1.6);
#528=CIRCLE('',#1624,28.2842716689304);
#529=CIRCLE('',#1626,28.2842716689304);
#530=CIRCLE('',#1627,2.);
#531=CIRCLE('',#1629,2.);
#532=CIRCLE('',#1630,8.5);
#533=CIRCLE('',#1632,8.5);
#534=CIRCLE('',#1633,2.);
#535=CIRCLE('',#1635,2.);
#536=CIRCLE('',#1636,8.5);
#537=CIRCLE('',#1637,2.);
#538=CIRCLE('',#1639,2.);
#539=CIRCLE('',#1640,28.2842716689304);
#540=CIRCLE('',#1642,2.);
#541=CIRCLE('',#1643,8.5);
#542=CIRCLE('',#1645,2.);
#543=CIRCLE('',#1646,8.5);
#544=CIRCLE('',#1647,1.6);
#545=CIRCLE('',#1648,3.);
#546=CIRCLE('',#1650,8.5);
#547=CIRCLE('',#1651,2.);
#548=CIRCLE('',#1653,2.);
#549=CIRCLE('',#1654,8.5);
#550=CIRCLE('',#1655,2.);
#551=CIRCLE('',#1657,28.2842716689304);
#552=CIRCLE('',#1659,2.);
#553=CIRCLE('',#1660,8.5);
#554=CIRCLE('',#1661,1.6);
#555=CIRCLE('',#1662,1.6);
#556=CIRCLE('',#1663,3.);
#557=CIRCLE('',#1665,1.6);
#558=CIRCLE('',#1667,1.6);
#559=CIRCLE('',#1670,5.);
#560=CIRCLE('',#1671,2.6);
#561=CIRCLE('',#1673,5.);
#562=CIRCLE('',#1674,2.6);
#563=CIRCLE('',#1678,2.6);
#564=CIRCLE('',#1681,8.5);
#565=CIRCLE('',#1682,3.);
#566=CIRCLE('',#1683,8.5);
#567=CIRCLE('',#1684,28.2842716689304);
#568=CIRCLE('',#1685,8.5);
#569=CIRCLE('',#1686,3.);
#570=CIRCLE('',#1687,8.5);
#571=CIRCLE('',#1688,28.2842716689304);
#572=CIRCLE('',#1689,28.2842716689304);
#573=CIRCLE('',#1690,8.5);
#574=CIRCLE('',#1691,3.);
#575=CIRCLE('',#1692,8.5);
#576=CIRCLE('',#1693,28.2842716689304);
#577=CIRCLE('',#1694,8.5);
#578=CIRCLE('',#1695,3.);
#579=CIRCLE('',#1696,8.5);
#580=CIRCLE('',#1697,28.2842716689304);
#581=CIRCLE('',#1698,3.);
#582=CIRCLE('',#1699,3.);
#583=CIRCLE('',#1700,3.);
#584=CIRCLE('',#1701,3.);
#585=CIRCLE('',#1702,3.);
#586=CIRCLE('',#1703,3.);
#587=VERTEX_POINT('',#2245);
#588=VERTEX_POINT('',#2246);
#589=VERTEX_POINT('',#2248);
#590=VERTEX_POINT('',#2250);
#591=VERTEX_POINT('',#2254);
#592=VERTEX_POINT('',#2255);
#593=VERTEX_POINT('',#2260);
#594=VERTEX_POINT('',#2261);
#595=VERTEX_POINT('',#2263);
#596=VERTEX_POINT('',#2265);
#597=VERTEX_POINT('',#2269);
#598=VERTEX_POINT('',#2270);
#599=VERTEX_POINT('',#2275);
#600=VERTEX_POINT('',#2276);
#601=VERTEX_POINT('',#2278);
#602=VERTEX_POINT('',#2280);
#603=VERTEX_POINT('',#2284);
#604=VERTEX_POINT('',#2285);
#605=VERTEX_POINT('',#2293);
#606=VERTEX_POINT('',#2294);
#607=VERTEX_POINT('',#2296);
#608=VERTEX_POINT('',#2298);
#609=VERTEX_POINT('',#2302);
#610=VERTEX_POINT('',#2303);
#611=VERTEX_POINT('',#2318);
#612=VERTEX_POINT('',#2323);
#613=VERTEX_POINT('',#2324);
#614=VERTEX_POINT('',#2326);
#615=VERTEX_POINT('',#2328);
#616=VERTEX_POINT('',#2330);
#617=VERTEX_POINT('',#2332);
#618=VERTEX_POINT('',#2334);
#619=VERTEX_POINT('',#2336);
#620=VERTEX_POINT('',#2338);
#621=VERTEX_POINT('',#2340);
#622=VERTEX_POINT('',#2342);
#623=VERTEX_POINT('',#2344);
#624=VERTEX_POINT('',#2346);
#625=VERTEX_POINT('',#2348);
#626=VERTEX_POINT('',#2350);
#627=VERTEX_POINT('',#2352);
#628=VERTEX_POINT('',#2354);
#629=VERTEX_POINT('',#2356);
#630=VERTEX_POINT('',#2358);
#631=VERTEX_POINT('',#2360);
#632=VERTEX_POINT('',#2362);
#633=VERTEX_POINT('',#2364);
#634=VERTEX_POINT('',#2366);
#635=VERTEX_POINT('',#2368);
#636=VERTEX_POINT('',#2370);
#637=VERTEX_POINT('',#2372);
#638=VERTEX_POINT('',#2375);
#639=VERTEX_POINT('',#2377);
#640=VERTEX_POINT('',#2379);
#641=VERTEX_POINT('',#2381);
#642=VERTEX_POINT('',#2383);
#643=VERTEX_POINT('',#2385);
#644=VERTEX_POINT('',#2388);
#645=VERTEX_POINT('',#2399);
#646=VERTEX_POINT('',#2403);
#647=VERTEX_POINT('',#2407);
#648=VERTEX_POINT('',#2416);
#649=VERTEX_POINT('',#2420);
#650=VERTEX_POINT('',#2422);
#651=VERTEX_POINT('',#2426);
#652=VERTEX_POINT('',#2430);
#653=VERTEX_POINT('',#2434);
#654=VERTEX_POINT('',#2443);
#655=VERTEX_POINT('',#2461);
#656=VERTEX_POINT('',#2466);
#657=VERTEX_POINT('',#2477);
#658=VERTEX_POINT('',#2481);
#659=VERTEX_POINT('',#2483);
#660=VERTEX_POINT('',#2487);
#661=VERTEX_POINT('',#2500);
#662=VERTEX_POINT('',#2509);
#663=VERTEX_POINT('',#2530);
#664=VERTEX_POINT('',#2534);
#665=VERTEX_POINT('',#2538);
#666=VERTEX_POINT('',#2540);
#667=VERTEX_POINT('',#2542);
#668=VERTEX_POINT('',#2544);
#669=VERTEX_POINT('',#2546);
#670=VERTEX_POINT('',#2548);
#671=VERTEX_POINT('',#2552);
#672=VERTEX_POINT('',#2556);
#673=VERTEX_POINT('',#2567);
#674=VERTEX_POINT('',#2571);
#675=VERTEX_POINT('',#2575);
#676=VERTEX_POINT('',#2586);
#677=VERTEX_POINT('',#2590);
#678=VERTEX_POINT('',#2592);
#679=VERTEX_POINT('',#2596);
#680=VERTEX_POINT('',#2600);
#681=VERTEX_POINT('',#2604);
#682=VERTEX_POINT('',#2613);
#683=VERTEX_POINT('',#2634);
#684=VERTEX_POINT('',#2645);
#685=VERTEX_POINT('',#2649);
#686=VERTEX_POINT('',#2651);
#687=VERTEX_POINT('',#2655);
#688=VERTEX_POINT('',#2668);
#689=VERTEX_POINT('',#2677);
#690=VERTEX_POINT('',#2695);
#691=VERTEX_POINT('',#2700);
#692=VERTEX_POINT('',#2704);
#693=VERTEX_POINT('',#2708);
#694=VERTEX_POINT('',#2710);
#695=VERTEX_POINT('',#2714);
#696=VERTEX_POINT('',#2715);
#697=VERTEX_POINT('',#2718);
#698=VERTEX_POINT('',#2721);
#699=VERTEX_POINT('',#2725);
#700=VERTEX_POINT('',#2728);
#701=VERTEX_POINT('',#2731);
#702=VERTEX_POINT('',#2737);
#703=VERTEX_POINT('',#2749);
#704=VERTEX_POINT('',#2751);
#705=VERTEX_POINT('',#2753);
#706=VERTEX_POINT('',#2755);
#707=VERTEX_POINT('',#2757);
#708=VERTEX_POINT('',#2759);
#709=VERTEX_POINT('',#2761);
#710=VERTEX_POINT('',#2763);
#711=VERTEX_POINT('',#2766);
#712=VERTEX_POINT('',#2768);
#713=VERTEX_POINT('',#2770);
#714=VERTEX_POINT('',#2772);
#715=VERTEX_POINT('',#2774);
#716=VERTEX_POINT('',#2776);
#717=VERTEX_POINT('',#2778);
#718=VERTEX_POINT('',#2780);
#719=VERTEX_POINT('',#2783);
#720=VERTEX_POINT('',#2785);
#721=VERTEX_POINT('',#2787);
#722=VERTEX_POINT('',#2789);
#723=VERTEX_POINT('',#2791);
#724=VERTEX_POINT('',#2793);
#725=VERTEX_POINT('',#2798);
#726=VERTEX_POINT('',#2800);
#727=EDGE_CURVE('',#587,#588,#451,.T.);
#728=EDGE_CURVE('',#589,#587,#452,.F.);
#729=EDGE_CURVE('',#590,#589,#453,.T.);
#730=EDGE_CURVE('',#590,#588,#454,.T.);
#731=EDGE_CURVE('',#591,#592,#455,.T.);
#732=EDGE_CURVE('',#592,#589,#67,.T.);
#733=EDGE_CURVE('',#587,#591,#68,.T.);
#734=EDGE_CURVE('',#593,#594,#456,.T.);
#735=EDGE_CURVE('',#595,#593,#457,.F.);
#736=EDGE_CURVE('',#596,#595,#458,.T.);
#737=EDGE_CURVE('',#596,#594,#459,.T.);
#738=EDGE_CURVE('',#597,#598,#460,.T.);
#739=EDGE_CURVE('',#598,#595,#69,.T.);
#740=EDGE_CURVE('',#593,#597,#70,.T.);
#741=EDGE_CURVE('',#599,#600,#461,.T.);
#742=EDGE_CURVE('',#601,#599,#462,.F.);
#743=EDGE_CURVE('',#602,#601,#463,.T.);
#744=EDGE_CURVE('',#602,#600,#464,.T.);
#745=EDGE_CURVE('',#603,#604,#465,.T.);
#746=EDGE_CURVE('',#604,#601,#71,.T.);
#747=EDGE_CURVE('',#599,#603,#72,.T.);
#748=EDGE_CURVE('',#588,#602,#73,.T.);
#749=EDGE_CURVE('',#601,#587,#74,.T.);
#750=EDGE_CURVE('',#605,#606,#466,.T.);
#751=EDGE_CURVE('',#607,#605,#467,.F.);
#752=EDGE_CURVE('',#608,#607,#468,.T.);
#753=EDGE_CURVE('',#608,#606,#469,.T.);
#754=EDGE_CURVE('',#609,#610,#470,.T.);
#755=EDGE_CURVE('',#610,#607,#75,.T.);
#756=EDGE_CURVE('',#605,#609,#76,.T.);
#757=EDGE_CURVE('',#600,#608,#77,.T.);
#758=EDGE_CURVE('',#607,#599,#78,.T.);
#759=EDGE_CURVE('',#606,#596,#79,.T.);
#760=EDGE_CURVE('',#595,#605,#80,.T.);
#761=EDGE_CURVE('',#594,#590,#81,.T.);
#762=EDGE_CURVE('',#589,#593,#82,.T.);
#763=EDGE_CURVE('',#591,#604,#83,.T.);
#764=EDGE_CURVE('',#611,#611,#471,.T.);
#765=EDGE_CURVE('',#603,#610,#84,.T.);
#766=EDGE_CURVE('',#612,#613,#472,.T.);
#767=EDGE_CURVE('',#612,#614,#473,.T.);
#768=EDGE_CURVE('',#615,#614,#474,.T.);
#769=EDGE_CURVE('',#616,#615,#475,.T.);
#770=EDGE_CURVE('',#617,#616,#476,.T.);
#771=EDGE_CURVE('',#617,#618,#477,.T.);
#772=EDGE_CURVE('',#618,#619,#478,.T.);
#773=EDGE_CURVE('',#620,#619,#479,.T.);
#774=EDGE_CURVE('',#621,#620,#480,.T.);
#775=EDGE_CURVE('',#621,#622,#85,.T.);
#776=EDGE_CURVE('',#623,#622,#86,.T.);
#777=EDGE_CURVE('',#623,#624,#87,.T.);
#778=EDGE_CURVE('',#625,#624,#481,.T.);
#779=EDGE_CURVE('',#626,#625,#482,.T.);
#780=EDGE_CURVE('',#626,#627,#483,.T.);
#781=EDGE_CURVE('',#627,#628,#484,.T.);
#782=EDGE_CURVE('',#629,#628,#485,.T.);
#783=EDGE_CURVE('',#630,#629,#486,.T.);
#784=EDGE_CURVE('',#631,#630,#487,.T.);
#785=EDGE_CURVE('',#631,#632,#488,.T.);
#786=EDGE_CURVE('',#633,#632,#489,.T.);
#787=EDGE_CURVE('',#634,#633,#490,.T.);
#788=EDGE_CURVE('',#634,#635,#88,.T.);
#789=EDGE_CURVE('',#636,#635,#89,.T.);
#790=EDGE_CURVE('',#636,#637,#90,.T.);
#791=EDGE_CURVE('',#613,#637,#491,.T.);
#792=EDGE_CURVE('',#638,#638,#492,.T.);
#793=EDGE_CURVE('',#639,#639,#493,.T.);
#794=EDGE_CURVE('',#640,#640,#494,.T.);
#795=EDGE_CURVE('',#641,#641,#495,.T.);
#796=EDGE_CURVE('',#642,#642,#496,.T.);
#797=EDGE_CURVE('',#643,#643,#497,.T.);
#798=EDGE_CURVE('',#637,#644,#19,.T.);
#799=EDGE_CURVE('',#644,#645,#498,.T.);
#800=EDGE_CURVE('',#645,#613,#499,.T.);
#801=EDGE_CURVE('',#646,#612,#500,.T.);
#802=EDGE_CURVE('',#645,#646,#501,.T.);
#803=EDGE_CURVE('',#647,#612,#20,.T.);
#804=EDGE_CURVE('',#646,#648,#502,.T.);
#805=EDGE_CURVE('',#648,#647,#503,.T.);
#806=EDGE_CURVE('',#614,#649,#504,.T.);
#807=EDGE_CURVE('',#649,#650,#505,.T.);
#808=EDGE_CURVE('',#650,#615,#506,.T.);
#809=EDGE_CURVE('',#651,#616,#507,.T.);
#810=EDGE_CURVE('',#650,#651,#508,.T.);
#811=EDGE_CURVE('',#652,#617,#509,.T.);
#812=EDGE_CURVE('',#651,#652,#510,.T.);
#813=EDGE_CURVE('',#614,#653,#21,.T.);
#814=EDGE_CURVE('',#653,#654,#511,.T.);
#815=EDGE_CURVE('',#654,#649,#512,.T.);
#816=EDGE_CURVE('',#653,#655,#513,.T.);
#817=EDGE_CURVE('',#655,#647,#514,.T.);
#818=EDGE_CURVE('',#648,#654,#515,.T.);
#819=EDGE_CURVE('',#656,#617,#22,.T.);
#820=EDGE_CURVE('',#652,#657,#516,.T.);
#821=EDGE_CURVE('',#657,#656,#517,.T.);
#822=EDGE_CURVE('',#619,#658,#518,.T.);
#823=EDGE_CURVE('',#658,#659,#519,.T.);
#824=EDGE_CURVE('',#659,#620,#520,.T.);
#825=EDGE_CURVE('',#660,#621,#23,.T.);
#826=EDGE_CURVE('',#659,#660,#521,.T.);
#827=EDGE_CURVE('',#619,#661,#24,.T.);
#828=EDGE_CURVE('',#661,#662,#522,.T.);
#829=EDGE_CURVE('',#662,#658,#523,.T.);
#830=EDGE_CURVE('',#661,#656,#524,.T.);
#831=EDGE_CURVE('',#657,#662,#525,.T.);
#832=EDGE_CURVE('',#663,#663,#526,.T.);
#833=EDGE_CURVE('',#663,#655,#91,.T.);
#834=EDGE_CURVE('',#664,#664,#527,.T.);
#835=EDGE_CURVE('',#664,#618,#92,.T.);
#836=EDGE_CURVE('',#665,#660,#93,.T.);
#837=EDGE_CURVE('',#666,#665,#94,.T.);
#838=EDGE_CURVE('',#666,#667,#95,.T.);
#839=EDGE_CURVE('',#668,#667,#96,.T.);
#840=EDGE_CURVE('',#669,#668,#97,.T.);
#841=EDGE_CURVE('',#670,#669,#98,.T.);
#842=EDGE_CURVE('',#670,#622,#99,.T.);
#843=EDGE_CURVE('',#671,#659,#100,.T.);
#844=EDGE_CURVE('',#665,#671,#528,.T.);
#845=EDGE_CURVE('',#624,#672,#25,.T.);
#846=EDGE_CURVE('',#672,#673,#529,.T.);
#847=EDGE_CURVE('',#673,#625,#530,.T.);
#848=EDGE_CURVE('',#674,#626,#531,.T.);
#849=EDGE_CURVE('',#673,#674,#532,.T.);
#850=EDGE_CURVE('',#675,#626,#26,.T.);
#851=EDGE_CURVE('',#674,#676,#533,.T.);
#852=EDGE_CURVE('',#676,#675,#534,.T.);
#853=EDGE_CURVE('',#628,#677,#535,.T.);
#854=EDGE_CURVE('',#677,#678,#536,.T.);
#855=EDGE_CURVE('',#678,#629,#537,.T.);
#856=EDGE_CURVE('',#679,#630,#538,.T.);
#857=EDGE_CURVE('',#678,#679,#539,.T.);
#858=EDGE_CURVE('',#680,#631,#540,.T.);
#859=EDGE_CURVE('',#679,#680,#541,.T.);
#860=EDGE_CURVE('',#628,#681,#27,.T.);
#861=EDGE_CURVE('',#681,#682,#542,.T.);
#862=EDGE_CURVE('',#682,#677,#543,.T.);
#863=EDGE_CURVE('',#681,#675,#544,.T.);
#864=EDGE_CURVE('',#676,#682,#545,.T.);
#865=EDGE_CURVE('',#683,#631,#28,.T.);
#866=EDGE_CURVE('',#680,#684,#546,.T.);
#867=EDGE_CURVE('',#684,#683,#547,.T.);
#868=EDGE_CURVE('',#632,#685,#548,.T.);
#869=EDGE_CURVE('',#685,#686,#549,.T.);
#870=EDGE_CURVE('',#686,#633,#550,.T.);
#871=EDGE_CURVE('',#687,#634,#29,.T.);
#872=EDGE_CURVE('',#686,#687,#551,.T.);
#873=EDGE_CURVE('',#632,#688,#30,.T.);
#874=EDGE_CURVE('',#688,#689,#552,.T.);
#875=EDGE_CURVE('',#689,#685,#553,.T.);
#876=EDGE_CURVE('',#688,#690,#554,.T.);
#877=EDGE_CURVE('',#690,#683,#555,.T.);
#878=EDGE_CURVE('',#684,#689,#556,.T.);
#879=EDGE_CURVE('',#691,#691,#557,.T.);
#880=EDGE_CURVE('',#691,#627,#101,.T.);
#881=EDGE_CURVE('',#692,#692,#558,.T.);
#882=EDGE_CURVE('',#692,#690,#102,.T.);
#883=EDGE_CURVE('',#693,#687,#103,.T.);
#884=EDGE_CURVE('',#694,#693,#104,.T.);
#885=EDGE_CURVE('',#694,#635,#105,.T.);
#886=EDGE_CURVE('',#695,#696,#559,.T.);
#887=EDGE_CURVE('',#636,#695,#106,.T.);
#888=EDGE_CURVE('',#694,#697,#107,.T.);
#889=EDGE_CURVE('',#696,#697,#108,.T.);
#890=EDGE_CURVE('',#698,#698,#560,.T.);
#891=EDGE_CURVE('',#667,#670,#561,.T.);
#892=EDGE_CURVE('',#666,#699,#109,.T.);
#893=EDGE_CURVE('',#623,#699,#110,.T.);
#894=EDGE_CURVE('',#700,#700,#562,.T.);
#895=EDGE_CURVE('',#701,#699,#111,.T.);
#896=EDGE_CURVE('',#672,#701,#112,.T.);
#897=EDGE_CURVE('',#611,#698,#113,.T.);
#898=EDGE_CURVE('',#700,#702,#114,.T.);
#899=EDGE_CURVE('',#702,#702,#563,.T.);
#900=EDGE_CURVE('',#668,#669,#31,.T.);
#901=EDGE_CURVE('',#703,#671,#564,.T.);
#902=EDGE_CURVE('',#703,#704,#565,.T.);
#903=EDGE_CURVE('',#705,#704,#566,.T.);
#904=EDGE_CURVE('',#705,#706,#567,.T.);
#905=EDGE_CURVE('',#707,#706,#568,.T.);
#906=EDGE_CURVE('',#707,#708,#569,.T.);
#907=EDGE_CURVE('',#709,#708,#570,.T.);
#908=EDGE_CURVE('',#709,#710,#571,.T.);
#909=EDGE_CURVE('',#710,#697,#115,.T.);
#910=EDGE_CURVE('',#693,#711,#572,.T.);
#911=EDGE_CURVE('',#712,#711,#573,.T.);
#912=EDGE_CURVE('',#712,#713,#574,.T.);
#913=EDGE_CURVE('',#714,#713,#575,.T.);
#914=EDGE_CURVE('',#714,#715,#576,.T.);
#915=EDGE_CURVE('',#716,#715,#577,.T.);
#916=EDGE_CURVE('',#716,#717,#578,.T.);
#917=EDGE_CURVE('',#718,#717,#579,.T.);
#918=EDGE_CURVE('',#718,#701,#580,.T.);
#919=EDGE_CURVE('',#719,#719,#581,.T.);
#920=EDGE_CURVE('',#720,#720,#582,.T.);
#921=EDGE_CURVE('',#721,#721,#583,.T.);
#922=EDGE_CURVE('',#722,#722,#584,.T.);
#923=EDGE_CURVE('',#723,#723,#585,.T.);
#924=EDGE_CURVE('',#724,#724,#586,.T.);
#925=EDGE_CURVE('',#609,#598,#116,.T.);
#926=EDGE_CURVE('',#597,#592,#117,.T.);
#927=EDGE_CURVE('',#725,#695,#118,.T.);
#928=EDGE_CURVE('',#726,#725,#119,.T.);
#929=EDGE_CURVE('',#696,#726,#120,.T.);
#930=EDGE_CURVE('',#644,#710,#121,.T.);
#931=EDGE_CURVE('',#725,#726,#32,.T.);
#932=EDGE_CURVE('',#711,#686,#122,.T.);
#933=EDGE_CURVE('',#651,#705,#123,.T.);
#934=EDGE_CURVE('',#704,#657,#124,.T.);
#935=EDGE_CURVE('',#706,#650,#125,.T.);
#936=EDGE_CURVE('',#645,#709,#126,.T.);
#937=EDGE_CURVE('',#708,#648,#127,.T.);
#938=EDGE_CURVE('',#654,#707,#128,.T.);
#939=EDGE_CURVE('',#689,#712,#129,.T.);
#940=EDGE_CURVE('',#713,#684,#130,.T.);
#941=EDGE_CURVE('',#679,#714,#131,.T.);
#942=EDGE_CURVE('',#715,#678,#132,.T.);
#943=EDGE_CURVE('',#682,#716,#133,.T.);
#944=EDGE_CURVE('',#717,#676,#134,.T.);
#945=EDGE_CURVE('',#673,#718,#135,.T.);
#946=EDGE_CURVE('',#662,#703,#136,.T.);
#947=EDGE_CURVE('',#719,#638,#137,.T.);
#948=EDGE_CURVE('',#720,#639,#138,.T.);
#949=EDGE_CURVE('',#721,#640,#139,.T.);
#950=EDGE_CURVE('',#722,#641,#140,.T.);
#951=EDGE_CURVE('',#723,#642,#141,.T.);
#952=EDGE_CURVE('',#724,#643,#142,.T.);
#953=ORIENTED_EDGE('',*,*,#727,.F.);
#954=ORIENTED_EDGE('',*,*,#728,.F.);
#955=ORIENTED_EDGE('',*,*,#729,.F.);
#956=ORIENTED_EDGE('',*,*,#730,.T.);
#957=ORIENTED_EDGE('',*,*,#731,.T.);
#958=ORIENTED_EDGE('',*,*,#732,.T.);
#959=ORIENTED_EDGE('',*,*,#728,.T.);
#960=ORIENTED_EDGE('',*,*,#733,.T.);
#961=ORIENTED_EDGE('',*,*,#734,.F.);
#962=ORIENTED_EDGE('',*,*,#735,.F.);
#963=ORIENTED_EDGE('',*,*,#736,.F.);
#964=ORIENTED_EDGE('',*,*,#737,.T.);
#965=ORIENTED_EDGE('',*,*,#738,.T.);
#966=ORIENTED_EDGE('',*,*,#739,.T.);
#967=ORIENTED_EDGE('',*,*,#735,.T.);
#968=ORIENTED_EDGE('',*,*,#740,.T.);
#969=ORIENTED_EDGE('',*,*,#741,.F.);
#970=ORIENTED_EDGE('',*,*,#742,.F.);
#971=ORIENTED_EDGE('',*,*,#743,.F.);
#972=ORIENTED_EDGE('',*,*,#744,.T.);
#973=ORIENTED_EDGE('',*,*,#745,.T.);
#974=ORIENTED_EDGE('',*,*,#746,.T.);
#975=ORIENTED_EDGE('',*,*,#742,.T.);
#976=ORIENTED_EDGE('',*,*,#747,.T.);
#977=ORIENTED_EDGE('',*,*,#727,.T.);
#978=ORIENTED_EDGE('',*,*,#748,.T.);
#979=ORIENTED_EDGE('',*,*,#743,.T.);
#980=ORIENTED_EDGE('',*,*,#749,.T.);
#981=ORIENTED_EDGE('',*,*,#750,.F.);
#982=ORIENTED_EDGE('',*,*,#751,.F.);
#983=ORIENTED_EDGE('',*,*,#752,.F.);
#984=ORIENTED_EDGE('',*,*,#753,.T.);
#985=ORIENTED_EDGE('',*,*,#754,.T.);
#986=ORIENTED_EDGE('',*,*,#755,.T.);
#987=ORIENTED_EDGE('',*,*,#751,.T.);
#988=ORIENTED_EDGE('',*,*,#756,.T.);
#989=ORIENTED_EDGE('',*,*,#741,.T.);
#990=ORIENTED_EDGE('',*,*,#757,.T.);
#991=ORIENTED_EDGE('',*,*,#752,.T.);
#992=ORIENTED_EDGE('',*,*,#758,.T.);
#993=ORIENTED_EDGE('',*,*,#750,.T.);
#994=ORIENTED_EDGE('',*,*,#759,.T.);
#995=ORIENTED_EDGE('',*,*,#736,.T.);
#996=ORIENTED_EDGE('',*,*,#760,.T.);
#997=ORIENTED_EDGE('',*,*,#734,.T.);
#998=ORIENTED_EDGE('',*,*,#761,.T.);
#999=ORIENTED_EDGE('',*,*,#729,.T.);
#1000=ORIENTED_EDGE('',*,*,#762,.T.);
#1001=ORIENTED_EDGE('',*,*,#733,.F.);
#1002=ORIENTED_EDGE('',*,*,#749,.F.);
#1003=ORIENTED_EDGE('',*,*,#746,.F.);
#1004=ORIENTED_EDGE('',*,*,#763,.F.);
#1005=ORIENTED_EDGE('',*,*,#764,.T.);
#1006=ORIENTED_EDGE('',*,*,#747,.F.);
#1007=ORIENTED_EDGE('',*,*,#758,.F.);
#1008=ORIENTED_EDGE('',*,*,#755,.F.);
#1009=ORIENTED_EDGE('',*,*,#765,.F.);
#1010=ORIENTED_EDGE('',*,*,#766,.F.);
#1011=ORIENTED_EDGE('',*,*,#767,.T.);
#1012=ORIENTED_EDGE('',*,*,#768,.F.);
#1013=ORIENTED_EDGE('',*,*,#769,.F.);
#1014=ORIENTED_EDGE('',*,*,#770,.F.);
#1015=ORIENTED_EDGE('',*,*,#771,.T.);
#1016=ORIENTED_EDGE('',*,*,#772,.T.);
#1017=ORIENTED_EDGE('',*,*,#773,.F.);
#1018=ORIENTED_EDGE('',*,*,#774,.F.);
#1019=ORIENTED_EDGE('',*,*,#775,.T.);
#1020=ORIENTED_EDGE('',*,*,#776,.F.);
#1021=ORIENTED_EDGE('',*,*,#777,.T.);
#1022=ORIENTED_EDGE('',*,*,#778,.F.);
#1023=ORIENTED_EDGE('',*,*,#779,.F.);
#1024=ORIENTED_EDGE('',*,*,#780,.T.);
#1025=ORIENTED_EDGE('',*,*,#781,.T.);
#1026=ORIENTED_EDGE('',*,*,#782,.F.);
#1027=ORIENTED_EDGE('',*,*,#783,.F.);
#1028=ORIENTED_EDGE('',*,*,#784,.F.);
#1029=ORIENTED_EDGE('',*,*,#785,.T.);
#1030=ORIENTED_EDGE('',*,*,#786,.F.);
#1031=ORIENTED_EDGE('',*,*,#787,.F.);
#1032=ORIENTED_EDGE('',*,*,#788,.T.);
#1033=ORIENTED_EDGE('',*,*,#789,.F.);
#1034=ORIENTED_EDGE('',*,*,#790,.T.);
#1035=ORIENTED_EDGE('',*,*,#791,.F.);
#1036=ORIENTED_EDGE('',*,*,#792,.T.);
#1037=ORIENTED_EDGE('',*,*,#793,.T.);
#1038=ORIENTED_EDGE('',*,*,#794,.T.);
#1039=ORIENTED_EDGE('',*,*,#795,.T.);
#1040=ORIENTED_EDGE('',*,*,#796,.T.);
#1041=ORIENTED_EDGE('',*,*,#797,.T.);
#1042=ORIENTED_EDGE('',*,*,#753,.F.);
#1043=ORIENTED_EDGE('',*,*,#757,.F.);
#1044=ORIENTED_EDGE('',*,*,#744,.F.);
#1045=ORIENTED_EDGE('',*,*,#748,.F.);
#1046=ORIENTED_EDGE('',*,*,#730,.F.);
#1047=ORIENTED_EDGE('',*,*,#761,.F.);
#1048=ORIENTED_EDGE('',*,*,#737,.F.);
#1049=ORIENTED_EDGE('',*,*,#759,.F.);
#1050=ORIENTED_EDGE('',*,*,#798,.T.);
#1051=ORIENTED_EDGE('',*,*,#799,.T.);
#1052=ORIENTED_EDGE('',*,*,#800,.T.);
#1053=ORIENTED_EDGE('',*,*,#791,.T.);
#1054=ORIENTED_EDGE('',*,*,#801,.T.);
#1055=ORIENTED_EDGE('',*,*,#766,.T.);
#1056=ORIENTED_EDGE('',*,*,#800,.F.);
#1057=ORIENTED_EDGE('',*,*,#802,.T.);
#1058=ORIENTED_EDGE('',*,*,#803,.T.);
#1059=ORIENTED_EDGE('',*,*,#801,.F.);
#1060=ORIENTED_EDGE('',*,*,#804,.T.);
#1061=ORIENTED_EDGE('',*,*,#805,.T.);
#1062=ORIENTED_EDGE('',*,*,#806,.T.);
#1063=ORIENTED_EDGE('',*,*,#807,.T.);
#1064=ORIENTED_EDGE('',*,*,#808,.T.);
#1065=ORIENTED_EDGE('',*,*,#768,.T.);
#1066=ORIENTED_EDGE('',*,*,#809,.T.);
#1067=ORIENTED_EDGE('',*,*,#769,.T.);
#1068=ORIENTED_EDGE('',*,*,#808,.F.);
#1069=ORIENTED_EDGE('',*,*,#810,.T.);
#1070=ORIENTED_EDGE('',*,*,#811,.T.);
#1071=ORIENTED_EDGE('',*,*,#770,.T.);
#1072=ORIENTED_EDGE('',*,*,#809,.F.);
#1073=ORIENTED_EDGE('',*,*,#812,.T.);
#1074=ORIENTED_EDGE('',*,*,#813,.T.);
#1075=ORIENTED_EDGE('',*,*,#814,.T.);
#1076=ORIENTED_EDGE('',*,*,#815,.T.);
#1077=ORIENTED_EDGE('',*,*,#806,.F.);
#1078=ORIENTED_EDGE('',*,*,#816,.T.);
#1079=ORIENTED_EDGE('',*,*,#817,.T.);
#1080=ORIENTED_EDGE('',*,*,#805,.F.);
#1081=ORIENTED_EDGE('',*,*,#818,.T.);
#1082=ORIENTED_EDGE('',*,*,#814,.F.);
#1083=ORIENTED_EDGE('',*,*,#819,.T.);
#1084=ORIENTED_EDGE('',*,*,#811,.F.);
#1085=ORIENTED_EDGE('',*,*,#820,.T.);
#1086=ORIENTED_EDGE('',*,*,#821,.T.);
#1087=ORIENTED_EDGE('',*,*,#822,.T.);
#1088=ORIENTED_EDGE('',*,*,#823,.T.);
#1089=ORIENTED_EDGE('',*,*,#824,.T.);
#1090=ORIENTED_EDGE('',*,*,#773,.T.);
#1091=ORIENTED_EDGE('',*,*,#825,.T.);
#1092=ORIENTED_EDGE('',*,*,#774,.T.);
#1093=ORIENTED_EDGE('',*,*,#824,.F.);
#1094=ORIENTED_EDGE('',*,*,#826,.T.);
#1095=ORIENTED_EDGE('',*,*,#827,.T.);
#1096=ORIENTED_EDGE('',*,*,#828,.T.);
#1097=ORIENTED_EDGE('',*,*,#829,.T.);
#1098=ORIENTED_EDGE('',*,*,#822,.F.);
#1099=ORIENTED_EDGE('',*,*,#830,.T.);
#1100=ORIENTED_EDGE('',*,*,#821,.F.);
#1101=ORIENTED_EDGE('',*,*,#831,.T.);
#1102=ORIENTED_EDGE('',*,*,#828,.F.);
#1103=ORIENTED_EDGE('',*,*,#832,.F.);
#1104=ORIENTED_EDGE('',*,*,#833,.T.);
#1105=ORIENTED_EDGE('',*,*,#816,.F.);
#1106=ORIENTED_EDGE('',*,*,#813,.F.);
#1107=ORIENTED_EDGE('',*,*,#767,.F.);
#1108=ORIENTED_EDGE('',*,*,#803,.F.);
#1109=ORIENTED_EDGE('',*,*,#817,.F.);
#1110=ORIENTED_EDGE('',*,*,#833,.F.);
#1111=ORIENTED_EDGE('',*,*,#834,.F.);
#1112=ORIENTED_EDGE('',*,*,#835,.T.);
#1113=ORIENTED_EDGE('',*,*,#771,.F.);
#1114=ORIENTED_EDGE('',*,*,#819,.F.);
#1115=ORIENTED_EDGE('',*,*,#830,.F.);
#1116=ORIENTED_EDGE('',*,*,#827,.F.);
#1117=ORIENTED_EDGE('',*,*,#772,.F.);
#1118=ORIENTED_EDGE('',*,*,#835,.F.);
#1119=ORIENTED_EDGE('',*,*,#825,.F.);
#1120=ORIENTED_EDGE('',*,*,#836,.F.);
#1121=ORIENTED_EDGE('',*,*,#837,.F.);
#1122=ORIENTED_EDGE('',*,*,#838,.T.);
#1123=ORIENTED_EDGE('',*,*,#839,.F.);
#1124=ORIENTED_EDGE('',*,*,#840,.F.);
#1125=ORIENTED_EDGE('',*,*,#841,.F.);
#1126=ORIENTED_EDGE('',*,*,#842,.T.);
#1127=ORIENTED_EDGE('',*,*,#775,.F.);
#1128=ORIENTED_EDGE('',*,*,#826,.F.);
#1129=ORIENTED_EDGE('',*,*,#843,.F.);
#1130=ORIENTED_EDGE('',*,*,#844,.F.);
#1131=ORIENTED_EDGE('',*,*,#836,.T.);
#1132=ORIENTED_EDGE('',*,*,#845,.T.);
#1133=ORIENTED_EDGE('',*,*,#846,.T.);
#1134=ORIENTED_EDGE('',*,*,#847,.T.);
#1135=ORIENTED_EDGE('',*,*,#778,.T.);
#1136=ORIENTED_EDGE('',*,*,#848,.T.);
#1137=ORIENTED_EDGE('',*,*,#779,.T.);
#1138=ORIENTED_EDGE('',*,*,#847,.F.);
#1139=ORIENTED_EDGE('',*,*,#849,.T.);
#1140=ORIENTED_EDGE('',*,*,#850,.T.);
#1141=ORIENTED_EDGE('',*,*,#848,.F.);
#1142=ORIENTED_EDGE('',*,*,#851,.T.);
#1143=ORIENTED_EDGE('',*,*,#852,.T.);
#1144=ORIENTED_EDGE('',*,*,#853,.T.);
#1145=ORIENTED_EDGE('',*,*,#854,.T.);
#1146=ORIENTED_EDGE('',*,*,#855,.T.);
#1147=ORIENTED_EDGE('',*,*,#782,.T.);
#1148=ORIENTED_EDGE('',*,*,#856,.T.);
#1149=ORIENTED_EDGE('',*,*,#783,.T.);
#1150=ORIENTED_EDGE('',*,*,#855,.F.);
#1151=ORIENTED_EDGE('',*,*,#857,.T.);
#1152=ORIENTED_EDGE('',*,*,#858,.T.);
#1153=ORIENTED_EDGE('',*,*,#784,.T.);
#1154=ORIENTED_EDGE('',*,*,#856,.F.);
#1155=ORIENTED_EDGE('',*,*,#859,.T.);
#1156=ORIENTED_EDGE('',*,*,#860,.T.);
#1157=ORIENTED_EDGE('',*,*,#861,.T.);
#1158=ORIENTED_EDGE('',*,*,#862,.T.);
#1159=ORIENTED_EDGE('',*,*,#853,.F.);
#1160=ORIENTED_EDGE('',*,*,#863,.T.);
#1161=ORIENTED_EDGE('',*,*,#852,.F.);
#1162=ORIENTED_EDGE('',*,*,#864,.T.);
#1163=ORIENTED_EDGE('',*,*,#861,.F.);
#1164=ORIENTED_EDGE('',*,*,#865,.T.);
#1165=ORIENTED_EDGE('',*,*,#858,.F.);
#1166=ORIENTED_EDGE('',*,*,#866,.T.);
#1167=ORIENTED_EDGE('',*,*,#867,.T.);
#1168=ORIENTED_EDGE('',*,*,#868,.T.);
#1169=ORIENTED_EDGE('',*,*,#869,.T.);
#1170=ORIENTED_EDGE('',*,*,#870,.T.);
#1171=ORIENTED_EDGE('',*,*,#786,.T.);
#1172=ORIENTED_EDGE('',*,*,#871,.T.);
#1173=ORIENTED_EDGE('',*,*,#787,.T.);
#1174=ORIENTED_EDGE('',*,*,#870,.F.);
#1175=ORIENTED_EDGE('',*,*,#872,.T.);
#1176=ORIENTED_EDGE('',*,*,#873,.T.);
#1177=ORIENTED_EDGE('',*,*,#874,.T.);
#1178=ORIENTED_EDGE('',*,*,#875,.T.);
#1179=ORIENTED_EDGE('',*,*,#868,.F.);
#1180=ORIENTED_EDGE('',*,*,#876,.T.);
#1181=ORIENTED_EDGE('',*,*,#877,.T.);
#1182=ORIENTED_EDGE('',*,*,#867,.F.);
#1183=ORIENTED_EDGE('',*,*,#878,.T.);
#1184=ORIENTED_EDGE('',*,*,#874,.F.);
#1185=ORIENTED_EDGE('',*,*,#879,.F.);
#1186=ORIENTED_EDGE('',*,*,#880,.T.);
#1187=ORIENTED_EDGE('',*,*,#780,.F.);
#1188=ORIENTED_EDGE('',*,*,#850,.F.);
#1189=ORIENTED_EDGE('',*,*,#863,.F.);
#1190=ORIENTED_EDGE('',*,*,#860,.F.);
#1191=ORIENTED_EDGE('',*,*,#781,.F.);
#1192=ORIENTED_EDGE('',*,*,#880,.F.);
#1193=ORIENTED_EDGE('',*,*,#881,.F.);
#1194=ORIENTED_EDGE('',*,*,#882,.T.);
#1195=ORIENTED_EDGE('',*,*,#876,.F.);
#1196=ORIENTED_EDGE('',*,*,#873,.F.);
#1197=ORIENTED_EDGE('',*,*,#785,.F.);
#1198=ORIENTED_EDGE('',*,*,#865,.F.);
#1199=ORIENTED_EDGE('',*,*,#877,.F.);
#1200=ORIENTED_EDGE('',*,*,#882,.F.);
#1201=ORIENTED_EDGE('',*,*,#871,.F.);
#1202=ORIENTED_EDGE('',*,*,#883,.F.);
#1203=ORIENTED_EDGE('',*,*,#884,.F.);
#1204=ORIENTED_EDGE('',*,*,#885,.T.);
#1205=ORIENTED_EDGE('',*,*,#788,.F.);
#1206=ORIENTED_EDGE('',*,*,#886,.F.);
#1207=ORIENTED_EDGE('',*,*,#887,.F.);
#1208=ORIENTED_EDGE('',*,*,#789,.T.);
#1209=ORIENTED_EDGE('',*,*,#885,.F.);
#1210=ORIENTED_EDGE('',*,*,#888,.T.);
#1211=ORIENTED_EDGE('',*,*,#889,.F.);
#1212=ORIENTED_EDGE('',*,*,#890,.T.);
#1213=ORIENTED_EDGE('',*,*,#891,.F.);
#1214=ORIENTED_EDGE('',*,*,#838,.F.);
#1215=ORIENTED_EDGE('',*,*,#892,.T.);
#1216=ORIENTED_EDGE('',*,*,#893,.F.);
#1217=ORIENTED_EDGE('',*,*,#776,.T.);
#1218=ORIENTED_EDGE('',*,*,#842,.F.);
#1219=ORIENTED_EDGE('',*,*,#894,.T.);
#1220=ORIENTED_EDGE('',*,*,#845,.F.);
#1221=ORIENTED_EDGE('',*,*,#777,.F.);
#1222=ORIENTED_EDGE('',*,*,#893,.T.);
#1223=ORIENTED_EDGE('',*,*,#895,.F.);
#1224=ORIENTED_EDGE('',*,*,#896,.F.);
#1225=ORIENTED_EDGE('',*,*,#764,.F.);
#1226=ORIENTED_EDGE('',*,*,#897,.T.);
#1227=ORIENTED_EDGE('',*,*,#890,.F.);
#1228=ORIENTED_EDGE('',*,*,#897,.F.);
#1229=ORIENTED_EDGE('',*,*,#894,.F.);
#1230=ORIENTED_EDGE('',*,*,#898,.T.);
#1231=ORIENTED_EDGE('',*,*,#899,.F.);
#1232=ORIENTED_EDGE('',*,*,#898,.F.);
#1233=ORIENTED_EDGE('',*,*,#891,.T.);
#1234=ORIENTED_EDGE('',*,*,#841,.T.);
#1235=ORIENTED_EDGE('',*,*,#900,.F.);
#1236=ORIENTED_EDGE('',*,*,#839,.T.);
#1237=ORIENTED_EDGE('',*,*,#837,.T.);
#1238=ORIENTED_EDGE('',*,*,#844,.T.);
#1239=ORIENTED_EDGE('',*,*,#901,.F.);
#1240=ORIENTED_EDGE('',*,*,#902,.T.);
#1241=ORIENTED_EDGE('',*,*,#903,.F.);
#1242=ORIENTED_EDGE('',*,*,#904,.T.);
#1243=ORIENTED_EDGE('',*,*,#905,.F.);
#1244=ORIENTED_EDGE('',*,*,#906,.T.);
#1245=ORIENTED_EDGE('',*,*,#907,.F.);
#1246=ORIENTED_EDGE('',*,*,#908,.T.);
#1247=ORIENTED_EDGE('',*,*,#909,.T.);
#1248=ORIENTED_EDGE('',*,*,#888,.F.);
#1249=ORIENTED_EDGE('',*,*,#884,.T.);
#1250=ORIENTED_EDGE('',*,*,#910,.T.);
#1251=ORIENTED_EDGE('',*,*,#911,.F.);
#1252=ORIENTED_EDGE('',*,*,#912,.T.);
#1253=ORIENTED_EDGE('',*,*,#913,.F.);
#1254=ORIENTED_EDGE('',*,*,#914,.T.);
#1255=ORIENTED_EDGE('',*,*,#915,.F.);
#1256=ORIENTED_EDGE('',*,*,#916,.T.);
#1257=ORIENTED_EDGE('',*,*,#917,.F.);
#1258=ORIENTED_EDGE('',*,*,#918,.T.);
#1259=ORIENTED_EDGE('',*,*,#895,.T.);
#1260=ORIENTED_EDGE('',*,*,#892,.F.);
#1261=ORIENTED_EDGE('',*,*,#834,.T.);
#1262=ORIENTED_EDGE('',*,*,#832,.T.);
#1263=ORIENTED_EDGE('',*,*,#881,.T.);
#1264=ORIENTED_EDGE('',*,*,#879,.T.);
#1265=ORIENTED_EDGE('',*,*,#919,.T.);
#1266=ORIENTED_EDGE('',*,*,#920,.T.);
#1267=ORIENTED_EDGE('',*,*,#921,.T.);
#1268=ORIENTED_EDGE('',*,*,#922,.T.);
#1269=ORIENTED_EDGE('',*,*,#923,.T.);
#1270=ORIENTED_EDGE('',*,*,#924,.T.);
#1271=ORIENTED_EDGE('',*,*,#925,.T.);
#1272=ORIENTED_EDGE('',*,*,#738,.F.);
#1273=ORIENTED_EDGE('',*,*,#926,.T.);
#1274=ORIENTED_EDGE('',*,*,#731,.F.);
#1275=ORIENTED_EDGE('',*,*,#763,.T.);
#1276=ORIENTED_EDGE('',*,*,#745,.F.);
#1277=ORIENTED_EDGE('',*,*,#765,.T.);
#1278=ORIENTED_EDGE('',*,*,#754,.F.);
#1279=ORIENTED_EDGE('',*,*,#798,.F.);
#1280=ORIENTED_EDGE('',*,*,#790,.F.);
#1281=ORIENTED_EDGE('',*,*,#887,.T.);
#1282=ORIENTED_EDGE('',*,*,#927,.F.);
#1283=ORIENTED_EDGE('',*,*,#928,.F.);
#1284=ORIENTED_EDGE('',*,*,#929,.F.);
#1285=ORIENTED_EDGE('',*,*,#889,.T.);
#1286=ORIENTED_EDGE('',*,*,#909,.F.);
#1287=ORIENTED_EDGE('',*,*,#930,.F.);
#1288=ORIENTED_EDGE('',*,*,#928,.T.);
#1289=ORIENTED_EDGE('',*,*,#931,.T.);
#1290=ORIENTED_EDGE('',*,*,#872,.F.);
#1291=ORIENTED_EDGE('',*,*,#932,.F.);
#1292=ORIENTED_EDGE('',*,*,#910,.F.);
#1293=ORIENTED_EDGE('',*,*,#883,.T.);
#1294=ORIENTED_EDGE('',*,*,#812,.F.);
#1295=ORIENTED_EDGE('',*,*,#933,.T.);
#1296=ORIENTED_EDGE('',*,*,#903,.T.);
#1297=ORIENTED_EDGE('',*,*,#934,.T.);
#1298=ORIENTED_EDGE('',*,*,#820,.F.);
#1299=ORIENTED_EDGE('',*,*,#810,.F.);
#1300=ORIENTED_EDGE('',*,*,#935,.F.);
#1301=ORIENTED_EDGE('',*,*,#904,.F.);
#1302=ORIENTED_EDGE('',*,*,#933,.F.);
#1303=ORIENTED_EDGE('',*,*,#802,.F.);
#1304=ORIENTED_EDGE('',*,*,#936,.T.);
#1305=ORIENTED_EDGE('',*,*,#907,.T.);
#1306=ORIENTED_EDGE('',*,*,#937,.T.);
#1307=ORIENTED_EDGE('',*,*,#804,.F.);
#1308=ORIENTED_EDGE('',*,*,#799,.F.);
#1309=ORIENTED_EDGE('',*,*,#930,.T.);
#1310=ORIENTED_EDGE('',*,*,#908,.F.);
#1311=ORIENTED_EDGE('',*,*,#936,.F.);
#1312=ORIENTED_EDGE('',*,*,#815,.F.);
#1313=ORIENTED_EDGE('',*,*,#938,.T.);
#1314=ORIENTED_EDGE('',*,*,#905,.T.);
#1315=ORIENTED_EDGE('',*,*,#935,.T.);
#1316=ORIENTED_EDGE('',*,*,#807,.F.);
#1317=ORIENTED_EDGE('',*,*,#818,.F.);
#1318=ORIENTED_EDGE('',*,*,#937,.F.);
#1319=ORIENTED_EDGE('',*,*,#906,.F.);
#1320=ORIENTED_EDGE('',*,*,#938,.F.);
#1321=ORIENTED_EDGE('',*,*,#875,.F.);
#1322=ORIENTED_EDGE('',*,*,#939,.T.);
#1323=ORIENTED_EDGE('',*,*,#911,.T.);
#1324=ORIENTED_EDGE('',*,*,#932,.T.);
#1325=ORIENTED_EDGE('',*,*,#869,.F.);
#1326=ORIENTED_EDGE('',*,*,#878,.F.);
#1327=ORIENTED_EDGE('',*,*,#940,.F.);
#1328=ORIENTED_EDGE('',*,*,#912,.F.);
#1329=ORIENTED_EDGE('',*,*,#939,.F.);
#1330=ORIENTED_EDGE('',*,*,#859,.F.);
#1331=ORIENTED_EDGE('',*,*,#941,.T.);
#1332=ORIENTED_EDGE('',*,*,#913,.T.);
#1333=ORIENTED_EDGE('',*,*,#940,.T.);
#1334=ORIENTED_EDGE('',*,*,#866,.F.);
#1335=ORIENTED_EDGE('',*,*,#857,.F.);
#1336=ORIENTED_EDGE('',*,*,#942,.F.);
#1337=ORIENTED_EDGE('',*,*,#914,.F.);
#1338=ORIENTED_EDGE('',*,*,#941,.F.);
#1339=ORIENTED_EDGE('',*,*,#862,.F.);
#1340=ORIENTED_EDGE('',*,*,#943,.T.);
#1341=ORIENTED_EDGE('',*,*,#915,.T.);
#1342=ORIENTED_EDGE('',*,*,#942,.T.);
#1343=ORIENTED_EDGE('',*,*,#854,.F.);
#1344=ORIENTED_EDGE('',*,*,#864,.F.);
#1345=ORIENTED_EDGE('',*,*,#944,.F.);
#1346=ORIENTED_EDGE('',*,*,#916,.F.);
#1347=ORIENTED_EDGE('',*,*,#943,.F.);
#1348=ORIENTED_EDGE('',*,*,#849,.F.);
#1349=ORIENTED_EDGE('',*,*,#945,.T.);
#1350=ORIENTED_EDGE('',*,*,#917,.T.);
#1351=ORIENTED_EDGE('',*,*,#944,.T.);
#1352=ORIENTED_EDGE('',*,*,#851,.F.);
#1353=ORIENTED_EDGE('',*,*,#846,.F.);
#1354=ORIENTED_EDGE('',*,*,#896,.T.);
#1355=ORIENTED_EDGE('',*,*,#918,.F.);
#1356=ORIENTED_EDGE('',*,*,#945,.F.);
#1357=ORIENTED_EDGE('',*,*,#829,.F.);
#1358=ORIENTED_EDGE('',*,*,#946,.T.);
#1359=ORIENTED_EDGE('',*,*,#901,.T.);
#1360=ORIENTED_EDGE('',*,*,#843,.T.);
#1361=ORIENTED_EDGE('',*,*,#823,.F.);
#1362=ORIENTED_EDGE('',*,*,#831,.F.);
#1363=ORIENTED_EDGE('',*,*,#934,.F.);
#1364=ORIENTED_EDGE('',*,*,#902,.F.);
#1365=ORIENTED_EDGE('',*,*,#946,.F.);
#1366=ORIENTED_EDGE('',*,*,#840,.T.);
#1367=ORIENTED_EDGE('',*,*,#900,.T.);
#1368=ORIENTED_EDGE('',*,*,#886,.T.);
#1369=ORIENTED_EDGE('',*,*,#929,.T.);
#1370=ORIENTED_EDGE('',*,*,#931,.F.);
#1371=ORIENTED_EDGE('',*,*,#927,.T.);
#1372=ORIENTED_EDGE('',*,*,#739,.F.);
#1373=ORIENTED_EDGE('',*,*,#925,.F.);
#1374=ORIENTED_EDGE('',*,*,#756,.F.);
#1375=ORIENTED_EDGE('',*,*,#760,.F.);
#1376=ORIENTED_EDGE('',*,*,#899,.T.);
#1377=ORIENTED_EDGE('',*,*,#919,.F.);
#1378=ORIENTED_EDGE('',*,*,#947,.T.);
#1379=ORIENTED_EDGE('',*,*,#792,.F.);
#1380=ORIENTED_EDGE('',*,*,#947,.F.);
#1381=ORIENTED_EDGE('',*,*,#920,.F.);
#1382=ORIENTED_EDGE('',*,*,#948,.T.);
#1383=ORIENTED_EDGE('',*,*,#793,.F.);
#1384=ORIENTED_EDGE('',*,*,#948,.F.);
#1385=ORIENTED_EDGE('',*,*,#921,.F.);
#1386=ORIENTED_EDGE('',*,*,#949,.T.);
#1387=ORIENTED_EDGE('',*,*,#794,.F.);
#1388=ORIENTED_EDGE('',*,*,#949,.F.);
#1389=ORIENTED_EDGE('',*,*,#922,.F.);
#1390=ORIENTED_EDGE('',*,*,#950,.T.);
#1391=ORIENTED_EDGE('',*,*,#795,.F.);
#1392=ORIENTED_EDGE('',*,*,#950,.F.);
#1393=ORIENTED_EDGE('',*,*,#923,.F.);
#1394=ORIENTED_EDGE('',*,*,#951,.T.);
#1395=ORIENTED_EDGE('',*,*,#796,.F.);
#1396=ORIENTED_EDGE('',*,*,#951,.F.);
#1397=ORIENTED_EDGE('',*,*,#924,.F.);
#1398=ORIENTED_EDGE('',*,*,#952,.T.);
#1399=ORIENTED_EDGE('',*,*,#797,.F.);
#1400=ORIENTED_EDGE('',*,*,#952,.F.);
#1401=ORIENTED_EDGE('',*,*,#732,.F.);
#1402=ORIENTED_EDGE('',*,*,#926,.F.);
#1403=ORIENTED_EDGE('',*,*,#740,.F.);
#1404=ORIENTED_EDGE('',*,*,#762,.F.);
#1405=TOROIDAL_SURFACE('',#1517,0.999999999999999,0.5);
#1406=TOROIDAL_SURFACE('',#1524,1.,0.5);
#1407=TOROIDAL_SURFACE('',#1531,1.,0.5);
#1408=TOROIDAL_SURFACE('',#1539,0.999999999999999,0.5);
#1409=TOROIDAL_SURFACE('',#1579,26.2842716689304,2.);
#1410=TOROIDAL_SURFACE('',#1582,10.5,2.);
#1411=TOROIDAL_SURFACE('',#1585,10.5,2.);
#1412=TOROIDAL_SURFACE('',#1588,10.5,2.);
#1413=TOROIDAL_SURFACE('',#1592,26.2842716689304,2.);
#1414=TOROIDAL_SURFACE('',#1595,10.5,2.);
#1415=TOROIDAL_SURFACE('',#1598,10.5,2.);
#1416=TOROIDAL_SURFACE('',#1604,10.5,2.);
#1417=TOROIDAL_SURFACE('',#1607,10.5,2.);
#1418=TOROIDAL_SURFACE('',#1611,26.2842716689304,2.);
#1419=TOROIDAL_SURFACE('',#1613,10.5,2.);
#1420=TOROIDAL_SURFACE('',#1625,26.2842716689304,2.);
#1421=TOROIDAL_SURFACE('',#1628,10.5,2.);
#1422=TOROIDAL_SURFACE('',#1631,10.5,2.);
#1423=TOROIDAL_SURFACE('',#1634,10.5,2.);
#1424=TOROIDAL_SURFACE('',#1638,26.2842716689304,2.);
#1425=TOROIDAL_SURFACE('',#1641,10.5,2.);
#1426=TOROIDAL_SURFACE('',#1644,10.5,2.);
#1427=TOROIDAL_SURFACE('',#1649,10.5,2.);
#1428=TOROIDAL_SURFACE('',#1652,10.5,2.);
#1429=TOROIDAL_SURFACE('',#1656,26.2842716689304,2.);
#1430=TOROIDAL_SURFACE('',#1658,10.5,2.);
#1431=ADVANCED_FACE('',(#261),#1405,.T.);
#1432=ADVANCED_FACE('',(#262),#219,.F.);
#1433=ADVANCED_FACE('',(#263),#1406,.T.);
#1434=ADVANCED_FACE('',(#264),#220,.F.);
#1435=ADVANCED_FACE('',(#265),#1407,.T.);
#1436=ADVANCED_FACE('',(#266),#221,.F.);
#1437=ADVANCED_FACE('',(#267),#222,.T.);
#1438=ADVANCED_FACE('',(#268),#1408,.T.);
#1439=ADVANCED_FACE('',(#269),#223,.F.);
#1440=ADVANCED_FACE('',(#270),#224,.T.);
#1441=ADVANCED_FACE('',(#271),#225,.T.);
#1442=ADVANCED_FACE('',(#272),#226,.T.);
#1443=ADVANCED_FACE('',(#273,#33),#55,.T.);
#1444=ADVANCED_FACE('',(#274),#56,.T.);
#1445=ADVANCED_FACE('',(#275,#34,#35,#36,#37,#38,#39,#40),#57,.F.);
#1446=ADVANCED_FACE('',(#276),#1409,.T.);
#1447=ADVANCED_FACE('',(#277),#1410,.T.);
#1448=ADVANCED_FACE('',(#278),#1411,.T.);
#1449=ADVANCED_FACE('',(#279),#1412,.T.);
#1450=ADVANCED_FACE('',(#280),#1413,.T.);
#1451=ADVANCED_FACE('',(#281),#1414,.T.);
#1452=ADVANCED_FACE('',(#282),#1415,.T.);
#1453=ADVANCED_FACE('',(#283),#15,.F.);
#1454=ADVANCED_FACE('',(#284),#1416,.T.);
#1455=ADVANCED_FACE('',(#285),#1417,.T.);
#1456=ADVANCED_FACE('',(#286),#1418,.T.);
#1457=ADVANCED_FACE('',(#287),#1419,.T.);
#1458=ADVANCED_FACE('',(#288),#16,.F.);
#1459=ADVANCED_FACE('',(#289),#227,.F.);
#1460=ADVANCED_FACE('',(#290),#228,.F.);
#1461=ADVANCED_FACE('',(#291),#58,.F.);
#1462=ADVANCED_FACE('',(#292),#229,.T.);
#1463=ADVANCED_FACE('',(#293),#1420,.T.);
#1464=ADVANCED_FACE('',(#294),#1421,.T.);
#1465=ADVANCED_FACE('',(#295),#1422,.T.);
#1466=ADVANCED_FACE('',(#296),#1423,.T.);
#1467=ADVANCED_FACE('',(#297),#1424,.T.);
#1468=ADVANCED_FACE('',(#298),#1425,.T.);
#1469=ADVANCED_FACE('',(#299),#1426,.T.);
#1470=ADVANCED_FACE('',(#300),#17,.F.);
#1471=ADVANCED_FACE('',(#301),#1427,.T.);
#1472=ADVANCED_FACE('',(#302),#1428,.T.);
#1473=ADVANCED_FACE('',(#303),#1429,.T.);
#1474=ADVANCED_FACE('',(#304),#1430,.T.);
#1475=ADVANCED_FACE('',(#305),#18,.F.);
#1476=ADVANCED_FACE('',(#306),#230,.F.);
#1477=ADVANCED_FACE('',(#307),#231,.F.);
#1478=ADVANCED_FACE('',(#308),#59,.F.);
#1479=ADVANCED_FACE('',(#309,#41),#60,.T.);
#1480=ADVANCED_FACE('',(#310,#42),#61,.F.);
#1481=ADVANCED_FACE('',(#311),#62,.F.);
#1482=ADVANCED_FACE('',(#312),#232,.F.);
#1483=ADVANCED_FACE('',(#313),#233,.F.);
#1484=ADVANCED_FACE('',(#314),#234,.F.);
#1485=ADVANCED_FACE('',(#315,#43,#44,#45,#46,#47,#48,#49,#50,#51,#52,#53),
#63,.F.);
#1486=ADVANCED_FACE('',(#316),#64,.F.);
#1487=ADVANCED_FACE('',(#317),#235,.F.);
#1488=ADVANCED_FACE('',(#318),#236,.T.);
#1489=ADVANCED_FACE('',(#319),#237,.F.);
#1490=ADVANCED_FACE('',(#320),#238,.T.);
#1491=ADVANCED_FACE('',(#321),#239,.F.);
#1492=ADVANCED_FACE('',(#322),#240,.T.);
#1493=ADVANCED_FACE('',(#323),#241,.F.);
#1494=ADVANCED_FACE('',(#324),#242,.T.);
#1495=ADVANCED_FACE('',(#325),#243,.F.);
#1496=ADVANCED_FACE('',(#326),#244,.T.);
#1497=ADVANCED_FACE('',(#327),#245,.F.);
#1498=ADVANCED_FACE('',(#328),#246,.T.);
#1499=ADVANCED_FACE('',(#329),#247,.F.);
#1500=ADVANCED_FACE('',(#330),#248,.T.);
#1501=ADVANCED_FACE('',(#331),#249,.F.);
#1502=ADVANCED_FACE('',(#332),#250,.T.);
#1503=ADVANCED_FACE('',(#333),#251,.F.);
#1504=ADVANCED_FACE('',(#334),#252,.T.);
#1505=ADVANCED_FACE('',(#335),#253,.F.);
#1506=ADVANCED_FACE('',(#336),#254,.F.);
#1507=ADVANCED_FACE('',(#337,#54),#65,.T.);
#1508=ADVANCED_FACE('',(#338),#255,.F.);
#1509=ADVANCED_FACE('',(#339),#256,.F.);
#1510=ADVANCED_FACE('',(#340),#257,.F.);
#1511=ADVANCED_FACE('',(#341),#258,.F.);
#1512=ADVANCED_FACE('',(#342),#259,.F.);
#1513=ADVANCED_FACE('',(#343),#260,.F.);
#1514=ADVANCED_FACE('',(#344),#66,.T.);
#1515=CLOSED_SHELL('',(#1431,#1432,#1433,#1434,#1435,#1436,#1437,#1438,
#1439,#1440,#1441,#1442,#1443,#1444,#1445,#1446,#1447,#1448,#1449,#1450,
#1451,#1452,#1453,#1454,#1455,#1456,#1457,#1458,#1459,#1460,#1461,#1462,
#1463,#1464,#1465,#1466,#1467,#1468,#1469,#1470,#1471,#1472,#1473,#1474,
#1475,#1476,#1477,#1478,#1479,#1480,#1481,#1482,#1483,#1484,#1485,#1486,
#1487,#1488,#1489,#1490,#1491,#1492,#1493,#1494,#1495,#1496,#1497,#1498,
#1499,#1500,#1501,#1502,#1503,#1504,#1505,#1506,#1507,#1508,#1509,#1510,
#1511,#1512,#1513,#1514));
#1516=AXIS2_PLACEMENT_3D('',#2243,#1733,#1734);
#1517=AXIS2_PLACEMENT_3D('',#2244,#1735,#1736);
#1518=AXIS2_PLACEMENT_3D('',#2247,#1737,#1738);
#1519=AXIS2_PLACEMENT_3D('',#2249,#1739,#1740);
#1520=AXIS2_PLACEMENT_3D('',#2251,#1741,#1742);
#1521=AXIS2_PLACEMENT_3D('',#2252,#1743,#1744);
#1522=AXIS2_PLACEMENT_3D('',#2253,#1745,#1746);
#1523=AXIS2_PLACEMENT_3D('',#2256,#1747,#1748);
#1524=AXIS2_PLACEMENT_3D('',#2259,#1751,#1752);
#1525=AXIS2_PLACEMENT_3D('',#2262,#1753,#1754);
#1526=AXIS2_PLACEMENT_3D('',#2264,#1755,#1756);
#1527=AXIS2_PLACEMENT_3D('',#2266,#1757,#1758);
#1528=AXIS2_PLACEMENT_3D('',#2267,#1759,#1760);
#1529=AXIS2_PLACEMENT_3D('',#2268,#1761,#1762);
#1530=AXIS2_PLACEMENT_3D('',#2271,#1763,#1764);
#1531=AXIS2_PLACEMENT_3D('',#2274,#1767,#1768);
#1532=AXIS2_PLACEMENT_3D('',#2277,#1769,#1770);
#1533=AXIS2_PLACEMENT_3D('',#2279,#1771,#1772);
#1534=AXIS2_PLACEMENT_3D('',#2281,#1773,#1774);
#1535=AXIS2_PLACEMENT_3D('',#2282,#1775,#1776);
#1536=AXIS2_PLACEMENT_3D('',#2283,#1777,#1778);
#1537=AXIS2_PLACEMENT_3D('',#2286,#1779,#1780);
#1538=AXIS2_PLACEMENT_3D('',#2289,#1783,#1784);
#1539=AXIS2_PLACEMENT_3D('',#2292,#1787,#1788);
#1540=AXIS2_PLACEMENT_3D('',#2295,#1789,#1790);
#1541=AXIS2_PLACEMENT_3D('',#2297,#1791,#1792);
#1542=AXIS2_PLACEMENT_3D('',#2299,#1793,#1794);
#1543=AXIS2_PLACEMENT_3D('',#2300,#1795,#1796);
#1544=AXIS2_PLACEMENT_3D('',#2301,#1797,#1798);
#1545=AXIS2_PLACEMENT_3D('',#2304,#1799,#1800);
#1546=AXIS2_PLACEMENT_3D('',#2307,#1803,#1804);
#1547=AXIS2_PLACEMENT_3D('',#2310,#1807,#1808);
#1548=AXIS2_PLACEMENT_3D('',#2313,#1811,#1812);
#1549=AXIS2_PLACEMENT_3D('',#2316,#1815,#1816);
#1550=AXIS2_PLACEMENT_3D('',#2319,#1818,#1819);
#1551=AXIS2_PLACEMENT_3D('',#2320,#1820,#1821);
#1552=AXIS2_PLACEMENT_3D('',#2322,#1823,#1824);
#1553=AXIS2_PLACEMENT_3D('',#2325,#1825,#1826);
#1554=AXIS2_PLACEMENT_3D('',#2327,#1827,#1828);
#1555=AXIS2_PLACEMENT_3D('',#2329,#1829,#1830);
#1556=AXIS2_PLACEMENT_3D('',#2331,#1831,#1832);
#1557=AXIS2_PLACEMENT_3D('',#2333,#1833,#1834);
#1558=AXIS2_PLACEMENT_3D('',#2335,#1835,#1836);
#1559=AXIS2_PLACEMENT_3D('',#2337,#1837,#1838);
#1560=AXIS2_PLACEMENT_3D('',#2339,#1839,#1840);
#1561=AXIS2_PLACEMENT_3D('',#2341,#1841,#1842);
#1562=AXIS2_PLACEMENT_3D('',#2349,#1846,#1847);
#1563=AXIS2_PLACEMENT_3D('',#2351,#1848,#1849);
#1564=AXIS2_PLACEMENT_3D('',#2353,#1850,#1851);
#1565=AXIS2_PLACEMENT_3D('',#2355,#1852,#1853);
#1566=AXIS2_PLACEMENT_3D('',#2357,#1854,#1855);
#1567=AXIS2_PLACEMENT_3D('',#2359,#1856,#1857);
#1568=AXIS2_PLACEMENT_3D('',#2361,#1858,#1859);
#1569=AXIS2_PLACEMENT_3D('',#2363,#1860,#1861);
#1570=AXIS2_PLACEMENT_3D('',#2365,#1862,#1863);
#1571=AXIS2_PLACEMENT_3D('',#2367,#1864,#1865);
#1572=AXIS2_PLACEMENT_3D('',#2374,#1869,#1870);
#1573=AXIS2_PLACEMENT_3D('',#2376,#1871,#1872);
#1574=AXIS2_PLACEMENT_3D('',#2378,#1873,#1874);
#1575=AXIS2_PLACEMENT_3D('',#2380,#1875,#1876);
#1576=AXIS2_PLACEMENT_3D('',#2382,#1877,#1878);
#1577=AXIS2_PLACEMENT_3D('',#2384,#1879,#1880);
#1578=AXIS2_PLACEMENT_3D('',#2386,#1881,#1882);
#1579=AXIS2_PLACEMENT_3D('',#2387,#1883,#1884);
#1580=AXIS2_PLACEMENT_3D('',#2400,#1885,#1886);
#1581=AXIS2_PLACEMENT_3D('',#2401,#1887,#1888);
#1582=AXIS2_PLACEMENT_3D('',#2402,#1889,#1890);
#1583=AXIS2_PLACEMENT_3D('',#2404,#1891,#1892);
#1584=AXIS2_PLACEMENT_3D('',#2405,#1893,#1894);
#1585=AXIS2_PLACEMENT_3D('',#2406,#1895,#1896);
#1586=AXIS2_PLACEMENT_3D('',#2417,#1897,#1898);
#1587=AXIS2_PLACEMENT_3D('',#2418,#1899,#1900);
#1588=AXIS2_PLACEMENT_3D('',#2419,#1901,#1902);
#1589=AXIS2_PLACEMENT_3D('',#2421,#1903,#1904);
#1590=AXIS2_PLACEMENT_3D('',#2423,#1905,#1906);
#1591=AXIS2_PLACEMENT_3D('',#2424,#1907,#1908);
#1592=AXIS2_PLACEMENT_3D('',#2425,#1909,#1910);
#1593=AXIS2_PLACEMENT_3D('',#2427,#1911,#1912);
#1594=AXIS2_PLACEMENT_3D('',#2428,#1913,#1914);
#1595=AXIS2_PLACEMENT_3D('',#2429,#1915,#1916);
#1596=AXIS2_PLACEMENT_3D('',#2431,#1917,#1918);
#1597=AXIS2_PLACEMENT_3D('',#2432,#1919,#1920);
#1598=AXIS2_PLACEMENT_3D('',#2433,#1921,#1922);
#1599=AXIS2_PLACEMENT_3D('',#2444,#1923,#1924);
#1600=AXIS2_PLACEMENT_3D('',#2445,#1925,#1926);
#1601=AXIS2_PLACEMENT_3D('',#2462,#1927,#1928);
#1602=AXIS2_PLACEMENT_3D('',#2463,#1929,#1930);
#1603=AXIS2_PLACEMENT_3D('',#2464,#1931,#1932);
#1604=AXIS2_PLACEMENT_3D('',#2465,#1933,#1934);
#1605=AXIS2_PLACEMENT_3D('',#2478,#1935,#1936);
#1606=AXIS2_PLACEMENT_3D('',#2479,#1937,#1938);
#1607=AXIS2_PLACEMENT_3D('',#2480,#1939,#1940);
#1608=AXIS2_PLACEMENT_3D('',#2482,#1941,#1942);
#1609=AXIS2_PLACEMENT_3D('',#2484,#1943,#1944);
#1610=AXIS2_PLACEMENT_3D('',#2485,#1945,#1946);
#1611=AXIS2_PLACEMENT_3D('',#2486,#1947,#1948);
#1612=AXIS2_PLACEMENT_3D('',#2498,#1949,#1950);
#1613=AXIS2_PLACEMENT_3D('',#2499,#1951,#1952);
#1614=AXIS2_PLACEMENT_3D('',#2510,#1953,#1954);
#1615=AXIS2_PLACEMENT_3D('',#2511,#1955,#1956);
#1616=AXIS2_PLACEMENT_3D('',#2527,#1957,#1958);
#1617=AXIS2_PLACEMENT_3D('',#2528,#1959,#1960);
#1618=AXIS2_PLACEMENT_3D('',#2529,#1961,#1962);
#1619=AXIS2_PLACEMENT_3D('',#2531,#1963,#1964);
#1620=AXIS2_PLACEMENT_3D('',#2533,#1966,#1967);
#1621=AXIS2_PLACEMENT_3D('',#2535,#1968,#1969);
#1622=AXIS2_PLACEMENT_3D('',#2537,#1971,#1972);
#1623=AXIS2_PLACEMENT_3D('',#2551,#1980,#1981);
#1624=AXIS2_PLACEMENT_3D('',#2554,#1983,#1984);
#1625=AXIS2_PLACEMENT_3D('',#2555,#1985,#1986);
#1626=AXIS2_PLACEMENT_3D('',#2568,#1987,#1988);
#1627=AXIS2_PLACEMENT_3D('',#2569,#1989,#1990);
#1628=AXIS2_PLACEMENT_3D('',#2570,#1991,#1992);
#1629=AXIS2_PLACEMENT_3D('',#2572,#1993,#1994);
#1630=AXIS2_PLACEMENT_3D('',#2573,#1995,#1996);
#1631=AXIS2_PLACEMENT_3D('',#2574,#1997,#1998);
#1632=AXIS2_PLACEMENT_3D('',#2587,#1999,#2000);
#1633=AXIS2_PLACEMENT_3D('',#2588,#2001,#2002);
#1634=AXIS2_PLACEMENT_3D('',#2589,#2003,#2004);
#1635=AXIS2_PLACEMENT_3D('',#2591,#2005,#2006);
#1636=AXIS2_PLACEMENT_3D('',#2593,#2007,#2008);
#1637=AXIS2_PLACEMENT_3D('',#2594,#2009,#2010);
#1638=AXIS2_PLACEMENT_3D('',#2595,#2011,#2012);
#1639=AXIS2_PLACEMENT_3D('',#2597,#2013,#2014);
#1640=AXIS2_PLACEMENT_3D('',#2598,#2015,#2016);
#1641=AXIS2_PLACEMENT_3D('',#2599,#2017,#2018);
#1642=AXIS2_PLACEMENT_3D('',#2601,#2019,#2020);
#1643=AXIS2_PLACEMENT_3D('',#2602,#2021,#2022);
#1644=AXIS2_PLACEMENT_3D('',#2603,#2023,#2024);
#1645=AXIS2_PLACEMENT_3D('',#2614,#2025,#2026);
#1646=AXIS2_PLACEMENT_3D('',#2615,#2027,#2028);
#1647=AXIS2_PLACEMENT_3D('',#2631,#2029,#2030);
#1648=AXIS2_PLACEMENT_3D('',#2632,#2031,#2032);
#1649=AXIS2_PLACEMENT_3D('',#2633,#2033,#2034);
#1650=AXIS2_PLACEMENT_3D('',#2646,#2035,#2036);
#1651=AXIS2_PLACEMENT_3D('',#2647,#2037,#2038);
#1652=AXIS2_PLACEMENT_3D('',#2648,#2039,#2040);
#1653=AXIS2_PLACEMENT_3D('',#2650,#2041,#2042);
#1654=AXIS2_PLACEMENT_3D('',#2652,#2043,#2044);
#1655=AXIS2_PLACEMENT_3D('',#2653,#2045,#2046);
#1656=AXIS2_PLACEMENT_3D('',#2654,#2047,#2048);
#1657=AXIS2_PLACEMENT_3D('',#2666,#2049,#2050);
#1658=AXIS2_PLACEMENT_3D('',#2667,#2051,#2052);
#1659=AXIS2_PLACEMENT_3D('',#2678,#2053,#2054);
#1660=AXIS2_PLACEMENT_3D('',#2679,#2055,#2056);
#1661=AXIS2_PLACEMENT_3D('',#2696,#2057,#2058);
#1662=AXIS2_PLACEMENT_3D('',#2697,#2059,#2060);
#1663=AXIS2_PLACEMENT_3D('',#2698,#2061,#2062);
#1664=AXIS2_PLACEMENT_3D('',#2699,#2063,#2064);
#1665=AXIS2_PLACEMENT_3D('',#2701,#2065,#2066);
#1666=AXIS2_PLACEMENT_3D('',#2703,#2068,#2069);
#1667=AXIS2_PLACEMENT_3D('',#2705,#2070,#2071);
#1668=AXIS2_PLACEMENT_3D('',#2707,#2073,#2074);
#1669=AXIS2_PLACEMENT_3D('',#2713,#2078,#2079);
#1670=AXIS2_PLACEMENT_3D('',#2716,#2080,#2081);
#1671=AXIS2_PLACEMENT_3D('',#2722,#2085,#2086);
#1672=AXIS2_PLACEMENT_3D('',#2723,#2087,#2088);
#1673=AXIS2_PLACEMENT_3D('',#2724,#2089,#2090);
#1674=AXIS2_PLACEMENT_3D('',#2729,#2093,#2094);
#1675=AXIS2_PLACEMENT_3D('',#2730,#2095,#2096);
#1676=AXIS2_PLACEMENT_3D('',#2734,#2099,#2100);
#1677=AXIS2_PLACEMENT_3D('',#2736,#2102,#2103);
#1678=AXIS2_PLACEMENT_3D('',#2739,#2105,#2106);
#1679=AXIS2_PLACEMENT_3D('',#2740,#2107,#2108);
#1680=AXIS2_PLACEMENT_3D('',#2748,#2109,#2110);
#1681=AXIS2_PLACEMENT_3D('',#2750,#2111,#2112);
#1682=AXIS2_PLACEMENT_3D('',#2752,#2113,#2114);
#1683=AXIS2_PLACEMENT_3D('',#2754,#2115,#2116);
#1684=AXIS2_PLACEMENT_3D('',#2756,#2117,#2118);
#1685=AXIS2_PLACEMENT_3D('',#2758,#2119,#2120);
#1686=AXIS2_PLACEMENT_3D('',#2760,#2121,#2122);
#1687=AXIS2_PLACEMENT_3D('',#2762,#2123,#2124);
#1688=AXIS2_PLACEMENT_3D('',#2764,#2125,#2126);
#1689=AXIS2_PLACEMENT_3D('',#2767,#2128,#2129);
#1690=AXIS2_PLACEMENT_3D('',#2769,#2130,#2131);
#1691=AXIS2_PLACEMENT_3D('',#2771,#2132,#2133);
#1692=AXIS2_PLACEMENT_3D('',#2773,#2134,#2135);
#1693=AXIS2_PLACEMENT_3D('',#2775,#2136,#2137);
#1694=AXIS2_PLACEMENT_3D('',#2777,#2138,#2139);
#1695=AXIS2_PLACEMENT_3D('',#2779,#2140,#2141);
#1696=AXIS2_PLACEMENT_3D('',#2781,#2142,#2143);
#1697=AXIS2_PLACEMENT_3D('',#2782,#2144,#2145);
#1698=AXIS2_PLACEMENT_3D('',#2784,#2146,#2147);
#1699=AXIS2_PLACEMENT_3D('',#2786,#2148,#2149);
#1700=AXIS2_PLACEMENT_3D('',#2788,#2150,#2151);
#1701=AXIS2_PLACEMENT_3D('',#2790,#2152,#2153);
#1702=AXIS2_PLACEMENT_3D('',#2792,#2154,#2155);
#1703=AXIS2_PLACEMENT_3D('',#2794,#2156,#2157);
#1704=AXIS2_PLACEMENT_3D('',#2797,#2160,#2161);
#1705=AXIS2_PLACEMENT_3D('',#2804,#2166,#2167);
#1706=AXIS2_PLACEMENT_3D('',#2812,#2168,#2169);
#1707=AXIS2_PLACEMENT_3D('',#2814,#2171,#2172);
#1708=AXIS2_PLACEMENT_3D('',#2817,#2175,#2176);
#1709=AXIS2_PLACEMENT_3D('',#2819,#2178,#2179);
#1710=AXIS2_PLACEMENT_3D('',#2822,#2182,#2183);
#1711=AXIS2_PLACEMENT_3D('',#2823,#2184,#2185);
#1712=AXIS2_PLACEMENT_3D('',#2825,#2187,#2188);
#1713=AXIS2_PLACEMENT_3D('',#2826,#2189,#2190);
#1714=AXIS2_PLACEMENT_3D('',#2828,#2192,#2193);
#1715=AXIS2_PLACEMENT_3D('',#2830,#2195,#2196);
#1716=AXIS2_PLACEMENT_3D('',#2832,#2198,#2199);
#1717=AXIS2_PLACEMENT_3D('',#2834,#2201,#2202);
#1718=AXIS2_PLACEMENT_3D('',#2836,#2204,#2205);
#1719=AXIS2_PLACEMENT_3D('',#2838,#2207,#2208);
#1720=AXIS2_PLACEMENT_3D('',#2840,#2210,#2211);
#1721=AXIS2_PLACEMENT_3D('',#2841,#2212,#2213);
#1722=AXIS2_PLACEMENT_3D('',#2843,#2215,#2216);
#1723=AXIS2_PLACEMENT_3D('',#2844,#2217,#2218);
#1724=AXIS2_PLACEMENT_3D('',#2845,#2219,#2220);
#1725=AXIS2_PLACEMENT_3D('',#2846,#2221,#2222);
#1726=AXIS2_PLACEMENT_3D('',#2847,#2223,#2224);
#1727=AXIS2_PLACEMENT_3D('',#2849,#2226,#2227);
#1728=AXIS2_PLACEMENT_3D('',#2851,#2229,#2230);
#1729=AXIS2_PLACEMENT_3D('',#2853,#2232,#2233);
#1730=AXIS2_PLACEMENT_3D('',#2855,#2235,#2236);
#1731=AXIS2_PLACEMENT_3D('',#2857,#2238,#2239);
#1732=AXIS2_PLACEMENT_3D('',#2859,#2241,#2242);
#1733=DIRECTION('axis',(0.,0.,1.));
#1734=DIRECTION('refdir',(1.,0.,0.));
#1735=DIRECTION('center_axis',(0.,0.,-1.));
#1736=DIRECTION('ref_axis',(-1.,0.,0.));
#1737=DIRECTION('center_axis',(0.,1.,0.));
#1738=DIRECTION('ref_axis',(-1.,0.,0.));
#1739=DIRECTION('center_axis',(8.88178419700128E-15,0.,-1.));
#1740=DIRECTION('ref_axis',(0.,-1.,0.));
#1741=DIRECTION('center_axis',(-1.,0.,0.));
#1742=DIRECTION('ref_axis',(0.,0.,1.));
#1743=DIRECTION('center_axis',(0.,0.,1.));
#1744=DIRECTION('ref_axis',(0.707106781186546,-0.707106781186549,0.));
#1745=DIRECTION('center_axis',(0.,0.,1.));
#1746=DIRECTION('ref_axis',(0.707106781186547,-0.707106781186548,0.));
#1747=DIRECTION('center_axis',(0.,0.,-1.));
#1748=DIRECTION('ref_axis',(0.707106781186547,-0.707106781186548,0.));
#1749=DIRECTION('',(0.,0.,1.));
#1750=DIRECTION('',(0.,0.,-1.));
#1751=DIRECTION('center_axis',(0.,0.,-1.));
#1752=DIRECTION('ref_axis',(-1.,0.,0.));
#1753=DIRECTION('center_axis',(1.,0.,0.));
#1754=DIRECTION('ref_axis',(0.,1.,0.));
#1755=DIRECTION('center_axis',(0.,8.88178419700124E-15,-1.));
#1756=DIRECTION('ref_axis',(-1.,0.,0.));
#1757=DIRECTION('center_axis',(0.,1.,0.));
#1758=DIRECTION('ref_axis',(0.,0.,1.));
#1759=DIRECTION('center_axis',(0.,0.,1.));
#1760=DIRECTION('ref_axis',(-0.707106781186547,-0.707106781186547,0.));
#1761=DIRECTION('center_axis',(0.,0.,1.));
#1762=DIRECTION('ref_axis',(-0.707106781186549,-0.707106781186546,0.));
#1763=DIRECTION('center_axis',(0.,0.,-1.));
#1764=DIRECTION('ref_axis',(-0.707106781186549,-0.707106781186546,0.));
#1765=DIRECTION('',(0.,0.,1.));
#1766=DIRECTION('',(0.,0.,-1.));
#1767=DIRECTION('center_axis',(0.,0.,-1.));
#1768=DIRECTION('ref_axis',(-1.,0.,0.));
#1769=DIRECTION('center_axis',(-1.,0.,0.));
#1770=DIRECTION('ref_axis',(0.,-1.,0.));
#1771=DIRECTION('center_axis',(0.,0.,-1.));
#1772=DIRECTION('ref_axis',(1.,0.,0.));
#1773=DIRECTION('center_axis',(0.,-1.,0.));
#1774=DIRECTION('ref_axis',(0.,0.,1.));
#1775=DIRECTION('center_axis',(0.,0.,1.));
#1776=DIRECTION('ref_axis',(0.707106781186547,0.707106781186547,0.));
#1777=DIRECTION('center_axis',(0.,0.,1.));
#1778=DIRECTION('ref_axis',(0.707106781186549,0.707106781186546,0.));
#1779=DIRECTION('center_axis',(0.,0.,-1.));
#1780=DIRECTION('ref_axis',(0.707106781186549,0.707106781186546,0.));
#1781=DIRECTION('',(0.,0.,1.));
#1782=DIRECTION('',(0.,0.,-1.));
#1783=DIRECTION('center_axis',(0.,-1.,0.));
#1784=DIRECTION('ref_axis',(-0.707106781186557,0.,0.707106781186538));
#1785=DIRECTION('',(0.,1.,0.));
#1786=DIRECTION('',(0.,-1.,0.));
#1787=DIRECTION('center_axis',(0.,0.,-1.));
#1788=DIRECTION('ref_axis',(-1.,0.,0.));
#1789=DIRECTION('center_axis',(0.,-1.,0.));
#1790=DIRECTION('ref_axis',(1.,0.,0.));
#1791=DIRECTION('center_axis',(0.,0.,-1.));
#1792=DIRECTION('ref_axis',(0.,1.,0.));
#1793=DIRECTION('center_axis',(1.,0.,0.));
#1794=DIRECTION('ref_axis',(0.,0.,1.));
#1795=DIRECTION('center_axis',(0.,0.,1.));
#1796=DIRECTION('ref_axis',(-0.707106781186546,0.707106781186549,0.));
#1797=DIRECTION('center_axis',(0.,0.,1.));
#1798=DIRECTION('ref_axis',(-0.707106781186547,0.707106781186548,0.));
#1799=DIRECTION('center_axis',(0.,0.,-1.));
#1800=DIRECTION('ref_axis',(-0.707106781186547,0.707106781186548,0.));
#1801=DIRECTION('',(0.,0.,1.));
#1802=DIRECTION('',(0.,0.,-1.));
#1803=DIRECTION('center_axis',(1.,0.,0.));
#1804=DIRECTION('ref_axis',(0.,-0.707106781186555,0.70710678118654));
#1805=DIRECTION('',(-1.,0.,0.));
#1806=DIRECTION('',(1.,0.,0.));
#1807=DIRECTION('center_axis',(0.,1.,0.));
#1808=DIRECTION('ref_axis',(0.707106781186557,0.,0.707106781186538));
#1809=DIRECTION('',(0.,-1.,0.));
#1810=DIRECTION('',(0.,1.,0.));
#1811=DIRECTION('center_axis',(-1.,0.,0.));
#1812=DIRECTION('ref_axis',(0.,0.707106781186549,0.707106781186546));
#1813=DIRECTION('',(1.,0.,0.));
#1814=DIRECTION('',(-1.,0.,0.));
#1815=DIRECTION('center_axis',(-1.,0.,0.));
#1816=DIRECTION('ref_axis',(0.,1.,0.));
#1817=DIRECTION('',(0.,1.,0.));
#1818=DIRECTION('center_axis',(1.,0.,0.));
#1819=DIRECTION('ref_axis',(0.,-1.,0.));
#1820=DIRECTION('center_axis',(0.,-1.,0.));
#1821=DIRECTION('ref_axis',(-1.,0.,0.));
#1822=DIRECTION('',(-1.,0.,0.));
#1823=DIRECTION('center_axis',(0.,0.,-1.));
#1824=DIRECTION('ref_axis',(-1.,0.,0.));
#1825=DIRECTION('center_axis',(0.,0.,1.));
#1826=DIRECTION('ref_axis',(-0.973347869043976,-0.229333656116043,0.));
#1827=DIRECTION('center_axis',(0.,0.,-1.));
#1828=DIRECTION('ref_axis',(-1.,0.,0.));
#1829=DIRECTION('center_axis',(0.,0.,1.));
#1830=DIRECTION('ref_axis',(-0.229333656116044,-0.973347869043976,0.));
#1831=DIRECTION('center_axis',(0.,0.,-1.));
#1832=DIRECTION('ref_axis',(-6.12323399573677E-17,1.,0.));
#1833=DIRECTION('center_axis',(0.,0.,1.));
#1834=DIRECTION('ref_axis',(0.229333656116044,-0.973347869043976,0.));
#1835=DIRECTION('center_axis',(0.,0.,-1.));
#1836=DIRECTION('ref_axis',(-1.,0.,0.));
#1837=DIRECTION('center_axis',(0.,0.,-1.));
#1838=DIRECTION('ref_axis',(-1.,0.,0.));
#1839=DIRECTION('center_axis',(0.,0.,1.));
#1840=DIRECTION('ref_axis',(0.973347869043976,-0.229333656116044,0.));
#1841=DIRECTION('center_axis',(0.,0.,-1.));
#1842=DIRECTION('ref_axis',(-0.935727198854635,0.352724551631523,0.));
#1843=DIRECTION('',(1.,0.,0.));
#1844=DIRECTION('',(0.,1.,0.));
#1845=DIRECTION('',(-1.,0.,0.));
#1846=DIRECTION('center_axis',(0.,0.,-1.));
#1847=DIRECTION('ref_axis',(-0.935476286657031,-0.353389469427674,0.));
#1848=DIRECTION('center_axis',(0.,0.,1.));
#1849=DIRECTION('ref_axis',(0.973347869043976,0.229333656116044,0.));
#1850=DIRECTION('center_axis',(0.,0.,-1.));
#1851=DIRECTION('ref_axis',(-1.,0.,0.));
#1852=DIRECTION('center_axis',(0.,0.,-1.));
#1853=DIRECTION('ref_axis',(-1.,0.,0.));
#1854=DIRECTION('center_axis',(0.,0.,1.));
#1855=DIRECTION('ref_axis',(0.229333656116044,0.973347869043976,0.));
#1856=DIRECTION('center_axis',(0.,0.,-1.));
#1857=DIRECTION('ref_axis',(1.60812264967664E-16,-1.,0.));
#1858=DIRECTION('center_axis',(0.,0.,1.));
#1859=DIRECTION('ref_axis',(-0.229333656116044,0.973347869043976,0.));
#1860=DIRECTION('center_axis',(0.,0.,-1.));
#1861=DIRECTION('ref_axis',(-1.,0.,0.));
#1862=DIRECTION('center_axis',(0.,0.,1.));
#1863=DIRECTION('ref_axis',(-0.973347869043976,0.229333656116043,0.));
#1864=DIRECTION('center_axis',(0.,0.,-1.));
#1865=DIRECTION('ref_axis',(0.935476286657031,-0.353389469427674,0.));
#1866=DIRECTION('',(-1.,0.,0.));
#1867=DIRECTION('',(0.,-1.,0.));
#1868=DIRECTION('',(1.,0.,0.));
#1869=DIRECTION('center_axis',(0.,0.,-1.));
#1870=DIRECTION('ref_axis',(0.935727198854635,0.352724551631523,0.));
#1871=DIRECTION('center_axis',(0.,0.,-1.));
#1872=DIRECTION('ref_axis',(1.,0.,0.));
#1873=DIRECTION('center_axis',(0.,0.,-1.));
#1874=DIRECTION('ref_axis',(1.,0.,0.));
#1875=DIRECTION('center_axis',(0.,0.,-1.));
#1876=DIRECTION('ref_axis',(1.,0.,0.));
#1877=DIRECTION('center_axis',(0.,0.,-1.));
#1878=DIRECTION('ref_axis',(1.,0.,0.));
#1879=DIRECTION('center_axis',(0.,0.,-1.));
#1880=DIRECTION('ref_axis',(1.,0.,0.));
#1881=DIRECTION('center_axis',(0.,0.,-1.));
#1882=DIRECTION('ref_axis',(1.,0.,0.));
#1883=DIRECTION('center_axis',(0.,0.,1.));
#1884=DIRECTION('ref_axis',(1.,0.,0.));
#1885=DIRECTION('center_axis',(0.,0.,1.));
#1886=DIRECTION('ref_axis',(0.935727198854635,0.352724551631523,0.));
#1887=DIRECTION('center_axis',(0.518138590445336,-0.855296674313258,0.));
#1888=DIRECTION('ref_axis',(0.855296674313259,0.518138590445336,0.));
#1889=DIRECTION('center_axis',(0.,0.,-1.));
#1890=DIRECTION('ref_axis',(-1.,0.,0.));
#1891=DIRECTION('center_axis',(0.0318316907338778,-0.999493243331351,7.06805519309967E-17));
#1892=DIRECTION('ref_axis',(0.999493243331351,0.0318316907338778,0.));
#1893=DIRECTION('center_axis',(0.,0.,-1.));
#1894=DIRECTION('ref_axis',(-0.973347869043976,-0.229333656116043,0.));
#1895=DIRECTION('center_axis',(0.,0.,-1.));
#1896=DIRECTION('ref_axis',(-1.,0.,0.));
#1897=DIRECTION('center_axis',(0.,0.,-1.));
#1898=DIRECTION('ref_axis',(-0.996649124125941,0.0817956195587205,0.));
#1899=DIRECTION('center_axis',(-0.0817956195587199,-0.996649124125941,0.));
#1900=DIRECTION('ref_axis',(0.996649124125941,-0.0817956195587199,0.));
#1901=DIRECTION('center_axis',(0.,0.,-1.));
#1902=DIRECTION('ref_axis',(-1.,0.,0.));
#1903=DIRECTION('center_axis',(-0.999493243331351,0.03183169073388,1.03897985977274E-15));
#1904=DIRECTION('ref_axis',(1.11022302462516E-15,2.22044604925031E-15,1.));
#1905=DIRECTION('center_axis',(0.,0.,-1.));
#1906=DIRECTION('ref_axis',(-0.229333656116044,-0.973347869043976,0.));
#1907=DIRECTION('center_axis',(0.855296674313258,-0.518138590445338,0.));
#1908=DIRECTION('ref_axis',(0.518138590445338,0.855296674313258,0.));
#1909=DIRECTION('center_axis',(0.,0.,1.));
#1910=DIRECTION('ref_axis',(1.,0.,0.));
#1911=DIRECTION('center_axis',(0.855296674313258,0.518138590445337,0.));
#1912=DIRECTION('ref_axis',(-0.518138590445337,0.855296674313258,0.));
#1913=DIRECTION('center_axis',(0.,0.,1.));
#1914=DIRECTION('ref_axis',(-6.12323399573676E-17,1.,0.));
#1915=DIRECTION('center_axis',(0.,0.,-1.));
#1916=DIRECTION('ref_axis',(-1.,0.,0.));
#1917=DIRECTION('center_axis',(0.999493243331351,0.03183169073388,-7.06805519310015E-17));
#1918=DIRECTION('ref_axis',(-0.03183169073388,0.999493243331351,0.));
#1919=DIRECTION('center_axis',(0.,0.,-1.));
#1920=DIRECTION('ref_axis',(0.229333656116044,-0.973347869043976,0.));
#1921=DIRECTION('center_axis',(0.,0.,-1.));
#1922=DIRECTION('ref_axis',(-1.,0.,0.));
#1923=DIRECTION('center_axis',(-0.996649124125941,-0.0817956195587199,0.));
#1924=DIRECTION('ref_axis',(0.,0.,1.));
#1925=DIRECTION('center_axis',(0.,0.,-1.));
#1926=DIRECTION('ref_axis',(0.0817956195587193,-0.996649124125941,0.));
#1927=DIRECTION('center_axis',(0.,0.,-1.));
#1928=DIRECTION('ref_axis',(-1.,0.,0.));
#1929=DIRECTION('center_axis',(0.,0.,-1.));
#1930=DIRECTION('ref_axis',(-1.,0.,0.));
#1931=DIRECTION('center_axis',(0.,0.,1.));
#1932=DIRECTION('ref_axis',(0.707106781186549,0.707106781186546,0.));
#1933=DIRECTION('center_axis',(0.,0.,-1.));
#1934=DIRECTION('ref_axis',(-1.,0.,0.));
#1935=DIRECTION('center_axis',(0.,0.,-1.));
#1936=DIRECTION('ref_axis',(-0.0817956195587188,-0.996649124125941,0.));
#1937=DIRECTION('center_axis',(0.996649124125941,-0.0817956195587188,0.));
#1938=DIRECTION('ref_axis',(0.0817956195587188,0.996649124125941,0.));
#1939=DIRECTION('center_axis',(0.,0.,-1.));
#1940=DIRECTION('ref_axis',(-1.,0.,0.));
#1941=DIRECTION('center_axis',(-0.03183169073388,-0.999493243331351,-7.06805519310015E-17));
#1942=DIRECTION('ref_axis',(-2.22044604925031E-15,0.,1.));
#1943=DIRECTION('center_axis',(0.,0.,-1.));
#1944=DIRECTION('ref_axis',(0.973347869043976,-0.229333656116044,0.));
#1945=DIRECTION('center_axis',(0.518138590445338,0.855296674313258,0.));
#1946=DIRECTION('ref_axis',(-0.855296674313258,0.518138590445338,0.));
#1947=DIRECTION('center_axis',(0.,0.,1.));
#1948=DIRECTION('ref_axis',(1.,0.,0.));
#1949=DIRECTION('center_axis',(0.,0.,1.));
#1950=DIRECTION('ref_axis',(-0.935727198854635,0.352724551631523,0.));
#1951=DIRECTION('center_axis',(0.,0.,-1.));
#1952=DIRECTION('ref_axis',(0.999686890581538,0.0250224059478106,0.));
#1953=DIRECTION('center_axis',(0.0817956195587188,-0.996649124125941,0.));
#1954=DIRECTION('ref_axis',(0.,0.,1.));
#1955=DIRECTION('center_axis',(0.,0.,-1.));
#1956=DIRECTION('ref_axis',(0.996649124125941,0.0817956195587188,0.));
#1957=DIRECTION('center_axis',(0.,0.,-1.));
#1958=DIRECTION('ref_axis',(-1.,0.,0.));
#1959=DIRECTION('center_axis',(0.,0.,1.));
#1960=DIRECTION('ref_axis',(-0.707106781186547,0.707106781186547,0.));
#1961=DIRECTION('center_axis',(0.,0.,-1.));
#1962=DIRECTION('ref_axis',(-1.,0.,0.));
#1963=DIRECTION('center_axis',(0.,0.,1.));
#1964=DIRECTION('ref_axis',(-1.,0.,0.));
#1965=DIRECTION('',(0.,0.,1.));
#1966=DIRECTION('center_axis',(0.,0.,-1.));
#1967=DIRECTION('ref_axis',(-1.,0.,0.));
#1968=DIRECTION('center_axis',(0.,0.,1.));
#1969=DIRECTION('ref_axis',(-1.,0.,0.));
#1970=DIRECTION('',(0.,0.,1.));
#1971=DIRECTION('center_axis',(0.,1.,0.));
#1972=DIRECTION('ref_axis',(0.,0.,-1.));
#1973=DIRECTION('',(0.,0.,1.));
#1974=DIRECTION('',(-1.,0.,0.));
#1975=DIRECTION('',(0.,0.,1.));
#1976=DIRECTION('',(1.,0.,0.));
#1977=DIRECTION('',(0.,0.,-1.));
#1978=DIRECTION('',(-1.,0.,0.));
#1979=DIRECTION('',(0.,0.,1.));
#1980=DIRECTION('center_axis',(0.,0.,-1.));
#1981=DIRECTION('ref_axis',(-1.,0.,0.));
#1982=DIRECTION('',(0.,0.,1.));
#1983=DIRECTION('center_axis',(0.,0.,-1.));
#1984=DIRECTION('ref_axis',(-1.,0.,0.));
#1985=DIRECTION('center_axis',(0.,0.,1.));
#1986=DIRECTION('ref_axis',(1.,0.,0.));
#1987=DIRECTION('center_axis',(0.,0.,1.));
#1988=DIRECTION('ref_axis',(-0.935476286657031,-0.353389469427674,0.));
#1989=DIRECTION('center_axis',(-0.518138590445337,0.855296674313258,0.));
#1990=DIRECTION('ref_axis',(-0.855296674313258,-0.518138590445337,0.));
#1991=DIRECTION('center_axis',(0.,0.,-1.));
#1992=DIRECTION('ref_axis',(-1.,0.,0.));
#1993=DIRECTION('center_axis',(-0.0318316907338789,0.999493243331351,0.));
#1994=DIRECTION('ref_axis',(-0.999493243331351,-0.0318316907338789,0.));
#1995=DIRECTION('center_axis',(0.,0.,-1.));
#1996=DIRECTION('ref_axis',(0.973347869043976,0.229333656116044,0.));
#1997=DIRECTION('center_axis',(0.,0.,-1.));
#1998=DIRECTION('ref_axis',(0.999686890581537,-0.025022405947812,0.));
#1999=DIRECTION('center_axis',(0.,0.,-1.));
#2000=DIRECTION('ref_axis',(0.996649124125941,-0.0817956195587193,0.));
#2001=DIRECTION('center_axis',(0.081795619558719,0.996649124125941,0.));
#2002=DIRECTION('ref_axis',(-0.996649124125941,0.081795619558719,0.));
#2003=DIRECTION('center_axis',(0.,0.,-1.));
#2004=DIRECTION('ref_axis',(-1.,0.,0.));
#2005=DIRECTION('center_axis',(0.999493243331351,-0.0318316907338788,-7.0680551930999E-17));
#2006=DIRECTION('ref_axis',(0.,-2.22044604925031E-15,1.));
#2007=DIRECTION('center_axis',(0.,0.,-1.));
#2008=DIRECTION('ref_axis',(0.229333656116044,0.973347869043976,0.));
#2009=DIRECTION('center_axis',(-0.855296674313257,0.518138590445338,0.));
#2010=DIRECTION('ref_axis',(-0.518138590445338,-0.855296674313257,0.));
#2011=DIRECTION('center_axis',(0.,0.,1.));
#2012=DIRECTION('ref_axis',(1.,0.,0.));
#2013=DIRECTION('center_axis',(-0.855296674313257,-0.518138590445338,0.));
#2014=DIRECTION('ref_axis',(0.518138590445338,-0.855296674313257,0.));
#2015=DIRECTION('center_axis',(0.,0.,1.));
#2016=DIRECTION('ref_axis',(1.60812264967664E-16,-1.,0.));
#2017=DIRECTION('center_axis',(0.,0.,-1.));
#2018=DIRECTION('ref_axis',(-1.,0.,0.));
#2019=DIRECTION('center_axis',(-0.999493243331351,-0.0318316907338801,1.10966041170374E-15));
#2020=DIRECTION('ref_axis',(0.0318316907338801,-0.999493243331351,0.));
#2021=DIRECTION('center_axis',(0.,0.,-1.));
#2022=DIRECTION('ref_axis',(-0.229333656116044,0.973347869043976,0.));
#2023=DIRECTION('center_axis',(0.,0.,-1.));
#2024=DIRECTION('ref_axis',(-1.,0.,0.));
#2025=DIRECTION('center_axis',(0.996649124125941,0.0817956195587199,0.));
#2026=DIRECTION('ref_axis',(0.,0.,1.));
#2027=DIRECTION('center_axis',(0.,0.,-1.));
#2028=DIRECTION('ref_axis',(-0.0817956195587193,0.996649124125941,0.));
#2029=DIRECTION('center_axis',(0.,0.,-1.));
#2030=DIRECTION('ref_axis',(-1.,0.,0.));
#2031=DIRECTION('center_axis',(0.,0.,1.));
#2032=DIRECTION('ref_axis',(-0.707106781186548,-0.707106781186547,0.));
#2033=DIRECTION('center_axis',(0.,0.,-1.));
#2034=DIRECTION('ref_axis',(-1.,0.,0.));
#2035=DIRECTION('center_axis',(0.,0.,-1.));
#2036=DIRECTION('ref_axis',(0.0817956195587193,0.996649124125941,0.));
#2037=DIRECTION('center_axis',(-0.996649124125941,0.0817956195587177,0.));
#2038=DIRECTION('ref_axis',(-0.0817956195587177,-0.996649124125941,0.));
#2039=DIRECTION('center_axis',(0.,0.,-1.));
#2040=DIRECTION('ref_axis',(-1.,0.,0.));
#2041=DIRECTION('center_axis',(0.0318316907338788,0.999493243331351,-7.0680551930999E-17));
#2042=DIRECTION('ref_axis',(2.22044604925031E-15,0.,1.));
#2043=DIRECTION('center_axis',(0.,0.,-1.));
#2044=DIRECTION('ref_axis',(-0.973347869043976,0.229333656116043,0.));
#2045=DIRECTION('center_axis',(-0.518138590445337,-0.855296674313258,0.));
#2046=DIRECTION('ref_axis',(0.855296674313258,-0.518138590445337,0.));
#2047=DIRECTION('center_axis',(0.,0.,1.));
#2048=DIRECTION('ref_axis',(1.,0.,0.));
#2049=DIRECTION('center_axis',(0.,0.,1.));
#2050=DIRECTION('ref_axis',(0.935476286657031,-0.353389469427674,0.));
#2051=DIRECTION('center_axis',(0.,0.,-1.));
#2052=DIRECTION('ref_axis',(-1.,0.,0.));
#2053=DIRECTION('center_axis',(-0.0817956195587188,0.996649124125941,0.));
#2054=DIRECTION('ref_axis',(0.,0.,1.));
#2055=DIRECTION('center_axis',(0.,0.,-1.));
#2056=DIRECTION('ref_axis',(-0.996649124125941,-0.0817956195587192,0.));
#2057=DIRECTION('center_axis',(0.,0.,-1.));
#2058=DIRECTION('ref_axis',(-1.,0.,0.));
#2059=DIRECTION('center_axis',(0.,0.,-1.));
#2060=DIRECTION('ref_axis',(-1.,0.,0.));
#2061=DIRECTION('center_axis',(0.,0.,1.));
#2062=DIRECTION('ref_axis',(0.707106781186548,-0.707106781186548,0.));
#2063=DIRECTION('center_axis',(0.,0.,-1.));
#2064=DIRECTION('ref_axis',(-1.,0.,0.));
#2065=DIRECTION('center_axis',(0.,0.,1.));
#2066=DIRECTION('ref_axis',(-1.,0.,0.));
#2067=DIRECTION('',(0.,0.,1.));
#2068=DIRECTION('center_axis',(0.,0.,-1.));
#2069=DIRECTION('ref_axis',(-1.,0.,0.));
#2070=DIRECTION('center_axis',(0.,0.,1.));
#2071=DIRECTION('ref_axis',(-1.,0.,0.));
#2072=DIRECTION('',(0.,0.,1.));
#2073=DIRECTION('center_axis',(0.,-1.,0.));
#2074=DIRECTION('ref_axis',(0.,0.,-1.));
#2075=DIRECTION('',(0.,0.,1.));
#2076=DIRECTION('',(1.,0.,0.));
#2077=DIRECTION('',(0.,0.,1.));
#2078=DIRECTION('center_axis',(1.,0.,0.));
#2079=DIRECTION('ref_axis',(0.,1.,0.));
#2080=DIRECTION('center_axis',(-1.,0.,0.));
#2081=DIRECTION('ref_axis',(0.,1.,0.));
#2082=DIRECTION('',(0.,0.,-1.));
#2083=DIRECTION('',(0.,1.,0.));
#2084=DIRECTION('',(0.,0.,-1.));
#2085=DIRECTION('center_axis',(-1.,0.,0.));
#2086=DIRECTION('ref_axis',(0.,-1.,0.));
#2087=DIRECTION('center_axis',(1.,0.,0.));
#2088=DIRECTION('ref_axis',(0.,1.,0.));
#2089=DIRECTION('center_axis',(1.,0.,0.));
#2090=DIRECTION('ref_axis',(0.,1.,0.));
#2091=DIRECTION('',(0.,-1.,0.));
#2092=DIRECTION('',(0.,0.,-1.));
#2093=DIRECTION('center_axis',(1.,0.,0.));
#2094=DIRECTION('ref_axis',(0.,-1.,0.));
#2095=DIRECTION('center_axis',(0.,-1.,0.));
#2096=DIRECTION('ref_axis',(0.,0.,1.));
#2097=DIRECTION('',(1.,0.,0.));
#2098=DIRECTION('',(0.,0.,-1.));
#2099=DIRECTION('center_axis',(1.,0.,0.));
#2100=DIRECTION('ref_axis',(0.,-1.,0.));
#2101=DIRECTION('',(1.,0.,0.));
#2102=DIRECTION('center_axis',(1.,0.,0.));
#2103=DIRECTION('ref_axis',(0.,-1.,0.));
#2104=DIRECTION('',(1.,0.,0.));
#2105=DIRECTION('center_axis',(-1.,0.,0.));
#2106=DIRECTION('ref_axis',(0.,-1.,0.));
#2107=DIRECTION('center_axis',(-1.,0.,0.));
#2108=DIRECTION('ref_axis',(0.,1.,0.));
#2109=DIRECTION('center_axis',(0.,0.,1.));
#2110=DIRECTION('ref_axis',(1.,0.,0.));
#2111=DIRECTION('center_axis',(0.,0.,-1.));
#2112=DIRECTION('ref_axis',(0.973347869043976,-0.229333656116044,0.));
#2113=DIRECTION('center_axis',(0.,0.,-1.));
#2114=DIRECTION('ref_axis',(-1.,0.,0.));
#2115=DIRECTION('center_axis',(0.,0.,-1.));
#2116=DIRECTION('ref_axis',(0.229333656116044,-0.973347869043976,0.));
#2117=DIRECTION('center_axis',(0.,0.,-1.));
#2118=DIRECTION('ref_axis',(-1.,0.,0.));
#2119=DIRECTION('center_axis',(0.,0.,-1.));
#2120=DIRECTION('ref_axis',(-0.229333656116044,-0.973347869043976,0.));
#2121=DIRECTION('center_axis',(0.,0.,-1.));
#2122=DIRECTION('ref_axis',(-1.,0.,0.));
#2123=DIRECTION('center_axis',(0.,0.,-1.));
#2124=DIRECTION('ref_axis',(-0.973347869043976,-0.229333656116043,0.));
#2125=DIRECTION('center_axis',(0.,0.,-1.));
#2126=DIRECTION('ref_axis',(-1.,0.,0.));
#2127=DIRECTION('',(-1.,0.,0.));
#2128=DIRECTION('center_axis',(0.,0.,-1.));
#2129=DIRECTION('ref_axis',(-1.,0.,0.));
#2130=DIRECTION('center_axis',(0.,0.,-1.));
#2131=DIRECTION('ref_axis',(-0.973347869043976,0.229333656116044,0.));
#2132=DIRECTION('center_axis',(0.,0.,-1.));
#2133=DIRECTION('ref_axis',(-1.,0.,0.));
#2134=DIRECTION('center_axis',(0.,0.,-1.));
#2135=DIRECTION('ref_axis',(-0.229333656116044,0.973347869043976,0.));
#2136=DIRECTION('center_axis',(0.,0.,-1.));
#2137=DIRECTION('ref_axis',(-1.,0.,0.));
#2138=DIRECTION('center_axis',(0.,0.,-1.));
#2139=DIRECTION('ref_axis',(0.229333656116044,0.973347869043976,0.));
#2140=DIRECTION('center_axis',(0.,0.,-1.));
#2141=DIRECTION('ref_axis',(-1.,0.,0.));
#2142=DIRECTION('center_axis',(0.,0.,-1.));
#2143=DIRECTION('ref_axis',(0.973347869043976,0.229333656116044,0.));
#2144=DIRECTION('center_axis',(0.,0.,-1.));
#2145=DIRECTION('ref_axis',(-1.,0.,0.));
#2146=DIRECTION('center_axis',(0.,0.,1.));
#2147=DIRECTION('ref_axis',(1.,0.,0.));
#2148=DIRECTION('center_axis',(0.,0.,1.));
#2149=DIRECTION('ref_axis',(1.,0.,0.));
#2150=DIRECTION('center_axis',(0.,0.,1.));
#2151=DIRECTION('ref_axis',(1.,0.,0.));
#2152=DIRECTION('center_axis',(0.,0.,1.));
#2153=DIRECTION('ref_axis',(1.,0.,0.));
#2154=DIRECTION('center_axis',(0.,0.,1.));
#2155=DIRECTION('ref_axis',(1.,0.,0.));
#2156=DIRECTION('center_axis',(0.,0.,1.));
#2157=DIRECTION('ref_axis',(1.,0.,0.));
#2158=DIRECTION('',(0.,-1.,0.));
#2159=DIRECTION('',(1.,0.,0.));
#2160=DIRECTION('center_axis',(0.,1.,0.));
#2161=DIRECTION('ref_axis',(0.,0.,1.));
#2162=DIRECTION('',(-1.,0.,0.));
#2163=DIRECTION('',(0.,0.,1.));
#2164=DIRECTION('',(1.,0.,0.));
#2165=DIRECTION('',(0.,0.,-1.));
#2166=DIRECTION('center_axis',(0.,0.,-1.));
#2167=DIRECTION('ref_axis',(0.979508821777987,0.201401261314571,0.));
#2168=DIRECTION('center_axis',(0.,0.,-1.));
#2169=DIRECTION('ref_axis',(-1.,0.,0.));
#2170=DIRECTION('',(0.,0.,1.));
#2171=DIRECTION('center_axis',(0.,0.,-1.));
#2172=DIRECTION('ref_axis',(0.229333656116044,-0.973347869043976,0.));
#2173=DIRECTION('',(0.,0.,-1.));
#2174=DIRECTION('',(0.,0.,1.));
#2175=DIRECTION('center_axis',(0.,0.,-1.));
#2176=DIRECTION('ref_axis',(-1.,0.,0.));
#2177=DIRECTION('',(0.,0.,1.));
#2178=DIRECTION('center_axis',(0.,0.,-1.));
#2179=DIRECTION('ref_axis',(-0.973347869043976,-0.229333656116043,0.));
#2180=DIRECTION('',(0.,0.,-1.));
#2181=DIRECTION('',(0.,0.,1.));
#2182=DIRECTION('center_axis',(0.,0.,-1.));
#2183=DIRECTION('ref_axis',(-1.,0.,0.));
#2184=DIRECTION('center_axis',(0.,0.,-1.));
#2185=DIRECTION('ref_axis',(-0.229333656116044,-0.973347869043976,0.));
#2186=DIRECTION('',(0.,0.,-1.));
#2187=DIRECTION('center_axis',(0.,0.,-1.));
#2188=DIRECTION('ref_axis',(0.707106781186548,0.707106781186547,0.));
#2189=DIRECTION('center_axis',(0.,0.,-1.));
#2190=DIRECTION('ref_axis',(-0.973347869043976,0.229333656116044,0.));
#2191=DIRECTION('',(0.,0.,-1.));
#2192=DIRECTION('center_axis',(0.,0.,-1.));
#2193=DIRECTION('ref_axis',(0.707106781186548,-0.707106781186547,0.));
#2194=DIRECTION('',(0.,0.,1.));
#2195=DIRECTION('center_axis',(0.,0.,-1.));
#2196=DIRECTION('ref_axis',(-0.229333656116044,0.973347869043976,0.));
#2197=DIRECTION('',(0.,0.,-1.));
#2198=DIRECTION('center_axis',(0.,0.,-1.));
#2199=DIRECTION('ref_axis',(-1.,0.,0.));
#2200=DIRECTION('',(0.,0.,1.));
#2201=DIRECTION('center_axis',(0.,0.,-1.));
#2202=DIRECTION('ref_axis',(0.229333656116044,0.973347869043976,0.));
#2203=DIRECTION('',(0.,0.,-1.));
#2204=DIRECTION('center_axis',(0.,0.,-1.));
#2205=DIRECTION('ref_axis',(-1.,0.,0.));
#2206=DIRECTION('',(0.,0.,1.));
#2207=DIRECTION('center_axis',(0.,0.,-1.));
#2208=DIRECTION('ref_axis',(0.973347869043976,0.229333656116044,0.));
#2209=DIRECTION('',(0.,0.,-1.));
#2210=DIRECTION('center_axis',(0.,0.,-1.));
#2211=DIRECTION('ref_axis',(-1.,0.,0.));
#2212=DIRECTION('center_axis',(0.,0.,-1.));
#2213=DIRECTION('ref_axis',(0.973347869043976,-0.229333656116044,0.));
#2214=DIRECTION('',(0.,0.,-1.));
#2215=DIRECTION('center_axis',(0.,0.,-1.));
#2216=DIRECTION('ref_axis',(-1.,0.,0.));
#2217=DIRECTION('center_axis',(0.,0.,-1.));
#2218=DIRECTION('ref_axis',(0.979508821777987,0.201401261314571,0.));
#2219=DIRECTION('center_axis',(-1.,0.,0.));
#2220=DIRECTION('ref_axis',(0.,1.,0.));
#2221=DIRECTION('center_axis',(1.,0.,0.));
#2222=DIRECTION('ref_axis',(0.,-1.,0.));
#2223=DIRECTION('center_axis',(0.,0.,-1.));
#2224=DIRECTION('ref_axis',(1.,0.,0.));
#2225=DIRECTION('',(0.,0.,1.));
#2226=DIRECTION('center_axis',(0.,0.,-1.));
#2227=DIRECTION('ref_axis',(1.,0.,0.));
#2228=DIRECTION('',(0.,0.,1.));
#2229=DIRECTION('center_axis',(0.,0.,-1.));
#2230=DIRECTION('ref_axis',(1.,0.,0.));
#2231=DIRECTION('',(0.,0.,1.));
#2232=DIRECTION('center_axis',(0.,0.,-1.));
#2233=DIRECTION('ref_axis',(1.,0.,0.));
#2234=DIRECTION('',(0.,0.,1.));
#2235=DIRECTION('center_axis',(0.,0.,-1.));
#2236=DIRECTION('ref_axis',(1.,0.,0.));
#2237=DIRECTION('',(0.,0.,1.));
#2238=DIRECTION('center_axis',(0.,0.,-1.));
#2239=DIRECTION('ref_axis',(1.,0.,0.));
#2240=DIRECTION('',(0.,0.,1.));
#2241=DIRECTION('center_axis',(0.,1.,0.));
#2242=DIRECTION('ref_axis',(1.,0.,0.));
#2243=CARTESIAN_POINT('',(0.,0.,0.));
#2244=CARTESIAN_POINT('Origin',(10.5,-4.5,-22.5));
#2245=CARTESIAN_POINT('',(11.,-4.5,-22.5));
#2246=CARTESIAN_POINT('',(11.5,-4.5,-22.));
#2247=CARTESIAN_POINT('Origin',(11.5,-4.5,-22.5));
#2248=CARTESIAN_POINT('',(10.5,-5.,-22.5));
#2249=CARTESIAN_POINT('Origin',(10.5,-4.5,-22.5));
#2250=CARTESIAN_POINT('',(10.5,-5.5,-22.));
#2251=CARTESIAN_POINT('Origin',(10.5,-5.5,-22.5));
#2252=CARTESIAN_POINT('Origin',(10.5,-4.5,-22.));
#2253=CARTESIAN_POINT('Origin',(10.5,-4.5,-23.0000000248353));
#2254=CARTESIAN_POINT('',(11.,-4.5,-29.));
#2255=CARTESIAN_POINT('',(10.5,-5.,-29.0000000496705));
#2256=CARTESIAN_POINT('Origin',(10.5,-4.5,-29.));
#2257=CARTESIAN_POINT('',(10.5,-5.,-23.0000000248353));
#2258=CARTESIAN_POINT('',(11.,-4.5,-23.0000000248353));
#2259=CARTESIAN_POINT('Origin',(-10.5,-4.5,-22.5));
#2260=CARTESIAN_POINT('',(-10.5,-5.,-22.5));
#2261=CARTESIAN_POINT('',(-10.5,-5.5,-22.));
#2262=CARTESIAN_POINT('Origin',(-10.5,-5.5,-22.5));
#2263=CARTESIAN_POINT('',(-11.,-4.5,-22.5));
#2264=CARTESIAN_POINT('Origin',(-10.5,-4.5,-22.5));
#2265=CARTESIAN_POINT('',(-11.5,-4.5,-22.));
#2266=CARTESIAN_POINT('Origin',(-11.5,-4.5,-22.5));
#2267=CARTESIAN_POINT('Origin',(-10.5,-4.5,-22.));
#2268=CARTESIAN_POINT('Origin',(-10.5,-4.5,-23.0000000248353));
#2269=CARTESIAN_POINT('',(-10.5,-5.,-29.0000000496705));
#2270=CARTESIAN_POINT('',(-11.,-4.5,-29.));
#2271=CARTESIAN_POINT('Origin',(-10.5,-4.5,-29.));
#2272=CARTESIAN_POINT('',(-11.,-4.5,-23.0000000248353));
#2273=CARTESIAN_POINT('',(-10.5,-5.,-23.0000000248353));
#2274=CARTESIAN_POINT('Origin',(10.5,4.5,-22.5));
#2275=CARTESIAN_POINT('',(10.5,5.,-22.5));
#2276=CARTESIAN_POINT('',(10.5,5.5,-22.));
#2277=CARTESIAN_POINT('Origin',(10.5,5.5,-22.5));
#2278=CARTESIAN_POINT('',(11.,4.5,-22.5));
#2279=CARTESIAN_POINT('Origin',(10.5,4.5,-22.5));
#2280=CARTESIAN_POINT('',(11.5,4.5,-22.));
#2281=CARTESIAN_POINT('Origin',(11.5,4.5,-22.5));
#2282=CARTESIAN_POINT('Origin',(10.5,4.5,-22.));
#2283=CARTESIAN_POINT('Origin',(10.5,4.5,-23.));
#2284=CARTESIAN_POINT('',(10.5,5.,-29.));
#2285=CARTESIAN_POINT('',(11.,4.5,-29.));
#2286=CARTESIAN_POINT('Origin',(10.5,4.5,-29.));
#2287=CARTESIAN_POINT('',(11.,4.5,-23.));
#2288=CARTESIAN_POINT('',(10.5,5.,-23.));
#2289=CARTESIAN_POINT('Origin',(11.5,-2.5,-22.5));
#2290=CARTESIAN_POINT('',(11.5,-2.5,-22.));
#2291=CARTESIAN_POINT('',(11.,-2.5,-22.5));
#2292=CARTESIAN_POINT('Origin',(-10.5,4.5,-22.5));
#2293=CARTESIAN_POINT('',(-11.,4.5,-22.5));
#2294=CARTESIAN_POINT('',(-11.5,4.5,-22.));
#2295=CARTESIAN_POINT('Origin',(-11.5,4.5,-22.5));
#2296=CARTESIAN_POINT('',(-10.5,5.,-22.5));
#2297=CARTESIAN_POINT('Origin',(-10.5,4.5,-22.5));
#2298=CARTESIAN_POINT('',(-10.5,5.5,-22.));
#2299=CARTESIAN_POINT('Origin',(-10.5,5.5,-22.5));
#2300=CARTESIAN_POINT('Origin',(-10.5,4.5,-22.));
#2301=CARTESIAN_POINT('Origin',(-10.5,4.5,-23.));
#2302=CARTESIAN_POINT('',(-11.,4.5,-29.));
#2303=CARTESIAN_POINT('',(-10.5,5.,-29.));
#2304=CARTESIAN_POINT('Origin',(-10.5,4.5,-29.));
#2305=CARTESIAN_POINT('',(-10.5,5.,-23.));
#2306=CARTESIAN_POINT('',(-11.,4.5,-23.));
#2307=CARTESIAN_POINT('Origin',(5.5,5.5,-22.5));
#2308=CARTESIAN_POINT('',(5.5,5.5,-22.));
#2309=CARTESIAN_POINT('',(5.5,5.,-22.5));
#2310=CARTESIAN_POINT('Origin',(-11.5,2.5,-22.5));
#2311=CARTESIAN_POINT('',(-11.5,2.5,-22.));
#2312=CARTESIAN_POINT('',(-11.,2.5,-22.5));
#2313=CARTESIAN_POINT('Origin',(-5.5,-5.5,-22.5));
#2314=CARTESIAN_POINT('',(-5.5,-5.5,-22.));
#2315=CARTESIAN_POINT('',(-5.5,-5.,-22.5));
#2316=CARTESIAN_POINT('Origin',(11.,-5.,-23.));
#2317=CARTESIAN_POINT('',(11.,5.5,-29.));
#2318=CARTESIAN_POINT('',(11.,2.60000009934107,-25.5));
#2319=CARTESIAN_POINT('Origin',(11.,9.93410731453537E-8,-25.5));
#2320=CARTESIAN_POINT('Origin',(11.,5.,-23.));
#2321=CARTESIAN_POINT('',(11.,5.,-29.));
#2322=CARTESIAN_POINT('Origin',(0.,0.,-22.));
#2323=CARTESIAN_POINT('',(20.9667861704924,18.7251179203922,-22.));
#2324=CARTESIAN_POINT('',(22.4808501451823,13.6188954734219,-22.));
#2325=CARTESIAN_POINT('Origin',(31.4614652254715,19.0593506730979,-22.));
#2326=CARTESIAN_POINT('',(18.7251179203922,20.9667861704924,-22.));
#2327=CARTESIAN_POINT('Origin',(20.0000002980232,20.0000002980232,-22.));
#2328=CARTESIAN_POINT('',(13.6188954734219,22.4808501451823,-22.));
#2329=CARTESIAN_POINT('Origin',(19.059350673098,31.4614652254715,-22.));
#2330=CARTESIAN_POINT('',(-13.6188954734219,22.4808501451823,-22.));
#2331=CARTESIAN_POINT('Origin',(0.,0.,-22.));
#2332=CARTESIAN_POINT('',(-18.7251179203922,20.9667861704924,-22.));
#2333=CARTESIAN_POINT('Origin',(-19.059350673098,31.4614652254715,-22.));
#2334=CARTESIAN_POINT('',(-18.4000002980232,20.0000002980232,-22.));
#2335=CARTESIAN_POINT('Origin',(-20.0000002980232,20.0000002980232,-22.));
#2336=CARTESIAN_POINT('',(-20.9667861704924,18.7251179203922,-22.));
#2337=CARTESIAN_POINT('Origin',(-20.0000002980232,20.0000002980232,-22.));
#2338=CARTESIAN_POINT('',(-22.4808501451823,13.6188954734219,-22.));
#2339=CARTESIAN_POINT('Origin',(-31.4614652254715,19.059350673098,-22.));
#2340=CARTESIAN_POINT('',(-25.811956786198,4.96042579156076,-22.));
#2341=CARTESIAN_POINT('Origin',(0.,0.,-22.));
#2342=CARTESIAN_POINT('',(-19.,4.96042579156076,-22.));
#2343=CARTESIAN_POINT('',(-8.,4.96042579156076,-22.));
#2344=CARTESIAN_POINT('',(-19.,-5.00000007450581,-22.));
#2345=CARTESIAN_POINT('',(-19.,-0.0098935707362624,-22.));
#2346=CARTESIAN_POINT('',(-25.8043201115836,-5.00000007450581,-22.));
#2347=CARTESIAN_POINT('',(-8.,-5.00000007450581,-22.));
#2348=CARTESIAN_POINT('',(-22.4808501451823,-13.6188954734219,-22.));
#2349=CARTESIAN_POINT('Origin',(0.,0.,-22.));
#2350=CARTESIAN_POINT('',(-20.9667861704924,-18.7251179203922,-22.));
#2351=CARTESIAN_POINT('Origin',(-31.4614652254715,-19.0593506730979,-22.));
#2352=CARTESIAN_POINT('',(-18.4000002980232,-20.0000002980232,-22.));
#2353=CARTESIAN_POINT('Origin',(-20.0000002980232,-20.0000002980232,-22.));
#2354=CARTESIAN_POINT('',(-18.7251179203922,-20.9667861704924,-22.));
#2355=CARTESIAN_POINT('Origin',(-20.0000002980232,-20.0000002980232,-22.));
#2356=CARTESIAN_POINT('',(-13.6188954734219,-22.4808501451823,-22.));
#2357=CARTESIAN_POINT('Origin',(-19.059350673098,-31.4614652254715,-22.));
#2358=CARTESIAN_POINT('',(13.6188954734219,-22.4808501451823,-22.));
#2359=CARTESIAN_POINT('Origin',(0.,0.,-22.));
#2360=CARTESIAN_POINT('',(18.7251179203922,-20.9667861704924,-22.));
#2361=CARTESIAN_POINT('Origin',(19.059350673098,-31.4614652254715,-22.));
#2362=CARTESIAN_POINT('',(20.9667861704924,-18.7251179203922,-22.));
#2363=CARTESIAN_POINT('Origin',(20.0000002980232,-20.0000002980232,-22.));
#2364=CARTESIAN_POINT('',(22.4808501451823,-13.6188954734219,-22.));
#2365=CARTESIAN_POINT('Origin',(31.4614652254715,-19.0593506730979,-22.));
#2366=CARTESIAN_POINT('',(25.8043201115836,-5.00000007450581,-22.));
#2367=CARTESIAN_POINT('Origin',(0.,0.,-22.));
#2368=CARTESIAN_POINT('',(19.,-5.00000007450581,-22.));
#2369=CARTESIAN_POINT('',(8.,-5.00000007450581,-22.));
#2370=CARTESIAN_POINT('',(19.,4.96042579156076,-22.));
#2371=CARTESIAN_POINT('',(19.,-0.0098935707362624,-22.));
#2372=CARTESIAN_POINT('',(25.811956786198,4.96042579156076,-22.));
#2373=CARTESIAN_POINT('',(8.,4.96042579156076,-22.));
#2374=CARTESIAN_POINT('Origin',(0.,0.,-22.));
#2375=CARTESIAN_POINT('',(12.588457500406,9.00000013411044,-22.));
#2376=CARTESIAN_POINT('Origin',(15.588457500406,9.00000013411044,-22.));
#2377=CARTESIAN_POINT('',(-18.588457500406,-9.00000013411045,-22.));
#2378=CARTESIAN_POINT('Origin',(-15.588457500406,-9.00000013411045,-22.));
#2379=CARTESIAN_POINT('',(-3.,18.0000002682209,-22.));
#2380=CARTESIAN_POINT('Origin',(0.,18.0000002682209,-22.));
#2381=CARTESIAN_POINT('',(12.588457500406,-9.00000013411045,-22.));
#2382=CARTESIAN_POINT('Origin',(15.588457500406,-9.00000013411045,-22.));
#2383=CARTESIAN_POINT('',(-3.,-18.0000002682209,-22.));
#2384=CARTESIAN_POINT('Origin',(-2.20436427131282E-15,-18.0000002682209,
-22.));
#2385=CARTESIAN_POINT('',(-18.588457500406,9.00000013411045,-22.));
#2386=CARTESIAN_POINT('Origin',(-15.588457500406,9.00000013411045,-22.));
#2387=CARTESIAN_POINT('Origin',(0.,0.,-24.));
#2388=CARTESIAN_POINT('',(27.8459009516352,4.96042579156076,-24.));
#2389=CARTESIAN_POINT('Ctrl Pts',(25.811956786198,4.96042579156076,-22.));
#2390=CARTESIAN_POINT('Ctrl Pts',(26.0635194479282,4.96042579156076,-22.));
#2391=CARTESIAN_POINT('Ctrl Pts',(26.3597946315852,4.96042579156076,-22.0578761466193));
#2392=CARTESIAN_POINT('Ctrl Pts',(26.8232826448595,4.96042579156076,-22.2471074984865));
#2393=CARTESIAN_POINT('Ctrl Pts',(27.0731468487106,4.96042579156076,-22.4111107779235));
#2394=CARTESIAN_POINT('Ctrl Pts',(27.4278937778422,4.96042579156076,-22.7601226289243));
#2395=CARTESIAN_POINT('Ctrl Pts',(27.595589262392,4.96042579156076,-23.0068219385037));
#2396=CARTESIAN_POINT('Ctrl Pts',(27.7873015954873,4.96042579156076,-23.4633719694502));
#2397=CARTESIAN_POINT('Ctrl Pts',(27.8459009516352,4.96042579156076,-23.7534143408202));
#2398=CARTESIAN_POINT('Ctrl Pts',(27.8459009516352,4.96042579156076,-24.));
#2399=CARTESIAN_POINT('',(24.1914434938089,14.6551726543126,-24.));
#2400=CARTESIAN_POINT('Origin',(0.,0.,-24.));
#2401=CARTESIAN_POINT('Origin',(22.4808501451823,13.6188954734219,-24.));
#2402=CARTESIAN_POINT('Origin',(31.4614652254715,19.0593506730979,-24.));
#2403=CARTESIAN_POINT('',(22.9657726571551,18.78878130186,-24.));
#2404=CARTESIAN_POINT('Origin',(20.9667861704924,18.7251179203922,-24.));
#2405=CARTESIAN_POINT('Origin',(31.4614652254715,19.0593506730979,-24.));
#2406=CARTESIAN_POINT('Origin',(31.4614652254715,19.0593506730979,-24.));
#2407=CARTESIAN_POINT('',(21.5946388966247,19.8691273067293,-22.0921215971661));
#2408=CARTESIAN_POINT('Ctrl Pts',(21.5946388966247,19.8691273067293,-22.0921215971661));
#2409=CARTESIAN_POINT('Ctrl Pts',(21.5875162060167,19.7823399776009,-22.0921215971661));
#2410=CARTESIAN_POINT('Ctrl Pts',(21.5733133984427,19.6959963587046,-22.0894679745911));
#2411=CARTESIAN_POINT('Ctrl Pts',(21.4988141844493,19.3990073467829,-22.0720881031267));
#2412=CARTESIAN_POINT('Ctrl Pts',(21.405073373702,19.2080896390696,-22.045978388866));
#2413=CARTESIAN_POINT('Ctrl Pts',(21.1938087317232,18.9241313607369,-22.0114261682891));
#2414=CARTESIAN_POINT('Ctrl Pts',(21.0871822660109,18.8164182993841,-22.));
#2415=CARTESIAN_POINT('Ctrl Pts',(20.9667861704924,18.7251179203922,-22.));
#2416=CARTESIAN_POINT('',(22.989947670401,19.7546134393471,-24.));
#2417=CARTESIAN_POINT('Origin',(31.4614652254715,19.0593506730979,-24.));
#2418=CARTESIAN_POINT('Origin',(20.9966494221492,19.9182046784645,-24.));
#2419=CARTESIAN_POINT('Origin',(19.059350673098,31.4614652254715,-24.));
#2420=CARTESIAN_POINT('',(18.78878130186,22.9657726571551,-24.));
#2421=CARTESIAN_POINT('Origin',(18.7251179203922,20.9667861704924,-24.));
#2422=CARTESIAN_POINT('',(14.6551726543126,24.1914434938088,-24.));
#2423=CARTESIAN_POINT('Origin',(19.059350673098,31.4614652254715,-24.));
#2424=CARTESIAN_POINT('Origin',(13.6188954734219,22.4808501451823,-24.));
#2425=CARTESIAN_POINT('Origin',(0.,0.,-24.));
#2426=CARTESIAN_POINT('',(-14.6551726543126,24.1914434938088,-24.));
#2427=CARTESIAN_POINT('Origin',(-13.6188954734219,22.4808501451823,-24.));
#2428=CARTESIAN_POINT('Origin',(0.,0.,-24.));
#2429=CARTESIAN_POINT('Origin',(-19.059350673098,31.4614652254715,-24.));
#2430=CARTESIAN_POINT('',(-18.78878130186,22.9657726571551,-24.));
#2431=CARTESIAN_POINT('Origin',(-18.7251179203922,20.9667861704924,-24.));
#2432=CARTESIAN_POINT('Origin',(-19.059350673098,31.4614652254715,-24.));
#2433=CARTESIAN_POINT('Origin',(19.059350673098,31.4614652254715,-24.));
#2434=CARTESIAN_POINT('',(19.8691273067293,21.5946388966247,-22.0921215971661));
#2435=CARTESIAN_POINT('Ctrl Pts',(18.7251179203922,20.9667861704924,-22.));
#2436=CARTESIAN_POINT('Ctrl Pts',(18.807814221976,21.0758362306832,-22.));
#2437=CARTESIAN_POINT('Ctrl Pts',(18.9041297872001,21.1737930798377,-22.0093803251524));
#2438=CARTESIAN_POINT('Ctrl Pts',(19.1543678828812,21.3703281605424,-22.0390404575631));
#2439=CARTESIAN_POINT('Ctrl Pts',(19.3158419532678,21.4578656821438,-22.0614153364937));
#2440=CARTESIAN_POINT('Ctrl Pts',(19.6123943109401,21.5577793751783,-22.086084781016));
#2441=CARTESIAN_POINT('Ctrl Pts',(19.7397381118102,21.5840198441353,-22.0921215971661));
#2442=CARTESIAN_POINT('Ctrl Pts',(19.8691273067293,21.5946388966247,-22.0921215971661));
#2443=CARTESIAN_POINT('',(19.7546134393471,22.989947670401,-24.));
#2444=CARTESIAN_POINT('Origin',(19.9182046784645,20.9966494221492,-24.));
#2445=CARTESIAN_POINT('Origin',(19.059350673098,31.4614652254715,-24.));
#2446=CARTESIAN_POINT('Ctrl Pts',(22.989947670401,19.7546134393471,-24.));
#2447=CARTESIAN_POINT('Ctrl Pts',(23.1035709196689,21.1390703634968,-24.));
#2448=CARTESIAN_POINT('Ctrl Pts',(22.1213206415829,22.1213206415829,-24.));
#2449=CARTESIAN_POINT('Ctrl Pts',(21.1390703634968,23.1035709196689,-24.));
#2450=CARTESIAN_POINT('Ctrl Pts',(19.7546134393471,22.989947670401,-24.));
#2451=CARTESIAN_POINT('Ctrl Pts',(22.989947670401,19.7546134393471,-22.5324012285893));
#2452=CARTESIAN_POINT('Ctrl Pts',(23.1035709196689,21.1390703634968,-22.5324012285893));
#2453=CARTESIAN_POINT('Ctrl Pts',(22.1213206415829,22.1213206415829,-22.5324012285893));
#2454=CARTESIAN_POINT('Ctrl Pts',(21.1390703634968,23.1035709196689,-22.5324012285893));
#2455=CARTESIAN_POINT('Ctrl Pts',(19.7546134393471,22.989947670401,-22.5324012285893));
#2456=CARTESIAN_POINT('Ctrl Pts',(21.5946388966247,19.8691273067293,-22.0921215971661));
#2457=CARTESIAN_POINT('Ctrl Pts',(21.6552379629009,20.6075043329425,-22.0921215971661));
#2458=CARTESIAN_POINT('Ctrl Pts',(21.1313711479217,21.1313711479217,-22.0921215971661));
#2459=CARTESIAN_POINT('Ctrl Pts',(20.6075043329425,21.6552379629009,-22.0921215971661));
#2460=CARTESIAN_POINT('Ctrl Pts',(19.8691273067293,21.5946388966247,-22.0921215971661));
#2461=CARTESIAN_POINT('',(21.6000002980232,20.0000002980232,-22.0921215971661));
#2462=CARTESIAN_POINT('Origin',(20.0000002980232,20.0000002980232,-22.0921215971661));
#2463=CARTESIAN_POINT('Origin',(20.0000002980232,20.0000002980232,-22.0921215971661));
#2464=CARTESIAN_POINT('Origin',(20.0000002980232,20.0000002980232,-24.));
#2465=CARTESIAN_POINT('Origin',(-19.059350673098,31.4614652254715,-24.));
#2466=CARTESIAN_POINT('',(-19.8691273067293,21.5946388966247,-22.0921215971661));
#2467=CARTESIAN_POINT('Ctrl Pts',(-19.8691273067293,21.5946388966247,-22.0921215971661));
#2468=CARTESIAN_POINT('Ctrl Pts',(-19.8031556001784,21.5892245572348,-22.0921215971661));
#2469=CARTESIAN_POINT('Ctrl Pts',(-19.7373223118559,21.5797049713825,-22.0906016264061));
#2470=CARTESIAN_POINT('Ctrl Pts',(-19.5079338225452,21.5316461452315,-22.0802532403678));
#2471=CARTESIAN_POINT('Ctrl Pts',(-19.3508922515238,21.4718730213493,-22.0636315801746));
#2472=CARTESIAN_POINT('Ctrl Pts',(-19.1223476948913,21.3412921877438,-22.0358468139166));
#2473=CARTESIAN_POINT('Ctrl Pts',(-19.0427561703925,21.2857345711556,-22.0254732580095));
#2474=CARTESIAN_POINT('Ctrl Pts',(-18.8783363452446,21.1470785813793,-22.0070121162567));
#2475=CARTESIAN_POINT('Ctrl Pts',(-18.7966776117613,21.0611505918944,-22.));
#2476=CARTESIAN_POINT('Ctrl Pts',(-18.7251179203922,20.9667861704924,-22.));
#2477=CARTESIAN_POINT('',(-19.7546134393471,22.989947670401,-24.));
#2478=CARTESIAN_POINT('Origin',(-19.059350673098,31.4614652254715,-24.));
#2479=CARTESIAN_POINT('Origin',(-19.9182046784645,20.9966494221492,-24.));
#2480=CARTESIAN_POINT('Origin',(-31.4614652254715,19.059350673098,-24.));
#2481=CARTESIAN_POINT('',(-22.9657726571551,18.78878130186,-24.));
#2482=CARTESIAN_POINT('Origin',(-20.9667861704924,18.7251179203922,-24.));
#2483=CARTESIAN_POINT('',(-24.1914434938088,14.6551726543126,-24.));
#2484=CARTESIAN_POINT('Origin',(-31.4614652254715,19.059350673098,-24.));
#2485=CARTESIAN_POINT('Origin',(-22.4808501451823,13.6188954734219,-24.));
#2486=CARTESIAN_POINT('Origin',(0.,0.,-24.));
#2487=CARTESIAN_POINT('',(-27.8459009516352,4.96042579156076,-24.));
#2488=CARTESIAN_POINT('Ctrl Pts',(-27.8459009516352,4.96042579156076,-24.));
#2489=CARTESIAN_POINT('Ctrl Pts',(-27.8459009516352,4.96042579156076,-23.7544620684835));
#2490=CARTESIAN_POINT('Ctrl Pts',(-27.7877927465938,4.96042579156076,-23.4656032488533));
#2491=CARTESIAN_POINT('Ctrl Pts',(-27.5976566250148,4.96042579156076,-23.0106892616827));
#2492=CARTESIAN_POINT('Ctrl Pts',(-27.431297896223,4.96042579156076,-22.7646353964043));
#2493=CARTESIAN_POINT('Ctrl Pts',(-27.0777241572422,4.96042579156076,-22.4144692500699));
#2494=CARTESIAN_POINT('Ctrl Pts',(-26.8272162549382,4.96042579156076,-22.2491603070937));
#2495=CARTESIAN_POINT('Ctrl Pts',(-26.3620805383153,4.96042579156076,-22.0583641310348));
#2496=CARTESIAN_POINT('Ctrl Pts',(-26.0645908268384,4.96042579156076,-22.));
#2497=CARTESIAN_POINT('Ctrl Pts',(-25.811956786198,4.96042579156076,-22.));
#2498=CARTESIAN_POINT('Origin',(0.,0.,-24.));
#2499=CARTESIAN_POINT('Origin',(-31.4614652254715,19.059350673098,-24.));
#2500=CARTESIAN_POINT('',(-21.5946388966249,19.8691273067293,-22.0921215971662));
#2501=CARTESIAN_POINT('Ctrl Pts',(-20.9667861704924,18.7251179203922,-22.));
#2502=CARTESIAN_POINT('Ctrl Pts',(-21.0758362306832,18.807814221976,-22.));
#2503=CARTESIAN_POINT('Ctrl Pts',(-21.1737930798377,18.9041297872001,-22.0093803251524));
#2504=CARTESIAN_POINT('Ctrl Pts',(-21.3703281605425,19.1543678828814,-22.0390404575631));
#2505=CARTESIAN_POINT('Ctrl Pts',(-21.4578656821438,19.3158419532679,-22.0614153364937));
#2506=CARTESIAN_POINT('Ctrl Pts',(-21.5577793751783,19.6123943109402,-22.086084781016));
#2507=CARTESIAN_POINT('Ctrl Pts',(-21.5840198441353,19.7397381118102,-22.0921215971661));
#2508=CARTESIAN_POINT('Ctrl Pts',(-21.5946388966247,19.8691273067293,-22.0921215971661));
#2509=CARTESIAN_POINT('',(-22.989947670401,19.7546134393471,-24.));
#2510=CARTESIAN_POINT('Origin',(-20.9966494221492,19.9182046784645,-24.));
#2511=CARTESIAN_POINT('Origin',(-31.4614652254715,19.059350673098,-24.));
#2512=CARTESIAN_POINT('Ctrl Pts',(-19.7546134393471,22.989947670401,-24.));
#2513=CARTESIAN_POINT('Ctrl Pts',(-21.1390703634968,23.1035709196689,-24.));
#2514=CARTESIAN_POINT('Ctrl Pts',(-22.1213206415829,22.1213206415829,-24.));
#2515=CARTESIAN_POINT('Ctrl Pts',(-23.1035709196689,21.1390703634968,-24.));
#2516=CARTESIAN_POINT('Ctrl Pts',(-22.989947670401,19.7546134393471,-24.));
#2517=CARTESIAN_POINT('Ctrl Pts',(-19.7546134393471,22.989947670401,-22.5324012285893));
#2518=CARTESIAN_POINT('Ctrl Pts',(-21.1390703634968,23.1035709196689,-22.5324012285893));
#2519=CARTESIAN_POINT('Ctrl Pts',(-22.1213206415829,22.1213206415829,-22.5324012285893));
#2520=CARTESIAN_POINT('Ctrl Pts',(-23.1035709196689,21.1390703634968,-22.5324012285893));
#2521=CARTESIAN_POINT('Ctrl Pts',(-22.989947670401,19.7546134393471,-22.5324012285893));
#2522=CARTESIAN_POINT('Ctrl Pts',(-19.8691273067293,21.5946388966247,-22.0921215971661));
#2523=CARTESIAN_POINT('Ctrl Pts',(-20.6075043329425,21.6552379629009,-22.0921215971661));
#2524=CARTESIAN_POINT('Ctrl Pts',(-21.1313711479217,21.1313711479217,-22.0921215971661));
#2525=CARTESIAN_POINT('Ctrl Pts',(-21.6552379629009,20.6075043329425,-22.0921215971661));
#2526=CARTESIAN_POINT('Ctrl Pts',(-21.5946388966247,19.8691273067293,-22.0921215971661));
#2527=CARTESIAN_POINT('Origin',(-20.0000002980232,20.0000002980232,-22.0921215971661));
#2528=CARTESIAN_POINT('Origin',(-20.0000002980232,20.0000002980232,-24.));
#2529=CARTESIAN_POINT('Origin',(20.0000002980232,20.0000002980232,-23.));
#2530=CARTESIAN_POINT('',(21.6000002980232,20.0000002980232,-29.));
#2531=CARTESIAN_POINT('Origin',(20.0000002980232,20.0000002980232,-29.));
#2532=CARTESIAN_POINT('',(21.6000002980232,20.0000002980232,-23.));
#2533=CARTESIAN_POINT('Origin',(-20.0000002980232,20.0000002980232,-23.));
#2534=CARTESIAN_POINT('',(-18.4000002980232,20.0000002980232,-29.));
#2535=CARTESIAN_POINT('Origin',(-20.0000002980232,20.0000002980232,-29.));
#2536=CARTESIAN_POINT('',(-18.4000002980232,20.0000002980232,-23.));
#2537=CARTESIAN_POINT('Origin',(-16.,4.96042579156076,-22.0057841023811));
#2538=CARTESIAN_POINT('',(-27.8459009516352,4.96042579156076,-29.));
#2539=CARTESIAN_POINT('',(-27.8459009516352,4.96042579156076,-23.));
#2540=CARTESIAN_POINT('',(-19.,4.96042579156076,-29.));
#2541=CARTESIAN_POINT('',(-8.,4.96042579156076,-29.));
#2542=CARTESIAN_POINT('',(-19.,4.96042579156076,-26.1278351311984));
#2543=CARTESIAN_POINT('',(-19.,4.96042579156076,-23.7528920511906));
#2544=CARTESIAN_POINT('',(-20.9199468443295,4.96042579140188,-26.1278351337089));
#2545=CARTESIAN_POINT('',(-16.,4.96042579156076,-26.1278351311984));
#2546=CARTESIAN_POINT('',(-20.9199468443295,4.96042579140188,-24.8721648662911));
#2547=CARTESIAN_POINT('',(-20.9199468442541,4.96042579156076,-23.));
#2548=CARTESIAN_POINT('',(-19.,4.96042579156076,-24.8721648688016));
#2549=CARTESIAN_POINT('',(-16.,4.96042579156076,-24.8721648688016));
#2550=CARTESIAN_POINT('',(-19.,4.96042579156076,-23.7528920511906));
#2551=CARTESIAN_POINT('Origin',(0.,0.,-23.));
#2552=CARTESIAN_POINT('',(-24.1914434938089,14.6551726543126,-29.));
#2553=CARTESIAN_POINT('',(-24.1914434938088,14.6551726543126,-23.));
#2554=CARTESIAN_POINT('Origin',(0.,0.,-29.));
#2555=CARTESIAN_POINT('Origin',(0.,0.,-24.));
#2556=CARTESIAN_POINT('',(-27.8388222289809,-5.00000007450581,-24.));
#2557=CARTESIAN_POINT('Ctrl Pts',(-25.8043201115836,-5.00000007450581,-22.));
#2558=CARTESIAN_POINT('Ctrl Pts',(-26.0559607359631,-5.00000007450581,-22.));
#2559=CARTESIAN_POINT('Ctrl Pts',(-26.3523309558406,-5.00000007450581,-22.0578776148141));
#2560=CARTESIAN_POINT('Ctrl Pts',(-26.8159409124921,-5.00000007450581,-22.2471141717539));
#2561=CARTESIAN_POINT('Ctrl Pts',(-27.0658639816156,-5.00000007450581,-22.4111084657884));
#2562=CARTESIAN_POINT('Ctrl Pts',(-27.4207041741247,-5.00000007450581,-22.7601194069562));
#2563=CARTESIAN_POINT('Ctrl Pts',(-27.5884512970866,-5.00000007450581,-23.0068256118741));
#2564=CARTESIAN_POINT('Ctrl Pts',(-27.7802095288207,-5.00000007450581,-23.4633834690453));
#2565=CARTESIAN_POINT('Ctrl Pts',(-27.8388222289809,-5.00000007450581,-23.7534182986738));
#2566=CARTESIAN_POINT('Ctrl Pts',(-27.8388222289809,-5.00000007450581,-24.));
#2567=CARTESIAN_POINT('',(-24.1914434938089,-14.6551726543126,-24.));
#2568=CARTESIAN_POINT('Origin',(0.,0.,-24.));
#2569=CARTESIAN_POINT('Origin',(-22.4808501451823,-13.6188954734219,-24.));
#2570=CARTESIAN_POINT('Origin',(-31.4614652254715,-19.0593506730979,-24.));
#2571=CARTESIAN_POINT('',(-22.9657726571551,-18.78878130186,-24.));
#2572=CARTESIAN_POINT('Origin',(-20.9667861704924,-18.7251179203922,-24.));
#2573=CARTESIAN_POINT('Origin',(-31.4614652254715,-19.0593506730979,-24.));
#2574=CARTESIAN_POINT('Origin',(-31.4614652254715,-19.0593506730979,-24.));
#2575=CARTESIAN_POINT('',(-21.5946388966247,-19.8691273067293,-22.0921215971661));
#2576=CARTESIAN_POINT('Ctrl Pts',(-21.5946388966247,-19.8691273067293,-22.0921215971661));
#2577=CARTESIAN_POINT('Ctrl Pts',(-21.5892245572348,-19.8031556001783,-22.0921215971661));
#2578=CARTESIAN_POINT('Ctrl Pts',(-21.5797049713824,-19.7373223118555,-22.0906016264061));
#2579=CARTESIAN_POINT('Ctrl Pts',(-21.5316461452313,-19.5079338225447,-22.0802532403678));
#2580=CARTESIAN_POINT('Ctrl Pts',(-21.4718730213492,-19.3508922515235,-22.0636315801745));
#2581=CARTESIAN_POINT('Ctrl Pts',(-21.3412921877437,-19.1223476948911,-22.0358468139166));
#2582=CARTESIAN_POINT('Ctrl Pts',(-21.2857345711554,-19.0427561703923,-22.0254732580095));
#2583=CARTESIAN_POINT('Ctrl Pts',(-21.1470785813792,-18.8783363452445,-22.0070121162567));
#2584=CARTESIAN_POINT('Ctrl Pts',(-21.0611505918943,-18.7966776117613,-22.));
#2585=CARTESIAN_POINT('Ctrl Pts',(-20.9667861704924,-18.7251179203922,-22.));
#2586=CARTESIAN_POINT('',(-22.989947670401,-19.7546134393471,-24.));
#2587=CARTESIAN_POINT('Origin',(-31.4614652254715,-19.0593506730979,-24.));
#2588=CARTESIAN_POINT('Origin',(-20.9966494221492,-19.9182046784645,-24.));
#2589=CARTESIAN_POINT('Origin',(-19.059350673098,-31.4614652254715,-24.));
#2590=CARTESIAN_POINT('',(-18.78878130186,-22.9657726571551,-24.));
#2591=CARTESIAN_POINT('Origin',(-18.7251179203922,-20.9667861704924,-24.));
#2592=CARTESIAN_POINT('',(-14.6551726543126,-24.1914434938089,-24.));
#2593=CARTESIAN_POINT('Origin',(-19.059350673098,-31.4614652254715,-24.));
#2594=CARTESIAN_POINT('Origin',(-13.6188954734219,-22.4808501451823,-24.));
#2595=CARTESIAN_POINT('Origin',(0.,0.,-24.));
#2596=CARTESIAN_POINT('',(14.6551726543126,-24.1914434938089,-24.));
#2597=CARTESIAN_POINT('Origin',(13.6188954734219,-22.4808501451823,-24.));
#2598=CARTESIAN_POINT('Origin',(0.,0.,-24.));
#2599=CARTESIAN_POINT('Origin',(19.059350673098,-31.4614652254715,-24.));
#2600=CARTESIAN_POINT('',(18.78878130186,-22.9657726571551,-24.));
#2601=CARTESIAN_POINT('Origin',(18.7251179203922,-20.9667861704924,-24.));
#2602=CARTESIAN_POINT('Origin',(19.059350673098,-31.4614652254715,-24.));
#2603=CARTESIAN_POINT('Origin',(-19.059350673098,-31.4614652254715,-24.));
#2604=CARTESIAN_POINT('',(-19.8691273067293,-21.5946388966247,-22.0921215971661));
#2605=CARTESIAN_POINT('Ctrl Pts',(-18.7251179203922,-20.9667861704924,-22.));
#2606=CARTESIAN_POINT('Ctrl Pts',(-18.807814221976,-21.0758362306833,-22.));
#2607=CARTESIAN_POINT('Ctrl Pts',(-18.9041297872002,-21.1737930798378,-22.0093803251524));
#2608=CARTESIAN_POINT('Ctrl Pts',(-19.1543678828815,-21.3703281605426,-22.0390404575632));
#2609=CARTESIAN_POINT('Ctrl Pts',(-19.3158419532681,-21.4578656821439,-22.0614153364938));
#2610=CARTESIAN_POINT('Ctrl Pts',(-19.6123943109404,-21.5577793751784,-22.086084781016));
#2611=CARTESIAN_POINT('Ctrl Pts',(-19.7397381118103,-21.5840198441353,-22.0921215971661));
#2612=CARTESIAN_POINT('Ctrl Pts',(-19.8691273067293,-21.5946388966247,-22.0921215971661));
#2613=CARTESIAN_POINT('',(-19.7546134393471,-22.989947670401,-24.));
#2614=CARTESIAN_POINT('Origin',(-19.9182046784645,-20.9966494221492,-24.));
#2615=CARTESIAN_POINT('Origin',(-19.059350673098,-31.4614652254715,-24.));
#2616=CARTESIAN_POINT('Ctrl Pts',(-22.989947670401,-19.7546134393471,-24.));
#2617=CARTESIAN_POINT('Ctrl Pts',(-23.1035709196689,-21.1390703634968,-24.));
#2618=CARTESIAN_POINT('Ctrl Pts',(-22.1213206415829,-22.1213206415829,-24.));
#2619=CARTESIAN_POINT('Ctrl Pts',(-21.1390703634968,-23.1035709196689,-24.));
#2620=CARTESIAN_POINT('Ctrl Pts',(-19.7546134393471,-22.989947670401,-24.));
#2621=CARTESIAN_POINT('Ctrl Pts',(-22.989947670401,-19.7546134393471,-22.5324012285893));
#2622=CARTESIAN_POINT('Ctrl Pts',(-23.1035709196689,-21.1390703634968,-22.5324012285893));
#2623=CARTESIAN_POINT('Ctrl Pts',(-22.1213206415829,-22.1213206415829,-22.5324012285893));
#2624=CARTESIAN_POINT('Ctrl Pts',(-21.1390703634968,-23.1035709196689,-22.5324012285893));
#2625=CARTESIAN_POINT('Ctrl Pts',(-19.7546134393471,-22.989947670401,-22.5324012285893));
#2626=CARTESIAN_POINT('Ctrl Pts',(-21.5946388966247,-19.8691273067293,-22.0921215971661));
#2627=CARTESIAN_POINT('Ctrl Pts',(-21.6552379629009,-20.6075043329425,-22.0921215971661));
#2628=CARTESIAN_POINT('Ctrl Pts',(-21.1313711479217,-21.1313711479217,-22.0921215971661));
#2629=CARTESIAN_POINT('Ctrl Pts',(-20.6075043329425,-21.6552379629009,-22.0921215971661));
#2630=CARTESIAN_POINT('Ctrl Pts',(-19.8691273067293,-21.5946388966247,-22.0921215971661));
#2631=CARTESIAN_POINT('Origin',(-20.0000002980232,-20.0000002980232,-22.0921215971661));
#2632=CARTESIAN_POINT('Origin',(-20.0000002980232,-20.0000002980232,-24.));
#2633=CARTESIAN_POINT('Origin',(19.059350673098,-31.4614652254715,-24.));
#2634=CARTESIAN_POINT('',(19.8691273067293,-21.5946388966247,-22.0921215971661));
#2635=CARTESIAN_POINT('Ctrl Pts',(19.8691273067293,-21.5946388966247,-22.0921215971661));
#2636=CARTESIAN_POINT('Ctrl Pts',(19.8031556001782,-21.5892245572348,-22.0921215971661));
#2637=CARTESIAN_POINT('Ctrl Pts',(19.7373223118553,-21.5797049713824,-22.0906016264061));
#2638=CARTESIAN_POINT('Ctrl Pts',(19.5079338225445,-21.5316461452312,-22.0802532403678));
#2639=CARTESIAN_POINT('Ctrl Pts',(19.3508922515233,-21.4718730213491,-22.0636315801745));
#2640=CARTESIAN_POINT('Ctrl Pts',(19.122347694891,-21.3412921877436,-22.0358468139166));
#2641=CARTESIAN_POINT('Ctrl Pts',(19.0427561703923,-21.2857345711554,-22.0254732580095));
#2642=CARTESIAN_POINT('Ctrl Pts',(18.8783363452445,-21.1470785813792,-22.0070121162567));
#2643=CARTESIAN_POINT('Ctrl Pts',(18.7966776117613,-21.0611505918943,-22.));
#2644=CARTESIAN_POINT('Ctrl Pts',(18.7251179203922,-20.9667861704924,-22.));
#2645=CARTESIAN_POINT('',(19.7546134393471,-22.989947670401,-24.));
#2646=CARTESIAN_POINT('Origin',(19.059350673098,-31.4614652254715,-24.));
#2647=CARTESIAN_POINT('Origin',(19.9182046784645,-20.9966494221492,-24.));
#2648=CARTESIAN_POINT('Origin',(31.4614652254715,-19.0593506730979,-24.));
#2649=CARTESIAN_POINT('',(22.9657726571551,-18.78878130186,-24.));
#2650=CARTESIAN_POINT('Origin',(20.9667861704924,-18.7251179203922,-24.));
#2651=CARTESIAN_POINT('',(24.1914434938089,-14.6551726543126,-24.));
#2652=CARTESIAN_POINT('Origin',(31.4614652254715,-19.0593506730979,-24.));
#2653=CARTESIAN_POINT('Origin',(22.4808501451823,-13.6188954734219,-24.));
#2654=CARTESIAN_POINT('Origin',(0.,0.,-24.));
#2655=CARTESIAN_POINT('',(27.8388222289809,-5.00000007450581,-24.));
#2656=CARTESIAN_POINT('Ctrl Pts',(27.8388222289809,-5.00000007450581,-24.));
#2657=CARTESIAN_POINT('Ctrl Pts',(27.8388222289809,-5.00000007450581,-23.7544830589828));
#2658=CARTESIAN_POINT('Ctrl Pts',(27.7807087718972,-5.00000007450581,-23.4656509892678));
#2659=CARTESIAN_POINT('Ctrl Pts',(27.5905527526603,-5.00000007450581,-23.0107559638653));
#2660=CARTESIAN_POINT('Ctrl Pts',(27.424164607699,-5.00000007450581,-22.7647058094698));
#2661=CARTESIAN_POINT('Ctrl Pts',(27.0705170543654,-5.00000007450581,-22.4145217478167));
#2662=CARTESIAN_POINT('Ctrl Pts',(26.8199397388172,-5.00000007450581,-22.2492005936473));
#2663=CARTESIAN_POINT('Ctrl Pts',(26.3546549064324,-5.00000007450581,-22.0583735866083));
#2664=CARTESIAN_POINT('Ctrl Pts',(26.057049928188,-5.00000007450581,-22.));
#2665=CARTESIAN_POINT('Ctrl Pts',(25.8043201115836,-5.00000007450581,-22.));
#2666=CARTESIAN_POINT('Origin',(0.,0.,-24.));
#2667=CARTESIAN_POINT('Origin',(31.4614652254715,-19.0593506730979,-24.));
#2668=CARTESIAN_POINT('',(21.5946388966247,-19.8691273067293,-22.0921215971661));
#2669=CARTESIAN_POINT('Ctrl Pts',(20.9667861704924,-18.7251179203922,-22.));
#2670=CARTESIAN_POINT('Ctrl Pts',(21.0902413351653,-18.8187380936594,-22.));
#2671=CARTESIAN_POINT('Ctrl Pts',(21.1992255542905,-18.9296219609602,-22.0120163702875));
#2672=CARTESIAN_POINT('Ctrl Pts',(21.3994198828225,-19.2027779724396,-22.0454317372202));
#2673=CARTESIAN_POINT('Ctrl Pts',(21.482441374387,-19.369976793801,-22.0676508484685));
#2674=CARTESIAN_POINT('Ctrl Pts',(21.5658323784387,-19.6533612479641,-22.0879329921132));
#2675=CARTESIAN_POINT('Ctrl Pts',(21.5857390008391,-19.7606853952016,-22.0921215971661));
#2676=CARTESIAN_POINT('Ctrl Pts',(21.5946388966247,-19.8691273067293,-22.0921215971661));
#2677=CARTESIAN_POINT('',(22.989947670401,-19.7546134393471,-24.));
#2678=CARTESIAN_POINT('Origin',(20.9966494221492,-19.9182046784645,-24.));
#2679=CARTESIAN_POINT('Origin',(31.4614652254715,-19.0593506730979,-24.));
#2680=CARTESIAN_POINT('Ctrl Pts',(19.7546134393471,-22.989947670401,-24.));
#2681=CARTESIAN_POINT('Ctrl Pts',(21.1390703634968,-23.1035709196689,-24.));
#2682=CARTESIAN_POINT('Ctrl Pts',(22.1213206415829,-22.1213206415829,-24.));
#2683=CARTESIAN_POINT('Ctrl Pts',(23.1035709196689,-21.1390703634968,-24.));
#2684=CARTESIAN_POINT('Ctrl Pts',(22.989947670401,-19.7546134393471,-24.));
#2685=CARTESIAN_POINT('Ctrl Pts',(19.7546134393471,-22.989947670401,-22.5324012285893));
#2686=CARTESIAN_POINT('Ctrl Pts',(21.1390703634968,-23.1035709196689,-22.5324012285893));
#2687=CARTESIAN_POINT('Ctrl Pts',(22.1213206415829,-22.1213206415829,-22.5324012285893));
#2688=CARTESIAN_POINT('Ctrl Pts',(23.1035709196689,-21.1390703634968,-22.5324012285893));
#2689=CARTESIAN_POINT('Ctrl Pts',(22.989947670401,-19.7546134393471,-22.5324012285893));
#2690=CARTESIAN_POINT('Ctrl Pts',(19.8691273067293,-21.5946388966247,-22.0921215971661));
#2691=CARTESIAN_POINT('Ctrl Pts',(20.6075043329425,-21.6552379629009,-22.0921215971661));
#2692=CARTESIAN_POINT('Ctrl Pts',(21.1313711479217,-21.1313711479217,-22.0921215971661));
#2693=CARTESIAN_POINT('Ctrl Pts',(21.6552379629009,-20.6075043329425,-22.0921215971661));
#2694=CARTESIAN_POINT('Ctrl Pts',(21.5946388966247,-19.8691273067293,-22.0921215971661));
#2695=CARTESIAN_POINT('',(21.6000002980232,-20.0000002980232,-22.0921215971661));
#2696=CARTESIAN_POINT('Origin',(20.0000002980232,-20.0000002980232,-22.0921215971661));
#2697=CARTESIAN_POINT('Origin',(20.0000002980232,-20.0000002980232,-22.0921215971661));
#2698=CARTESIAN_POINT('Origin',(20.0000002980232,-20.0000002980232,-24.));
#2699=CARTESIAN_POINT('Origin',(-20.0000002980232,-20.0000002980232,-23.));
#2700=CARTESIAN_POINT('',(-18.4000002980232,-20.0000002980232,-29.));
#2701=CARTESIAN_POINT('Origin',(-20.0000002980232,-20.0000002980232,-29.));
#2702=CARTESIAN_POINT('',(-18.4000002980232,-20.0000002980232,-23.));
#2703=CARTESIAN_POINT('Origin',(20.0000002980232,-20.0000002980232,-23.));
#2704=CARTESIAN_POINT('',(21.6000002980232,-20.0000002980232,-29.));
#2705=CARTESIAN_POINT('Origin',(20.0000002980232,-20.0000002980232,-29.));
#2706=CARTESIAN_POINT('',(21.6000002980232,-20.0000002980232,-23.));
#2707=CARTESIAN_POINT('Origin',(16.,-5.00000007450581,-22.0057841023811));
#2708=CARTESIAN_POINT('',(27.8388222289809,-5.00000007450581,-29.));
#2709=CARTESIAN_POINT('',(27.8388222289809,-5.00000007450581,-23.));
#2710=CARTESIAN_POINT('',(19.,-5.00000007450581,-29.));
#2711=CARTESIAN_POINT('',(8.,-5.00000007450581,-29.));
#2712=CARTESIAN_POINT('',(19.,-5.00000007450581,-23.7528920511906));
#2713=CARTESIAN_POINT('Origin',(19.,9.93410731453537E-8,-25.5));
#2714=CARTESIAN_POINT('',(19.,4.96042579156076,-24.8721648688016));
#2715=CARTESIAN_POINT('',(19.,4.96042579156076,-26.1278351311984));
#2716=CARTESIAN_POINT('Origin',(19.,9.93410731453537E-8,-25.5));
#2717=CARTESIAN_POINT('',(19.,4.96042579156076,-28.250000230968));
#2718=CARTESIAN_POINT('',(19.,4.96042579156076,-29.));
#2719=CARTESIAN_POINT('',(19.,-0.0098935707362624,-29.));
#2720=CARTESIAN_POINT('',(19.,4.96042579156076,-28.250000230968));
#2721=CARTESIAN_POINT('',(19.,2.60000009934107,-25.5));
#2722=CARTESIAN_POINT('Origin',(19.,9.93410731453537E-8,-25.5));
#2723=CARTESIAN_POINT('Origin',(-19.,9.93410731453537E-8,-25.5));
#2724=CARTESIAN_POINT('Origin',(-19.,9.93410731453537E-8,-25.5));
#2725=CARTESIAN_POINT('',(-19.,-5.00000007450581,-29.));
#2726=CARTESIAN_POINT('',(-19.,-0.0098935707362624,-29.));
#2727=CARTESIAN_POINT('',(-19.,-5.00000007450581,-28.250000230968));
#2728=CARTESIAN_POINT('',(-19.,2.60000009934107,-25.5));
#2729=CARTESIAN_POINT('Origin',(-19.,9.93410731453537E-8,-25.5));
#2730=CARTESIAN_POINT('Origin',(-16.,-5.00000007450581,-31.000000461936));
#2731=CARTESIAN_POINT('',(-27.8388222289809,-5.00000007450581,-29.));
#2732=CARTESIAN_POINT('',(-8.,-5.00000007450581,-29.));
#2733=CARTESIAN_POINT('',(-27.8388222289809,-5.00000007450581,-23.));
#2734=CARTESIAN_POINT('Origin',(-16.,9.93410731453537E-8,-25.5));
#2735=CARTESIAN_POINT('',(-16.,2.60000009934107,-25.5));
#2736=CARTESIAN_POINT('Origin',(-16.,9.93410731453537E-8,-25.5));
#2737=CARTESIAN_POINT('',(-11.,2.60000009934107,-25.5));
#2738=CARTESIAN_POINT('',(-16.,2.60000009934107,-25.5));
#2739=CARTESIAN_POINT('Origin',(-11.,9.93410731453537E-8,-25.5));
#2740=CARTESIAN_POINT('Origin',(-16.,9.93410731453537E-8,-25.5));
#2741=CARTESIAN_POINT('Ctrl Pts',(-20.9199468443295,4.960425791243,-26.1278351337089));
#2742=CARTESIAN_POINT('Ctrl Pts',(-20.9136033909958,4.98717847581769,-25.9164664211813));
#2743=CARTESIAN_POINT('Ctrl Pts',(-20.9105236425726,5.00000009934107,-25.7060284527665));
#2744=CARTESIAN_POINT('Ctrl Pts',(-20.9105236425726,5.00000009934107,-25.5));
#2745=CARTESIAN_POINT('Ctrl Pts',(-20.9105236425726,5.00000009934107,-25.2939715472335));
#2746=CARTESIAN_POINT('Ctrl Pts',(-20.9136033909958,4.98717847581769,-25.0835335788187));
#2747=CARTESIAN_POINT('Ctrl Pts',(-20.9199468443295,4.960425791243,-24.8721648662911));
#2748=CARTESIAN_POINT('Origin',(0.,0.,-29.));
#2749=CARTESIAN_POINT('',(-22.989947670401,19.7546134393471,-29.));
#2750=CARTESIAN_POINT('Origin',(-31.4614652254715,19.059350673098,-29.));
#2751=CARTESIAN_POINT('',(-19.7546134393471,22.989947670401,-29.));
#2752=CARTESIAN_POINT('Origin',(-20.0000002980232,20.0000002980232,-29.));
#2753=CARTESIAN_POINT('',(-14.6551726543126,24.1914434938089,-29.));
#2754=CARTESIAN_POINT('Origin',(-19.059350673098,31.4614652254715,-29.));
#2755=CARTESIAN_POINT('',(14.6551726543126,24.1914434938089,-29.));
#2756=CARTESIAN_POINT('Origin',(0.,0.,-29.));
#2757=CARTESIAN_POINT('',(19.7546134393471,22.989947670401,-29.));
#2758=CARTESIAN_POINT('Origin',(19.059350673098,31.4614652254715,-29.));
#2759=CARTESIAN_POINT('',(22.989947670401,19.7546134393471,-29.));
#2760=CARTESIAN_POINT('Origin',(20.0000002980232,20.0000002980232,-29.));
#2761=CARTESIAN_POINT('',(24.1914434938089,14.6551726543126,-29.));
#2762=CARTESIAN_POINT('Origin',(31.4614652254715,19.0593506730979,-29.));
#2763=CARTESIAN_POINT('',(27.8459009516352,4.96042579156076,-29.));
#2764=CARTESIAN_POINT('Origin',(0.,0.,-29.));
#2765=CARTESIAN_POINT('',(8.,4.96042579156076,-29.));
#2766=CARTESIAN_POINT('',(24.1914434938089,-14.6551726543126,-29.));
#2767=CARTESIAN_POINT('Origin',(0.,0.,-29.));
#2768=CARTESIAN_POINT('',(22.989947670401,-19.7546134393471,-29.));
#2769=CARTESIAN_POINT('Origin',(31.4614652254715,-19.0593506730979,-29.));
#2770=CARTESIAN_POINT('',(19.7546134393471,-22.989947670401,-29.));
#2771=CARTESIAN_POINT('Origin',(20.0000002980232,-20.0000002980232,-29.));
#2772=CARTESIAN_POINT('',(14.6551726543126,-24.1914434938089,-29.));
#2773=CARTESIAN_POINT('Origin',(19.059350673098,-31.4614652254715,-29.));
#2774=CARTESIAN_POINT('',(-14.6551726543126,-24.1914434938089,-29.));
#2775=CARTESIAN_POINT('Origin',(0.,0.,-29.));
#2776=CARTESIAN_POINT('',(-19.7546134393471,-22.989947670401,-29.));
#2777=CARTESIAN_POINT('Origin',(-19.059350673098,-31.4614652254715,-29.));
#2778=CARTESIAN_POINT('',(-22.989947670401,-19.7546134393471,-29.));
#2779=CARTESIAN_POINT('Origin',(-20.0000002980232,-20.0000002980232,-29.));
#2780=CARTESIAN_POINT('',(-24.1914434938089,-14.6551726543126,-29.));
#2781=CARTESIAN_POINT('Origin',(-31.4614652254715,-19.0593506730979,-29.));
#2782=CARTESIAN_POINT('Origin',(0.,0.,-29.));
#2783=CARTESIAN_POINT('',(12.588457500406,9.00000013411044,-29.));
#2784=CARTESIAN_POINT('Origin',(15.588457500406,9.00000013411044,-29.));
#2785=CARTESIAN_POINT('',(-18.588457500406,-9.00000013411045,-29.));
#2786=CARTESIAN_POINT('Origin',(-15.588457500406,-9.00000013411045,-29.));
#2787=CARTESIAN_POINT('',(-3.,18.0000002682209,-29.));
#2788=CARTESIAN_POINT('Origin',(0.,18.0000002682209,-29.));
#2789=CARTESIAN_POINT('',(12.588457500406,-9.00000013411045,-29.));
#2790=CARTESIAN_POINT('Origin',(15.588457500406,-9.00000013411045,-29.));
#2791=CARTESIAN_POINT('',(-3.,-18.0000002682209,-29.));
#2792=CARTESIAN_POINT('Origin',(-2.20436427131282E-15,-18.0000002682209,
-29.));
#2793=CARTESIAN_POINT('',(-18.588457500406,9.00000013411045,-29.));
#2794=CARTESIAN_POINT('Origin',(-15.588457500406,9.00000013411045,-29.));
#2795=CARTESIAN_POINT('',(-11.,-5.5,-29.));
#2796=CARTESIAN_POINT('',(11.,-5.,-29.0000000496705));
#2797=CARTESIAN_POINT('Origin',(16.,4.96042579156076,-31.000000461936));
#2798=CARTESIAN_POINT('',(20.9199468443295,4.96042579140188,-24.8721648662911));
#2799=CARTESIAN_POINT('',(19.,4.96042579156076,-24.8721648688016));
#2800=CARTESIAN_POINT('',(20.9199468443295,4.96042579140188,-26.1278351337089));
#2801=CARTESIAN_POINT('',(20.9199468442541,4.96042579156076,-23.));
#2802=CARTESIAN_POINT('',(19.,4.96042579156076,-26.1278351311984));
#2803=CARTESIAN_POINT('',(27.8459009516352,4.96042579156076,-23.));
#2804=CARTESIAN_POINT('Origin',(0.,-2.22044604925031E-15,-23.));
#2805=CARTESIAN_POINT('Ctrl Pts',(20.9199468443295,4.960425791243,-24.8721648662911));
#2806=CARTESIAN_POINT('Ctrl Pts',(20.9136033909958,4.98717847581769,-25.0835335788187));
#2807=CARTESIAN_POINT('Ctrl Pts',(20.9105236425726,5.00000009934107,-25.2939715472335));
#2808=CARTESIAN_POINT('Ctrl Pts',(20.9105236425726,5.00000009934107,-25.5));
#2809=CARTESIAN_POINT('Ctrl Pts',(20.9105236425726,5.00000009934107,-25.7060284527665));
#2810=CARTESIAN_POINT('Ctrl Pts',(20.9136033909958,4.98717847581769,-25.9164664211813));
#2811=CARTESIAN_POINT('Ctrl Pts',(20.9199468443295,4.960425791243,-26.1278351337089));
#2812=CARTESIAN_POINT('Origin',(0.,0.,-23.));
#2813=CARTESIAN_POINT('',(24.1914434938089,-14.6551726543126,-23.));
#2814=CARTESIAN_POINT('Origin',(-19.059350673098,31.4614652254715,-23.));
#2815=CARTESIAN_POINT('',(-14.6551726543126,24.1914434938088,-23.));
#2816=CARTESIAN_POINT('',(-19.7546134393471,22.989947670401,-23.));
#2817=CARTESIAN_POINT('Origin',(0.,0.,-23.));
#2818=CARTESIAN_POINT('',(14.6551726543126,24.1914434938088,-23.));
#2819=CARTESIAN_POINT('Origin',(31.4614652254715,19.0593506730979,-23.));
#2820=CARTESIAN_POINT('',(24.1914434938089,14.6551726543126,-23.));
#2821=CARTESIAN_POINT('',(22.989947670401,19.7546134393471,-23.));
#2822=CARTESIAN_POINT('Origin',(0.,0.,-23.));
#2823=CARTESIAN_POINT('Origin',(19.059350673098,31.4614652254715,-23.));
#2824=CARTESIAN_POINT('',(19.7546134393471,22.989947670401,-23.));
#2825=CARTESIAN_POINT('Origin',(20.0000002980232,20.0000002980232,-23.));
#2826=CARTESIAN_POINT('Origin',(31.4614652254715,-19.0593506730979,-23.));
#2827=CARTESIAN_POINT('',(22.989947670401,-19.7546134393471,-23.));
#2828=CARTESIAN_POINT('Origin',(20.0000002980232,-20.0000002980232,-23.));
#2829=CARTESIAN_POINT('',(19.7546134393471,-22.989947670401,-23.));
#2830=CARTESIAN_POINT('Origin',(19.059350673098,-31.4614652254715,-23.));
#2831=CARTESIAN_POINT('',(14.6551726543126,-24.1914434938089,-23.));
#2832=CARTESIAN_POINT('Origin',(0.,0.,-23.));
#2833=CARTESIAN_POINT('',(-14.6551726543126,-24.1914434938089,-23.));
#2834=CARTESIAN_POINT('Origin',(-19.059350673098,-31.4614652254715,-23.));
#2835=CARTESIAN_POINT('',(-19.7546134393471,-22.989947670401,-23.));
#2836=CARTESIAN_POINT('Origin',(-20.0000002980232,-20.0000002980232,-23.));
#2837=CARTESIAN_POINT('',(-22.989947670401,-19.7546134393471,-23.));
#2838=CARTESIAN_POINT('Origin',(-31.4614652254715,-19.0593506730979,-23.));
#2839=CARTESIAN_POINT('',(-24.1914434938089,-14.6551726543126,-23.));
#2840=CARTESIAN_POINT('Origin',(0.,0.,-23.));
#2841=CARTESIAN_POINT('Origin',(-31.4614652254715,19.059350673098,-23.));
#2842=CARTESIAN_POINT('',(-22.989947670401,19.7546134393471,-23.));
#2843=CARTESIAN_POINT('Origin',(-20.0000002980232,20.0000002980232,-23.));
#2844=CARTESIAN_POINT('Origin',(0.,-2.22044604925031E-15,-23.));
#2845=CARTESIAN_POINT('Origin',(19.,9.93410731453537E-8,-25.5));
#2846=CARTESIAN_POINT('Origin',(-11.,5.,-23.));
#2847=CARTESIAN_POINT('Origin',(15.588457500406,9.00000013411044,-23.));
#2848=CARTESIAN_POINT('',(12.588457500406,9.00000013411044,-23.));
#2849=CARTESIAN_POINT('Origin',(-15.588457500406,-9.00000013411045,-23.));
#2850=CARTESIAN_POINT('',(-18.588457500406,-9.00000013411045,-23.));
#2851=CARTESIAN_POINT('Origin',(0.,18.0000002682209,-23.));
#2852=CARTESIAN_POINT('',(-3.,18.0000002682209,-23.));
#2853=CARTESIAN_POINT('Origin',(15.588457500406,-9.00000013411045,-23.));
#2854=CARTESIAN_POINT('',(12.588457500406,-9.00000013411045,-23.));
#2855=CARTESIAN_POINT('Origin',(-2.20436427131282E-15,-18.0000002682209,
-23.));
#2856=CARTESIAN_POINT('',(-3.,-18.0000002682209,-23.));
#2857=CARTESIAN_POINT('Origin',(-15.588457500406,9.00000013411045,-23.));
#2858=CARTESIAN_POINT('',(-18.588457500406,9.00000013411045,-23.));
#2859=CARTESIAN_POINT('Origin',(-11.,-5.,-23.0000000496705));
#2860=UNCERTAINTY_MEASURE_WITH_UNIT(LENGTH_MEASURE(0.01),#2864,
'DISTANCE_ACCURACY_VALUE',
'Maximum model space distance between geometric entities at asserted c
onnectivities');
#2861=UNCERTAINTY_MEASURE_WITH_UNIT(LENGTH_MEASURE(0.01),#2864,
'DISTANCE_ACCURACY_VALUE',
'Maximum model space distance between geometric entities at asserted c
onnectivities');
#2862=(
GEOMETRIC_REPRESENTATION_CONTEXT(3)
GLOBAL_UNCERTAINTY_ASSIGNED_CONTEXT((#2860))
GLOBAL_UNIT_ASSIGNED_CONTEXT((#2864,#2865,#2866))
REPRESENTATION_CONTEXT('','3D')
);
#2863=(
GEOMETRIC_REPRESENTATION_CONTEXT(3)
GLOBAL_UNCERTAINTY_ASSIGNED_CONTEXT((#2861))
GLOBAL_UNIT_ASSIGNED_CONTEXT((#2864,#2865,#2866))
REPRESENTATION_CONTEXT('','3D')
);
#2864=(
LENGTH_UNIT()
NAMED_UNIT(*)
SI_UNIT(.MILLI.,.METRE.)
);
#2865=(
NAMED_UNIT(*)
PLANE_ANGLE_UNIT()
SI_UNIT($,.RADIAN.)
);
#2866=(
NAMED_UNIT(*)
SI_UNIT($,.STERADIAN.)
SOLID_ANGLE_UNIT()
);
#2867=SHAPE_DEFINITION_REPRESENTATION(#2868,#2869);
#2868=PRODUCT_DEFINITION_SHAPE('',$,#2871);
#2869=SHAPE_REPRESENTATION('',(#1516),#2862);
#2870=PRODUCT_DEFINITION_CONTEXT('part definition',#2875,'design');
#2871=PRODUCT_DEFINITION('J5','J5 v6',#2872,#2870);
#2872=PRODUCT_DEFINITION_FORMATION('',$,#2877);
#2873=PRODUCT_RELATED_PRODUCT_CATEGORY('J5 v6','J5 v6',(#2877));
#2874=APPLICATION_PROTOCOL_DEFINITION('international standard',
'automotive_design',2009,#2875);
#2875=APPLICATION_CONTEXT(
'Core Data for Automotive Mechanical Design Process');
#2876=PRODUCT_CONTEXT('part definition',#2875,'mechanical');
#2877=PRODUCT('J5','J5 v6',$,(#2876));
#2878=PRESENTATION_STYLE_ASSIGNMENT((#2879));
#2879=SURFACE_STYLE_USAGE(.BOTH.,#2880);
#2880=SURFACE_SIDE_STYLE('',(#2881));
#2881=SURFACE_STYLE_FILL_AREA(#2882);
#2882=FILL_AREA_STYLE('Steel - Satin',(#2883));
#2883=FILL_AREA_STYLE_COLOUR('Steel - Satin',#2884);
#2884=COLOUR_RGB('Steel - Satin',0.627450980392157,0.627450980392157,0.627450980392157);
ENDSEC;
END-ISO-10303-21;
