ISO-10303-21;
HEADER;
/* Generated by software containing ST-Developer
 * from STEP Tools, Inc. (www.steptools.com) 
 */

FILE_DESCRIPTION(
/* description */ (''),
/* implementation_level */ '2;1');

FILE_NAME(
/* name */ 'motor-base.step',
/* time_stamp */ '2026-10-05T20:58:32+11:00',
/* author */ (''),
/* organization */ (''),
/* preprocessor_version */ 'ST-DEVELOPER v20.2',
/* originating_system */ 'Autodesk Translation Framework v15.15.0.0',
/* authorisation */ '');

FILE_SCHEMA (('AUTOMOTIVE_DESIGN { 1 0 10303 214 3 1 1 }'));
ENDSEC;

DATA;
#10=MECHANICAL_DESIGN_GEOMETRIC_PRESENTATION_REPRESENTATION('',(#13),#4411);
#11=SHAPE_REPRESENTATION_RELATIONSHIP('SRR','None',#4418,#12);
#12=ADVANCED_BREP_SHAPE_REPRESENTATION('',(#14),#4410);
#13=STYLED_ITEM('',(#4427),#14);
#14=MANIFOLD_SOLID_BREP('odrive-mini',#2319);
#15=TOROIDAL_SURFACE('',#2476,2.,0.6);
#16=TOROIDAL_SURFACE('',#2491,2.,0.6);
#17=TOROIDAL_SURFACE('',#2498,2.,0.6);
#18=TOROIDAL_SURFACE('',#2507,2.,0.6);
#19=TOROIDAL_SURFACE('',#2579,6.,0.5);
#20=(
BOUNDED_SURFACE()
B_SPLINE_SURFACE(2,2,((#3402,#3403,#3404),(#3405,#3406,#3407),(#3408,#3409,
#3410)),.UNSPECIFIED.,.F.,.F.,.F.)
B_SPLINE_SURFACE_WITH_KNOTS((3,3),(3,3),(-2.15683413525498,-1.5707963267949),
(2.31095889413005,3.14159265358979),.UNSPECIFIED.)
GEOMETRIC_REPRESENTATION_ITEM()
RATIONAL_B_SPLINE_SURFACE(((1.,0.914988511835863,1.),(0.957376247832066,
0.875988268270865,0.957376247832066),(1.,0.914988511835863,1.)))
REPRESENTATION_ITEM('')
SURFACE()
);
#21=(
BOUNDED_SURFACE()
B_SPLINE_SURFACE(2,2,((#3412,#3413,#3414),(#3415,#3416,#3417),(#3418,#3419,
#3420)),.UNSPECIFIED.,.F.,.F.,.F.)
B_SPLINE_SURFACE_WITH_KNOTS((3,3),(3,3),(-2.21429743558851,-1.5707963267949),
(1.84180168024269,1.99317837284508),.UNSPECIFIED.)
GEOMETRIC_REPRESENTATION_ITEM()
RATIONAL_B_SPLINE_SURFACE(((1.,0.997137004285122,1.),(0.948683298050464,
0.945967221833368,0.948683298050464),(1.,0.997137004285122,1.)))
REPRESENTATION_ITEM('')
SURFACE()
);
#22=(
BOUNDED_SURFACE()
B_SPLINE_SURFACE(2,2,((#3457,#3458,#3459),(#3460,#3461,#3462),(#3463,#3464,
#3465)),.UNSPECIFIED.,.F.,.F.,.F.)
B_SPLINE_SURFACE_WITH_KNOTS((3,3),(3,3),(-2.15683413525497,-1.5707963267949),
(-3.14159265358979,-2.31095889413005),.UNSPECIFIED.)
GEOMETRIC_REPRESENTATION_ITEM()
RATIONAL_B_SPLINE_SURFACE(((1.,0.914988511835863,1.),(0.957376247832076,
0.875988268270874,0.957376247832076),(1.,0.914988511835863,1.)))
REPRESENTATION_ITEM('')
SURFACE()
);
#23=(
BOUNDED_SURFACE()
B_SPLINE_SURFACE(2,2,((#3637,#3638,#3639),(#3640,#3641,#3642),(#3643,#3644,
#3645)),.UNSPECIFIED.,.F.,.F.,.F.)
B_SPLINE_SURFACE_WITH_KNOTS((3,3),(3,3),(-2.21429743559049,-1.5707963267949),
(-1.99317837284539,-1.84180168024269),.UNSPECIFIED.)
GEOMETRIC_REPRESENTATION_ITEM()
RATIONAL_B_SPLINE_SURFACE(((1.,0.99713700428511,1.),(0.948683298050137,
0.945967221833032,0.948683298050137),(1.,0.99713700428511,1.)))
REPRESENTATION_ITEM('')
SURFACE()
);
#24=ELLIPSE('',#2355,1.4142135623731,1.);
#25=ELLIPSE('',#2419,1.4142135623731,1.);
#26=ELLIPSE('',#2421,1.4142135623731,1.);
#27=ELLIPSE('',#2425,1.4142135623731,1.);
#28=ELLIPSE('',#2426,1.41421356237309,1.);
#29=ELLIPSE('',#2428,1.41421356237309,1.);
#30=ELLIPSE('',#2435,1.4142135623731,1.);
#31=ELLIPSE('',#2436,1.4142135623731,1.);
#32=ELLIPSE('',#2438,1.41421356237309,1.);
#33=ELLIPSE('',#2467,1.4142135623731,1.);
#34=ELLIPSE('',#2469,1.4142135623731,1.);
#35=ELLIPSE('',#2471,1.4142135623731,1.);
#36=B_SPLINE_CURVE_WITH_KNOTS('',3,(#3320,#3321,#3322,#3323,#3324,#3325,
#3326,#3327,#3328,#3329,#3330,#3331),.UNSPECIFIED.,.F.,.F.,(4,2,2,2,2,4),
(-0.17000535898764,-0.124000549610696,-0.0779957402337518,-0.0389978701168758,
-0.0194989350584379,0.),.UNSPECIFIED.);
#37=B_SPLINE_CURVE_WITH_KNOTS('',3,(#3335,#3336,#3337,#3338,#3339,#3340,
#3341,#3342,#3343,#3344,#3345,#3346),.UNSPECIFIED.,.F.,.F.,(4,2,2,2,2,4),
(0.,0.0194989350584379,0.0389978701168759,0.0779957402337517,0.124000549610696,
0.17000535898764),.UNSPECIFIED.);
#38=B_SPLINE_CURVE_WITH_KNOTS('',3,(#3350,#3351,#3352,#3353,#3354,#3355,
#3356,#3357,#3358,#3359),.UNSPECIFIED.,.F.,.F.,(4,2,2,2,4),(-0.122072664594419,
-0.0782734511558448,-0.0391367255779224,-0.0195683627889612,0.),
 .UNSPECIFIED.);
#39=B_SPLINE_CURVE_WITH_KNOTS('',3,(#3361,#3362,#3363,#3364,#3365,#3366,
#3367,#3368),.UNSPECIFIED.,.F.,.F.,(4,2,2,4),(-0.0828865672580973,-0.0483599191650697,
-0.0228826476385348,-0.0218645689279733),.UNSPECIFIED.);
#40=B_SPLINE_CURVE_WITH_KNOTS('',3,(#3372,#3373,#3374,#3375,#3376,#3377),
 .UNSPECIFIED.,.F.,.F.,(4,2,4),(-0.101264378334701,-0.0810756340368028,
0.),.UNSPECIFIED.);
#41=B_SPLINE_CURVE_WITH_KNOTS('',3,(#3379,#3380,#3381,#3382,#3383,#3384,
#3385,#3386,#3387,#3388),.UNSPECIFIED.,.F.,.F.,(4,2,2,2,4),(0.489360472718136,
0.508928835507097,0.528497198296058,0.56763392387398,0.611433137312555),
 .UNSPECIFIED.);
#42=B_SPLINE_CURVE_WITH_KNOTS('',3,(#3423,#3424,#3425,#3426,#3427,#3428),
 .UNSPECIFIED.,.F.,.F.,(4,2,4),(-0.157751323733688,-0.120237386226773,-0.0924673881589416),
 .UNSPECIFIED.);
#43=B_SPLINE_CURVE_WITH_KNOTS('',3,(#3430,#3431,#3432,#3433,#3434,#3435,
#3436,#3437),.UNSPECIFIED.,.F.,.F.,(4,2,2,4),(0.207752397583207,0.233751365434626,
0.255887190249682,0.278005882856035),.UNSPECIFIED.);
#44=B_SPLINE_CURVE_WITH_KNOTS('',3,(#3561,#3562,#3563,#3564,#3565,#3566,
#3567,#3568,#3569,#3570,#3571,#3572,#3573,#3574,#3575,#3576,#3577,#3578,
#3579),.UNSPECIFIED.,.F.,.F.,(4,2,2,2,3,2,2,2,4),(-0.182590981524704,-0.180975070874353,
-0.120705474882531,-0.0603527374412657,0.,0.0603054208619894,0.120610841723979,
0.180927768056866,0.182588132215619),.UNSPECIFIED.);
#45=B_SPLINE_CURVE_WITH_KNOTS('',3,(#3590,#3591,#3592,#3593,#3594,#3595,
#3596,#3597,#3598,#3599,#3600,#3601,#3602,#3603,#3604,#3605,#3606,#3607,
#3608),.UNSPECIFIED.,.F.,.F.,(4,2,2,2,3,2,2,2,4),(-0.182590981524704,-0.180975070874353,
-0.120705474882531,-0.0603527374412657,0.,0.0603527374412661,0.120705474882532,
0.180975070874354,0.182590981524705),.UNSPECIFIED.);
#46=B_SPLINE_CURVE_WITH_KNOTS('',3,(#3648,#3649,#3650,#3651,#3652,#3653),
 .UNSPECIFIED.,.F.,.F.,(4,2,4),(-0.0652331264083506,-0.0374847411681692,
0.),.UNSPECIFIED.);
#47=B_SPLINE_CURVE_WITH_KNOTS('',3,(#3656,#3657,#3658,#3659,#3660,#3661),
 .UNSPECIFIED.,.F.,.F.,(4,2,4),(0.,0.0425641690002764,0.0712398376375069),
 .UNSPECIFIED.);
#48=B_SPLINE_CURVE_WITH_KNOTS('',3,(#3756,#3757,#3758,#3759,#3760,#3761,
#3762,#3763,#3764,#3765,#3766),.UNSPECIFIED.,.F.,.F.,(4,2,3,2,4),(1.1410184224432,
1.14483244998559,1.25558531343191,1.36633817687823,1.37015220442062),
 .UNSPECIFIED.);
#49=B_SPLINE_CURVE_WITH_KNOTS('',3,(#3807,#3808,#3809,#3810,#3811,#3812,
#3813,#3814,#3815,#3816),.UNSPECIFIED.,.F.,.F.,(4,2,2,2,4),(1.63783508241073,
2.02452331132863,2.41121154024653,2.78819967016852,3.16518780009052),
 .UNSPECIFIED.);
#50=B_SPLINE_CURVE_WITH_KNOTS('',3,(#3819,#3820,#3821,#3822,#3823,#3824,
#3825,#3826,#3827,#3828),.UNSPECIFIED.,.F.,.F.,(4,2,2,2,4),(3.16518780009052,
3.54217593001252,3.91916405993451,4.30585228885241,4.69254051777031),
 .UNSPECIFIED.);
#51=B_SPLINE_CURVE_WITH_KNOTS('',3,(#3876,#3877,#3878,#3879,#3880,#3881,
#3882,#3883,#3884,#3885,#3886,#3887,#3888,#3889,#3890,#3891,#3892,#3893,
#3894,#3895,#3896,#3897,#3898,#3899,#3900,#3901),.UNSPECIFIED.,.F.,.F.,
(4,2,2,2,2,2,2,2,2,2,2,2,4),(0.,0.00791629484449642,0.0173516632826638,
0.0303449914762375,0.0456672902330342,0.0551738074209748,0.0623237900625846,
0.0694505912365734,0.0785831957245775,0.0937218994014341,0.1068779526768,
0.115974475467501,0.121644435627773),.UNSPECIFIED.);
#52=B_SPLINE_CURVE_WITH_KNOTS('',3,(#3913,#3914,#3915,#3916,#3917,#3918,
#3919,#3920,#3921,#3922,#3923,#3924,#3925,#3926,#3927,#3928,#3929,#3930,
#3931,#3932,#3933,#3934,#3935,#3936,#3937,#3938),.UNSPECIFIED.,.F.,.F.,
(4,2,2,2,2,2,2,2,2,2,2,2,4),(0.,0.00791629484449465,0.0173516632826562,
0.0303449914761921,0.0456672902329075,0.0551738074207838,0.0623237900623369,
0.0694505912362759,0.0785831957242017,0.0937218994009126,0.106877952676216,
0.115974475466916,0.121644435627184),.UNSPECIFIED.);
#53=B_SPLINE_CURVE_WITH_KNOTS('',3,(#3946,#3947,#3948,#3949,#3950,#3951,
#3952,#3953,#3954,#3955,#3956,#3957,#3958,#3959,#3960,#3961,#3962,#3963,
#3964),.UNSPECIFIED.,.F.,.F.,(4,2,2,2,3,2,2,2,4),(-0.182590981524706,-0.180975070874354,
-0.120705474882531,-0.0603527374412657,0.,0.0603054208619894,0.120610841723979,
0.180927768056865,0.182588132215619),.UNSPECIFIED.);
#54=B_SPLINE_CURVE_WITH_KNOTS('',3,(#3973,#3974,#3975,#3976,#3977,#3978,
#3979,#3980,#3981,#3982,#3983,#3984,#3985,#3986,#3987,#3988,#3989,#3990,
#3991),.UNSPECIFIED.,.F.,.F.,(4,2,2,2,3,2,2,2,4),(-0.217772289713488,-0.181051417622418,
-0.120742810188855,-0.0603714050944273,0.,0.0603455093894436,0.120691018778887,
0.181025525138907,0.217771886519933),.UNSPECIFIED.);
#55=B_SPLINE_CURVE_WITH_KNOTS('',3,(#3997,#3998,#3999,#4000,#4001,#4002,
#4003,#4004,#4005,#4006,#4007,#4008,#4009,#4010,#4011,#4012,#4013),
 .UNSPECIFIED.,.F.,.F.,(4,2,2,2,3,2,2,4),(-0.217772289713491,-0.181051417622417,
-0.120742810188855,-0.0603714050944273,0.,0.0603714050944272,0.120742810188854,
0.151549123819256),.UNSPECIFIED.);
#56=B_SPLINE_CURVE_WITH_KNOTS('',3,(#4016,#4017,#4018,#4019,#4020,#4021),
 .UNSPECIFIED.,.F.,.F.,(4,2,4),(0.151549123819256,0.181051417622417,0.21777228971349),
 .UNSPECIFIED.);
#57=B_SPLINE_CURVE_WITH_KNOTS('',3,(#4028,#4029,#4030,#4031,#4032,#4033,
#4034,#4035),.UNSPECIFIED.,.F.,.F.,(4,2,2,4),(-0.21777228971349,-0.181051417622417,
-0.120742810188854,-0.0898314287647412),.UNSPECIFIED.);
#58=B_SPLINE_CURVE_WITH_KNOTS('',3,(#4038,#4039,#4040,#4041,#4042,#4043,
#4044,#4045,#4046,#4047,#4048,#4049,#4050,#4051,#4052),.UNSPECIFIED.,.F.,
 .F.,(4,2,3,2,2,2,4),(-0.0898314287647412,-0.0603714050944271,0.,0.0603714050944273,
0.120742810188855,0.181051417622418,0.21777228971349),.UNSPECIFIED.);
#59=B_SPLINE_CURVE_WITH_KNOTS('',3,(#4059,#4060,#4061,#4062,#4063,#4064,
#4065,#4066,#4067,#4068,#4069,#4070,#4071,#4072,#4073,#4074,#4075,#4076,
#4077),.UNSPECIFIED.,.F.,.F.,(4,2,2,2,3,2,2,2,4),(-0.217772289713491,-0.181051417622417,
-0.120742810188854,-0.0603714050944271,0.,0.0603714050944272,0.120742810188854,
0.181051417622418,0.217772289713491),.UNSPECIFIED.);
#60=B_SPLINE_CURVE_WITH_KNOTS('',3,(#4085,#4086,#4087,#4088,#4089,#4090,
#4091,#4092,#4093,#4094,#4095,#4096,#4097,#4098,#4099,#4100,#4101,#4102,
#4103),.UNSPECIFIED.,.F.,.F.,(4,2,2,2,3,2,2,2,4),(-0.182588132215618,-0.180927768056866,
-0.120610841723979,-0.0603054208619895,0.,0.0603527374412657,0.120705474882531,
0.180975070874353,0.182590981524704),.UNSPECIFIED.);
#61=B_SPLINE_CURVE_WITH_KNOTS('',3,(#4109,#4110,#4111,#4112,#4113,#4114,
#4115,#4116,#4117,#4118),.UNSPECIFIED.,.F.,.F.,(4,2,2,2,4),(-1.52061428700215,
-1.13720035618985,-0.753786425377552,-0.376893212688776,0.),
 .UNSPECIFIED.);
#62=B_SPLINE_CURVE_WITH_KNOTS('',3,(#4123,#4124,#4125,#4126,#4127,#4128,
#4129,#4130,#4131,#4132),.UNSPECIFIED.,.F.,.F.,(4,2,2,2,4),(-1.52061428700215,
-1.13720035618985,-0.753786425377552,-0.376893212688776,0.),
 .UNSPECIFIED.);
#63=B_SPLINE_CURVE_WITH_KNOTS('',3,(#4134,#4135,#4136,#4137,#4138,#4139,
#4140,#4141,#4142,#4143),.UNSPECIFIED.,.F.,.F.,(4,2,2,2,4),(3.16518780009052,
3.54217593001252,3.91916405993451,4.30585228885241,4.69254051777031),
 .UNSPECIFIED.);
#64=B_SPLINE_CURVE_WITH_KNOTS('',3,(#4149,#4150,#4151,#4152,#4153,#4154,
#4155,#4156,#4157,#4158),.UNSPECIFIED.,.F.,.F.,(4,2,2,2,4),(1.63783508241073,
2.02452331132863,2.41121154024653,2.78819967016852,3.16518780009052),
 .UNSPECIFIED.);
#65=B_SPLINE_CURVE_WITH_KNOTS('',3,(#4162,#4163,#4164,#4165,#4166,#4167,
#4168,#4169,#4170,#4171),.UNSPECIFIED.,.F.,.F.,(4,2,2,2,4),(0.,0.376893212688776,
0.753786425377552,1.13720035618985,1.52061428700215),.UNSPECIFIED.);
#66=B_SPLINE_CURVE_WITH_KNOTS('',3,(#4177,#4178,#4179,#4180,#4181,#4182,
#4183,#4184,#4185,#4186),.UNSPECIFIED.,.F.,.F.,(4,2,2,2,4),(1.63783508241074,
2.02452331132863,2.41121154024653,2.78819967016852,3.16518780009052),
 .UNSPECIFIED.);
#67=B_SPLINE_CURVE_WITH_KNOTS('',3,(#4190,#4191,#4192,#4193,#4194,#4195,
#4196,#4197,#4198,#4199),.UNSPECIFIED.,.F.,.F.,(4,2,2,2,4),(0.,0.376893212688776,
0.753786425377552,1.13720035618985,1.52061428700215),.UNSPECIFIED.);
#68=B_SPLINE_CURVE_WITH_KNOTS('',3,(#4206,#4207,#4208,#4209,#4210,#4211,
#4212,#4213,#4214,#4215),.UNSPECIFIED.,.F.,.F.,(4,2,2,2,4),(0.,0.376893212688776,
0.753786425377552,1.13720035618985,1.52061428700215),.UNSPECIFIED.);
#69=B_SPLINE_CURVE_WITH_KNOTS('',3,(#4220,#4221,#4222,#4223,#4224,#4225,
#4226,#4227,#4228,#4229),.UNSPECIFIED.,.F.,.F.,(4,2,2,2,4),(-1.52061428700215,
-1.13720035618985,-0.753786425377552,-0.376893212688776,0.),
 .UNSPECIFIED.);
#70=B_SPLINE_CURVE_WITH_KNOTS('',3,(#4231,#4232,#4233,#4234,#4235,#4236,
#4237,#4238,#4239,#4240),.UNSPECIFIED.,.F.,.F.,(4,2,2,2,4),(3.16518780009052,
3.54217593001252,3.91916405993451,4.30585228885241,4.69254051777031),
 .UNSPECIFIED.);
#71=B_SPLINE_CURVE_WITH_KNOTS('',3,(#4253,#4254,#4255,#4256,#4257,#4258,
#4259,#4260,#4261,#4262),.UNSPECIFIED.,.F.,.F.,(4,2,2,2,4),(1.63783508241074,
2.02452331132863,2.41121154024653,2.78819967016852,3.16518780009052),
 .UNSPECIFIED.);
#72=B_SPLINE_CURVE_WITH_KNOTS('',3,(#4266,#4267,#4268,#4269,#4270,#4271,
#4272,#4273,#4274,#4275),.UNSPECIFIED.,.F.,.F.,(4,2,2,2,4),(0.,0.376893212688776,
0.753786425377552,1.13720035618985,1.52061428700215),.UNSPECIFIED.);
#73=B_SPLINE_CURVE_WITH_KNOTS('',3,(#4283,#4284,#4285,#4286,#4287,#4288,
#4289,#4290,#4291,#4292),.UNSPECIFIED.,.F.,.F.,(4,2,2,2,4),(-1.52061428700215,
-1.13720035618985,-0.753786425377552,-0.376893212688776,0.),
 .UNSPECIFIED.);
#74=B_SPLINE_CURVE_WITH_KNOTS('',3,(#4294,#4295,#4296,#4297,#4298,#4299,
#4300,#4301,#4302,#4303),.UNSPECIFIED.,.F.,.F.,(4,2,2,2,4),(3.16518780009052,
3.54217593001252,3.91916405993451,4.30585228885241,4.6925405177703),
 .UNSPECIFIED.);
#75=CYLINDRICAL_SURFACE('',#2349,3.);
#76=CYLINDRICAL_SURFACE('',#2353,1.);
#77=CYLINDRICAL_SURFACE('',#2362,1.6);
#78=CYLINDRICAL_SURFACE('',#2367,1.6);
#79=CYLINDRICAL_SURFACE('',#2372,1.6);
#80=CYLINDRICAL_SURFACE('',#2377,1.6);
#81=CYLINDRICAL_SURFACE('',#2382,2.8);
#82=CYLINDRICAL_SURFACE('',#2387,2.8);
#83=CYLINDRICAL_SURFACE('',#2392,2.8);
#84=CYLINDRICAL_SURFACE('',#2397,2.8);
#85=CYLINDRICAL_SURFACE('',#2402,1.4);
#86=CYLINDRICAL_SURFACE('',#2405,1.4);
#87=CYLINDRICAL_SURFACE('',#2408,1.4);
#88=CYLINDRICAL_SURFACE('',#2411,1.6);
#89=CYLINDRICAL_SURFACE('',#2413,1.4);
#90=CYLINDRICAL_SURFACE('',#2416,1.6);
#91=CYLINDRICAL_SURFACE('',#2418,1.);
#92=CYLINDRICAL_SURFACE('',#2420,1.);
#93=CYLINDRICAL_SURFACE('',#2424,1.);
#94=CYLINDRICAL_SURFACE('',#2427,1.);
#95=CYLINDRICAL_SURFACE('',#2429,1.);
#96=CYLINDRICAL_SURFACE('',#2434,1.);
#97=CYLINDRICAL_SURFACE('',#2437,1.);
#98=CYLINDRICAL_SURFACE('',#2439,1.);
#99=CYLINDRICAL_SURFACE('',#2466,1.);
#100=CYLINDRICAL_SURFACE('',#2468,1.);
#101=CYLINDRICAL_SURFACE('',#2470,1.);
#102=CYLINDRICAL_SURFACE('',#2482,29.0043104567443);
#103=CYLINDRICAL_SURFACE('',#2487,2.6);
#104=CYLINDRICAL_SURFACE('',#2490,2.6);
#105=CYLINDRICAL_SURFACE('',#2495,2.6);
#106=CYLINDRICAL_SURFACE('',#2512,1.6);
#107=CYLINDRICAL_SURFACE('',#2514,1.5);
#108=CYLINDRICAL_SURFACE('',#2515,1.6);
#109=CYLINDRICAL_SURFACE('',#2518,1.6);
#110=CYLINDRICAL_SURFACE('',#2520,1.5);
#111=CYLINDRICAL_SURFACE('',#2521,1.6);
#112=CYLINDRICAL_SURFACE('',#2523,1.6);
#113=CYLINDRICAL_SURFACE('',#2526,1.5);
#114=CYLINDRICAL_SURFACE('',#2527,1.6);
#115=CYLINDRICAL_SURFACE('',#2529,1.5);
#116=CYLINDRICAL_SURFACE('',#2530,10.);
#117=CYLINDRICAL_SURFACE('',#2531,10.);
#118=CYLINDRICAL_SURFACE('',#2532,10.);
#119=CYLINDRICAL_SURFACE('',#2533,10.);
#120=CYLINDRICAL_SURFACE('',#2534,10.);
#121=CYLINDRICAL_SURFACE('',#2535,10.);
#122=CYLINDRICAL_SURFACE('',#2536,2.6);
#123=CYLINDRICAL_SURFACE('',#2537,5.5);
#124=CYLINDRICAL_SURFACE('',#2539,10.);
#125=CYLINDRICAL_SURFACE('',#2541,10.);
#126=CYLINDRICAL_SURFACE('',#2567,1.6);
#127=CYLINDRICAL_SURFACE('',#2568,1.6);
#128=CYLINDRICAL_SURFACE('',#2569,1.6);
#129=CYLINDRICAL_SURFACE('',#2570,1.6);
#130=CYLINDRICAL_SURFACE('',#2571,35.);
#131=CYLINDRICAL_SURFACE('',#2572,29.);
#132=CYLINDRICAL_SURFACE('',#2573,29.);
#133=CYLINDRICAL_SURFACE('',#2574,29.);
#134=CYLINDRICAL_SURFACE('',#2575,29.);
#135=CYLINDRICAL_SURFACE('',#2576,29.0043104567443);
#136=CYLINDRICAL_SURFACE('',#2577,29.0043104567443);
#137=CYLINDRICAL_SURFACE('',#2578,29.0043104567443);
#138=CYLINDRICAL_SURFACE('',#2581,1.7);
#139=CYLINDRICAL_SURFACE('',#2582,1.7);
#140=CYLINDRICAL_SURFACE('',#2583,1.7);
#141=CYLINDRICAL_SURFACE('',#2584,1.7);
#142=CYLINDRICAL_SURFACE('',#2585,15.);
#143=CYLINDRICAL_SURFACE('',#2587,15.);
#144=CYLINDRICAL_SURFACE('',#2590,15.);
#145=CYLINDRICAL_SURFACE('',#2593,15.);
#146=FACE_BOUND('',#324,.T.);
#147=FACE_BOUND('',#326,.T.);
#148=FACE_BOUND('',#328,.T.);
#149=FACE_BOUND('',#330,.T.);
#150=FACE_BOUND('',#340,.T.);
#151=FACE_BOUND('',#343,.T.);
#152=FACE_BOUND('',#346,.T.);
#153=FACE_BOUND('',#349,.T.);
#154=FACE_BOUND('',#352,.T.);
#155=FACE_BOUND('',#355,.T.);
#156=FACE_BOUND('',#358,.T.);
#157=FACE_BOUND('',#361,.T.);
#158=FACE_BOUND('',#381,.T.);
#159=FACE_BOUND('',#382,.T.);
#160=FACE_BOUND('',#383,.T.);
#161=FACE_BOUND('',#384,.T.);
#162=FACE_BOUND('',#385,.T.);
#163=FACE_BOUND('',#386,.T.);
#164=FACE_BOUND('',#387,.T.);
#165=FACE_BOUND('',#388,.T.);
#166=FACE_BOUND('',#389,.T.);
#167=FACE_BOUND('',#390,.T.);
#168=FACE_BOUND('',#391,.T.);
#169=FACE_BOUND('',#392,.T.);
#170=FACE_BOUND('',#393,.T.);
#171=FACE_BOUND('',#394,.T.);
#172=FACE_BOUND('',#395,.T.);
#173=FACE_BOUND('',#396,.T.);
#174=FACE_BOUND('',#397,.T.);
#175=FACE_BOUND('',#398,.T.);
#176=FACE_BOUND('',#399,.T.);
#177=FACE_BOUND('',#400,.T.);
#178=FACE_BOUND('',#401,.T.);
#179=FACE_BOUND('',#402,.T.);
#180=FACE_BOUND('',#422,.T.);
#181=FACE_BOUND('',#425,.T.);
#182=FACE_BOUND('',#427,.T.);
#183=FACE_BOUND('',#430,.T.);
#184=FACE_BOUND('',#453,.T.);
#185=FACE_BOUND('',#454,.T.);
#186=FACE_BOUND('',#455,.T.);
#187=FACE_BOUND('',#456,.T.);
#188=FACE_BOUND('',#457,.T.);
#189=FACE_BOUND('',#458,.T.);
#190=FACE_BOUND('',#459,.T.);
#191=FACE_BOUND('',#460,.T.);
#192=FACE_BOUND('',#461,.T.);
#193=FACE_BOUND('',#462,.T.);
#194=FACE_BOUND('',#463,.T.);
#195=FACE_BOUND('',#464,.T.);
#196=FACE_BOUND('',#465,.T.);
#197=FACE_BOUND('',#466,.T.);
#198=FACE_BOUND('',#467,.T.);
#199=FACE_BOUND('',#468,.T.);
#200=FACE_BOUND('',#469,.T.);
#201=FACE_OUTER_BOUND('',#323,.T.);
#202=FACE_OUTER_BOUND('',#325,.T.);
#203=FACE_OUTER_BOUND('',#327,.T.);
#204=FACE_OUTER_BOUND('',#329,.T.);
#205=FACE_OUTER_BOUND('',#331,.T.);
#206=FACE_OUTER_BOUND('',#332,.T.);
#207=FACE_OUTER_BOUND('',#333,.T.);
#208=FACE_OUTER_BOUND('',#334,.T.);
#209=FACE_OUTER_BOUND('',#335,.T.);
#210=FACE_OUTER_BOUND('',#336,.T.);
#211=FACE_OUTER_BOUND('',#337,.T.);
#212=FACE_OUTER_BOUND('',#338,.T.);
#213=FACE_OUTER_BOUND('',#339,.T.);
#214=FACE_OUTER_BOUND('',#341,.T.);
#215=FACE_OUTER_BOUND('',#342,.T.);
#216=FACE_OUTER_BOUND('',#344,.T.);
#217=FACE_OUTER_BOUND('',#345,.T.);
#218=FACE_OUTER_BOUND('',#347,.T.);
#219=FACE_OUTER_BOUND('',#348,.T.);
#220=FACE_OUTER_BOUND('',#350,.T.);
#221=FACE_OUTER_BOUND('',#351,.T.);
#222=FACE_OUTER_BOUND('',#353,.T.);
#223=FACE_OUTER_BOUND('',#354,.T.);
#224=FACE_OUTER_BOUND('',#356,.T.);
#225=FACE_OUTER_BOUND('',#357,.T.);
#226=FACE_OUTER_BOUND('',#359,.T.);
#227=FACE_OUTER_BOUND('',#360,.T.);
#228=FACE_OUTER_BOUND('',#362,.T.);
#229=FACE_OUTER_BOUND('',#363,.T.);
#230=FACE_OUTER_BOUND('',#364,.T.);
#231=FACE_OUTER_BOUND('',#365,.T.);
#232=FACE_OUTER_BOUND('',#366,.T.);
#233=FACE_OUTER_BOUND('',#367,.T.);
#234=FACE_OUTER_BOUND('',#368,.T.);
#235=FACE_OUTER_BOUND('',#369,.T.);
#236=FACE_OUTER_BOUND('',#370,.T.);
#237=FACE_OUTER_BOUND('',#371,.T.);
#238=FACE_OUTER_BOUND('',#372,.T.);
#239=FACE_OUTER_BOUND('',#373,.T.);
#240=FACE_OUTER_BOUND('',#374,.T.);
#241=FACE_OUTER_BOUND('',#375,.T.);
#242=FACE_OUTER_BOUND('',#376,.T.);
#243=FACE_OUTER_BOUND('',#377,.T.);
#244=FACE_OUTER_BOUND('',#378,.T.);
#245=FACE_OUTER_BOUND('',#379,.T.);
#246=FACE_OUTER_BOUND('',#380,.T.);
#247=FACE_OUTER_BOUND('',#403,.T.);
#248=FACE_OUTER_BOUND('',#404,.T.);
#249=FACE_OUTER_BOUND('',#405,.T.);
#250=FACE_OUTER_BOUND('',#406,.T.);
#251=FACE_OUTER_BOUND('',#407,.T.);
#252=FACE_OUTER_BOUND('',#408,.T.);
#253=FACE_OUTER_BOUND('',#409,.T.);
#254=FACE_OUTER_BOUND('',#410,.T.);
#255=FACE_OUTER_BOUND('',#411,.T.);
#256=FACE_OUTER_BOUND('',#412,.T.);
#257=FACE_OUTER_BOUND('',#413,.T.);
#258=FACE_OUTER_BOUND('',#414,.T.);
#259=FACE_OUTER_BOUND('',#415,.T.);
#260=FACE_OUTER_BOUND('',#416,.T.);
#261=FACE_OUTER_BOUND('',#417,.T.);
#262=FACE_OUTER_BOUND('',#418,.T.);
#263=FACE_OUTER_BOUND('',#419,.T.);
#264=FACE_OUTER_BOUND('',#420,.T.);
#265=FACE_OUTER_BOUND('',#421,.T.);
#266=FACE_OUTER_BOUND('',#423,.T.);
#267=FACE_OUTER_BOUND('',#424,.T.);
#268=FACE_OUTER_BOUND('',#426,.T.);
#269=FACE_OUTER_BOUND('',#428,.T.);
#270=FACE_OUTER_BOUND('',#429,.T.);
#271=FACE_OUTER_BOUND('',#431,.T.);
#272=FACE_OUTER_BOUND('',#432,.T.);
#273=FACE_OUTER_BOUND('',#433,.T.);
#274=FACE_OUTER_BOUND('',#434,.T.);
#275=FACE_OUTER_BOUND('',#435,.T.);
#276=FACE_OUTER_BOUND('',#436,.T.);
#277=FACE_OUTER_BOUND('',#437,.T.);
#278=FACE_OUTER_BOUND('',#438,.T.);
#279=FACE_OUTER_BOUND('',#439,.T.);
#280=FACE_OUTER_BOUND('',#440,.T.);
#281=FACE_OUTER_BOUND('',#441,.T.);
#282=FACE_OUTER_BOUND('',#442,.T.);
#283=FACE_OUTER_BOUND('',#443,.T.);
#284=FACE_OUTER_BOUND('',#444,.T.);
#285=FACE_OUTER_BOUND('',#445,.T.);
#286=FACE_OUTER_BOUND('',#446,.T.);
#287=FACE_OUTER_BOUND('',#447,.T.);
#288=FACE_OUTER_BOUND('',#448,.T.);
#289=FACE_OUTER_BOUND('',#449,.T.);
#290=FACE_OUTER_BOUND('',#450,.T.);
#291=FACE_OUTER_BOUND('',#451,.T.);
#292=FACE_OUTER_BOUND('',#452,.T.);
#293=FACE_OUTER_BOUND('',#470,.T.);
#294=FACE_OUTER_BOUND('',#471,.T.);
#295=FACE_OUTER_BOUND('',#472,.T.);
#296=FACE_OUTER_BOUND('',#473,.T.);
#297=FACE_OUTER_BOUND('',#474,.T.);
#298=FACE_OUTER_BOUND('',#475,.T.);
#299=FACE_OUTER_BOUND('',#476,.T.);
#300=FACE_OUTER_BOUND('',#477,.T.);
#301=FACE_OUTER_BOUND('',#478,.T.);
#302=FACE_OUTER_BOUND('',#479,.T.);
#303=FACE_OUTER_BOUND('',#480,.T.);
#304=FACE_OUTER_BOUND('',#481,.T.);
#305=FACE_OUTER_BOUND('',#482,.T.);
#306=FACE_OUTER_BOUND('',#483,.T.);
#307=FACE_OUTER_BOUND('',#484,.T.);
#308=FACE_OUTER_BOUND('',#485,.T.);
#309=FACE_OUTER_BOUND('',#486,.T.);
#310=FACE_OUTER_BOUND('',#487,.T.);
#311=FACE_OUTER_BOUND('',#488,.T.);
#312=FACE_OUTER_BOUND('',#489,.T.);
#313=FACE_OUTER_BOUND('',#490,.T.);
#314=FACE_OUTER_BOUND('',#491,.T.);
#315=FACE_OUTER_BOUND('',#492,.T.);
#316=FACE_OUTER_BOUND('',#493,.T.);
#317=FACE_OUTER_BOUND('',#494,.T.);
#318=FACE_OUTER_BOUND('',#495,.T.);
#319=FACE_OUTER_BOUND('',#496,.T.);
#320=FACE_OUTER_BOUND('',#497,.T.);
#321=FACE_OUTER_BOUND('',#498,.T.);
#322=FACE_OUTER_BOUND('',#499,.T.);
#323=EDGE_LOOP('',(#1487,#1488,#1489,#1490));
#324=EDGE_LOOP('',(#1491));
#325=EDGE_LOOP('',(#1492,#1493,#1494,#1495));
#326=EDGE_LOOP('',(#1496));
#327=EDGE_LOOP('',(#1497,#1498,#1499,#1500));
#328=EDGE_LOOP('',(#1501));
#329=EDGE_LOOP('',(#1502,#1503,#1504,#1505));
#330=EDGE_LOOP('',(#1506));
#331=EDGE_LOOP('',(#1507,#1508,#1509,#1510,#1511,#1512,#1513,#1514,#1515,
#1516));
#332=EDGE_LOOP('',(#1517,#1518,#1519,#1520));
#333=EDGE_LOOP('',(#1521,#1522,#1523,#1524,#1525));
#334=EDGE_LOOP('',(#1526,#1527,#1528));
#335=EDGE_LOOP('',(#1529,#1530,#1531));
#336=EDGE_LOOP('',(#1532,#1533,#1534,#1535,#1536,#1537,#1538,#1539,#1540,
#1541,#1542,#1543));
#337=EDGE_LOOP('',(#1544,#1545,#1546));
#338=EDGE_LOOP('',(#1547,#1548,#1549,#1550));
#339=EDGE_LOOP('',(#1551));
#340=EDGE_LOOP('',(#1552));
#341=EDGE_LOOP('',(#1553,#1554,#1555,#1556));
#342=EDGE_LOOP('',(#1557));
#343=EDGE_LOOP('',(#1558));
#344=EDGE_LOOP('',(#1559,#1560,#1561,#1562));
#345=EDGE_LOOP('',(#1563));
#346=EDGE_LOOP('',(#1564));
#347=EDGE_LOOP('',(#1565,#1566,#1567,#1568));
#348=EDGE_LOOP('',(#1569));
#349=EDGE_LOOP('',(#1570));
#350=EDGE_LOOP('',(#1571,#1572,#1573,#1574));
#351=EDGE_LOOP('',(#1575));
#352=EDGE_LOOP('',(#1576));
#353=EDGE_LOOP('',(#1577,#1578,#1579,#1580));
#354=EDGE_LOOP('',(#1581));
#355=EDGE_LOOP('',(#1582));
#356=EDGE_LOOP('',(#1583,#1584,#1585,#1586));
#357=EDGE_LOOP('',(#1587));
#358=EDGE_LOOP('',(#1588));
#359=EDGE_LOOP('',(#1589,#1590,#1591,#1592));
#360=EDGE_LOOP('',(#1593));
#361=EDGE_LOOP('',(#1594));
#362=EDGE_LOOP('',(#1595,#1596,#1597,#1598));
#363=EDGE_LOOP('',(#1599,#1600,#1601,#1602));
#364=EDGE_LOOP('',(#1603,#1604,#1605,#1606));
#365=EDGE_LOOP('',(#1607,#1608));
#366=EDGE_LOOP('',(#1609,#1610,#1611,#1612));
#367=EDGE_LOOP('',(#1613,#1614));
#368=EDGE_LOOP('',(#1615,#1616,#1617,#1618));
#369=EDGE_LOOP('',(#1619,#1620,#1621,#1622));
#370=EDGE_LOOP('',(#1623,#1624,#1625,#1626));
#371=EDGE_LOOP('',(#1627,#1628,#1629,#1630));
#372=EDGE_LOOP('',(#1631,#1632,#1633,#1634));
#373=EDGE_LOOP('',(#1635,#1636,#1637,#1638));
#374=EDGE_LOOP('',(#1639,#1640,#1641,#1642,#1643));
#375=EDGE_LOOP('',(#1644,#1645,#1646));
#376=EDGE_LOOP('',(#1647,#1648,#1649,#1650));
#377=EDGE_LOOP('',(#1651,#1652,#1653,#1654));
#378=EDGE_LOOP('',(#1655,#1656,#1657,#1658));
#379=EDGE_LOOP('',(#1659,#1660,#1661,#1662));
#380=EDGE_LOOP('',(#1663));
#381=EDGE_LOOP('',(#1664,#1665,#1666,#1667,#1668,#1669,#1670,#1671,#1672,
#1673,#1674,#1675,#1676,#1677,#1678,#1679,#1680));
#382=EDGE_LOOP('',(#1681));
#383=EDGE_LOOP('',(#1682));
#384=EDGE_LOOP('',(#1683));
#385=EDGE_LOOP('',(#1684));
#386=EDGE_LOOP('',(#1685));
#387=EDGE_LOOP('',(#1686));
#388=EDGE_LOOP('',(#1687));
#389=EDGE_LOOP('',(#1688));
#390=EDGE_LOOP('',(#1689));
#391=EDGE_LOOP('',(#1690,#1691,#1692,#1693));
#392=EDGE_LOOP('',(#1694,#1695,#1696,#1697));
#393=EDGE_LOOP('',(#1698,#1699,#1700,#1701));
#394=EDGE_LOOP('',(#1702));
#395=EDGE_LOOP('',(#1703));
#396=EDGE_LOOP('',(#1704));
#397=EDGE_LOOP('',(#1705));
#398=EDGE_LOOP('',(#1706));
#399=EDGE_LOOP('',(#1707));
#400=EDGE_LOOP('',(#1708));
#401=EDGE_LOOP('',(#1709));
#402=EDGE_LOOP('',(#1710));
#403=EDGE_LOOP('',(#1711,#1712,#1713,#1714,#1715,#1716,#1717,#1718));
#404=EDGE_LOOP('',(#1719,#1720,#1721,#1722,#1723,#1724));
#405=EDGE_LOOP('',(#1725,#1726,#1727,#1728));
#406=EDGE_LOOP('',(#1729,#1730,#1731,#1732));
#407=EDGE_LOOP('',(#1733,#1734,#1735,#1736));
#408=EDGE_LOOP('',(#1737,#1738,#1739,#1740,#1741,#1742,#1743,#1744));
#409=EDGE_LOOP('',(#1745,#1746,#1747,#1748));
#410=EDGE_LOOP('',(#1749,#1750,#1751,#1752));
#411=EDGE_LOOP('',(#1753,#1754,#1755,#1756,#1757,#1758,#1759,#1760));
#412=EDGE_LOOP('',(#1761,#1762,#1763,#1764));
#413=EDGE_LOOP('',(#1765,#1766,#1767,#1768,#1769,#1770));
#414=EDGE_LOOP('',(#1771,#1772,#1773,#1774));
#415=EDGE_LOOP('',(#1775,#1776,#1777,#1778));
#416=EDGE_LOOP('',(#1779,#1780,#1781,#1782));
#417=EDGE_LOOP('',(#1783,#1784,#1785,#1786,#1787,#1788,#1789));
#418=EDGE_LOOP('',(#1790,#1791,#1792,#1793,#1794,#1795,#1796,#1797));
#419=EDGE_LOOP('',(#1798,#1799,#1800,#1801));
#420=EDGE_LOOP('',(#1802,#1803,#1804,#1805));
#421=EDGE_LOOP('',(#1806));
#422=EDGE_LOOP('',(#1807));
#423=EDGE_LOOP('',(#1808,#1809,#1810,#1811,#1812,#1813));
#424=EDGE_LOOP('',(#1814));
#425=EDGE_LOOP('',(#1815));
#426=EDGE_LOOP('',(#1816));
#427=EDGE_LOOP('',(#1817));
#428=EDGE_LOOP('',(#1818,#1819,#1820,#1821,#1822,#1823));
#429=EDGE_LOOP('',(#1824));
#430=EDGE_LOOP('',(#1825));
#431=EDGE_LOOP('',(#1826,#1827));
#432=EDGE_LOOP('',(#1828,#1829,#1830,#1831));
#433=EDGE_LOOP('',(#1832,#1833,#1834,#1835,#1836,#1837));
#434=EDGE_LOOP('',(#1838,#1839,#1840,#1841,#1842,#1843));
#435=EDGE_LOOP('',(#1844,#1845,#1846,#1847));
#436=EDGE_LOOP('',(#1848,#1849,#1850,#1851,#1852,#1853));
#437=EDGE_LOOP('',(#1854,#1855,#1856,#1857,#1858,#1859));
#438=EDGE_LOOP('',(#1860,#1861,#1862,#1863));
#439=EDGE_LOOP('',(#1864,#1865));
#440=EDGE_LOOP('',(#1866,#1867,#1868,#1869));
#441=EDGE_LOOP('',(#1870,#1871,#1872,#1873,#1874,#1875));
#442=EDGE_LOOP('',(#1876,#1877,#1878,#1879,#1880,#1881));
#443=EDGE_LOOP('',(#1882,#1883,#1884,#1885,#1886,#1887));
#444=EDGE_LOOP('',(#1888,#1889,#1890,#1891,#1892,#1893,#1894));
#445=EDGE_LOOP('',(#1895,#1896,#1897,#1898,#1899,#1900,#1901));
#446=EDGE_LOOP('',(#1902,#1903,#1904,#1905,#1906,#1907));
#447=EDGE_LOOP('',(#1908,#1909,#1910,#1911,#1912));
#448=EDGE_LOOP('',(#1913,#1914,#1915,#1916,#1917,#1918,#1919,#1920,#1921,
#1922,#1923,#1924));
#449=EDGE_LOOP('',(#1925,#1926,#1927,#1928,#1929,#1930));
#450=EDGE_LOOP('',(#1931,#1932,#1933,#1934));
#451=EDGE_LOOP('',(#1935,#1936,#1937,#1938,#1939,#1940));
#452=EDGE_LOOP('',(#1941,#1942,#1943,#1944,#1945,#1946,#1947,#1948,#1949,
#1950,#1951,#1952,#1953,#1954,#1955,#1956,#1957,#1958,#1959,#1960,#1961,
#1962,#1963,#1964,#1965,#1966,#1967,#1968,#1969,#1970,#1971,#1972,#1973,
#1974,#1975));
#453=EDGE_LOOP('',(#1976));
#454=EDGE_LOOP('',(#1977));
#455=EDGE_LOOP('',(#1978));
#456=EDGE_LOOP('',(#1979));
#457=EDGE_LOOP('',(#1980));
#458=EDGE_LOOP('',(#1981));
#459=EDGE_LOOP('',(#1982));
#460=EDGE_LOOP('',(#1983));
#461=EDGE_LOOP('',(#1984,#1985,#1986,#1987));
#462=EDGE_LOOP('',(#1988,#1989,#1990,#1991));
#463=EDGE_LOOP('',(#1992,#1993,#1994,#1995));
#464=EDGE_LOOP('',(#1996,#1997,#1998,#1999));
#465=EDGE_LOOP('',(#2000));
#466=EDGE_LOOP('',(#2001));
#467=EDGE_LOOP('',(#2002));
#468=EDGE_LOOP('',(#2003));
#469=EDGE_LOOP('',(#2004));
#470=EDGE_LOOP('',(#2005,#2006,#2007,#2008));
#471=EDGE_LOOP('',(#2009,#2010,#2011,#2012));
#472=EDGE_LOOP('',(#2013,#2014,#2015,#2016));
#473=EDGE_LOOP('',(#2017,#2018,#2019,#2020));
#474=EDGE_LOOP('',(#2021,#2022,#2023,#2024));
#475=EDGE_LOOP('',(#2025,#2026,#2027,#2028));
#476=EDGE_LOOP('',(#2029,#2030,#2031,#2032));
#477=EDGE_LOOP('',(#2033,#2034,#2035,#2036,#2037,#2038,#2039,#2040,#2041,
#2042,#2043,#2044,#2045,#2046,#2047,#2048,#2049,#2050,#2051,#2052,#2053,
#2054,#2055,#2056,#2057,#2058,#2059,#2060));
#478=EDGE_LOOP('',(#2061,#2062,#2063,#2064));
#479=EDGE_LOOP('',(#2065,#2066,#2067,#2068));
#480=EDGE_LOOP('',(#2069,#2070,#2071,#2072));
#481=EDGE_LOOP('',(#2073,#2074,#2075,#2076));
#482=EDGE_LOOP('',(#2077,#2078,#2079,#2080,#2081,#2082));
#483=EDGE_LOOP('',(#2083,#2084,#2085,#2086,#2087,#2088));
#484=EDGE_LOOP('',(#2089,#2090,#2091,#2092,#2093,#2094));
#485=EDGE_LOOP('',(#2095,#2096,#2097,#2098));
#486=EDGE_LOOP('',(#2099,#2100,#2101,#2102));
#487=EDGE_LOOP('',(#2103,#2104,#2105,#2106));
#488=EDGE_LOOP('',(#2107,#2108,#2109,#2110));
#489=EDGE_LOOP('',(#2111,#2112,#2113,#2114));
#490=EDGE_LOOP('',(#2115,#2116,#2117,#2118));
#491=EDGE_LOOP('',(#2119,#2120,#2121,#2122));
#492=EDGE_LOOP('',(#2123,#2124,#2125,#2126));
#493=EDGE_LOOP('',(#2127,#2128,#2129,#2130));
#494=EDGE_LOOP('',(#2131,#2132,#2133,#2134));
#495=EDGE_LOOP('',(#2135,#2136,#2137,#2138));
#496=EDGE_LOOP('',(#2139,#2140,#2141,#2142));
#497=EDGE_LOOP('',(#2143,#2144,#2145,#2146));
#498=EDGE_LOOP('',(#2147,#2148,#2149,#2150));
#499=EDGE_LOOP('',(#2151,#2152,#2153,#2154));
#500=CIRCLE('',#2334,29.0043104567443);
#501=CIRCLE('',#2335,35.);
#502=CIRCLE('',#2336,1.6);
#503=CIRCLE('',#2338,35.);
#504=CIRCLE('',#2339,29.0043104567443);
#505=CIRCLE('',#2340,1.6);
#506=CIRCLE('',#2342,29.0043104567443);
#507=CIRCLE('',#2343,35.);
#508=CIRCLE('',#2344,1.6);
#509=CIRCLE('',#2346,29.0043104567443);
#510=CIRCLE('',#2347,35.);
#511=CIRCLE('',#2348,1.6);
#512=CIRCLE('',#2350,3.);
#513=CIRCLE('',#2351,3.);
#514=CIRCLE('',#2354,0.999999999999999);
#515=CIRCLE('',#2356,1.);
#516=CIRCLE('',#2357,1.);
#517=CIRCLE('',#2359,1.);
#518=CIRCLE('',#2360,15.);
#519=CIRCLE('',#2361,1.);
#520=CIRCLE('',#2363,1.6);
#521=CIRCLE('',#2364,1.6);
#522=CIRCLE('',#2366,1.5);
#523=CIRCLE('',#2368,1.6);
#524=CIRCLE('',#2369,1.6);
#525=CIRCLE('',#2371,1.5);
#526=CIRCLE('',#2373,1.6);
#527=CIRCLE('',#2374,1.6);
#528=CIRCLE('',#2376,1.5);
#529=CIRCLE('',#2378,1.6);
#530=CIRCLE('',#2379,1.6);
#531=CIRCLE('',#2381,1.5);
#532=CIRCLE('',#2383,2.8);
#533=CIRCLE('',#2384,2.8);
#534=CIRCLE('',#2386,1.6);
#535=CIRCLE('',#2388,2.8);
#536=CIRCLE('',#2389,2.8);
#537=CIRCLE('',#2391,1.6);
#538=CIRCLE('',#2393,2.8);
#539=CIRCLE('',#2394,2.8);
#540=CIRCLE('',#2396,1.6);
#541=CIRCLE('',#2398,2.8);
#542=CIRCLE('',#2399,2.8);
#543=CIRCLE('',#2401,1.6);
#544=CIRCLE('',#2403,1.4);
#545=CIRCLE('',#2404,1.4);
#546=CIRCLE('',#2406,1.4);
#547=CIRCLE('',#2407,1.4);
#548=CIRCLE('',#2409,1.4);
#549=CIRCLE('',#2410,1.4);
#550=CIRCLE('',#2412,1.6);
#551=CIRCLE('',#2414,1.4);
#552=CIRCLE('',#2415,1.4);
#553=CIRCLE('',#2417,1.6);
#554=CIRCLE('',#2430,1.);
#555=CIRCLE('',#2432,2.6);
#556=CIRCLE('',#2433,2.56568542494924);
#557=CIRCLE('',#2441,35.);
#558=CIRCLE('',#2442,29.);
#559=CIRCLE('',#2443,2.6);
#560=CIRCLE('',#2444,5.5);
#561=CIRCLE('',#2445,2.6);
#562=CIRCLE('',#2446,5.5);
#563=CIRCLE('',#2447,5.5);
#564=CIRCLE('',#2448,2.6);
#565=CIRCLE('',#2449,2.6);
#566=CIRCLE('',#2450,15.);
#567=CIRCLE('',#2451,29.);
#568=CIRCLE('',#2452,15.);
#569=CIRCLE('',#2453,29.);
#570=CIRCLE('',#2454,15.);
#571=CIRCLE('',#2455,29.);
#572=CIRCLE('',#2456,2.6);
#573=CIRCLE('',#2457,1.5);
#574=CIRCLE('',#2458,1.5);
#575=CIRCLE('',#2459,1.6);
#576=CIRCLE('',#2460,1.6);
#577=CIRCLE('',#2461,1.5);
#578=CIRCLE('',#2462,1.6);
#579=CIRCLE('',#2463,1.6);
#580=CIRCLE('',#2464,1.5);
#581=CIRCLE('',#2477,2.);
#582=CIRCLE('',#2478,0.6);
#583=CIRCLE('',#2479,2.6);
#584=CIRCLE('',#2480,2.6);
#585=CIRCLE('',#2483,29.0043104567443);
#586=CIRCLE('',#2488,2.6);
#587=CIRCLE('',#2489,2.6);
#588=CIRCLE('',#2492,2.);
#589=CIRCLE('',#2493,0.6);
#590=CIRCLE('',#2494,2.6);
#591=CIRCLE('',#2497,1.7);
#592=CIRCLE('',#2499,2.);
#593=CIRCLE('',#2500,0.6);
#594=CIRCLE('',#2501,2.6);
#595=CIRCLE('',#2502,2.6);
#596=CIRCLE('',#2504,1.7);
#597=CIRCLE('',#2506,1.7);
#598=CIRCLE('',#2508,2.);
#599=CIRCLE('',#2509,0.6);
#600=CIRCLE('',#2511,1.7);
#601=CIRCLE('',#2513,1.6);
#602=CIRCLE('',#2516,1.6);
#603=CIRCLE('',#2517,1.6);
#604=CIRCLE('',#2519,1.6);
#605=CIRCLE('',#2522,1.6);
#606=CIRCLE('',#2524,1.6);
#607=CIRCLE('',#2525,1.6);
#608=CIRCLE('',#2528,1.6);
#609=CIRCLE('',#2538,5.5);
#610=CIRCLE('',#2543,35.);
#611=CIRCLE('',#2544,29.0043104567443);
#612=CIRCLE('',#2545,35.);
#613=CIRCLE('',#2546,35.);
#614=CIRCLE('',#2547,29.0043104567443);
#615=CIRCLE('',#2548,35.);
#616=CIRCLE('',#2549,29.0043104567443);
#617=CIRCLE('',#2550,35.);
#618=CIRCLE('',#2551,29.);
#619=CIRCLE('',#2552,15.);
#620=CIRCLE('',#2553,29.);
#621=CIRCLE('',#2554,15.);
#622=CIRCLE('',#2555,29.);
#623=CIRCLE('',#2556,15.);
#624=CIRCLE('',#2557,29.);
#625=CIRCLE('',#2558,15.);
#626=CIRCLE('',#2559,6.);
#627=CIRCLE('',#2560,1.7);
#628=CIRCLE('',#2561,1.7);
#629=CIRCLE('',#2562,1.7);
#630=CIRCLE('',#2563,1.7);
#631=CIRCLE('',#2580,0.5);
#632=LINE('',#3276,#783);
#633=LINE('',#3280,#784);
#634=LINE('',#3289,#785);
#635=LINE('',#3292,#786);
#636=LINE('',#3298,#787);
#637=LINE('',#3302,#788);
#638=LINE('',#3309,#789);
#639=LINE('',#3313,#790);
#640=LINE('',#3348,#791);
#641=LINE('',#3389,#792);
#642=LINE('',#3392,#793);
#643=LINE('',#3394,#794);
#644=LINE('',#3395,#795);
#645=LINE('',#3400,#796);
#646=LINE('',#3443,#797);
#647=LINE('',#3445,#798);
#648=LINE('',#3447,#799);
#649=LINE('',#3449,#800);
#650=LINE('',#3453,#801);
#651=LINE('',#3455,#802);
#652=LINE('',#3456,#803);
#653=LINE('',#3471,#804);
#654=LINE('',#3480,#805);
#655=LINE('',#3489,#806);
#656=LINE('',#3498,#807);
#657=LINE('',#3507,#808);
#658=LINE('',#3516,#809);
#659=LINE('',#3525,#810);
#660=LINE('',#3534,#811);
#661=LINE('',#3543,#812);
#662=LINE('',#3549,#813);
#663=LINE('',#3555,#814);
#664=LINE('',#3584,#815);
#665=LINE('',#3611,#816);
#666=LINE('',#3616,#817);
#667=LINE('',#3619,#818);
#668=LINE('',#3620,#819);
#669=LINE('',#3623,#820);
#670=LINE('',#3624,#821);
#671=LINE('',#3628,#822);
#672=LINE('',#3634,#823);
#673=LINE('',#3636,#824);
#674=LINE('',#3669,#825);
#675=LINE('',#3673,#826);
#676=LINE('',#3676,#827);
#677=LINE('',#3681,#828);
#678=LINE('',#3685,#829);
#679=LINE('',#3687,#830);
#680=LINE('',#3689,#831);
#681=LINE('',#3691,#832);
#682=LINE('',#3704,#833);
#683=LINE('',#3711,#834);
#684=LINE('',#3714,#835);
#685=LINE('',#3719,#836);
#686=LINE('',#3722,#837);
#687=LINE('',#3725,#838);
#688=LINE('',#3729,#839);
#689=LINE('',#3751,#840);
#690=LINE('',#3753,#841);
#691=LINE('',#3754,#842);
#692=LINE('',#3769,#843);
#693=LINE('',#3772,#844);
#694=LINE('',#3777,#845);
#695=LINE('',#3779,#846);
#696=LINE('',#3780,#847);
#697=LINE('',#3783,#848);
#698=LINE('',#3785,#849);
#699=LINE('',#3786,#850);
#700=LINE('',#3788,#851);
#701=LINE('',#3799,#852);
#702=LINE('',#3801,#853);
#703=LINE('',#3802,#854);
#704=LINE('',#3805,#855);
#705=LINE('',#3831,#856);
#706=LINE('',#3833,#857);
#707=LINE('',#3834,#858);
#708=LINE('',#3837,#859);
#709=LINE('',#3839,#860);
#710=LINE('',#3840,#861);
#711=LINE('',#3843,#862);
#712=LINE('',#3845,#863);
#713=LINE('',#3846,#864);
#714=LINE('',#3849,#865);
#715=LINE('',#3854,#866);
#716=LINE('',#3856,#867);
#717=LINE('',#3864,#868);
#718=LINE('',#3966,#869);
#719=LINE('',#3969,#870);
#720=LINE('',#3995,#871);
#721=LINE('',#4023,#872);
#722=LINE('',#4026,#873);
#723=LINE('',#4055,#874);
#724=LINE('',#4080,#875);
#725=LINE('',#4105,#876);
#726=LINE('',#4108,#877);
#727=LINE('',#4119,#878);
#728=LINE('',#4122,#879);
#729=LINE('',#4144,#880);
#730=LINE('',#4147,#881);
#731=LINE('',#4160,#882);
#732=LINE('',#4172,#883);
#733=LINE('',#4175,#884);
#734=LINE('',#4188,#885);
#735=LINE('',#4200,#886);
#736=LINE('',#4202,#887);
#737=LINE('',#4204,#888);
#738=LINE('',#4216,#889);
#739=LINE('',#4219,#890);
#740=LINE('',#4241,#891);
#741=LINE('',#4243,#892);
#742=LINE('',#4244,#893);
#743=LINE('',#4247,#894);
#744=LINE('',#4251,#895);
#745=LINE('',#4264,#896);
#746=LINE('',#4276,#897);
#747=LINE('',#4278,#898);
#748=LINE('',#4279,#899);
#749=LINE('',#4282,#900);
#750=LINE('',#4304,#901);
#751=LINE('',#4319,#902);
#752=LINE('',#4322,#903);
#753=LINE('',#4327,#904);
#754=LINE('',#4330,#905);
#755=LINE('',#4335,#906);
#756=LINE('',#4338,#907);
#757=LINE('',#4352,#908);
#758=LINE('',#4353,#909);
#759=LINE('',#4355,#910);
#760=LINE('',#4356,#911);
#761=LINE('',#4358,#912);
#762=LINE('',#4360,#913);
#763=LINE('',#4362,#914);
#764=LINE('',#4364,#915);
#765=LINE('',#4366,#916);
#766=LINE('',#4368,#917);
#767=LINE('',#4370,#918);
#768=LINE('',#4371,#919);
#769=LINE('',#4374,#920);
#770=LINE('',#4375,#921);
#771=LINE('',#4377,#922);
#772=LINE('',#4378,#923);
#773=LINE('',#4385,#924);
#774=LINE('',#4387,#925);
#775=LINE('',#4389,#926);
#776=LINE('',#4391,#927);
#777=LINE('',#4394,#928);
#778=LINE('',#4396,#929);
#779=LINE('',#4399,#930);
#780=LINE('',#4401,#931);
#781=LINE('',#4404,#932);
#782=LINE('',#4406,#933);
#783=VECTOR('',#2599,10.);
#784=VECTOR('',#2602,10.);
#785=VECTOR('',#2611,10.);
#786=VECTOR('',#2614,10.);
#787=VECTOR('',#2619,10.);
#788=VECTOR('',#2622,10.);
#789=VECTOR('',#2629,10.);
#790=VECTOR('',#2632,10.);
#791=VECTOR('',#2641,10.);
#792=VECTOR('',#2644,10.);
#793=VECTOR('',#2647,10.);
#794=VECTOR('',#2648,10.);
#795=VECTOR('',#2649,10.);
#796=VECTOR('',#2654,10.);
#797=VECTOR('',#2665,10.);
#798=VECTOR('',#2666,10.);
#799=VECTOR('',#2667,10.);
#800=VECTOR('',#2668,10.);
#801=VECTOR('',#2671,10.);
#802=VECTOR('',#2672,10.);
#803=VECTOR('',#2673,10.);
#804=VECTOR('',#2680,1.6);
#805=VECTOR('',#2691,1.6);
#806=VECTOR('',#2702,1.6);
#807=VECTOR('',#2713,1.6);
#808=VECTOR('',#2724,2.8);
#809=VECTOR('',#2735,2.8);
#810=VECTOR('',#2746,2.8);
#811=VECTOR('',#2757,2.8);
#812=VECTOR('',#2768,1.4);
#813=VECTOR('',#2775,1.4);
#814=VECTOR('',#2782,1.4);
#815=VECTOR('',#2793,1.4);
#816=VECTOR('',#2802,10.);
#817=VECTOR('',#2809,10.);
#818=VECTOR('',#2812,10.);
#819=VECTOR('',#2813,10.);
#820=VECTOR('',#2816,10.);
#821=VECTOR('',#2817,10.);
#822=VECTOR('',#2820,10.);
#823=VECTOR('',#2829,10.);
#824=VECTOR('',#2832,10.);
#825=VECTOR('',#2845,10.);
#826=VECTOR('',#2850,10.);
#827=VECTOR('',#2855,10.);
#828=VECTOR('',#2860,10.);
#829=VECTOR('',#2863,10.);
#830=VECTOR('',#2864,10.);
#831=VECTOR('',#2865,10.);
#832=VECTOR('',#2866,10.);
#833=VECTOR('',#2879,10.);
#834=VECTOR('',#2884,10.);
#835=VECTOR('',#2887,10.);
#836=VECTOR('',#2890,10.);
#837=VECTOR('',#2893,10.);
#838=VECTOR('',#2894,10.);
#839=VECTOR('',#2897,10.);
#840=VECTOR('',#2920,10.);
#841=VECTOR('',#2921,10.);
#842=VECTOR('',#2922,10.);
#843=VECTOR('',#2927,10.);
#844=VECTOR('',#2930,10.);
#845=VECTOR('',#2937,10.);
#846=VECTOR('',#2940,10.);
#847=VECTOR('',#2941,10.);
#848=VECTOR('',#2944,10.);
#849=VECTOR('',#2945,10.);
#850=VECTOR('',#2946,10.);
#851=VECTOR('',#2949,10.);
#852=VECTOR('',#2964,10.);
#853=VECTOR('',#2965,10.);
#854=VECTOR('',#2966,10.);
#855=VECTOR('',#2969,10.);
#856=VECTOR('',#2974,10.);
#857=VECTOR('',#2975,10.);
#858=VECTOR('',#2976,10.);
#859=VECTOR('',#2979,10.);
#860=VECTOR('',#2980,10.);
#861=VECTOR('',#2981,10.);
#862=VECTOR('',#2984,10.);
#863=VECTOR('',#2985,10.);
#864=VECTOR('',#2986,10.);
#865=VECTOR('',#2989,10.);
#866=VECTOR('',#2994,10.);
#867=VECTOR('',#2997,2.6);
#868=VECTOR('',#3008,2.6);
#869=VECTOR('',#3047,1.5);
#870=VECTOR('',#3050,1.6);
#871=VECTOR('',#3057,1.6);
#872=VECTOR('',#3062,1.5);
#873=VECTOR('',#3065,1.6);
#874=VECTOR('',#3070,1.6);
#875=VECTOR('',#3077,1.5);
#876=VECTOR('',#3084,1.5);
#877=VECTOR('',#3087,10.);
#878=VECTOR('',#3088,10.);
#879=VECTOR('',#3091,10.);
#880=VECTOR('',#3092,10.);
#881=VECTOR('',#3095,10.);
#882=VECTOR('',#3096,10.);
#883=VECTOR('',#3097,10.);
#884=VECTOR('',#3100,10.);
#885=VECTOR('',#3101,10.);
#886=VECTOR('',#3102,10.);
#887=VECTOR('',#3105,10.);
#888=VECTOR('',#3106,10.);
#889=VECTOR('',#3107,10.);
#890=VECTOR('',#3110,10.);
#891=VECTOR('',#3111,10.);
#892=VECTOR('',#3114,10.);
#893=VECTOR('',#3115,10.);
#894=VECTOR('',#3118,5.5);
#895=VECTOR('',#3123,10.);
#896=VECTOR('',#3124,10.);
#897=VECTOR('',#3125,10.);
#898=VECTOR('',#3128,10.);
#899=VECTOR('',#3129,10.);
#900=VECTOR('',#3132,10.);
#901=VECTOR('',#3133,10.);
#902=VECTOR('',#3154,10.);
#903=VECTOR('',#3157,10.);
#904=VECTOR('',#3160,10.);
#905=VECTOR('',#3163,10.);
#906=VECTOR('',#3166,10.);
#907=VECTOR('',#3169,10.);
#908=VECTOR('',#3186,10.);
#909=VECTOR('',#3187,10.);
#910=VECTOR('',#3190,10.);
#911=VECTOR('',#3191,10.);
#912=VECTOR('',#3194,10.);
#913=VECTOR('',#3197,1.6);
#914=VECTOR('',#3200,1.6);
#915=VECTOR('',#3203,1.6);
#916=VECTOR('',#3206,1.6);
#917=VECTOR('',#3209,35.);
#918=VECTOR('',#3212,10.);
#919=VECTOR('',#3213,10.);
#920=VECTOR('',#3218,10.);
#921=VECTOR('',#3219,10.);
#922=VECTOR('',#3222,10.);
#923=VECTOR('',#3223,10.);
#924=VECTOR('',#3236,1.7);
#925=VECTOR('',#3239,1.7);
#926=VECTOR('',#3242,1.7);
#927=VECTOR('',#3245,1.7);
#928=VECTOR('',#3250,10.);
#929=VECTOR('',#3253,10.);
#930=VECTOR('',#3258,10.);
#931=VECTOR('',#3261,10.);
#932=VECTOR('',#3266,10.);
#933=VECTOR('',#3269,10.);
#934=VERTEX_POINT('',#3274);
#935=VERTEX_POINT('',#3275);
#936=VERTEX_POINT('',#3277);
#937=VERTEX_POINT('',#3279);
#938=VERTEX_POINT('',#3282);
#939=VERTEX_POINT('',#3285);
#940=VERTEX_POINT('',#3286);
#941=VERTEX_POINT('',#3288);
#942=VERTEX_POINT('',#3290);
#943=VERTEX_POINT('',#3293);
#944=VERTEX_POINT('',#3296);
#945=VERTEX_POINT('',#3297);
#946=VERTEX_POINT('',#3299);
#947=VERTEX_POINT('',#3301);
#948=VERTEX_POINT('',#3304);
#949=VERTEX_POINT('',#3307);
#950=VERTEX_POINT('',#3308);
#951=VERTEX_POINT('',#3310);
#952=VERTEX_POINT('',#3312);
#953=VERTEX_POINT('',#3315);
#954=VERTEX_POINT('',#3318);
#955=VERTEX_POINT('',#3319);
#956=VERTEX_POINT('',#3332);
#957=VERTEX_POINT('',#3334);
#958=VERTEX_POINT('',#3347);
#959=VERTEX_POINT('',#3349);
#960=VERTEX_POINT('',#3360);
#961=VERTEX_POINT('',#3369);
#962=VERTEX_POINT('',#3371);
#963=VERTEX_POINT('',#3378);
#964=VERTEX_POINT('',#3391);
#965=VERTEX_POINT('',#3393);
#966=VERTEX_POINT('',#3397);
#967=VERTEX_POINT('',#3399);
#968=VERTEX_POINT('',#3421);
#969=VERTEX_POINT('',#3422);
#970=VERTEX_POINT('',#3429);
#971=VERTEX_POINT('',#3440);
#972=VERTEX_POINT('',#3442);
#973=VERTEX_POINT('',#3444);
#974=VERTEX_POINT('',#3446);
#975=VERTEX_POINT('',#3448);
#976=VERTEX_POINT('',#3450);
#977=VERTEX_POINT('',#3452);
#978=VERTEX_POINT('',#3454);
#979=VERTEX_POINT('',#3468);
#980=VERTEX_POINT('',#3470);
#981=VERTEX_POINT('',#3474);
#982=VERTEX_POINT('',#3477);
#983=VERTEX_POINT('',#3479);
#984=VERTEX_POINT('',#3483);
#985=VERTEX_POINT('',#3486);
#986=VERTEX_POINT('',#3488);
#987=VERTEX_POINT('',#3492);
#988=VERTEX_POINT('',#3495);
#989=VERTEX_POINT('',#3497);
#990=VERTEX_POINT('',#3501);
#991=VERTEX_POINT('',#3504);
#992=VERTEX_POINT('',#3506);
#993=VERTEX_POINT('',#3510);
#994=VERTEX_POINT('',#3513);
#995=VERTEX_POINT('',#3515);
#996=VERTEX_POINT('',#3519);
#997=VERTEX_POINT('',#3522);
#998=VERTEX_POINT('',#3524);
#999=VERTEX_POINT('',#3528);
#1000=VERTEX_POINT('',#3531);
#1001=VERTEX_POINT('',#3533);
#1002=VERTEX_POINT('',#3537);
#1003=VERTEX_POINT('',#3540);
#1004=VERTEX_POINT('',#3542);
#1005=VERTEX_POINT('',#3546);
#1006=VERTEX_POINT('',#3548);
#1007=VERTEX_POINT('',#3552);
#1008=VERTEX_POINT('',#3554);
#1009=VERTEX_POINT('',#3558);
#1010=VERTEX_POINT('',#3559);
#1011=VERTEX_POINT('',#3581);
#1012=VERTEX_POINT('',#3583);
#1013=VERTEX_POINT('',#3587);
#1014=VERTEX_POINT('',#3588);
#1015=VERTEX_POINT('',#3610);
#1016=VERTEX_POINT('',#3614);
#1017=VERTEX_POINT('',#3618);
#1018=VERTEX_POINT('',#3622);
#1019=VERTEX_POINT('',#3626);
#1020=VERTEX_POINT('',#3627);
#1021=VERTEX_POINT('',#3632);
#1022=VERTEX_POINT('',#3646);
#1023=VERTEX_POINT('',#3647);
#1024=VERTEX_POINT('',#3654);
#1025=VERTEX_POINT('',#3666);
#1026=VERTEX_POINT('',#3668);
#1027=VERTEX_POINT('',#3672);
#1028=VERTEX_POINT('',#3678);
#1029=VERTEX_POINT('',#3680);
#1030=VERTEX_POINT('',#3682);
#1031=VERTEX_POINT('',#3684);
#1032=VERTEX_POINT('',#3686);
#1033=VERTEX_POINT('',#3688);
#1034=VERTEX_POINT('',#3690);
#1035=VERTEX_POINT('',#3692);
#1036=VERTEX_POINT('',#3694);
#1037=VERTEX_POINT('',#3696);
#1038=VERTEX_POINT('',#3698);
#1039=VERTEX_POINT('',#3700);
#1040=VERTEX_POINT('',#3702);
#1041=VERTEX_POINT('',#3705);
#1042=VERTEX_POINT('',#3707);
#1043=VERTEX_POINT('',#3708);
#1044=VERTEX_POINT('',#3710);
#1045=VERTEX_POINT('',#3712);
#1046=VERTEX_POINT('',#3715);
#1047=VERTEX_POINT('',#3716);
#1048=VERTEX_POINT('',#3718);
#1049=VERTEX_POINT('',#3720);
#1050=VERTEX_POINT('',#3723);
#1051=VERTEX_POINT('',#3724);
#1052=VERTEX_POINT('',#3726);
#1053=VERTEX_POINT('',#3728);
#1054=VERTEX_POINT('',#3731);
#1055=VERTEX_POINT('',#3733);
#1056=VERTEX_POINT('',#3735);
#1057=VERTEX_POINT('',#3737);
#1058=VERTEX_POINT('',#3739);
#1059=VERTEX_POINT('',#3741);
#1060=VERTEX_POINT('',#3743);
#1061=VERTEX_POINT('',#3745);
#1062=VERTEX_POINT('',#3747);
#1063=VERTEX_POINT('',#3750);
#1064=VERTEX_POINT('',#3752);
#1065=VERTEX_POINT('',#3767);
#1066=VERTEX_POINT('',#3771);
#1067=VERTEX_POINT('',#3775);
#1068=VERTEX_POINT('',#3782);
#1069=VERTEX_POINT('',#3784);
#1070=VERTEX_POINT('',#3791);
#1071=VERTEX_POINT('',#3793);
#1072=VERTEX_POINT('',#3798);
#1073=VERTEX_POINT('',#3800);
#1074=VERTEX_POINT('',#3804);
#1075=VERTEX_POINT('',#3806);
#1076=VERTEX_POINT('',#3817);
#1077=VERTEX_POINT('',#3830);
#1078=VERTEX_POINT('',#3832);
#1079=VERTEX_POINT('',#3836);
#1080=VERTEX_POINT('',#3838);
#1081=VERTEX_POINT('',#3842);
#1082=VERTEX_POINT('',#3844);
#1083=VERTEX_POINT('',#3848);
#1084=VERTEX_POINT('',#3850);
#1085=VERTEX_POINT('',#3852);
#1086=VERTEX_POINT('',#3858);
#1087=VERTEX_POINT('',#3860);
#1088=VERTEX_POINT('',#3866);
#1089=VERTEX_POINT('',#3869);
#1090=VERTEX_POINT('',#3871);
#1091=VERTEX_POINT('',#3873);
#1092=VERTEX_POINT('',#3875);
#1093=VERTEX_POINT('',#3904);
#1094=VERTEX_POINT('',#3907);
#1095=VERTEX_POINT('',#3910);
#1096=VERTEX_POINT('',#3940);
#1097=VERTEX_POINT('',#3943);
#1098=VERTEX_POINT('',#3944);
#1099=VERTEX_POINT('',#3968);
#1100=VERTEX_POINT('',#3970);
#1101=VERTEX_POINT('',#3972);
#1102=VERTEX_POINT('',#3994);
#1103=VERTEX_POINT('',#3996);
#1104=VERTEX_POINT('',#4014);
#1105=VERTEX_POINT('',#4025);
#1106=VERTEX_POINT('',#4027);
#1107=VERTEX_POINT('',#4036);
#1108=VERTEX_POINT('',#4054);
#1109=VERTEX_POINT('',#4056);
#1110=VERTEX_POINT('',#4058);
#1111=VERTEX_POINT('',#4082);
#1112=VERTEX_POINT('',#4083);
#1113=VERTEX_POINT('',#4107);
#1114=VERTEX_POINT('',#4121);
#1115=VERTEX_POINT('',#4133);
#1116=VERTEX_POINT('',#4146);
#1117=VERTEX_POINT('',#4148);
#1118=VERTEX_POINT('',#4159);
#1119=VERTEX_POINT('',#4161);
#1120=VERTEX_POINT('',#4174);
#1121=VERTEX_POINT('',#4176);
#1122=VERTEX_POINT('',#4187);
#1123=VERTEX_POINT('',#4189);
#1124=VERTEX_POINT('',#4203);
#1125=VERTEX_POINT('',#4205);
#1126=VERTEX_POINT('',#4218);
#1127=VERTEX_POINT('',#4230);
#1128=VERTEX_POINT('',#4246);
#1129=VERTEX_POINT('',#4250);
#1130=VERTEX_POINT('',#4252);
#1131=VERTEX_POINT('',#4263);
#1132=VERTEX_POINT('',#4265);
#1133=VERTEX_POINT('',#4281);
#1134=VERTEX_POINT('',#4293);
#1135=VERTEX_POINT('',#4308);
#1136=VERTEX_POINT('',#4315);
#1137=VERTEX_POINT('',#4316);
#1138=VERTEX_POINT('',#4318);
#1139=VERTEX_POINT('',#4320);
#1140=VERTEX_POINT('',#4323);
#1141=VERTEX_POINT('',#4324);
#1142=VERTEX_POINT('',#4326);
#1143=VERTEX_POINT('',#4328);
#1144=VERTEX_POINT('',#4331);
#1145=VERTEX_POINT('',#4332);
#1146=VERTEX_POINT('',#4334);
#1147=VERTEX_POINT('',#4336);
#1148=VERTEX_POINT('',#4341);
#1149=VERTEX_POINT('',#4343);
#1150=VERTEX_POINT('',#4345);
#1151=VERTEX_POINT('',#4347);
#1152=VERTEX_POINT('',#4349);
#1153=EDGE_CURVE('',#934,#935,#632,.T.);
#1154=EDGE_CURVE('',#935,#936,#500,.T.);
#1155=EDGE_CURVE('',#936,#937,#633,.T.);
#1156=EDGE_CURVE('',#937,#934,#501,.T.);
#1157=EDGE_CURVE('',#938,#938,#502,.T.);
#1158=EDGE_CURVE('',#939,#940,#503,.T.);
#1159=EDGE_CURVE('',#940,#941,#634,.T.);
#1160=EDGE_CURVE('',#941,#942,#504,.T.);
#1161=EDGE_CURVE('',#942,#939,#635,.T.);
#1162=EDGE_CURVE('',#943,#943,#505,.T.);
#1163=EDGE_CURVE('',#944,#945,#636,.T.);
#1164=EDGE_CURVE('',#945,#946,#506,.T.);
#1165=EDGE_CURVE('',#946,#947,#637,.T.);
#1166=EDGE_CURVE('',#947,#944,#507,.T.);
#1167=EDGE_CURVE('',#948,#948,#508,.T.);
#1168=EDGE_CURVE('',#949,#950,#638,.T.);
#1169=EDGE_CURVE('',#950,#951,#509,.T.);
#1170=EDGE_CURVE('',#951,#952,#639,.T.);
#1171=EDGE_CURVE('',#952,#949,#510,.T.);
#1172=EDGE_CURVE('',#953,#953,#511,.T.);
#1173=EDGE_CURVE('',#954,#955,#36,.T.);
#1174=EDGE_CURVE('',#956,#954,#512,.T.);
#1175=EDGE_CURVE('',#957,#956,#37,.T.);
#1176=EDGE_CURVE('',#958,#957,#640,.T.);
#1177=EDGE_CURVE('',#959,#958,#38,.T.);
#1178=EDGE_CURVE('',#960,#959,#39,.T.);
#1179=EDGE_CURVE('',#961,#960,#513,.T.);
#1180=EDGE_CURVE('',#962,#961,#40,.T.);
#1181=EDGE_CURVE('',#963,#962,#41,.T.);
#1182=EDGE_CURVE('',#955,#963,#641,.T.);
#1183=EDGE_CURVE('',#964,#963,#642,.T.);
#1184=EDGE_CURVE('',#965,#964,#643,.T.);
#1185=EDGE_CURVE('',#955,#965,#644,.T.);
#1186=EDGE_CURVE('',#962,#966,#514,.T.);
#1187=EDGE_CURVE('',#966,#967,#645,.T.);
#1188=EDGE_CURVE('',#967,#964,#24,.T.);
#1189=EDGE_CURVE('',#961,#966,#515,.T.);
#1190=EDGE_CURVE('',#968,#969,#42,.T.);
#1191=EDGE_CURVE('',#970,#969,#43,.F.);
#1192=EDGE_CURVE('',#970,#968,#516,.T.);
#1193=EDGE_CURVE('',#971,#960,#517,.T.);
#1194=EDGE_CURVE('',#972,#971,#646,.T.);
#1195=EDGE_CURVE('',#973,#972,#647,.T.);
#1196=EDGE_CURVE('',#974,#973,#648,.T.);
#1197=EDGE_CURVE('',#975,#974,#649,.T.);
#1198=EDGE_CURVE('',#976,#975,#518,.T.);
#1199=EDGE_CURVE('',#977,#976,#650,.T.);
#1200=EDGE_CURVE('',#978,#977,#651,.T.);
#1201=EDGE_CURVE('',#967,#978,#652,.T.);
#1202=EDGE_CURVE('',#971,#959,#519,.T.);
#1203=EDGE_CURVE('',#979,#979,#520,.T.);
#1204=EDGE_CURVE('',#979,#980,#653,.T.);
#1205=EDGE_CURVE('',#980,#980,#521,.T.);
#1206=EDGE_CURVE('',#981,#981,#522,.T.);
#1207=EDGE_CURVE('',#982,#982,#523,.T.);
#1208=EDGE_CURVE('',#982,#983,#654,.T.);
#1209=EDGE_CURVE('',#983,#983,#524,.T.);
#1210=EDGE_CURVE('',#984,#984,#525,.T.);
#1211=EDGE_CURVE('',#985,#985,#526,.T.);
#1212=EDGE_CURVE('',#985,#986,#655,.T.);
#1213=EDGE_CURVE('',#986,#986,#527,.T.);
#1214=EDGE_CURVE('',#987,#987,#528,.T.);
#1215=EDGE_CURVE('',#988,#988,#529,.T.);
#1216=EDGE_CURVE('',#988,#989,#656,.T.);
#1217=EDGE_CURVE('',#989,#989,#530,.T.);
#1218=EDGE_CURVE('',#990,#990,#531,.T.);
#1219=EDGE_CURVE('',#991,#991,#532,.T.);
#1220=EDGE_CURVE('',#991,#992,#657,.T.);
#1221=EDGE_CURVE('',#992,#992,#533,.T.);
#1222=EDGE_CURVE('',#993,#993,#534,.T.);
#1223=EDGE_CURVE('',#994,#994,#535,.T.);
#1224=EDGE_CURVE('',#994,#995,#658,.T.);
#1225=EDGE_CURVE('',#995,#995,#536,.T.);
#1226=EDGE_CURVE('',#996,#996,#537,.T.);
#1227=EDGE_CURVE('',#997,#997,#538,.T.);
#1228=EDGE_CURVE('',#997,#998,#659,.T.);
#1229=EDGE_CURVE('',#998,#998,#539,.T.);
#1230=EDGE_CURVE('',#999,#999,#540,.T.);
#1231=EDGE_CURVE('',#1000,#1000,#541,.T.);
#1232=EDGE_CURVE('',#1000,#1001,#660,.T.);
#1233=EDGE_CURVE('',#1001,#1001,#542,.T.);
#1234=EDGE_CURVE('',#1002,#1002,#543,.T.);
#1235=EDGE_CURVE('',#1003,#1003,#544,.T.);
#1236=EDGE_CURVE('',#1003,#1004,#661,.T.);
#1237=EDGE_CURVE('',#1004,#1004,#545,.T.);
#1238=EDGE_CURVE('',#1005,#1005,#546,.T.);
#1239=EDGE_CURVE('',#1005,#1006,#662,.T.);
#1240=EDGE_CURVE('',#1006,#1006,#547,.T.);
#1241=EDGE_CURVE('',#1007,#1007,#548,.T.);
#1242=EDGE_CURVE('',#1007,#1008,#663,.T.);
#1243=EDGE_CURVE('',#1008,#1008,#549,.T.);
#1244=EDGE_CURVE('',#1009,#1010,#550,.T.);
#1245=EDGE_CURVE('',#1009,#1010,#44,.T.);
#1246=EDGE_CURVE('',#1011,#1011,#551,.T.);
#1247=EDGE_CURVE('',#1011,#1012,#664,.T.);
#1248=EDGE_CURVE('',#1012,#1012,#552,.T.);
#1249=EDGE_CURVE('',#1013,#1014,#553,.T.);
#1250=EDGE_CURVE('',#1013,#1014,#45,.T.);
#1251=EDGE_CURVE('',#1015,#964,#665,.T.);
#1252=EDGE_CURVE('',#978,#1015,#25,.T.);
#1253=EDGE_CURVE('',#977,#1016,#26,.T.);
#1254=EDGE_CURVE('',#1016,#1015,#666,.T.);
#1255=EDGE_CURVE('',#1017,#1015,#667,.T.);
#1256=EDGE_CURVE('',#965,#1017,#668,.T.);
#1257=EDGE_CURVE('',#1018,#1016,#669,.T.);
#1258=EDGE_CURVE('',#1017,#1018,#670,.T.);
#1259=EDGE_CURVE('',#1019,#1020,#671,.T.);
#1260=EDGE_CURVE('',#1020,#974,#27,.T.);
#1261=EDGE_CURVE('',#973,#1019,#28,.T.);
#1262=EDGE_CURVE('',#972,#1021,#29,.T.);
#1263=EDGE_CURVE('',#1021,#1019,#672,.T.);
#1264=EDGE_CURVE('',#958,#1021,#673,.T.);
#1265=EDGE_CURVE('',#1022,#1023,#46,.T.);
#1266=EDGE_CURVE('',#1023,#1024,#554,.T.);
#1267=EDGE_CURVE('',#1024,#1022,#47,.T.);
#1268=EDGE_CURVE('',#1023,#968,#555,.T.);
#1269=EDGE_CURVE('',#1024,#970,#556,.T.);
#1270=EDGE_CURVE('',#1018,#1025,#30,.T.);
#1271=EDGE_CURVE('',#1025,#1026,#674,.T.);
#1272=EDGE_CURVE('',#1026,#1017,#31,.T.);
#1273=EDGE_CURVE('',#1026,#1027,#675,.T.);
#1274=EDGE_CURVE('',#1027,#965,#32,.T.);
#1275=EDGE_CURVE('',#1027,#954,#676,.T.);
#1276=EDGE_CURVE('',#1028,#1028,#557,.T.);
#1277=EDGE_CURVE('',#1025,#1029,#677,.T.);
#1278=EDGE_CURVE('',#1029,#1030,#558,.T.);
#1279=EDGE_CURVE('',#1030,#1031,#678,.T.);
#1280=EDGE_CURVE('',#1032,#1031,#679,.T.);
#1281=EDGE_CURVE('',#1033,#1032,#680,.T.);
#1282=EDGE_CURVE('',#1034,#1033,#681,.T.);
#1283=EDGE_CURVE('',#1034,#1035,#559,.T.);
#1284=EDGE_CURVE('',#1036,#1035,#560,.T.);
#1285=EDGE_CURVE('',#1036,#1037,#561,.T.);
#1286=EDGE_CURVE('',#1037,#1038,#562,.T.);
#1287=EDGE_CURVE('',#1038,#1039,#563,.T.);
#1288=EDGE_CURVE('',#1039,#1040,#564,.T.);
#1289=EDGE_CURVE('',#956,#1040,#682,.T.);
#1290=EDGE_CURVE('',#1041,#1041,#565,.T.);
#1291=EDGE_CURVE('',#1042,#1043,#566,.T.);
#1292=EDGE_CURVE('',#1043,#1044,#683,.T.);
#1293=EDGE_CURVE('',#1044,#1045,#567,.T.);
#1294=EDGE_CURVE('',#1045,#1042,#684,.T.);
#1295=EDGE_CURVE('',#1046,#1047,#568,.T.);
#1296=EDGE_CURVE('',#1047,#1048,#685,.T.);
#1297=EDGE_CURVE('',#1048,#1049,#569,.T.);
#1298=EDGE_CURVE('',#1049,#1046,#686,.T.);
#1299=EDGE_CURVE('',#1050,#1051,#687,.T.);
#1300=EDGE_CURVE('',#1051,#1052,#570,.T.);
#1301=EDGE_CURVE('',#1052,#1053,#688,.T.);
#1302=EDGE_CURVE('',#1053,#1050,#571,.T.);
#1303=EDGE_CURVE('',#1054,#1054,#572,.T.);
#1304=EDGE_CURVE('',#1055,#1055,#573,.T.);
#1305=EDGE_CURVE('',#1056,#1056,#574,.T.);
#1306=EDGE_CURVE('',#1057,#1057,#575,.T.);
#1307=EDGE_CURVE('',#1058,#1058,#576,.T.);
#1308=EDGE_CURVE('',#1059,#1059,#577,.T.);
#1309=EDGE_CURVE('',#1060,#1060,#578,.T.);
#1310=EDGE_CURVE('',#1061,#1061,#579,.T.);
#1311=EDGE_CURVE('',#1062,#1062,#580,.T.);
#1312=EDGE_CURVE('',#1063,#976,#689,.T.);
#1313=EDGE_CURVE('',#1064,#1063,#690,.T.);
#1314=EDGE_CURVE('',#1064,#1029,#691,.T.);
#1315=EDGE_CURVE('',#1040,#1034,#48,.T.);
#1316=EDGE_CURVE('',#1033,#1065,#33,.T.);
#1317=EDGE_CURVE('',#1065,#957,#692,.T.);
#1318=EDGE_CURVE('',#1066,#1065,#693,.T.);
#1319=EDGE_CURVE('',#1032,#1066,#34,.T.);
#1320=EDGE_CURVE('',#1031,#1067,#35,.T.);
#1321=EDGE_CURVE('',#1067,#1066,#694,.T.);
#1322=EDGE_CURVE('',#1066,#1019,#695,.T.);
#1323=EDGE_CURVE('',#1020,#1067,#696,.T.);
#1324=EDGE_CURVE('',#1068,#1030,#697,.T.);
#1325=EDGE_CURVE('',#1069,#1068,#698,.T.);
#1326=EDGE_CURVE('',#975,#1069,#699,.T.);
#1327=EDGE_CURVE('',#1065,#1021,#700,.T.);
#1328=EDGE_CURVE('',#1070,#1070,#581,.T.);
#1329=EDGE_CURVE('',#1070,#1071,#582,.T.);
#1330=EDGE_CURVE('',#1071,#1022,#583,.T.);
#1331=EDGE_CURVE('',#969,#1071,#584,.T.);
#1332=EDGE_CURVE('',#1072,#942,#701,.T.);
#1333=EDGE_CURVE('',#1073,#1072,#702,.T.);
#1334=EDGE_CURVE('',#1073,#939,#703,.T.);
#1335=EDGE_CURVE('',#1074,#941,#704,.T.);
#1336=EDGE_CURVE('',#1075,#1074,#49,.T.);
#1337=EDGE_CURVE('',#1076,#1075,#585,.T.);
#1338=EDGE_CURVE('',#1072,#1076,#50,.T.);
#1339=EDGE_CURVE('',#1077,#936,#705,.T.);
#1340=EDGE_CURVE('',#1078,#1077,#706,.T.);
#1341=EDGE_CURVE('',#1078,#937,#707,.T.);
#1342=EDGE_CURVE('',#1079,#946,#708,.T.);
#1343=EDGE_CURVE('',#1080,#1079,#709,.T.);
#1344=EDGE_CURVE('',#1080,#947,#710,.T.);
#1345=EDGE_CURVE('',#1081,#951,#711,.T.);
#1346=EDGE_CURVE('',#1082,#1081,#712,.T.);
#1347=EDGE_CURVE('',#1082,#952,#713,.T.);
#1348=EDGE_CURVE('',#1083,#1039,#714,.T.);
#1349=EDGE_CURVE('',#1084,#1083,#586,.T.);
#1350=EDGE_CURVE('',#1085,#1084,#587,.T.);
#1351=EDGE_CURVE('',#1035,#1085,#715,.T.);
#1352=EDGE_CURVE('',#1041,#1071,#716,.T.);
#1353=EDGE_CURVE('',#1086,#1086,#588,.T.);
#1354=EDGE_CURVE('',#1086,#1087,#589,.T.);
#1355=EDGE_CURVE('',#1087,#1087,#590,.T.);
#1356=EDGE_CURVE('',#1054,#1087,#717,.T.);
#1357=EDGE_CURVE('',#1088,#1088,#591,.T.);
#1358=EDGE_CURVE('',#1089,#1089,#592,.T.);
#1359=EDGE_CURVE('',#1089,#1090,#593,.T.);
#1360=EDGE_CURVE('',#1090,#1091,#594,.T.);
#1361=EDGE_CURVE('',#1092,#1091,#51,.F.);
#1362=EDGE_CURVE('',#1092,#1090,#595,.T.);
#1363=EDGE_CURVE('',#1093,#1093,#596,.T.);
#1364=EDGE_CURVE('',#1094,#1094,#597,.T.);
#1365=EDGE_CURVE('',#1095,#1095,#598,.T.);
#1366=EDGE_CURVE('',#1095,#1084,#599,.T.);
#1367=EDGE_CURVE('',#1085,#1083,#52,.F.);
#1368=EDGE_CURVE('',#1096,#1096,#600,.T.);
#1369=EDGE_CURVE('',#1097,#1098,#601,.T.);
#1370=EDGE_CURVE('',#1097,#1098,#53,.T.);
#1371=EDGE_CURVE('',#1062,#984,#718,.T.);
#1372=EDGE_CURVE('',#1061,#1099,#719,.T.);
#1373=EDGE_CURVE('',#1100,#1099,#602,.T.);
#1374=EDGE_CURVE('',#1101,#1100,#54,.T.);
#1375=EDGE_CURVE('',#1099,#1101,#603,.T.);
#1376=EDGE_CURVE('',#1060,#1102,#720,.T.);
#1377=EDGE_CURVE('',#1103,#1102,#55,.T.);
#1378=EDGE_CURVE('',#1104,#1103,#604,.T.);
#1379=EDGE_CURVE('',#1102,#1104,#56,.T.);
#1380=EDGE_CURVE('',#1059,#981,#721,.T.);
#1381=EDGE_CURVE('',#1058,#1105,#722,.T.);
#1382=EDGE_CURVE('',#1106,#1105,#57,.T.);
#1383=EDGE_CURVE('',#1107,#1106,#605,.T.);
#1384=EDGE_CURVE('',#1105,#1107,#58,.T.);
#1385=EDGE_CURVE('',#1057,#1108,#723,.T.);
#1386=EDGE_CURVE('',#1109,#1108,#606,.T.);
#1387=EDGE_CURVE('',#1110,#1109,#59,.T.);
#1388=EDGE_CURVE('',#1108,#1110,#607,.T.);
#1389=EDGE_CURVE('',#1056,#990,#724,.T.);
#1390=EDGE_CURVE('',#1111,#1112,#608,.T.);
#1391=EDGE_CURVE('',#1111,#1112,#60,.T.);
#1392=EDGE_CURVE('',#1055,#987,#725,.T.);
#1393=EDGE_CURVE('',#1098,#1113,#726,.T.);
#1394=EDGE_CURVE('',#1113,#1073,#61,.T.);
#1395=EDGE_CURVE('',#1076,#1097,#727,.T.);
#1396=EDGE_CURVE('',#1014,#1114,#728,.T.);
#1397=EDGE_CURVE('',#1114,#1078,#62,.T.);
#1398=EDGE_CURVE('',#1077,#1115,#63,.T.);
#1399=EDGE_CURVE('',#1115,#1013,#729,.T.);
#1400=EDGE_CURVE('',#1100,#1116,#730,.T.);
#1401=EDGE_CURVE('',#1116,#1117,#64,.T.);
#1402=EDGE_CURVE('',#1117,#1118,#731,.T.);
#1403=EDGE_CURVE('',#1118,#1119,#65,.T.);
#1404=EDGE_CURVE('',#1119,#1101,#732,.T.);
#1405=EDGE_CURVE('',#1104,#1120,#733,.T.);
#1406=EDGE_CURVE('',#1120,#1121,#66,.T.);
#1407=EDGE_CURVE('',#1121,#1122,#734,.T.);
#1408=EDGE_CURVE('',#1122,#1123,#67,.T.);
#1409=EDGE_CURVE('',#1123,#1103,#735,.T.);
#1410=EDGE_CURVE('',#1107,#1075,#736,.T.);
#1411=EDGE_CURVE('',#1074,#1124,#737,.T.);
#1412=EDGE_CURVE('',#1124,#1125,#68,.T.);
#1413=EDGE_CURVE('',#1125,#1106,#738,.T.);
#1414=EDGE_CURVE('',#1010,#1126,#739,.T.);
#1415=EDGE_CURVE('',#1126,#1082,#69,.T.);
#1416=EDGE_CURVE('',#1081,#1127,#70,.T.);
#1417=EDGE_CURVE('',#1127,#1009,#740,.T.);
#1418=EDGE_CURVE('',#1037,#1092,#741,.T.);
#1419=EDGE_CURVE('',#1091,#1036,#742,.T.);
#1420=EDGE_CURVE('',#1038,#1128,#743,.T.);
#1421=EDGE_CURVE('',#1128,#1128,#609,.T.);
#1422=EDGE_CURVE('',#1109,#1129,#744,.T.);
#1423=EDGE_CURVE('',#1129,#1130,#71,.T.);
#1424=EDGE_CURVE('',#1130,#1131,#745,.T.);
#1425=EDGE_CURVE('',#1131,#1132,#72,.T.);
#1426=EDGE_CURVE('',#1132,#1110,#746,.T.);
#1427=EDGE_CURVE('',#1131,#934,#747,.T.);
#1428=EDGE_CURVE('',#1130,#935,#748,.T.);
#1429=EDGE_CURVE('',#1112,#1133,#749,.T.);
#1430=EDGE_CURVE('',#1133,#1080,#73,.T.);
#1431=EDGE_CURVE('',#1079,#1134,#74,.T.);
#1432=EDGE_CURVE('',#1134,#1111,#750,.T.);
#1433=EDGE_CURVE('',#1125,#1133,#610,.T.);
#1434=EDGE_CURVE('',#1134,#1120,#611,.T.);
#1435=EDGE_CURVE('',#1123,#1135,#612,.T.);
#1436=EDGE_CURVE('',#1135,#1114,#613,.T.);
#1437=EDGE_CURVE('',#1115,#1129,#614,.T.);
#1438=EDGE_CURVE('',#1132,#1126,#615,.T.);
#1439=EDGE_CURVE('',#1127,#1116,#616,.T.);
#1440=EDGE_CURVE('',#1119,#1113,#617,.T.);
#1441=EDGE_CURVE('',#1136,#1137,#618,.T.);
#1442=EDGE_CURVE('',#1137,#1138,#751,.T.);
#1443=EDGE_CURVE('',#1138,#1139,#619,.T.);
#1444=EDGE_CURVE('',#1139,#1136,#752,.T.);
#1445=EDGE_CURVE('',#1140,#1141,#620,.T.);
#1446=EDGE_CURVE('',#1141,#1142,#753,.T.);
#1447=EDGE_CURVE('',#1142,#1143,#621,.T.);
#1448=EDGE_CURVE('',#1143,#1140,#754,.T.);
#1449=EDGE_CURVE('',#1144,#1145,#622,.T.);
#1450=EDGE_CURVE('',#1145,#1146,#755,.T.);
#1451=EDGE_CURVE('',#1146,#1147,#623,.T.);
#1452=EDGE_CURVE('',#1147,#1144,#756,.T.);
#1453=EDGE_CURVE('',#1068,#1064,#624,.T.);
#1454=EDGE_CURVE('',#1063,#1069,#625,.T.);
#1455=EDGE_CURVE('',#1148,#1148,#626,.T.);
#1456=EDGE_CURVE('',#1149,#1149,#627,.T.);
#1457=EDGE_CURVE('',#1150,#1150,#628,.T.);
#1458=EDGE_CURVE('',#1151,#1151,#629,.T.);
#1459=EDGE_CURVE('',#1152,#1152,#630,.T.);
#1460=EDGE_CURVE('',#1122,#944,#757,.T.);
#1461=EDGE_CURVE('',#1121,#945,#758,.T.);
#1462=EDGE_CURVE('',#1118,#949,#759,.T.);
#1463=EDGE_CURVE('',#1117,#950,#760,.T.);
#1464=EDGE_CURVE('',#1124,#940,#761,.T.);
#1465=EDGE_CURVE('',#996,#943,#762,.T.);
#1466=EDGE_CURVE('',#1002,#953,#763,.T.);
#1467=EDGE_CURVE('',#993,#948,#764,.T.);
#1468=EDGE_CURVE('',#999,#938,#765,.T.);
#1469=EDGE_CURVE('',#1028,#1135,#766,.T.);
#1470=EDGE_CURVE('',#1144,#1049,#767,.T.);
#1471=EDGE_CURVE('',#1145,#1048,#768,.T.);
#1472=EDGE_CURVE('',#1050,#1140,#769,.T.);
#1473=EDGE_CURVE('',#1141,#1053,#770,.T.);
#1474=EDGE_CURVE('',#1136,#1045,#771,.T.);
#1475=EDGE_CURVE('',#1137,#1044,#772,.T.);
#1476=EDGE_CURVE('',#1148,#1128,#631,.T.);
#1477=EDGE_CURVE('',#1096,#1149,#773,.T.);
#1478=EDGE_CURVE('',#1094,#1150,#774,.T.);
#1479=EDGE_CURVE('',#1093,#1151,#775,.T.);
#1480=EDGE_CURVE('',#1088,#1152,#776,.T.);
#1481=EDGE_CURVE('',#1143,#1051,#777,.T.);
#1482=EDGE_CURVE('',#1142,#1052,#778,.T.);
#1483=EDGE_CURVE('',#1046,#1147,#779,.T.);
#1484=EDGE_CURVE('',#1146,#1047,#780,.T.);
#1485=EDGE_CURVE('',#1042,#1139,#781,.T.);
#1486=EDGE_CURVE('',#1138,#1043,#782,.T.);
#1487=ORIENTED_EDGE('',*,*,#1153,.T.);
#1488=ORIENTED_EDGE('',*,*,#1154,.T.);
#1489=ORIENTED_EDGE('',*,*,#1155,.T.);
#1490=ORIENTED_EDGE('',*,*,#1156,.T.);
#1491=ORIENTED_EDGE('',*,*,#1157,.T.);
#1492=ORIENTED_EDGE('',*,*,#1158,.T.);
#1493=ORIENTED_EDGE('',*,*,#1159,.T.);
#1494=ORIENTED_EDGE('',*,*,#1160,.T.);
#1495=ORIENTED_EDGE('',*,*,#1161,.T.);
#1496=ORIENTED_EDGE('',*,*,#1162,.T.);
#1497=ORIENTED_EDGE('',*,*,#1163,.T.);
#1498=ORIENTED_EDGE('',*,*,#1164,.T.);
#1499=ORIENTED_EDGE('',*,*,#1165,.T.);
#1500=ORIENTED_EDGE('',*,*,#1166,.T.);
#1501=ORIENTED_EDGE('',*,*,#1167,.T.);
#1502=ORIENTED_EDGE('',*,*,#1168,.T.);
#1503=ORIENTED_EDGE('',*,*,#1169,.T.);
#1504=ORIENTED_EDGE('',*,*,#1170,.T.);
#1505=ORIENTED_EDGE('',*,*,#1171,.T.);
#1506=ORIENTED_EDGE('',*,*,#1172,.T.);
#1507=ORIENTED_EDGE('',*,*,#1173,.F.);
#1508=ORIENTED_EDGE('',*,*,#1174,.F.);
#1509=ORIENTED_EDGE('',*,*,#1175,.F.);
#1510=ORIENTED_EDGE('',*,*,#1176,.F.);
#1511=ORIENTED_EDGE('',*,*,#1177,.F.);
#1512=ORIENTED_EDGE('',*,*,#1178,.F.);
#1513=ORIENTED_EDGE('',*,*,#1179,.F.);
#1514=ORIENTED_EDGE('',*,*,#1180,.F.);
#1515=ORIENTED_EDGE('',*,*,#1181,.F.);
#1516=ORIENTED_EDGE('',*,*,#1182,.F.);
#1517=ORIENTED_EDGE('',*,*,#1182,.T.);
#1518=ORIENTED_EDGE('',*,*,#1183,.F.);
#1519=ORIENTED_EDGE('',*,*,#1184,.F.);
#1520=ORIENTED_EDGE('',*,*,#1185,.F.);
#1521=ORIENTED_EDGE('',*,*,#1181,.T.);
#1522=ORIENTED_EDGE('',*,*,#1186,.T.);
#1523=ORIENTED_EDGE('',*,*,#1187,.T.);
#1524=ORIENTED_EDGE('',*,*,#1188,.T.);
#1525=ORIENTED_EDGE('',*,*,#1183,.T.);
#1526=ORIENTED_EDGE('',*,*,#1180,.T.);
#1527=ORIENTED_EDGE('',*,*,#1189,.T.);
#1528=ORIENTED_EDGE('',*,*,#1186,.F.);
#1529=ORIENTED_EDGE('',*,*,#1190,.T.);
#1530=ORIENTED_EDGE('',*,*,#1191,.F.);
#1531=ORIENTED_EDGE('',*,*,#1192,.T.);
#1532=ORIENTED_EDGE('',*,*,#1179,.T.);
#1533=ORIENTED_EDGE('',*,*,#1193,.F.);
#1534=ORIENTED_EDGE('',*,*,#1194,.F.);
#1535=ORIENTED_EDGE('',*,*,#1195,.F.);
#1536=ORIENTED_EDGE('',*,*,#1196,.F.);
#1537=ORIENTED_EDGE('',*,*,#1197,.F.);
#1538=ORIENTED_EDGE('',*,*,#1198,.F.);
#1539=ORIENTED_EDGE('',*,*,#1199,.F.);
#1540=ORIENTED_EDGE('',*,*,#1200,.F.);
#1541=ORIENTED_EDGE('',*,*,#1201,.F.);
#1542=ORIENTED_EDGE('',*,*,#1187,.F.);
#1543=ORIENTED_EDGE('',*,*,#1189,.F.);
#1544=ORIENTED_EDGE('',*,*,#1178,.T.);
#1545=ORIENTED_EDGE('',*,*,#1202,.F.);
#1546=ORIENTED_EDGE('',*,*,#1193,.T.);
#1547=ORIENTED_EDGE('',*,*,#1203,.F.);
#1548=ORIENTED_EDGE('',*,*,#1204,.T.);
#1549=ORIENTED_EDGE('',*,*,#1205,.T.);
#1550=ORIENTED_EDGE('',*,*,#1204,.F.);
#1551=ORIENTED_EDGE('',*,*,#1205,.F.);
#1552=ORIENTED_EDGE('',*,*,#1206,.F.);
#1553=ORIENTED_EDGE('',*,*,#1207,.F.);
#1554=ORIENTED_EDGE('',*,*,#1208,.T.);
#1555=ORIENTED_EDGE('',*,*,#1209,.T.);
#1556=ORIENTED_EDGE('',*,*,#1208,.F.);
#1557=ORIENTED_EDGE('',*,*,#1209,.F.);
#1558=ORIENTED_EDGE('',*,*,#1210,.F.);
#1559=ORIENTED_EDGE('',*,*,#1211,.F.);
#1560=ORIENTED_EDGE('',*,*,#1212,.T.);
#1561=ORIENTED_EDGE('',*,*,#1213,.T.);
#1562=ORIENTED_EDGE('',*,*,#1212,.F.);
#1563=ORIENTED_EDGE('',*,*,#1213,.F.);
#1564=ORIENTED_EDGE('',*,*,#1214,.F.);
#1565=ORIENTED_EDGE('',*,*,#1215,.F.);
#1566=ORIENTED_EDGE('',*,*,#1216,.T.);
#1567=ORIENTED_EDGE('',*,*,#1217,.T.);
#1568=ORIENTED_EDGE('',*,*,#1216,.F.);
#1569=ORIENTED_EDGE('',*,*,#1217,.F.);
#1570=ORIENTED_EDGE('',*,*,#1218,.F.);
#1571=ORIENTED_EDGE('',*,*,#1219,.F.);
#1572=ORIENTED_EDGE('',*,*,#1220,.T.);
#1573=ORIENTED_EDGE('',*,*,#1221,.T.);
#1574=ORIENTED_EDGE('',*,*,#1220,.F.);
#1575=ORIENTED_EDGE('',*,*,#1221,.F.);
#1576=ORIENTED_EDGE('',*,*,#1222,.F.);
#1577=ORIENTED_EDGE('',*,*,#1223,.F.);
#1578=ORIENTED_EDGE('',*,*,#1224,.T.);
#1579=ORIENTED_EDGE('',*,*,#1225,.T.);
#1580=ORIENTED_EDGE('',*,*,#1224,.F.);
#1581=ORIENTED_EDGE('',*,*,#1225,.F.);
#1582=ORIENTED_EDGE('',*,*,#1226,.F.);
#1583=ORIENTED_EDGE('',*,*,#1227,.F.);
#1584=ORIENTED_EDGE('',*,*,#1228,.T.);
#1585=ORIENTED_EDGE('',*,*,#1229,.T.);
#1586=ORIENTED_EDGE('',*,*,#1228,.F.);
#1587=ORIENTED_EDGE('',*,*,#1229,.F.);
#1588=ORIENTED_EDGE('',*,*,#1230,.F.);
#1589=ORIENTED_EDGE('',*,*,#1231,.F.);
#1590=ORIENTED_EDGE('',*,*,#1232,.T.);
#1591=ORIENTED_EDGE('',*,*,#1233,.T.);
#1592=ORIENTED_EDGE('',*,*,#1232,.F.);
#1593=ORIENTED_EDGE('',*,*,#1233,.F.);
#1594=ORIENTED_EDGE('',*,*,#1234,.F.);
#1595=ORIENTED_EDGE('',*,*,#1235,.F.);
#1596=ORIENTED_EDGE('',*,*,#1236,.T.);
#1597=ORIENTED_EDGE('',*,*,#1237,.F.);
#1598=ORIENTED_EDGE('',*,*,#1236,.F.);
#1599=ORIENTED_EDGE('',*,*,#1238,.F.);
#1600=ORIENTED_EDGE('',*,*,#1239,.T.);
#1601=ORIENTED_EDGE('',*,*,#1240,.F.);
#1602=ORIENTED_EDGE('',*,*,#1239,.F.);
#1603=ORIENTED_EDGE('',*,*,#1241,.F.);
#1604=ORIENTED_EDGE('',*,*,#1242,.T.);
#1605=ORIENTED_EDGE('',*,*,#1243,.F.);
#1606=ORIENTED_EDGE('',*,*,#1242,.F.);
#1607=ORIENTED_EDGE('',*,*,#1244,.T.);
#1608=ORIENTED_EDGE('',*,*,#1245,.F.);
#1609=ORIENTED_EDGE('',*,*,#1246,.F.);
#1610=ORIENTED_EDGE('',*,*,#1247,.T.);
#1611=ORIENTED_EDGE('',*,*,#1248,.F.);
#1612=ORIENTED_EDGE('',*,*,#1247,.F.);
#1613=ORIENTED_EDGE('',*,*,#1249,.T.);
#1614=ORIENTED_EDGE('',*,*,#1250,.F.);
#1615=ORIENTED_EDGE('',*,*,#1251,.T.);
#1616=ORIENTED_EDGE('',*,*,#1188,.F.);
#1617=ORIENTED_EDGE('',*,*,#1201,.T.);
#1618=ORIENTED_EDGE('',*,*,#1252,.T.);
#1619=ORIENTED_EDGE('',*,*,#1200,.T.);
#1620=ORIENTED_EDGE('',*,*,#1253,.T.);
#1621=ORIENTED_EDGE('',*,*,#1254,.T.);
#1622=ORIENTED_EDGE('',*,*,#1252,.F.);
#1623=ORIENTED_EDGE('',*,*,#1251,.F.);
#1624=ORIENTED_EDGE('',*,*,#1255,.F.);
#1625=ORIENTED_EDGE('',*,*,#1256,.F.);
#1626=ORIENTED_EDGE('',*,*,#1184,.T.);
#1627=ORIENTED_EDGE('',*,*,#1254,.F.);
#1628=ORIENTED_EDGE('',*,*,#1257,.F.);
#1629=ORIENTED_EDGE('',*,*,#1258,.F.);
#1630=ORIENTED_EDGE('',*,*,#1255,.T.);
#1631=ORIENTED_EDGE('',*,*,#1259,.T.);
#1632=ORIENTED_EDGE('',*,*,#1260,.T.);
#1633=ORIENTED_EDGE('',*,*,#1196,.T.);
#1634=ORIENTED_EDGE('',*,*,#1261,.T.);
#1635=ORIENTED_EDGE('',*,*,#1195,.T.);
#1636=ORIENTED_EDGE('',*,*,#1262,.T.);
#1637=ORIENTED_EDGE('',*,*,#1263,.T.);
#1638=ORIENTED_EDGE('',*,*,#1261,.F.);
#1639=ORIENTED_EDGE('',*,*,#1177,.T.);
#1640=ORIENTED_EDGE('',*,*,#1264,.T.);
#1641=ORIENTED_EDGE('',*,*,#1262,.F.);
#1642=ORIENTED_EDGE('',*,*,#1194,.T.);
#1643=ORIENTED_EDGE('',*,*,#1202,.T.);
#1644=ORIENTED_EDGE('',*,*,#1265,.T.);
#1645=ORIENTED_EDGE('',*,*,#1266,.T.);
#1646=ORIENTED_EDGE('',*,*,#1267,.T.);
#1647=ORIENTED_EDGE('',*,*,#1268,.T.);
#1648=ORIENTED_EDGE('',*,*,#1192,.F.);
#1649=ORIENTED_EDGE('',*,*,#1269,.F.);
#1650=ORIENTED_EDGE('',*,*,#1266,.F.);
#1651=ORIENTED_EDGE('',*,*,#1258,.T.);
#1652=ORIENTED_EDGE('',*,*,#1270,.T.);
#1653=ORIENTED_EDGE('',*,*,#1271,.T.);
#1654=ORIENTED_EDGE('',*,*,#1272,.T.);
#1655=ORIENTED_EDGE('',*,*,#1273,.T.);
#1656=ORIENTED_EDGE('',*,*,#1274,.T.);
#1657=ORIENTED_EDGE('',*,*,#1256,.T.);
#1658=ORIENTED_EDGE('',*,*,#1272,.F.);
#1659=ORIENTED_EDGE('',*,*,#1173,.T.);
#1660=ORIENTED_EDGE('',*,*,#1185,.T.);
#1661=ORIENTED_EDGE('',*,*,#1274,.F.);
#1662=ORIENTED_EDGE('',*,*,#1275,.T.);
#1663=ORIENTED_EDGE('',*,*,#1276,.T.);
#1664=ORIENTED_EDGE('',*,*,#1275,.F.);
#1665=ORIENTED_EDGE('',*,*,#1273,.F.);
#1666=ORIENTED_EDGE('',*,*,#1271,.F.);
#1667=ORIENTED_EDGE('',*,*,#1277,.T.);
#1668=ORIENTED_EDGE('',*,*,#1278,.T.);
#1669=ORIENTED_EDGE('',*,*,#1279,.T.);
#1670=ORIENTED_EDGE('',*,*,#1280,.F.);
#1671=ORIENTED_EDGE('',*,*,#1281,.F.);
#1672=ORIENTED_EDGE('',*,*,#1282,.F.);
#1673=ORIENTED_EDGE('',*,*,#1283,.T.);
#1674=ORIENTED_EDGE('',*,*,#1284,.F.);
#1675=ORIENTED_EDGE('',*,*,#1285,.T.);
#1676=ORIENTED_EDGE('',*,*,#1286,.T.);
#1677=ORIENTED_EDGE('',*,*,#1287,.T.);
#1678=ORIENTED_EDGE('',*,*,#1288,.T.);
#1679=ORIENTED_EDGE('',*,*,#1289,.F.);
#1680=ORIENTED_EDGE('',*,*,#1174,.T.);
#1681=ORIENTED_EDGE('',*,*,#1290,.T.);
#1682=ORIENTED_EDGE('',*,*,#1219,.T.);
#1683=ORIENTED_EDGE('',*,*,#1223,.T.);
#1684=ORIENTED_EDGE('',*,*,#1227,.T.);
#1685=ORIENTED_EDGE('',*,*,#1231,.T.);
#1686=ORIENTED_EDGE('',*,*,#1237,.T.);
#1687=ORIENTED_EDGE('',*,*,#1240,.T.);
#1688=ORIENTED_EDGE('',*,*,#1243,.T.);
#1689=ORIENTED_EDGE('',*,*,#1248,.T.);
#1690=ORIENTED_EDGE('',*,*,#1291,.T.);
#1691=ORIENTED_EDGE('',*,*,#1292,.T.);
#1692=ORIENTED_EDGE('',*,*,#1293,.T.);
#1693=ORIENTED_EDGE('',*,*,#1294,.T.);
#1694=ORIENTED_EDGE('',*,*,#1295,.T.);
#1695=ORIENTED_EDGE('',*,*,#1296,.T.);
#1696=ORIENTED_EDGE('',*,*,#1297,.T.);
#1697=ORIENTED_EDGE('',*,*,#1298,.T.);
#1698=ORIENTED_EDGE('',*,*,#1299,.T.);
#1699=ORIENTED_EDGE('',*,*,#1300,.T.);
#1700=ORIENTED_EDGE('',*,*,#1301,.T.);
#1701=ORIENTED_EDGE('',*,*,#1302,.T.);
#1702=ORIENTED_EDGE('',*,*,#1303,.T.);
#1703=ORIENTED_EDGE('',*,*,#1304,.T.);
#1704=ORIENTED_EDGE('',*,*,#1305,.T.);
#1705=ORIENTED_EDGE('',*,*,#1306,.T.);
#1706=ORIENTED_EDGE('',*,*,#1307,.T.);
#1707=ORIENTED_EDGE('',*,*,#1308,.T.);
#1708=ORIENTED_EDGE('',*,*,#1309,.T.);
#1709=ORIENTED_EDGE('',*,*,#1310,.T.);
#1710=ORIENTED_EDGE('',*,*,#1311,.T.);
#1711=ORIENTED_EDGE('',*,*,#1270,.F.);
#1712=ORIENTED_EDGE('',*,*,#1257,.T.);
#1713=ORIENTED_EDGE('',*,*,#1253,.F.);
#1714=ORIENTED_EDGE('',*,*,#1199,.T.);
#1715=ORIENTED_EDGE('',*,*,#1312,.F.);
#1716=ORIENTED_EDGE('',*,*,#1313,.F.);
#1717=ORIENTED_EDGE('',*,*,#1314,.T.);
#1718=ORIENTED_EDGE('',*,*,#1277,.F.);
#1719=ORIENTED_EDGE('',*,*,#1175,.T.);
#1720=ORIENTED_EDGE('',*,*,#1289,.T.);
#1721=ORIENTED_EDGE('',*,*,#1315,.T.);
#1722=ORIENTED_EDGE('',*,*,#1282,.T.);
#1723=ORIENTED_EDGE('',*,*,#1316,.T.);
#1724=ORIENTED_EDGE('',*,*,#1317,.T.);
#1725=ORIENTED_EDGE('',*,*,#1318,.T.);
#1726=ORIENTED_EDGE('',*,*,#1316,.F.);
#1727=ORIENTED_EDGE('',*,*,#1281,.T.);
#1728=ORIENTED_EDGE('',*,*,#1319,.T.);
#1729=ORIENTED_EDGE('',*,*,#1280,.T.);
#1730=ORIENTED_EDGE('',*,*,#1320,.T.);
#1731=ORIENTED_EDGE('',*,*,#1321,.T.);
#1732=ORIENTED_EDGE('',*,*,#1319,.F.);
#1733=ORIENTED_EDGE('',*,*,#1259,.F.);
#1734=ORIENTED_EDGE('',*,*,#1322,.F.);
#1735=ORIENTED_EDGE('',*,*,#1321,.F.);
#1736=ORIENTED_EDGE('',*,*,#1323,.F.);
#1737=ORIENTED_EDGE('',*,*,#1320,.F.);
#1738=ORIENTED_EDGE('',*,*,#1279,.F.);
#1739=ORIENTED_EDGE('',*,*,#1324,.F.);
#1740=ORIENTED_EDGE('',*,*,#1325,.F.);
#1741=ORIENTED_EDGE('',*,*,#1326,.F.);
#1742=ORIENTED_EDGE('',*,*,#1197,.T.);
#1743=ORIENTED_EDGE('',*,*,#1260,.F.);
#1744=ORIENTED_EDGE('',*,*,#1323,.T.);
#1745=ORIENTED_EDGE('',*,*,#1176,.T.);
#1746=ORIENTED_EDGE('',*,*,#1317,.F.);
#1747=ORIENTED_EDGE('',*,*,#1327,.T.);
#1748=ORIENTED_EDGE('',*,*,#1264,.F.);
#1749=ORIENTED_EDGE('',*,*,#1263,.F.);
#1750=ORIENTED_EDGE('',*,*,#1327,.F.);
#1751=ORIENTED_EDGE('',*,*,#1318,.F.);
#1752=ORIENTED_EDGE('',*,*,#1322,.T.);
#1753=ORIENTED_EDGE('',*,*,#1328,.T.);
#1754=ORIENTED_EDGE('',*,*,#1329,.T.);
#1755=ORIENTED_EDGE('',*,*,#1330,.T.);
#1756=ORIENTED_EDGE('',*,*,#1267,.F.);
#1757=ORIENTED_EDGE('',*,*,#1269,.T.);
#1758=ORIENTED_EDGE('',*,*,#1191,.T.);
#1759=ORIENTED_EDGE('',*,*,#1331,.T.);
#1760=ORIENTED_EDGE('',*,*,#1329,.F.);
#1761=ORIENTED_EDGE('',*,*,#1332,.F.);
#1762=ORIENTED_EDGE('',*,*,#1333,.F.);
#1763=ORIENTED_EDGE('',*,*,#1334,.T.);
#1764=ORIENTED_EDGE('',*,*,#1161,.F.);
#1765=ORIENTED_EDGE('',*,*,#1335,.F.);
#1766=ORIENTED_EDGE('',*,*,#1336,.F.);
#1767=ORIENTED_EDGE('',*,*,#1337,.F.);
#1768=ORIENTED_EDGE('',*,*,#1338,.F.);
#1769=ORIENTED_EDGE('',*,*,#1332,.T.);
#1770=ORIENTED_EDGE('',*,*,#1160,.F.);
#1771=ORIENTED_EDGE('',*,*,#1339,.F.);
#1772=ORIENTED_EDGE('',*,*,#1340,.F.);
#1773=ORIENTED_EDGE('',*,*,#1341,.T.);
#1774=ORIENTED_EDGE('',*,*,#1155,.F.);
#1775=ORIENTED_EDGE('',*,*,#1342,.F.);
#1776=ORIENTED_EDGE('',*,*,#1343,.F.);
#1777=ORIENTED_EDGE('',*,*,#1344,.T.);
#1778=ORIENTED_EDGE('',*,*,#1165,.F.);
#1779=ORIENTED_EDGE('',*,*,#1345,.F.);
#1780=ORIENTED_EDGE('',*,*,#1346,.F.);
#1781=ORIENTED_EDGE('',*,*,#1347,.T.);
#1782=ORIENTED_EDGE('',*,*,#1170,.F.);
#1783=ORIENTED_EDGE('',*,*,#1315,.F.);
#1784=ORIENTED_EDGE('',*,*,#1288,.F.);
#1785=ORIENTED_EDGE('',*,*,#1348,.F.);
#1786=ORIENTED_EDGE('',*,*,#1349,.F.);
#1787=ORIENTED_EDGE('',*,*,#1350,.F.);
#1788=ORIENTED_EDGE('',*,*,#1351,.F.);
#1789=ORIENTED_EDGE('',*,*,#1283,.F.);
#1790=ORIENTED_EDGE('',*,*,#1290,.F.);
#1791=ORIENTED_EDGE('',*,*,#1352,.T.);
#1792=ORIENTED_EDGE('',*,*,#1331,.F.);
#1793=ORIENTED_EDGE('',*,*,#1190,.F.);
#1794=ORIENTED_EDGE('',*,*,#1268,.F.);
#1795=ORIENTED_EDGE('',*,*,#1265,.F.);
#1796=ORIENTED_EDGE('',*,*,#1330,.F.);
#1797=ORIENTED_EDGE('',*,*,#1352,.F.);
#1798=ORIENTED_EDGE('',*,*,#1353,.T.);
#1799=ORIENTED_EDGE('',*,*,#1354,.T.);
#1800=ORIENTED_EDGE('',*,*,#1355,.T.);
#1801=ORIENTED_EDGE('',*,*,#1354,.F.);
#1802=ORIENTED_EDGE('',*,*,#1303,.F.);
#1803=ORIENTED_EDGE('',*,*,#1356,.T.);
#1804=ORIENTED_EDGE('',*,*,#1355,.F.);
#1805=ORIENTED_EDGE('',*,*,#1356,.F.);
#1806=ORIENTED_EDGE('',*,*,#1353,.F.);
#1807=ORIENTED_EDGE('',*,*,#1357,.F.);
#1808=ORIENTED_EDGE('',*,*,#1358,.T.);
#1809=ORIENTED_EDGE('',*,*,#1359,.T.);
#1810=ORIENTED_EDGE('',*,*,#1360,.T.);
#1811=ORIENTED_EDGE('',*,*,#1361,.F.);
#1812=ORIENTED_EDGE('',*,*,#1362,.T.);
#1813=ORIENTED_EDGE('',*,*,#1359,.F.);
#1814=ORIENTED_EDGE('',*,*,#1358,.F.);
#1815=ORIENTED_EDGE('',*,*,#1363,.F.);
#1816=ORIENTED_EDGE('',*,*,#1328,.F.);
#1817=ORIENTED_EDGE('',*,*,#1364,.F.);
#1818=ORIENTED_EDGE('',*,*,#1365,.T.);
#1819=ORIENTED_EDGE('',*,*,#1366,.T.);
#1820=ORIENTED_EDGE('',*,*,#1349,.T.);
#1821=ORIENTED_EDGE('',*,*,#1367,.F.);
#1822=ORIENTED_EDGE('',*,*,#1350,.T.);
#1823=ORIENTED_EDGE('',*,*,#1366,.F.);
#1824=ORIENTED_EDGE('',*,*,#1365,.F.);
#1825=ORIENTED_EDGE('',*,*,#1368,.F.);
#1826=ORIENTED_EDGE('',*,*,#1369,.T.);
#1827=ORIENTED_EDGE('',*,*,#1370,.F.);
#1828=ORIENTED_EDGE('',*,*,#1311,.F.);
#1829=ORIENTED_EDGE('',*,*,#1371,.T.);
#1830=ORIENTED_EDGE('',*,*,#1210,.T.);
#1831=ORIENTED_EDGE('',*,*,#1371,.F.);
#1832=ORIENTED_EDGE('',*,*,#1310,.F.);
#1833=ORIENTED_EDGE('',*,*,#1372,.T.);
#1834=ORIENTED_EDGE('',*,*,#1373,.F.);
#1835=ORIENTED_EDGE('',*,*,#1374,.F.);
#1836=ORIENTED_EDGE('',*,*,#1375,.F.);
#1837=ORIENTED_EDGE('',*,*,#1372,.F.);
#1838=ORIENTED_EDGE('',*,*,#1309,.F.);
#1839=ORIENTED_EDGE('',*,*,#1376,.T.);
#1840=ORIENTED_EDGE('',*,*,#1377,.F.);
#1841=ORIENTED_EDGE('',*,*,#1378,.F.);
#1842=ORIENTED_EDGE('',*,*,#1379,.F.);
#1843=ORIENTED_EDGE('',*,*,#1376,.F.);
#1844=ORIENTED_EDGE('',*,*,#1308,.F.);
#1845=ORIENTED_EDGE('',*,*,#1380,.T.);
#1846=ORIENTED_EDGE('',*,*,#1206,.T.);
#1847=ORIENTED_EDGE('',*,*,#1380,.F.);
#1848=ORIENTED_EDGE('',*,*,#1307,.F.);
#1849=ORIENTED_EDGE('',*,*,#1381,.T.);
#1850=ORIENTED_EDGE('',*,*,#1382,.F.);
#1851=ORIENTED_EDGE('',*,*,#1383,.F.);
#1852=ORIENTED_EDGE('',*,*,#1384,.F.);
#1853=ORIENTED_EDGE('',*,*,#1381,.F.);
#1854=ORIENTED_EDGE('',*,*,#1306,.F.);
#1855=ORIENTED_EDGE('',*,*,#1385,.T.);
#1856=ORIENTED_EDGE('',*,*,#1386,.F.);
#1857=ORIENTED_EDGE('',*,*,#1387,.F.);
#1858=ORIENTED_EDGE('',*,*,#1388,.F.);
#1859=ORIENTED_EDGE('',*,*,#1385,.F.);
#1860=ORIENTED_EDGE('',*,*,#1305,.F.);
#1861=ORIENTED_EDGE('',*,*,#1389,.T.);
#1862=ORIENTED_EDGE('',*,*,#1218,.T.);
#1863=ORIENTED_EDGE('',*,*,#1389,.F.);
#1864=ORIENTED_EDGE('',*,*,#1390,.T.);
#1865=ORIENTED_EDGE('',*,*,#1391,.F.);
#1866=ORIENTED_EDGE('',*,*,#1304,.F.);
#1867=ORIENTED_EDGE('',*,*,#1392,.T.);
#1868=ORIENTED_EDGE('',*,*,#1214,.T.);
#1869=ORIENTED_EDGE('',*,*,#1392,.F.);
#1870=ORIENTED_EDGE('',*,*,#1370,.T.);
#1871=ORIENTED_EDGE('',*,*,#1393,.T.);
#1872=ORIENTED_EDGE('',*,*,#1394,.T.);
#1873=ORIENTED_EDGE('',*,*,#1333,.T.);
#1874=ORIENTED_EDGE('',*,*,#1338,.T.);
#1875=ORIENTED_EDGE('',*,*,#1395,.T.);
#1876=ORIENTED_EDGE('',*,*,#1250,.T.);
#1877=ORIENTED_EDGE('',*,*,#1396,.T.);
#1878=ORIENTED_EDGE('',*,*,#1397,.T.);
#1879=ORIENTED_EDGE('',*,*,#1340,.T.);
#1880=ORIENTED_EDGE('',*,*,#1398,.T.);
#1881=ORIENTED_EDGE('',*,*,#1399,.T.);
#1882=ORIENTED_EDGE('',*,*,#1374,.T.);
#1883=ORIENTED_EDGE('',*,*,#1400,.T.);
#1884=ORIENTED_EDGE('',*,*,#1401,.T.);
#1885=ORIENTED_EDGE('',*,*,#1402,.T.);
#1886=ORIENTED_EDGE('',*,*,#1403,.T.);
#1887=ORIENTED_EDGE('',*,*,#1404,.T.);
#1888=ORIENTED_EDGE('',*,*,#1377,.T.);
#1889=ORIENTED_EDGE('',*,*,#1379,.T.);
#1890=ORIENTED_EDGE('',*,*,#1405,.T.);
#1891=ORIENTED_EDGE('',*,*,#1406,.T.);
#1892=ORIENTED_EDGE('',*,*,#1407,.T.);
#1893=ORIENTED_EDGE('',*,*,#1408,.T.);
#1894=ORIENTED_EDGE('',*,*,#1409,.T.);
#1895=ORIENTED_EDGE('',*,*,#1382,.T.);
#1896=ORIENTED_EDGE('',*,*,#1384,.T.);
#1897=ORIENTED_EDGE('',*,*,#1410,.T.);
#1898=ORIENTED_EDGE('',*,*,#1336,.T.);
#1899=ORIENTED_EDGE('',*,*,#1411,.T.);
#1900=ORIENTED_EDGE('',*,*,#1412,.T.);
#1901=ORIENTED_EDGE('',*,*,#1413,.T.);
#1902=ORIENTED_EDGE('',*,*,#1245,.T.);
#1903=ORIENTED_EDGE('',*,*,#1414,.T.);
#1904=ORIENTED_EDGE('',*,*,#1415,.T.);
#1905=ORIENTED_EDGE('',*,*,#1346,.T.);
#1906=ORIENTED_EDGE('',*,*,#1416,.T.);
#1907=ORIENTED_EDGE('',*,*,#1417,.T.);
#1908=ORIENTED_EDGE('',*,*,#1362,.F.);
#1909=ORIENTED_EDGE('',*,*,#1418,.F.);
#1910=ORIENTED_EDGE('',*,*,#1285,.F.);
#1911=ORIENTED_EDGE('',*,*,#1419,.F.);
#1912=ORIENTED_EDGE('',*,*,#1360,.F.);
#1913=ORIENTED_EDGE('',*,*,#1284,.T.);
#1914=ORIENTED_EDGE('',*,*,#1351,.T.);
#1915=ORIENTED_EDGE('',*,*,#1367,.T.);
#1916=ORIENTED_EDGE('',*,*,#1348,.T.);
#1917=ORIENTED_EDGE('',*,*,#1287,.F.);
#1918=ORIENTED_EDGE('',*,*,#1420,.T.);
#1919=ORIENTED_EDGE('',*,*,#1421,.F.);
#1920=ORIENTED_EDGE('',*,*,#1420,.F.);
#1921=ORIENTED_EDGE('',*,*,#1286,.F.);
#1922=ORIENTED_EDGE('',*,*,#1418,.T.);
#1923=ORIENTED_EDGE('',*,*,#1361,.T.);
#1924=ORIENTED_EDGE('',*,*,#1419,.T.);
#1925=ORIENTED_EDGE('',*,*,#1387,.T.);
#1926=ORIENTED_EDGE('',*,*,#1422,.T.);
#1927=ORIENTED_EDGE('',*,*,#1423,.T.);
#1928=ORIENTED_EDGE('',*,*,#1424,.T.);
#1929=ORIENTED_EDGE('',*,*,#1425,.T.);
#1930=ORIENTED_EDGE('',*,*,#1426,.T.);
#1931=ORIENTED_EDGE('',*,*,#1427,.F.);
#1932=ORIENTED_EDGE('',*,*,#1424,.F.);
#1933=ORIENTED_EDGE('',*,*,#1428,.T.);
#1934=ORIENTED_EDGE('',*,*,#1153,.F.);
#1935=ORIENTED_EDGE('',*,*,#1391,.T.);
#1936=ORIENTED_EDGE('',*,*,#1429,.T.);
#1937=ORIENTED_EDGE('',*,*,#1430,.T.);
#1938=ORIENTED_EDGE('',*,*,#1343,.T.);
#1939=ORIENTED_EDGE('',*,*,#1431,.T.);
#1940=ORIENTED_EDGE('',*,*,#1432,.T.);
#1941=ORIENTED_EDGE('',*,*,#1369,.F.);
#1942=ORIENTED_EDGE('',*,*,#1395,.F.);
#1943=ORIENTED_EDGE('',*,*,#1337,.T.);
#1944=ORIENTED_EDGE('',*,*,#1410,.F.);
#1945=ORIENTED_EDGE('',*,*,#1383,.T.);
#1946=ORIENTED_EDGE('',*,*,#1413,.F.);
#1947=ORIENTED_EDGE('',*,*,#1433,.T.);
#1948=ORIENTED_EDGE('',*,*,#1429,.F.);
#1949=ORIENTED_EDGE('',*,*,#1390,.F.);
#1950=ORIENTED_EDGE('',*,*,#1432,.F.);
#1951=ORIENTED_EDGE('',*,*,#1434,.T.);
#1952=ORIENTED_EDGE('',*,*,#1405,.F.);
#1953=ORIENTED_EDGE('',*,*,#1378,.T.);
#1954=ORIENTED_EDGE('',*,*,#1409,.F.);
#1955=ORIENTED_EDGE('',*,*,#1435,.T.);
#1956=ORIENTED_EDGE('',*,*,#1436,.T.);
#1957=ORIENTED_EDGE('',*,*,#1396,.F.);
#1958=ORIENTED_EDGE('',*,*,#1249,.F.);
#1959=ORIENTED_EDGE('',*,*,#1399,.F.);
#1960=ORIENTED_EDGE('',*,*,#1437,.T.);
#1961=ORIENTED_EDGE('',*,*,#1422,.F.);
#1962=ORIENTED_EDGE('',*,*,#1386,.T.);
#1963=ORIENTED_EDGE('',*,*,#1388,.T.);
#1964=ORIENTED_EDGE('',*,*,#1426,.F.);
#1965=ORIENTED_EDGE('',*,*,#1438,.T.);
#1966=ORIENTED_EDGE('',*,*,#1414,.F.);
#1967=ORIENTED_EDGE('',*,*,#1244,.F.);
#1968=ORIENTED_EDGE('',*,*,#1417,.F.);
#1969=ORIENTED_EDGE('',*,*,#1439,.T.);
#1970=ORIENTED_EDGE('',*,*,#1400,.F.);
#1971=ORIENTED_EDGE('',*,*,#1373,.T.);
#1972=ORIENTED_EDGE('',*,*,#1375,.T.);
#1973=ORIENTED_EDGE('',*,*,#1404,.F.);
#1974=ORIENTED_EDGE('',*,*,#1440,.T.);
#1975=ORIENTED_EDGE('',*,*,#1393,.F.);
#1976=ORIENTED_EDGE('',*,*,#1203,.T.);
#1977=ORIENTED_EDGE('',*,*,#1207,.T.);
#1978=ORIENTED_EDGE('',*,*,#1211,.T.);
#1979=ORIENTED_EDGE('',*,*,#1215,.T.);
#1980=ORIENTED_EDGE('',*,*,#1235,.T.);
#1981=ORIENTED_EDGE('',*,*,#1238,.T.);
#1982=ORIENTED_EDGE('',*,*,#1241,.T.);
#1983=ORIENTED_EDGE('',*,*,#1246,.T.);
#1984=ORIENTED_EDGE('',*,*,#1441,.T.);
#1985=ORIENTED_EDGE('',*,*,#1442,.T.);
#1986=ORIENTED_EDGE('',*,*,#1443,.T.);
#1987=ORIENTED_EDGE('',*,*,#1444,.T.);
#1988=ORIENTED_EDGE('',*,*,#1445,.T.);
#1989=ORIENTED_EDGE('',*,*,#1446,.T.);
#1990=ORIENTED_EDGE('',*,*,#1447,.T.);
#1991=ORIENTED_EDGE('',*,*,#1448,.T.);
#1992=ORIENTED_EDGE('',*,*,#1449,.T.);
#1993=ORIENTED_EDGE('',*,*,#1450,.T.);
#1994=ORIENTED_EDGE('',*,*,#1451,.T.);
#1995=ORIENTED_EDGE('',*,*,#1452,.T.);
#1996=ORIENTED_EDGE('',*,*,#1453,.T.);
#1997=ORIENTED_EDGE('',*,*,#1313,.T.);
#1998=ORIENTED_EDGE('',*,*,#1454,.T.);
#1999=ORIENTED_EDGE('',*,*,#1325,.T.);
#2000=ORIENTED_EDGE('',*,*,#1455,.F.);
#2001=ORIENTED_EDGE('',*,*,#1456,.T.);
#2002=ORIENTED_EDGE('',*,*,#1457,.T.);
#2003=ORIENTED_EDGE('',*,*,#1458,.T.);
#2004=ORIENTED_EDGE('',*,*,#1459,.T.);
#2005=ORIENTED_EDGE('',*,*,#1460,.F.);
#2006=ORIENTED_EDGE('',*,*,#1407,.F.);
#2007=ORIENTED_EDGE('',*,*,#1461,.T.);
#2008=ORIENTED_EDGE('',*,*,#1163,.F.);
#2009=ORIENTED_EDGE('',*,*,#1462,.F.);
#2010=ORIENTED_EDGE('',*,*,#1402,.F.);
#2011=ORIENTED_EDGE('',*,*,#1463,.T.);
#2012=ORIENTED_EDGE('',*,*,#1168,.F.);
#2013=ORIENTED_EDGE('',*,*,#1464,.F.);
#2014=ORIENTED_EDGE('',*,*,#1411,.F.);
#2015=ORIENTED_EDGE('',*,*,#1335,.T.);
#2016=ORIENTED_EDGE('',*,*,#1159,.F.);
#2017=ORIENTED_EDGE('',*,*,#1226,.T.);
#2018=ORIENTED_EDGE('',*,*,#1465,.T.);
#2019=ORIENTED_EDGE('',*,*,#1162,.F.);
#2020=ORIENTED_EDGE('',*,*,#1465,.F.);
#2021=ORIENTED_EDGE('',*,*,#1234,.T.);
#2022=ORIENTED_EDGE('',*,*,#1466,.T.);
#2023=ORIENTED_EDGE('',*,*,#1172,.F.);
#2024=ORIENTED_EDGE('',*,*,#1466,.F.);
#2025=ORIENTED_EDGE('',*,*,#1222,.T.);
#2026=ORIENTED_EDGE('',*,*,#1467,.T.);
#2027=ORIENTED_EDGE('',*,*,#1167,.F.);
#2028=ORIENTED_EDGE('',*,*,#1467,.F.);
#2029=ORIENTED_EDGE('',*,*,#1230,.T.);
#2030=ORIENTED_EDGE('',*,*,#1468,.T.);
#2031=ORIENTED_EDGE('',*,*,#1157,.F.);
#2032=ORIENTED_EDGE('',*,*,#1468,.F.);
#2033=ORIENTED_EDGE('',*,*,#1276,.F.);
#2034=ORIENTED_EDGE('',*,*,#1469,.T.);
#2035=ORIENTED_EDGE('',*,*,#1435,.F.);
#2036=ORIENTED_EDGE('',*,*,#1408,.F.);
#2037=ORIENTED_EDGE('',*,*,#1460,.T.);
#2038=ORIENTED_EDGE('',*,*,#1166,.F.);
#2039=ORIENTED_EDGE('',*,*,#1344,.F.);
#2040=ORIENTED_EDGE('',*,*,#1430,.F.);
#2041=ORIENTED_EDGE('',*,*,#1433,.F.);
#2042=ORIENTED_EDGE('',*,*,#1412,.F.);
#2043=ORIENTED_EDGE('',*,*,#1464,.T.);
#2044=ORIENTED_EDGE('',*,*,#1158,.F.);
#2045=ORIENTED_EDGE('',*,*,#1334,.F.);
#2046=ORIENTED_EDGE('',*,*,#1394,.F.);
#2047=ORIENTED_EDGE('',*,*,#1440,.F.);
#2048=ORIENTED_EDGE('',*,*,#1403,.F.);
#2049=ORIENTED_EDGE('',*,*,#1462,.T.);
#2050=ORIENTED_EDGE('',*,*,#1171,.F.);
#2051=ORIENTED_EDGE('',*,*,#1347,.F.);
#2052=ORIENTED_EDGE('',*,*,#1415,.F.);
#2053=ORIENTED_EDGE('',*,*,#1438,.F.);
#2054=ORIENTED_EDGE('',*,*,#1425,.F.);
#2055=ORIENTED_EDGE('',*,*,#1427,.T.);
#2056=ORIENTED_EDGE('',*,*,#1156,.F.);
#2057=ORIENTED_EDGE('',*,*,#1341,.F.);
#2058=ORIENTED_EDGE('',*,*,#1397,.F.);
#2059=ORIENTED_EDGE('',*,*,#1436,.F.);
#2060=ORIENTED_EDGE('',*,*,#1469,.F.);
#2061=ORIENTED_EDGE('',*,*,#1449,.F.);
#2062=ORIENTED_EDGE('',*,*,#1470,.T.);
#2063=ORIENTED_EDGE('',*,*,#1297,.F.);
#2064=ORIENTED_EDGE('',*,*,#1471,.F.);
#2065=ORIENTED_EDGE('',*,*,#1453,.F.);
#2066=ORIENTED_EDGE('',*,*,#1324,.T.);
#2067=ORIENTED_EDGE('',*,*,#1278,.F.);
#2068=ORIENTED_EDGE('',*,*,#1314,.F.);
#2069=ORIENTED_EDGE('',*,*,#1445,.F.);
#2070=ORIENTED_EDGE('',*,*,#1472,.F.);
#2071=ORIENTED_EDGE('',*,*,#1302,.F.);
#2072=ORIENTED_EDGE('',*,*,#1473,.F.);
#2073=ORIENTED_EDGE('',*,*,#1441,.F.);
#2074=ORIENTED_EDGE('',*,*,#1474,.T.);
#2075=ORIENTED_EDGE('',*,*,#1293,.F.);
#2076=ORIENTED_EDGE('',*,*,#1475,.F.);
#2077=ORIENTED_EDGE('',*,*,#1428,.F.);
#2078=ORIENTED_EDGE('',*,*,#1423,.F.);
#2079=ORIENTED_EDGE('',*,*,#1437,.F.);
#2080=ORIENTED_EDGE('',*,*,#1398,.F.);
#2081=ORIENTED_EDGE('',*,*,#1339,.T.);
#2082=ORIENTED_EDGE('',*,*,#1154,.F.);
#2083=ORIENTED_EDGE('',*,*,#1461,.F.);
#2084=ORIENTED_EDGE('',*,*,#1406,.F.);
#2085=ORIENTED_EDGE('',*,*,#1434,.F.);
#2086=ORIENTED_EDGE('',*,*,#1431,.F.);
#2087=ORIENTED_EDGE('',*,*,#1342,.T.);
#2088=ORIENTED_EDGE('',*,*,#1164,.F.);
#2089=ORIENTED_EDGE('',*,*,#1463,.F.);
#2090=ORIENTED_EDGE('',*,*,#1401,.F.);
#2091=ORIENTED_EDGE('',*,*,#1439,.F.);
#2092=ORIENTED_EDGE('',*,*,#1416,.F.);
#2093=ORIENTED_EDGE('',*,*,#1345,.T.);
#2094=ORIENTED_EDGE('',*,*,#1169,.F.);
#2095=ORIENTED_EDGE('',*,*,#1455,.T.);
#2096=ORIENTED_EDGE('',*,*,#1476,.T.);
#2097=ORIENTED_EDGE('',*,*,#1421,.T.);
#2098=ORIENTED_EDGE('',*,*,#1476,.F.);
#2099=ORIENTED_EDGE('',*,*,#1368,.T.);
#2100=ORIENTED_EDGE('',*,*,#1477,.T.);
#2101=ORIENTED_EDGE('',*,*,#1456,.F.);
#2102=ORIENTED_EDGE('',*,*,#1477,.F.);
#2103=ORIENTED_EDGE('',*,*,#1364,.T.);
#2104=ORIENTED_EDGE('',*,*,#1478,.T.);
#2105=ORIENTED_EDGE('',*,*,#1457,.F.);
#2106=ORIENTED_EDGE('',*,*,#1478,.F.);
#2107=ORIENTED_EDGE('',*,*,#1363,.T.);
#2108=ORIENTED_EDGE('',*,*,#1479,.T.);
#2109=ORIENTED_EDGE('',*,*,#1458,.F.);
#2110=ORIENTED_EDGE('',*,*,#1479,.F.);
#2111=ORIENTED_EDGE('',*,*,#1357,.T.);
#2112=ORIENTED_EDGE('',*,*,#1480,.T.);
#2113=ORIENTED_EDGE('',*,*,#1459,.F.);
#2114=ORIENTED_EDGE('',*,*,#1480,.F.);
#2115=ORIENTED_EDGE('',*,*,#1198,.T.);
#2116=ORIENTED_EDGE('',*,*,#1326,.T.);
#2117=ORIENTED_EDGE('',*,*,#1454,.F.);
#2118=ORIENTED_EDGE('',*,*,#1312,.T.);
#2119=ORIENTED_EDGE('',*,*,#1448,.F.);
#2120=ORIENTED_EDGE('',*,*,#1481,.T.);
#2121=ORIENTED_EDGE('',*,*,#1299,.F.);
#2122=ORIENTED_EDGE('',*,*,#1472,.T.);
#2123=ORIENTED_EDGE('',*,*,#1447,.F.);
#2124=ORIENTED_EDGE('',*,*,#1482,.T.);
#2125=ORIENTED_EDGE('',*,*,#1300,.F.);
#2126=ORIENTED_EDGE('',*,*,#1481,.F.);
#2127=ORIENTED_EDGE('',*,*,#1446,.F.);
#2128=ORIENTED_EDGE('',*,*,#1473,.T.);
#2129=ORIENTED_EDGE('',*,*,#1301,.F.);
#2130=ORIENTED_EDGE('',*,*,#1482,.F.);
#2131=ORIENTED_EDGE('',*,*,#1452,.F.);
#2132=ORIENTED_EDGE('',*,*,#1483,.F.);
#2133=ORIENTED_EDGE('',*,*,#1298,.F.);
#2134=ORIENTED_EDGE('',*,*,#1470,.F.);
#2135=ORIENTED_EDGE('',*,*,#1451,.F.);
#2136=ORIENTED_EDGE('',*,*,#1484,.T.);
#2137=ORIENTED_EDGE('',*,*,#1295,.F.);
#2138=ORIENTED_EDGE('',*,*,#1483,.T.);
#2139=ORIENTED_EDGE('',*,*,#1450,.F.);
#2140=ORIENTED_EDGE('',*,*,#1471,.T.);
#2141=ORIENTED_EDGE('',*,*,#1296,.F.);
#2142=ORIENTED_EDGE('',*,*,#1484,.F.);
#2143=ORIENTED_EDGE('',*,*,#1444,.F.);
#2144=ORIENTED_EDGE('',*,*,#1485,.F.);
#2145=ORIENTED_EDGE('',*,*,#1294,.F.);
#2146=ORIENTED_EDGE('',*,*,#1474,.F.);
#2147=ORIENTED_EDGE('',*,*,#1443,.F.);
#2148=ORIENTED_EDGE('',*,*,#1486,.T.);
#2149=ORIENTED_EDGE('',*,*,#1291,.F.);
#2150=ORIENTED_EDGE('',*,*,#1485,.T.);
#2151=ORIENTED_EDGE('',*,*,#1442,.F.);
#2152=ORIENTED_EDGE('',*,*,#1475,.T.);
#2153=ORIENTED_EDGE('',*,*,#1292,.F.);
#2154=ORIENTED_EDGE('',*,*,#1486,.F.);
#2155=PLANE('',#2333);
#2156=PLANE('',#2337);
#2157=PLANE('',#2341);
#2158=PLANE('',#2345);
#2159=PLANE('',#2352);
#2160=PLANE('',#2358);
#2161=PLANE('',#2365);
#2162=PLANE('',#2370);
#2163=PLANE('',#2375);
#2164=PLANE('',#2380);
#2165=PLANE('',#2385);
#2166=PLANE('',#2390);
#2167=PLANE('',#2395);
#2168=PLANE('',#2400);
#2169=PLANE('',#2422);
#2170=PLANE('',#2423);
#2171=PLANE('',#2431);
#2172=PLANE('',#2440);
#2173=PLANE('',#2465);
#2174=PLANE('',#2472);
#2175=PLANE('',#2473);
#2176=PLANE('',#2474);
#2177=PLANE('',#2475);
#2178=PLANE('',#2481);
#2179=PLANE('',#2484);
#2180=PLANE('',#2485);
#2181=PLANE('',#2486);
#2182=PLANE('',#2496);
#2183=PLANE('',#2503);
#2184=PLANE('',#2505);
#2185=PLANE('',#2510);
#2186=PLANE('',#2540);
#2187=PLANE('',#2542);
#2188=PLANE('',#2564);
#2189=PLANE('',#2565);
#2190=PLANE('',#2566);
#2191=PLANE('',#2586);
#2192=PLANE('',#2588);
#2193=PLANE('',#2589);
#2194=PLANE('',#2591);
#2195=PLANE('',#2592);
#2196=PLANE('',#2594);
#2197=ADVANCED_FACE('',(#201,#146),#2155,.F.);
#2198=ADVANCED_FACE('',(#202,#147),#2156,.F.);
#2199=ADVANCED_FACE('',(#203,#148),#2157,.F.);
#2200=ADVANCED_FACE('',(#204,#149),#2158,.F.);
#2201=ADVANCED_FACE('',(#205),#75,.T.);
#2202=ADVANCED_FACE('',(#206),#2159,.F.);
#2203=ADVANCED_FACE('',(#207),#76,.F.);
#2204=ADVANCED_FACE('',(#208),#20,.T.);
#2205=ADVANCED_FACE('',(#209),#21,.T.);
#2206=ADVANCED_FACE('',(#210),#2160,.T.);
#2207=ADVANCED_FACE('',(#211),#22,.T.);
#2208=ADVANCED_FACE('',(#212),#77,.F.);
#2209=ADVANCED_FACE('',(#213,#150),#2161,.T.);
#2210=ADVANCED_FACE('',(#214),#78,.F.);
#2211=ADVANCED_FACE('',(#215,#151),#2162,.T.);
#2212=ADVANCED_FACE('',(#216),#79,.F.);
#2213=ADVANCED_FACE('',(#217,#152),#2163,.T.);
#2214=ADVANCED_FACE('',(#218),#80,.F.);
#2215=ADVANCED_FACE('',(#219,#153),#2164,.T.);
#2216=ADVANCED_FACE('',(#220),#81,.F.);
#2217=ADVANCED_FACE('',(#221,#154),#2165,.T.);
#2218=ADVANCED_FACE('',(#222),#82,.F.);
#2219=ADVANCED_FACE('',(#223,#155),#2166,.T.);
#2220=ADVANCED_FACE('',(#224),#83,.F.);
#2221=ADVANCED_FACE('',(#225,#156),#2167,.T.);
#2222=ADVANCED_FACE('',(#226),#84,.F.);
#2223=ADVANCED_FACE('',(#227,#157),#2168,.T.);
#2224=ADVANCED_FACE('',(#228),#85,.F.);
#2225=ADVANCED_FACE('',(#229),#86,.F.);
#2226=ADVANCED_FACE('',(#230),#87,.F.);
#2227=ADVANCED_FACE('',(#231),#88,.F.);
#2228=ADVANCED_FACE('',(#232),#89,.F.);
#2229=ADVANCED_FACE('',(#233),#90,.F.);
#2230=ADVANCED_FACE('',(#234),#91,.F.);
#2231=ADVANCED_FACE('',(#235),#92,.F.);
#2232=ADVANCED_FACE('',(#236),#2169,.F.);
#2233=ADVANCED_FACE('',(#237),#2170,.F.);
#2234=ADVANCED_FACE('',(#238),#93,.F.);
#2235=ADVANCED_FACE('',(#239),#94,.F.);
#2236=ADVANCED_FACE('',(#240),#95,.F.);
#2237=ADVANCED_FACE('',(#241),#23,.T.);
#2238=ADVANCED_FACE('',(#242),#2171,.T.);
#2239=ADVANCED_FACE('',(#243),#96,.T.);
#2240=ADVANCED_FACE('',(#244),#97,.T.);
#2241=ADVANCED_FACE('',(#245),#98,.T.);
#2242=ADVANCED_FACE('',(#246,#158,#159,#160,#161,#162,#163,#164,#165,#166,
#167,#168,#169,#170,#171,#172,#173,#174,#175,#176,#177,#178,#179),#2172,
 .T.);
#2243=ADVANCED_FACE('',(#247),#2173,.F.);
#2244=ADVANCED_FACE('',(#248),#99,.T.);
#2245=ADVANCED_FACE('',(#249),#100,.T.);
#2246=ADVANCED_FACE('',(#250),#101,.T.);
#2247=ADVANCED_FACE('',(#251),#2174,.F.);
#2248=ADVANCED_FACE('',(#252),#2175,.F.);
#2249=ADVANCED_FACE('',(#253),#2176,.F.);
#2250=ADVANCED_FACE('',(#254),#2177,.F.);
#2251=ADVANCED_FACE('',(#255),#15,.F.);
#2252=ADVANCED_FACE('',(#256),#2178,.T.);
#2253=ADVANCED_FACE('',(#257),#102,.F.);
#2254=ADVANCED_FACE('',(#258),#2179,.T.);
#2255=ADVANCED_FACE('',(#259),#2180,.T.);
#2256=ADVANCED_FACE('',(#260),#2181,.T.);
#2257=ADVANCED_FACE('',(#261),#103,.F.);
#2258=ADVANCED_FACE('',(#262),#104,.F.);
#2259=ADVANCED_FACE('',(#263),#16,.F.);
#2260=ADVANCED_FACE('',(#264),#105,.F.);
#2261=ADVANCED_FACE('',(#265,#180),#2182,.T.);
#2262=ADVANCED_FACE('',(#266),#17,.F.);
#2263=ADVANCED_FACE('',(#267,#181),#2183,.T.);
#2264=ADVANCED_FACE('',(#268,#182),#2184,.T.);
#2265=ADVANCED_FACE('',(#269),#18,.F.);
#2266=ADVANCED_FACE('',(#270,#183),#2185,.T.);
#2267=ADVANCED_FACE('',(#271),#106,.F.);
#2268=ADVANCED_FACE('',(#272),#107,.F.);
#2269=ADVANCED_FACE('',(#273),#108,.F.);
#2270=ADVANCED_FACE('',(#274),#109,.F.);
#2271=ADVANCED_FACE('',(#275),#110,.F.);
#2272=ADVANCED_FACE('',(#276),#111,.F.);
#2273=ADVANCED_FACE('',(#277),#112,.F.);
#2274=ADVANCED_FACE('',(#278),#113,.F.);
#2275=ADVANCED_FACE('',(#279),#114,.F.);
#2276=ADVANCED_FACE('',(#280),#115,.F.);
#2277=ADVANCED_FACE('',(#281),#116,.F.);
#2278=ADVANCED_FACE('',(#282),#117,.F.);
#2279=ADVANCED_FACE('',(#283),#118,.F.);
#2280=ADVANCED_FACE('',(#284),#119,.F.);
#2281=ADVANCED_FACE('',(#285),#120,.F.);
#2282=ADVANCED_FACE('',(#286),#121,.F.);
#2283=ADVANCED_FACE('',(#287),#122,.F.);
#2284=ADVANCED_FACE('',(#288),#123,.F.);
#2285=ADVANCED_FACE('',(#289),#124,.F.);
#2286=ADVANCED_FACE('',(#290),#2186,.T.);
#2287=ADVANCED_FACE('',(#291),#125,.F.);
#2288=ADVANCED_FACE('',(#292,#184,#185,#186,#187,#188,#189,#190,#191,#192,
#193,#194,#195,#196,#197,#198,#199,#200),#2187,.F.);
#2289=ADVANCED_FACE('',(#293),#2188,.T.);
#2290=ADVANCED_FACE('',(#294),#2189,.T.);
#2291=ADVANCED_FACE('',(#295),#2190,.T.);
#2292=ADVANCED_FACE('',(#296),#126,.F.);
#2293=ADVANCED_FACE('',(#297),#127,.F.);
#2294=ADVANCED_FACE('',(#298),#128,.F.);
#2295=ADVANCED_FACE('',(#299),#129,.F.);
#2296=ADVANCED_FACE('',(#300),#130,.T.);
#2297=ADVANCED_FACE('',(#301),#131,.F.);
#2298=ADVANCED_FACE('',(#302),#132,.F.);
#2299=ADVANCED_FACE('',(#303),#133,.F.);
#2300=ADVANCED_FACE('',(#304),#134,.F.);
#2301=ADVANCED_FACE('',(#305),#135,.F.);
#2302=ADVANCED_FACE('',(#306),#136,.F.);
#2303=ADVANCED_FACE('',(#307),#137,.F.);
#2304=ADVANCED_FACE('',(#308),#19,.T.);
#2305=ADVANCED_FACE('',(#309),#138,.F.);
#2306=ADVANCED_FACE('',(#310),#139,.F.);
#2307=ADVANCED_FACE('',(#311),#140,.F.);
#2308=ADVANCED_FACE('',(#312),#141,.F.);
#2309=ADVANCED_FACE('',(#313),#142,.T.);
#2310=ADVANCED_FACE('',(#314),#2191,.F.);
#2311=ADVANCED_FACE('',(#315),#143,.T.);
#2312=ADVANCED_FACE('',(#316),#2192,.F.);
#2313=ADVANCED_FACE('',(#317),#2193,.F.);
#2314=ADVANCED_FACE('',(#318),#144,.T.);
#2315=ADVANCED_FACE('',(#319),#2194,.F.);
#2316=ADVANCED_FACE('',(#320),#2195,.F.);
#2317=ADVANCED_FACE('',(#321),#145,.T.);
#2318=ADVANCED_FACE('',(#322),#2196,.F.);
#2319=CLOSED_SHELL('',(#2197,#2198,#2199,#2200,#2201,#2202,#2203,#2204,
#2205,#2206,#2207,#2208,#2209,#2210,#2211,#2212,#2213,#2214,#2215,#2216,
#2217,#2218,#2219,#2220,#2221,#2222,#2223,#2224,#2225,#2226,#2227,#2228,
#2229,#2230,#2231,#2232,#2233,#2234,#2235,#2236,#2237,#2238,#2239,#2240,
#2241,#2242,#2243,#2244,#2245,#2246,#2247,#2248,#2249,#2250,#2251,#2252,
#2253,#2254,#2255,#2256,#2257,#2258,#2259,#2260,#2261,#2262,#2263,#2264,
#2265,#2266,#2267,#2268,#2269,#2270,#2271,#2272,#2273,#2274,#2275,#2276,
#2277,#2278,#2279,#2280,#2281,#2282,#2283,#2284,#2285,#2286,#2287,#2288,
#2289,#2290,#2291,#2292,#2293,#2294,#2295,#2296,#2297,#2298,#2299,#2300,
#2301,#2302,#2303,#2304,#2305,#2306,#2307,#2308,#2309,#2310,#2311,#2312,
#2313,#2314,#2315,#2316,#2317,#2318));
#2320=DERIVED_UNIT_ELEMENT(#2322,1.);
#2321=DERIVED_UNIT_ELEMENT(#4413,-3.);
#2322=(
MASS_UNIT()
NAMED_UNIT(*)
SI_UNIT(.KILO.,.GRAM.)
);
#2323=DERIVED_UNIT((#2320,#2321));
#2324=MEASURE_REPRESENTATION_ITEM('density measure',
POSITIVE_RATIO_MEASURE(7850.),#2323);
#2325=PROPERTY_DEFINITION_REPRESENTATION(#2330,#2327);
#2326=PROPERTY_DEFINITION_REPRESENTATION(#2331,#2328);
#2327=REPRESENTATION('material name',(#2329),#4410);
#2328=REPRESENTATION('density',(#2324),#4410);
#2329=DESCRIPTIVE_REPRESENTATION_ITEM('Steel','Steel');
#2330=PROPERTY_DEFINITION('material property','material name',#4420);
#2331=PROPERTY_DEFINITION('material property','density of part',#4420);
#2332=AXIS2_PLACEMENT_3D('',#3272,#2595,#2596);
#2333=AXIS2_PLACEMENT_3D('',#3273,#2597,#2598);
#2334=AXIS2_PLACEMENT_3D('',#3278,#2600,#2601);
#2335=AXIS2_PLACEMENT_3D('',#3281,#2603,#2604);
#2336=AXIS2_PLACEMENT_3D('',#3283,#2605,#2606);
#2337=AXIS2_PLACEMENT_3D('',#3284,#2607,#2608);
#2338=AXIS2_PLACEMENT_3D('',#3287,#2609,#2610);
#2339=AXIS2_PLACEMENT_3D('',#3291,#2612,#2613);
#2340=AXIS2_PLACEMENT_3D('',#3294,#2615,#2616);
#2341=AXIS2_PLACEMENT_3D('',#3295,#2617,#2618);
#2342=AXIS2_PLACEMENT_3D('',#3300,#2620,#2621);
#2343=AXIS2_PLACEMENT_3D('',#3303,#2623,#2624);
#2344=AXIS2_PLACEMENT_3D('',#3305,#2625,#2626);
#2345=AXIS2_PLACEMENT_3D('',#3306,#2627,#2628);
#2346=AXIS2_PLACEMENT_3D('',#3311,#2630,#2631);
#2347=AXIS2_PLACEMENT_3D('',#3314,#2633,#2634);
#2348=AXIS2_PLACEMENT_3D('',#3316,#2635,#2636);
#2349=AXIS2_PLACEMENT_3D('',#3317,#2637,#2638);
#2350=AXIS2_PLACEMENT_3D('',#3333,#2639,#2640);
#2351=AXIS2_PLACEMENT_3D('',#3370,#2642,#2643);
#2352=AXIS2_PLACEMENT_3D('',#3390,#2645,#2646);
#2353=AXIS2_PLACEMENT_3D('',#3396,#2650,#2651);
#2354=AXIS2_PLACEMENT_3D('',#3398,#2652,#2653);
#2355=AXIS2_PLACEMENT_3D('',#3401,#2655,#2656);
#2356=AXIS2_PLACEMENT_3D('',#3411,#2657,#2658);
#2357=AXIS2_PLACEMENT_3D('',#3438,#2659,#2660);
#2358=AXIS2_PLACEMENT_3D('',#3439,#2661,#2662);
#2359=AXIS2_PLACEMENT_3D('',#3441,#2663,#2664);
#2360=AXIS2_PLACEMENT_3D('',#3451,#2669,#2670);
#2361=AXIS2_PLACEMENT_3D('',#3466,#2674,#2675);
#2362=AXIS2_PLACEMENT_3D('',#3467,#2676,#2677);
#2363=AXIS2_PLACEMENT_3D('',#3469,#2678,#2679);
#2364=AXIS2_PLACEMENT_3D('',#3472,#2681,#2682);
#2365=AXIS2_PLACEMENT_3D('',#3473,#2683,#2684);
#2366=AXIS2_PLACEMENT_3D('',#3475,#2685,#2686);
#2367=AXIS2_PLACEMENT_3D('',#3476,#2687,#2688);
#2368=AXIS2_PLACEMENT_3D('',#3478,#2689,#2690);
#2369=AXIS2_PLACEMENT_3D('',#3481,#2692,#2693);
#2370=AXIS2_PLACEMENT_3D('',#3482,#2694,#2695);
#2371=AXIS2_PLACEMENT_3D('',#3484,#2696,#2697);
#2372=AXIS2_PLACEMENT_3D('',#3485,#2698,#2699);
#2373=AXIS2_PLACEMENT_3D('',#3487,#2700,#2701);
#2374=AXIS2_PLACEMENT_3D('',#3490,#2703,#2704);
#2375=AXIS2_PLACEMENT_3D('',#3491,#2705,#2706);
#2376=AXIS2_PLACEMENT_3D('',#3493,#2707,#2708);
#2377=AXIS2_PLACEMENT_3D('',#3494,#2709,#2710);
#2378=AXIS2_PLACEMENT_3D('',#3496,#2711,#2712);
#2379=AXIS2_PLACEMENT_3D('',#3499,#2714,#2715);
#2380=AXIS2_PLACEMENT_3D('',#3500,#2716,#2717);
#2381=AXIS2_PLACEMENT_3D('',#3502,#2718,#2719);
#2382=AXIS2_PLACEMENT_3D('',#3503,#2720,#2721);
#2383=AXIS2_PLACEMENT_3D('',#3505,#2722,#2723);
#2384=AXIS2_PLACEMENT_3D('',#3508,#2725,#2726);
#2385=AXIS2_PLACEMENT_3D('',#3509,#2727,#2728);
#2386=AXIS2_PLACEMENT_3D('',#3511,#2729,#2730);
#2387=AXIS2_PLACEMENT_3D('',#3512,#2731,#2732);
#2388=AXIS2_PLACEMENT_3D('',#3514,#2733,#2734);
#2389=AXIS2_PLACEMENT_3D('',#3517,#2736,#2737);
#2390=AXIS2_PLACEMENT_3D('',#3518,#2738,#2739);
#2391=AXIS2_PLACEMENT_3D('',#3520,#2740,#2741);
#2392=AXIS2_PLACEMENT_3D('',#3521,#2742,#2743);
#2393=AXIS2_PLACEMENT_3D('',#3523,#2744,#2745);
#2394=AXIS2_PLACEMENT_3D('',#3526,#2747,#2748);
#2395=AXIS2_PLACEMENT_3D('',#3527,#2749,#2750);
#2396=AXIS2_PLACEMENT_3D('',#3529,#2751,#2752);
#2397=AXIS2_PLACEMENT_3D('',#3530,#2753,#2754);
#2398=AXIS2_PLACEMENT_3D('',#3532,#2755,#2756);
#2399=AXIS2_PLACEMENT_3D('',#3535,#2758,#2759);
#2400=AXIS2_PLACEMENT_3D('',#3536,#2760,#2761);
#2401=AXIS2_PLACEMENT_3D('',#3538,#2762,#2763);
#2402=AXIS2_PLACEMENT_3D('',#3539,#2764,#2765);
#2403=AXIS2_PLACEMENT_3D('',#3541,#2766,#2767);
#2404=AXIS2_PLACEMENT_3D('',#3544,#2769,#2770);
#2405=AXIS2_PLACEMENT_3D('',#3545,#2771,#2772);
#2406=AXIS2_PLACEMENT_3D('',#3547,#2773,#2774);
#2407=AXIS2_PLACEMENT_3D('',#3550,#2776,#2777);
#2408=AXIS2_PLACEMENT_3D('',#3551,#2778,#2779);
#2409=AXIS2_PLACEMENT_3D('',#3553,#2780,#2781);
#2410=AXIS2_PLACEMENT_3D('',#3556,#2783,#2784);
#2411=AXIS2_PLACEMENT_3D('',#3557,#2785,#2786);
#2412=AXIS2_PLACEMENT_3D('',#3560,#2787,#2788);
#2413=AXIS2_PLACEMENT_3D('',#3580,#2789,#2790);
#2414=AXIS2_PLACEMENT_3D('',#3582,#2791,#2792);
#2415=AXIS2_PLACEMENT_3D('',#3585,#2794,#2795);
#2416=AXIS2_PLACEMENT_3D('',#3586,#2796,#2797);
#2417=AXIS2_PLACEMENT_3D('',#3589,#2798,#2799);
#2418=AXIS2_PLACEMENT_3D('',#3609,#2800,#2801);
#2419=AXIS2_PLACEMENT_3D('',#3612,#2803,#2804);
#2420=AXIS2_PLACEMENT_3D('',#3613,#2805,#2806);
#2421=AXIS2_PLACEMENT_3D('',#3615,#2807,#2808);
#2422=AXIS2_PLACEMENT_3D('',#3617,#2810,#2811);
#2423=AXIS2_PLACEMENT_3D('',#3621,#2814,#2815);
#2424=AXIS2_PLACEMENT_3D('',#3625,#2818,#2819);
#2425=AXIS2_PLACEMENT_3D('',#3629,#2821,#2822);
#2426=AXIS2_PLACEMENT_3D('',#3630,#2823,#2824);
#2427=AXIS2_PLACEMENT_3D('',#3631,#2825,#2826);
#2428=AXIS2_PLACEMENT_3D('',#3633,#2827,#2828);
#2429=AXIS2_PLACEMENT_3D('',#3635,#2830,#2831);
#2430=AXIS2_PLACEMENT_3D('',#3655,#2833,#2834);
#2431=AXIS2_PLACEMENT_3D('',#3662,#2835,#2836);
#2432=AXIS2_PLACEMENT_3D('',#3663,#2837,#2838);
#2433=AXIS2_PLACEMENT_3D('',#3664,#2839,#2840);
#2434=AXIS2_PLACEMENT_3D('',#3665,#2841,#2842);
#2435=AXIS2_PLACEMENT_3D('',#3667,#2843,#2844);
#2436=AXIS2_PLACEMENT_3D('',#3670,#2846,#2847);
#2437=AXIS2_PLACEMENT_3D('',#3671,#2848,#2849);
#2438=AXIS2_PLACEMENT_3D('',#3674,#2851,#2852);
#2439=AXIS2_PLACEMENT_3D('',#3675,#2853,#2854);
#2440=AXIS2_PLACEMENT_3D('',#3677,#2856,#2857);
#2441=AXIS2_PLACEMENT_3D('',#3679,#2858,#2859);
#2442=AXIS2_PLACEMENT_3D('',#3683,#2861,#2862);
#2443=AXIS2_PLACEMENT_3D('',#3693,#2867,#2868);
#2444=AXIS2_PLACEMENT_3D('',#3695,#2869,#2870);
#2445=AXIS2_PLACEMENT_3D('',#3697,#2871,#2872);
#2446=AXIS2_PLACEMENT_3D('',#3699,#2873,#2874);
#2447=AXIS2_PLACEMENT_3D('',#3701,#2875,#2876);
#2448=AXIS2_PLACEMENT_3D('',#3703,#2877,#2878);
#2449=AXIS2_PLACEMENT_3D('',#3706,#2880,#2881);
#2450=AXIS2_PLACEMENT_3D('',#3709,#2882,#2883);
#2451=AXIS2_PLACEMENT_3D('',#3713,#2885,#2886);
#2452=AXIS2_PLACEMENT_3D('',#3717,#2888,#2889);
#2453=AXIS2_PLACEMENT_3D('',#3721,#2891,#2892);
#2454=AXIS2_PLACEMENT_3D('',#3727,#2895,#2896);
#2455=AXIS2_PLACEMENT_3D('',#3730,#2898,#2899);
#2456=AXIS2_PLACEMENT_3D('',#3732,#2900,#2901);
#2457=AXIS2_PLACEMENT_3D('',#3734,#2902,#2903);
#2458=AXIS2_PLACEMENT_3D('',#3736,#2904,#2905);
#2459=AXIS2_PLACEMENT_3D('',#3738,#2906,#2907);
#2460=AXIS2_PLACEMENT_3D('',#3740,#2908,#2909);
#2461=AXIS2_PLACEMENT_3D('',#3742,#2910,#2911);
#2462=AXIS2_PLACEMENT_3D('',#3744,#2912,#2913);
#2463=AXIS2_PLACEMENT_3D('',#3746,#2914,#2915);
#2464=AXIS2_PLACEMENT_3D('',#3748,#2916,#2917);
#2465=AXIS2_PLACEMENT_3D('',#3749,#2918,#2919);
#2466=AXIS2_PLACEMENT_3D('',#3755,#2923,#2924);
#2467=AXIS2_PLACEMENT_3D('',#3768,#2925,#2926);
#2468=AXIS2_PLACEMENT_3D('',#3770,#2928,#2929);
#2469=AXIS2_PLACEMENT_3D('',#3773,#2931,#2932);
#2470=AXIS2_PLACEMENT_3D('',#3774,#2933,#2934);
#2471=AXIS2_PLACEMENT_3D('',#3776,#2935,#2936);
#2472=AXIS2_PLACEMENT_3D('',#3778,#2938,#2939);
#2473=AXIS2_PLACEMENT_3D('',#3781,#2942,#2943);
#2474=AXIS2_PLACEMENT_3D('',#3787,#2947,#2948);
#2475=AXIS2_PLACEMENT_3D('',#3789,#2950,#2951);
#2476=AXIS2_PLACEMENT_3D('',#3790,#2952,#2953);
#2477=AXIS2_PLACEMENT_3D('',#3792,#2954,#2955);
#2478=AXIS2_PLACEMENT_3D('',#3794,#2956,#2957);
#2479=AXIS2_PLACEMENT_3D('',#3795,#2958,#2959);
#2480=AXIS2_PLACEMENT_3D('',#3796,#2960,#2961);
#2481=AXIS2_PLACEMENT_3D('',#3797,#2962,#2963);
#2482=AXIS2_PLACEMENT_3D('',#3803,#2967,#2968);
#2483=AXIS2_PLACEMENT_3D('',#3818,#2970,#2971);
#2484=AXIS2_PLACEMENT_3D('',#3829,#2972,#2973);
#2485=AXIS2_PLACEMENT_3D('',#3835,#2977,#2978);
#2486=AXIS2_PLACEMENT_3D('',#3841,#2982,#2983);
#2487=AXIS2_PLACEMENT_3D('',#3847,#2987,#2988);
#2488=AXIS2_PLACEMENT_3D('',#3851,#2990,#2991);
#2489=AXIS2_PLACEMENT_3D('',#3853,#2992,#2993);
#2490=AXIS2_PLACEMENT_3D('',#3855,#2995,#2996);
#2491=AXIS2_PLACEMENT_3D('',#3857,#2998,#2999);
#2492=AXIS2_PLACEMENT_3D('',#3859,#3000,#3001);
#2493=AXIS2_PLACEMENT_3D('',#3861,#3002,#3003);
#2494=AXIS2_PLACEMENT_3D('',#3862,#3004,#3005);
#2495=AXIS2_PLACEMENT_3D('',#3863,#3006,#3007);
#2496=AXIS2_PLACEMENT_3D('',#3865,#3009,#3010);
#2497=AXIS2_PLACEMENT_3D('',#3867,#3011,#3012);
#2498=AXIS2_PLACEMENT_3D('',#3868,#3013,#3014);
#2499=AXIS2_PLACEMENT_3D('',#3870,#3015,#3016);
#2500=AXIS2_PLACEMENT_3D('',#3872,#3017,#3018);
#2501=AXIS2_PLACEMENT_3D('',#3874,#3019,#3020);
#2502=AXIS2_PLACEMENT_3D('',#3902,#3021,#3022);
#2503=AXIS2_PLACEMENT_3D('',#3903,#3023,#3024);
#2504=AXIS2_PLACEMENT_3D('',#3905,#3025,#3026);
#2505=AXIS2_PLACEMENT_3D('',#3906,#3027,#3028);
#2506=AXIS2_PLACEMENT_3D('',#3908,#3029,#3030);
#2507=AXIS2_PLACEMENT_3D('',#3909,#3031,#3032);
#2508=AXIS2_PLACEMENT_3D('',#3911,#3033,#3034);
#2509=AXIS2_PLACEMENT_3D('',#3912,#3035,#3036);
#2510=AXIS2_PLACEMENT_3D('',#3939,#3037,#3038);
#2511=AXIS2_PLACEMENT_3D('',#3941,#3039,#3040);
#2512=AXIS2_PLACEMENT_3D('',#3942,#3041,#3042);
#2513=AXIS2_PLACEMENT_3D('',#3945,#3043,#3044);
#2514=AXIS2_PLACEMENT_3D('',#3965,#3045,#3046);
#2515=AXIS2_PLACEMENT_3D('',#3967,#3048,#3049);
#2516=AXIS2_PLACEMENT_3D('',#3971,#3051,#3052);
#2517=AXIS2_PLACEMENT_3D('',#3992,#3053,#3054);
#2518=AXIS2_PLACEMENT_3D('',#3993,#3055,#3056);
#2519=AXIS2_PLACEMENT_3D('',#4015,#3058,#3059);
#2520=AXIS2_PLACEMENT_3D('',#4022,#3060,#3061);
#2521=AXIS2_PLACEMENT_3D('',#4024,#3063,#3064);
#2522=AXIS2_PLACEMENT_3D('',#4037,#3066,#3067);
#2523=AXIS2_PLACEMENT_3D('',#4053,#3068,#3069);
#2524=AXIS2_PLACEMENT_3D('',#4057,#3071,#3072);
#2525=AXIS2_PLACEMENT_3D('',#4078,#3073,#3074);
#2526=AXIS2_PLACEMENT_3D('',#4079,#3075,#3076);
#2527=AXIS2_PLACEMENT_3D('',#4081,#3078,#3079);
#2528=AXIS2_PLACEMENT_3D('',#4084,#3080,#3081);
#2529=AXIS2_PLACEMENT_3D('',#4104,#3082,#3083);
#2530=AXIS2_PLACEMENT_3D('',#4106,#3085,#3086);
#2531=AXIS2_PLACEMENT_3D('',#4120,#3089,#3090);
#2532=AXIS2_PLACEMENT_3D('',#4145,#3093,#3094);
#2533=AXIS2_PLACEMENT_3D('',#4173,#3098,#3099);
#2534=AXIS2_PLACEMENT_3D('',#4201,#3103,#3104);
#2535=AXIS2_PLACEMENT_3D('',#4217,#3108,#3109);
#2536=AXIS2_PLACEMENT_3D('',#4242,#3112,#3113);
#2537=AXIS2_PLACEMENT_3D('',#4245,#3116,#3117);
#2538=AXIS2_PLACEMENT_3D('',#4248,#3119,#3120);
#2539=AXIS2_PLACEMENT_3D('',#4249,#3121,#3122);
#2540=AXIS2_PLACEMENT_3D('',#4277,#3126,#3127);
#2541=AXIS2_PLACEMENT_3D('',#4280,#3130,#3131);
#2542=AXIS2_PLACEMENT_3D('',#4305,#3134,#3135);
#2543=AXIS2_PLACEMENT_3D('',#4306,#3136,#3137);
#2544=AXIS2_PLACEMENT_3D('',#4307,#3138,#3139);
#2545=AXIS2_PLACEMENT_3D('',#4309,#3140,#3141);
#2546=AXIS2_PLACEMENT_3D('',#4310,#3142,#3143);
#2547=AXIS2_PLACEMENT_3D('',#4311,#3144,#3145);
#2548=AXIS2_PLACEMENT_3D('',#4312,#3146,#3147);
#2549=AXIS2_PLACEMENT_3D('',#4313,#3148,#3149);
#2550=AXIS2_PLACEMENT_3D('',#4314,#3150,#3151);
#2551=AXIS2_PLACEMENT_3D('',#4317,#3152,#3153);
#2552=AXIS2_PLACEMENT_3D('',#4321,#3155,#3156);
#2553=AXIS2_PLACEMENT_3D('',#4325,#3158,#3159);
#2554=AXIS2_PLACEMENT_3D('',#4329,#3161,#3162);
#2555=AXIS2_PLACEMENT_3D('',#4333,#3164,#3165);
#2556=AXIS2_PLACEMENT_3D('',#4337,#3167,#3168);
#2557=AXIS2_PLACEMENT_3D('',#4339,#3170,#3171);
#2558=AXIS2_PLACEMENT_3D('',#4340,#3172,#3173);
#2559=AXIS2_PLACEMENT_3D('',#4342,#3174,#3175);
#2560=AXIS2_PLACEMENT_3D('',#4344,#3176,#3177);
#2561=AXIS2_PLACEMENT_3D('',#4346,#3178,#3179);
#2562=AXIS2_PLACEMENT_3D('',#4348,#3180,#3181);
#2563=AXIS2_PLACEMENT_3D('',#4350,#3182,#3183);
#2564=AXIS2_PLACEMENT_3D('',#4351,#3184,#3185);
#2565=AXIS2_PLACEMENT_3D('',#4354,#3188,#3189);
#2566=AXIS2_PLACEMENT_3D('',#4357,#3192,#3193);
#2567=AXIS2_PLACEMENT_3D('',#4359,#3195,#3196);
#2568=AXIS2_PLACEMENT_3D('',#4361,#3198,#3199);
#2569=AXIS2_PLACEMENT_3D('',#4363,#3201,#3202);
#2570=AXIS2_PLACEMENT_3D('',#4365,#3204,#3205);
#2571=AXIS2_PLACEMENT_3D('',#4367,#3207,#3208);
#2572=AXIS2_PLACEMENT_3D('',#4369,#3210,#3211);
#2573=AXIS2_PLACEMENT_3D('',#4372,#3214,#3215);
#2574=AXIS2_PLACEMENT_3D('',#4373,#3216,#3217);
#2575=AXIS2_PLACEMENT_3D('',#4376,#3220,#3221);
#2576=AXIS2_PLACEMENT_3D('',#4379,#3224,#3225);
#2577=AXIS2_PLACEMENT_3D('',#4380,#3226,#3227);
#2578=AXIS2_PLACEMENT_3D('',#4381,#3228,#3229);
#2579=AXIS2_PLACEMENT_3D('',#4382,#3230,#3231);
#2580=AXIS2_PLACEMENT_3D('',#4383,#3232,#3233);
#2581=AXIS2_PLACEMENT_3D('',#4384,#3234,#3235);
#2582=AXIS2_PLACEMENT_3D('',#4386,#3237,#3238);
#2583=AXIS2_PLACEMENT_3D('',#4388,#3240,#3241);
#2584=AXIS2_PLACEMENT_3D('',#4390,#3243,#3244);
#2585=AXIS2_PLACEMENT_3D('',#4392,#3246,#3247);
#2586=AXIS2_PLACEMENT_3D('',#4393,#3248,#3249);
#2587=AXIS2_PLACEMENT_3D('',#4395,#3251,#3252);
#2588=AXIS2_PLACEMENT_3D('',#4397,#3254,#3255);
#2589=AXIS2_PLACEMENT_3D('',#4398,#3256,#3257);
#2590=AXIS2_PLACEMENT_3D('',#4400,#3259,#3260);
#2591=AXIS2_PLACEMENT_3D('',#4402,#3262,#3263);
#2592=AXIS2_PLACEMENT_3D('',#4403,#3264,#3265);
#2593=AXIS2_PLACEMENT_3D('',#4405,#3267,#3268);
#2594=AXIS2_PLACEMENT_3D('',#4407,#3270,#3271);
#2595=DIRECTION('axis',(0.,0.,1.));
#2596=DIRECTION('refdir',(1.,0.,0.));
#2597=DIRECTION('center_axis',(0.,0.,1.));
#2598=DIRECTION('ref_axis',(1.,0.,0.));
#2599=DIRECTION('',(0.554310397381043,-0.832310028388022,0.));
#2600=DIRECTION('center_axis',(0.,0.,1.));
#2601=DIRECTION('ref_axis',(1.,0.,0.));
#2602=DIRECTION('',(-0.825736475270541,0.564056090657466,0.));
#2603=DIRECTION('center_axis',(0.,0.,-1.));
#2604=DIRECTION('ref_axis',(1.,0.,0.));
#2605=DIRECTION('center_axis',(0.,0.,1.));
#2606=DIRECTION('ref_axis',(-1.,0.,0.));
#2607=DIRECTION('center_axis',(0.,0.,1.));
#2608=DIRECTION('ref_axis',(1.,0.,0.));
#2609=DIRECTION('center_axis',(0.,0.,-1.));
#2610=DIRECTION('ref_axis',(1.,0.,0.));
#2611=DIRECTION('',(-0.554310397381043,0.832310028388022,0.));
#2612=DIRECTION('center_axis',(0.,0.,1.));
#2613=DIRECTION('ref_axis',(1.,0.,0.));
#2614=DIRECTION('',(0.825736475270541,-0.564056090657466,0.));
#2615=DIRECTION('center_axis',(0.,0.,1.));
#2616=DIRECTION('ref_axis',(-1.,0.,0.));
#2617=DIRECTION('center_axis',(0.,0.,1.));
#2618=DIRECTION('ref_axis',(1.,0.,0.));
#2619=DIRECTION('',(0.832310028388022,0.554310397381043,0.));
#2620=DIRECTION('center_axis',(0.,0.,1.));
#2621=DIRECTION('ref_axis',(1.,0.,0.));
#2622=DIRECTION('',(-0.564056090657466,-0.825736475270541,0.));
#2623=DIRECTION('center_axis',(0.,0.,-1.));
#2624=DIRECTION('ref_axis',(1.,0.,0.));
#2625=DIRECTION('center_axis',(0.,0.,1.));
#2626=DIRECTION('ref_axis',(-1.,0.,0.));
#2627=DIRECTION('center_axis',(0.,0.,1.));
#2628=DIRECTION('ref_axis',(1.,0.,0.));
#2629=DIRECTION('',(-0.832310028388022,-0.554310397381043,0.));
#2630=DIRECTION('center_axis',(0.,0.,1.));
#2631=DIRECTION('ref_axis',(1.,0.,0.));
#2632=DIRECTION('',(0.564056090657465,0.825736475270541,0.));
#2633=DIRECTION('center_axis',(0.,0.,-1.));
#2634=DIRECTION('ref_axis',(1.,0.,0.));
#2635=DIRECTION('center_axis',(0.,0.,1.));
#2636=DIRECTION('ref_axis',(-1.,0.,0.));
#2637=DIRECTION('center_axis',(0.,0.,-1.));
#2638=DIRECTION('ref_axis',(-1.,0.,0.));
#2639=DIRECTION('center_axis',(0.,0.,1.));
#2640=DIRECTION('ref_axis',(-1.,0.,0.));
#2641=DIRECTION('',(0.,0.,1.));
#2642=DIRECTION('center_axis',(0.,0.,-1.));
#2643=DIRECTION('ref_axis',(-1.,0.,0.));
#2644=DIRECTION('',(0.,0.,-1.));
#2645=DIRECTION('center_axis',(0.,-1.,0.));
#2646=DIRECTION('ref_axis',(-1.,0.,0.));
#2647=DIRECTION('',(1.,0.,0.));
#2648=DIRECTION('',(0.,0.,-1.));
#2649=DIRECTION('',(-1.,0.,0.));
#2650=DIRECTION('center_axis',(-1.,0.,0.));
#2651=DIRECTION('ref_axis',(0.,-0.707106781186547,-0.707106781186548));
#2652=DIRECTION('center_axis',(1.,0.,0.));
#2653=DIRECTION('ref_axis',(0.,-1.,0.));
#2654=DIRECTION('',(-1.,0.,0.));
#2655=DIRECTION('center_axis',(-0.707106781186547,0.707106781186548,0.));
#2656=DIRECTION('ref_axis',(0.707106781186548,0.707106781186547,0.));
#2657=DIRECTION('center_axis',(0.,0.,1.));
#2658=DIRECTION('ref_axis',(0.,-1.,0.));
#2659=DIRECTION('center_axis',(0.,0.,1.));
#2660=DIRECTION('ref_axis',(0.,-1.,0.));
#2661=DIRECTION('center_axis',(0.,0.,1.));
#2662=DIRECTION('ref_axis',(-1.,0.,0.));
#2663=DIRECTION('center_axis',(0.,0.,1.));
#2664=DIRECTION('ref_axis',(0.,-1.,0.));
#2665=DIRECTION('',(-1.,0.,0.));
#2666=DIRECTION('',(0.,-1.,0.));
#2667=DIRECTION('',(1.,0.,0.));
#2668=DIRECTION('',(0.707106781186548,0.707106781186547,0.));
#2669=DIRECTION('center_axis',(0.,0.,-1.));
#2670=DIRECTION('ref_axis',(1.,0.,0.));
#2671=DIRECTION('',(0.707106781186548,-0.707106781186548,0.));
#2672=DIRECTION('',(1.,0.,0.));
#2673=DIRECTION('',(0.,1.,0.));
#2674=DIRECTION('center_axis',(-1.,0.,0.));
#2675=DIRECTION('ref_axis',(0.,0.,-1.));
#2676=DIRECTION('center_axis',(0.,0.,1.));
#2677=DIRECTION('ref_axis',(1.,0.,0.));
#2678=DIRECTION('center_axis',(0.,0.,1.));
#2679=DIRECTION('ref_axis',(1.,0.,0.));
#2680=DIRECTION('',(0.,0.,1.));
#2681=DIRECTION('center_axis',(0.,0.,1.));
#2682=DIRECTION('ref_axis',(1.,0.,0.));
#2683=DIRECTION('center_axis',(0.,0.,-1.));
#2684=DIRECTION('ref_axis',(1.,0.,0.));
#2685=DIRECTION('center_axis',(0.,0.,-1.));
#2686=DIRECTION('ref_axis',(-1.,0.,0.));
#2687=DIRECTION('center_axis',(0.,0.,1.));
#2688=DIRECTION('ref_axis',(1.,0.,0.));
#2689=DIRECTION('center_axis',(0.,0.,1.));
#2690=DIRECTION('ref_axis',(1.,0.,0.));
#2691=DIRECTION('',(0.,0.,1.));
#2692=DIRECTION('center_axis',(0.,0.,1.));
#2693=DIRECTION('ref_axis',(1.,0.,0.));
#2694=DIRECTION('center_axis',(0.,0.,-1.));
#2695=DIRECTION('ref_axis',(1.,0.,0.));
#2696=DIRECTION('center_axis',(0.,0.,-1.));
#2697=DIRECTION('ref_axis',(-1.,0.,0.));
#2698=DIRECTION('center_axis',(0.,0.,1.));
#2699=DIRECTION('ref_axis',(1.,0.,0.));
#2700=DIRECTION('center_axis',(0.,0.,1.));
#2701=DIRECTION('ref_axis',(1.,0.,0.));
#2702=DIRECTION('',(0.,0.,1.));
#2703=DIRECTION('center_axis',(0.,0.,1.));
#2704=DIRECTION('ref_axis',(1.,0.,0.));
#2705=DIRECTION('center_axis',(0.,0.,-1.));
#2706=DIRECTION('ref_axis',(1.,0.,0.));
#2707=DIRECTION('center_axis',(0.,0.,-1.));
#2708=DIRECTION('ref_axis',(-1.,0.,0.));
#2709=DIRECTION('center_axis',(0.,0.,1.));
#2710=DIRECTION('ref_axis',(1.,0.,0.));
#2711=DIRECTION('center_axis',(0.,0.,1.));
#2712=DIRECTION('ref_axis',(1.,0.,0.));
#2713=DIRECTION('',(0.,0.,1.));
#2714=DIRECTION('center_axis',(0.,0.,1.));
#2715=DIRECTION('ref_axis',(1.,0.,0.));
#2716=DIRECTION('center_axis',(0.,0.,-1.));
#2717=DIRECTION('ref_axis',(1.,0.,0.));
#2718=DIRECTION('center_axis',(0.,0.,-1.));
#2719=DIRECTION('ref_axis',(-1.,0.,0.));
#2720=DIRECTION('center_axis',(0.,0.,-1.));
#2721=DIRECTION('ref_axis',(-1.,0.,0.));
#2722=DIRECTION('center_axis',(0.,0.,-1.));
#2723=DIRECTION('ref_axis',(-1.,0.,0.));
#2724=DIRECTION('',(0.,0.,-1.));
#2725=DIRECTION('center_axis',(0.,0.,-1.));
#2726=DIRECTION('ref_axis',(-1.,0.,0.));
#2727=DIRECTION('center_axis',(0.,0.,1.));
#2728=DIRECTION('ref_axis',(-1.,0.,0.));
#2729=DIRECTION('center_axis',(0.,0.,1.));
#2730=DIRECTION('ref_axis',(-1.,0.,0.));
#2731=DIRECTION('center_axis',(0.,0.,-1.));
#2732=DIRECTION('ref_axis',(-1.,0.,0.));
#2733=DIRECTION('center_axis',(0.,0.,-1.));
#2734=DIRECTION('ref_axis',(-1.,0.,0.));
#2735=DIRECTION('',(0.,0.,-1.));
#2736=DIRECTION('center_axis',(0.,0.,-1.));
#2737=DIRECTION('ref_axis',(-1.,0.,0.));
#2738=DIRECTION('center_axis',(0.,0.,1.));
#2739=DIRECTION('ref_axis',(-1.,0.,0.));
#2740=DIRECTION('center_axis',(0.,0.,1.));
#2741=DIRECTION('ref_axis',(-1.,0.,0.));
#2742=DIRECTION('center_axis',(0.,0.,-1.));
#2743=DIRECTION('ref_axis',(-1.,0.,0.));
#2744=DIRECTION('center_axis',(0.,0.,-1.));
#2745=DIRECTION('ref_axis',(-1.,0.,0.));
#2746=DIRECTION('',(0.,0.,-1.));
#2747=DIRECTION('center_axis',(0.,0.,-1.));
#2748=DIRECTION('ref_axis',(-1.,0.,0.));
#2749=DIRECTION('center_axis',(0.,0.,1.));
#2750=DIRECTION('ref_axis',(-1.,0.,0.));
#2751=DIRECTION('center_axis',(0.,0.,1.));
#2752=DIRECTION('ref_axis',(-1.,0.,0.));
#2753=DIRECTION('center_axis',(0.,0.,-1.));
#2754=DIRECTION('ref_axis',(-1.,0.,0.));
#2755=DIRECTION('center_axis',(0.,0.,-1.));
#2756=DIRECTION('ref_axis',(-1.,0.,0.));
#2757=DIRECTION('',(0.,0.,-1.));
#2758=DIRECTION('center_axis',(0.,0.,-1.));
#2759=DIRECTION('ref_axis',(-1.,0.,0.));
#2760=DIRECTION('center_axis',(0.,0.,1.));
#2761=DIRECTION('ref_axis',(-1.,0.,0.));
#2762=DIRECTION('center_axis',(0.,0.,1.));
#2763=DIRECTION('ref_axis',(-1.,0.,0.));
#2764=DIRECTION('center_axis',(0.,0.,-1.));
#2765=DIRECTION('ref_axis',(-1.,0.,0.));
#2766=DIRECTION('center_axis',(0.,0.,1.));
#2767=DIRECTION('ref_axis',(-1.,0.,0.));
#2768=DIRECTION('',(0.,0.,1.));
#2769=DIRECTION('center_axis',(0.,0.,-1.));
#2770=DIRECTION('ref_axis',(-1.,0.,0.));
#2771=DIRECTION('center_axis',(0.,0.,-1.));
#2772=DIRECTION('ref_axis',(-1.,0.,0.));
#2773=DIRECTION('center_axis',(0.,0.,1.));
#2774=DIRECTION('ref_axis',(-1.,0.,0.));
#2775=DIRECTION('',(0.,0.,1.));
#2776=DIRECTION('center_axis',(0.,0.,-1.));
#2777=DIRECTION('ref_axis',(-1.,0.,0.));
#2778=DIRECTION('center_axis',(0.,0.,-1.));
#2779=DIRECTION('ref_axis',(-1.,0.,0.));
#2780=DIRECTION('center_axis',(0.,0.,1.));
#2781=DIRECTION('ref_axis',(-1.,0.,0.));
#2782=DIRECTION('',(0.,0.,1.));
#2783=DIRECTION('center_axis',(0.,0.,-1.));
#2784=DIRECTION('ref_axis',(-1.,0.,0.));
#2785=DIRECTION('center_axis',(0.,0.,-1.));
#2786=DIRECTION('ref_axis',(0.825736475270542,-0.564056090657464,0.));
#2787=DIRECTION('center_axis',(0.,0.,1.));
#2788=DIRECTION('ref_axis',(-1.,0.,0.));
#2789=DIRECTION('center_axis',(0.,0.,-1.));
#2790=DIRECTION('ref_axis',(-1.,0.,0.));
#2791=DIRECTION('center_axis',(0.,0.,1.));
#2792=DIRECTION('ref_axis',(-1.,0.,0.));
#2793=DIRECTION('',(0.,0.,1.));
#2794=DIRECTION('center_axis',(0.,0.,-1.));
#2795=DIRECTION('ref_axis',(-1.,0.,0.));
#2796=DIRECTION('center_axis',(0.,0.,-1.));
#2797=DIRECTION('ref_axis',(0.564056090657465,0.825736475270542,0.));
#2798=DIRECTION('center_axis',(0.,0.,1.));
#2799=DIRECTION('ref_axis',(-1.,0.,0.));
#2800=DIRECTION('center_axis',(0.,1.,0.));
#2801=DIRECTION('ref_axis',(-0.707106781186548,0.,-0.707106781186547));
#2802=DIRECTION('',(0.,-1.,0.));
#2803=DIRECTION('center_axis',(0.707106781186548,0.707106781186547,0.));
#2804=DIRECTION('ref_axis',(0.707106781186547,-0.707106781186548,0.));
#2805=DIRECTION('center_axis',(1.,0.,0.));
#2806=DIRECTION('ref_axis',(0.,0.707106781186549,-0.707106781186546));
#2807=DIRECTION('center_axis',(0.707106781186548,0.707106781186548,0.));
#2808=DIRECTION('ref_axis',(-0.707106781186547,0.707106781186547,0.));
#2809=DIRECTION('',(-1.,0.,0.));
#2810=DIRECTION('center_axis',(-1.,0.,0.));
#2811=DIRECTION('ref_axis',(0.,1.,0.));
#2812=DIRECTION('',(0.,0.,-1.));
#2813=DIRECTION('',(0.,1.,0.));
#2814=DIRECTION('center_axis',(0.,1.,0.));
#2815=DIRECTION('ref_axis',(1.,0.,0.));
#2816=DIRECTION('',(0.,0.,-1.));
#2817=DIRECTION('',(1.,0.,0.));
#2818=DIRECTION('center_axis',(1.,0.,0.));
#2819=DIRECTION('ref_axis',(0.,0.707106781186549,-0.707106781186546));
#2820=DIRECTION('',(-1.,0.,0.));
#2821=DIRECTION('center_axis',(-0.707106781186547,0.707106781186548,0.));
#2822=DIRECTION('ref_axis',(0.707106781186548,0.707106781186547,-1.47196168001604E-16));
#2823=DIRECTION('center_axis',(0.707106781186548,-0.707106781186547,0.));
#2824=DIRECTION('ref_axis',(-0.707106781186547,-0.707106781186548,0.));
#2825=DIRECTION('center_axis',(0.,-1.,0.));
#2826=DIRECTION('ref_axis',(0.707106781186548,0.,-0.707106781186547));
#2827=DIRECTION('center_axis',(-0.707106781186547,-0.707106781186548,0.));
#2828=DIRECTION('ref_axis',(-0.707106781186548,0.707106781186547,0.));
#2829=DIRECTION('',(0.,1.,0.));
#2830=DIRECTION('center_axis',(-1.,0.,0.));
#2831=DIRECTION('ref_axis',(0.,-0.707106781186547,-0.707106781186548));
#2832=DIRECTION('',(1.,0.,0.));
#2833=DIRECTION('center_axis',(0.,0.,1.));
#2834=DIRECTION('ref_axis',(0.,-1.,0.));
#2835=DIRECTION('center_axis',(0.,0.,1.));
#2836=DIRECTION('ref_axis',(-1.,0.,0.));
#2837=DIRECTION('center_axis',(0.,0.,1.));
#2838=DIRECTION('ref_axis',(-1.,0.,0.));
#2839=DIRECTION('center_axis',(0.,0.,1.));
#2840=DIRECTION('ref_axis',(-1.,0.,0.));
#2841=DIRECTION('center_axis',(1.,0.,0.));
#2842=DIRECTION('ref_axis',(0.,-0.707106781186548,0.707106781186547));
#2843=DIRECTION('center_axis',(-0.707106781186548,-0.707106781186548,0.));
#2844=DIRECTION('ref_axis',(0.707106781186548,-0.707106781186548,0.));
#2845=DIRECTION('',(-1.,0.,0.));
#2846=DIRECTION('center_axis',(0.707106781186548,0.707106781186548,1.57009245868378E-15));
#2847=DIRECTION('ref_axis',(-0.707106781186548,0.707106781186548,1.57009245868378E-15));
#2848=DIRECTION('center_axis',(0.,1.,0.));
#2849=DIRECTION('ref_axis',(0.707106781186548,0.,0.707106781186547));
#2850=DIRECTION('',(0.,-1.,0.));
#2851=DIRECTION('center_axis',(-0.707106781186547,0.707106781186548,0.));
#2852=DIRECTION('ref_axis',(-0.707106781186548,-0.707106781186547,0.));
#2853=DIRECTION('center_axis',(-1.,0.,0.));
#2854=DIRECTION('ref_axis',(0.,0.707106781186547,0.707106781186548));
#2855=DIRECTION('',(1.,0.,0.));
#2856=DIRECTION('center_axis',(0.,0.,1.));
#2857=DIRECTION('ref_axis',(1.,0.,0.));
#2858=DIRECTION('center_axis',(0.,0.,1.));
#2859=DIRECTION('ref_axis',(1.,0.,0.));
#2860=DIRECTION('',(-0.707106781186548,0.707106781186548,0.));
#2861=DIRECTION('center_axis',(0.,0.,-1.));
#2862=DIRECTION('ref_axis',(1.,0.,0.));
#2863=DIRECTION('',(-0.707106781186548,-0.707106781186547,0.));
#2864=DIRECTION('',(-1.,0.,0.));
#2865=DIRECTION('',(0.,1.,0.));
#2866=DIRECTION('',(1.,0.,0.));
#2867=DIRECTION('center_axis',(0.,0.,-1.));
#2868=DIRECTION('ref_axis',(-1.,0.,0.));
#2869=DIRECTION('center_axis',(0.,0.,1.));
#2870=DIRECTION('ref_axis',(1.,0.,0.));
#2871=DIRECTION('center_axis',(0.,0.,-1.));
#2872=DIRECTION('ref_axis',(-1.,0.,0.));
#2873=DIRECTION('center_axis',(0.,0.,-1.));
#2874=DIRECTION('ref_axis',(1.,0.,0.));
#2875=DIRECTION('center_axis',(0.,0.,-1.));
#2876=DIRECTION('ref_axis',(1.,0.,0.));
#2877=DIRECTION('center_axis',(0.,0.,-1.));
#2878=DIRECTION('ref_axis',(-1.,0.,0.));
#2879=DIRECTION('',(1.,0.,0.));
#2880=DIRECTION('center_axis',(0.,0.,-1.));
#2881=DIRECTION('ref_axis',(-1.,0.,0.));
#2882=DIRECTION('center_axis',(0.,0.,1.));
#2883=DIRECTION('ref_axis',(1.,0.,0.));
#2884=DIRECTION('',(0.707106781186547,0.707106781186548,0.));
#2885=DIRECTION('center_axis',(0.,0.,-1.));
#2886=DIRECTION('ref_axis',(1.,0.,0.));
#2887=DIRECTION('',(-0.707106781186548,0.707106781186548,0.));
#2888=DIRECTION('center_axis',(0.,0.,1.));
#2889=DIRECTION('ref_axis',(1.,0.,0.));
#2890=DIRECTION('',(-0.707106781186548,-0.707106781186547,0.));
#2891=DIRECTION('center_axis',(0.,0.,-1.));
#2892=DIRECTION('ref_axis',(1.,0.,0.));
#2893=DIRECTION('',(0.707106781186547,-0.707106781186548,0.));
#2894=DIRECTION('',(0.707106781186548,0.707106781186547,0.));
#2895=DIRECTION('center_axis',(0.,0.,1.));
#2896=DIRECTION('ref_axis',(1.,0.,0.));
#2897=DIRECTION('',(0.707106781186548,-0.707106781186548,0.));
#2898=DIRECTION('center_axis',(0.,0.,-1.));
#2899=DIRECTION('ref_axis',(1.,0.,0.));
#2900=DIRECTION('center_axis',(0.,0.,-1.));
#2901=DIRECTION('ref_axis',(-1.,0.,0.));
#2902=DIRECTION('center_axis',(0.,0.,-1.));
#2903=DIRECTION('ref_axis',(-1.,0.,0.));
#2904=DIRECTION('center_axis',(0.,0.,-1.));
#2905=DIRECTION('ref_axis',(-1.,0.,0.));
#2906=DIRECTION('center_axis',(0.,0.,-1.));
#2907=DIRECTION('ref_axis',(-1.,0.,0.));
#2908=DIRECTION('center_axis',(0.,0.,-1.));
#2909=DIRECTION('ref_axis',(-1.,0.,0.));
#2910=DIRECTION('center_axis',(0.,0.,-1.));
#2911=DIRECTION('ref_axis',(-1.,0.,0.));
#2912=DIRECTION('center_axis',(0.,0.,-1.));
#2913=DIRECTION('ref_axis',(-1.,0.,0.));
#2914=DIRECTION('center_axis',(0.,0.,-1.));
#2915=DIRECTION('ref_axis',(-1.,0.,0.));
#2916=DIRECTION('center_axis',(0.,0.,-1.));
#2917=DIRECTION('ref_axis',(-1.,0.,0.));
#2918=DIRECTION('center_axis',(-0.707106781186548,-0.707106781186548,0.));
#2919=DIRECTION('ref_axis',(0.707106781186548,-0.707106781186548,0.));
#2920=DIRECTION('',(0.,0.,1.));
#2921=DIRECTION('',(0.707106781186548,-0.707106781186548,0.));
#2922=DIRECTION('',(0.,0.,1.));
#2923=DIRECTION('center_axis',(-1.,0.,0.));
#2924=DIRECTION('ref_axis',(0.,0.707106781186547,0.707106781186548));
#2925=DIRECTION('center_axis',(-0.707106781186547,-0.707106781186548,0.));
#2926=DIRECTION('ref_axis',(0.707106781186548,-0.707106781186547,0.));
#2927=DIRECTION('',(-1.,0.,0.));
#2928=DIRECTION('center_axis',(0.,-1.,0.));
#2929=DIRECTION('ref_axis',(-0.707106781186548,0.,0.707106781186547));
#2930=DIRECTION('',(0.,-1.,0.));
#2931=DIRECTION('center_axis',(0.707106781186548,-0.707106781186548,0.));
#2932=DIRECTION('ref_axis',(0.707106781186548,0.707106781186548,0.));
#2933=DIRECTION('center_axis',(1.,0.,0.));
#2934=DIRECTION('ref_axis',(0.,-0.707106781186548,0.707106781186547));
#2935=DIRECTION('center_axis',(0.707106781186547,-0.707106781186548,0.));
#2936=DIRECTION('ref_axis',(-0.707106781186548,-0.707106781186547,0.));
#2937=DIRECTION('',(1.,0.,0.));
#2938=DIRECTION('center_axis',(0.,1.,0.));
#2939=DIRECTION('ref_axis',(1.,0.,0.));
#2940=DIRECTION('',(0.,0.,-1.));
#2941=DIRECTION('',(0.,0.,1.));
#2942=DIRECTION('center_axis',(0.707106781186547,-0.707106781186548,0.));
#2943=DIRECTION('ref_axis',(0.707106781186548,0.707106781186547,0.));
#2944=DIRECTION('',(0.,0.,1.));
#2945=DIRECTION('',(0.707106781186548,0.707106781186547,0.));
#2946=DIRECTION('',(0.,0.,-1.));
#2947=DIRECTION('center_axis',(0.,-1.,0.));
#2948=DIRECTION('ref_axis',(-1.,0.,0.));
#2949=DIRECTION('',(0.,0.,-1.));
#2950=DIRECTION('center_axis',(1.,0.,0.));
#2951=DIRECTION('ref_axis',(0.,-1.,0.));
#2952=DIRECTION('center_axis',(0.,0.,-1.));
#2953=DIRECTION('ref_axis',(-1.,0.,0.));
#2954=DIRECTION('center_axis',(0.,0.,-1.));
#2955=DIRECTION('ref_axis',(-1.,0.,0.));
#2956=DIRECTION('center_axis',(0.,-1.,0.));
#2957=DIRECTION('ref_axis',(1.,0.,0.));
#2958=DIRECTION('center_axis',(0.,0.,1.));
#2959=DIRECTION('ref_axis',(-1.,0.,0.));
#2960=DIRECTION('center_axis',(0.,0.,1.));
#2961=DIRECTION('ref_axis',(-1.,0.,0.));
#2962=DIRECTION('center_axis',(0.564056090657466,0.825736475270541,0.));
#2963=DIRECTION('ref_axis',(0.825736475270541,-0.564056090657466,0.));
#2964=DIRECTION('',(0.,0.,-1.));
#2965=DIRECTION('',(-0.825736475270541,0.564056090657466,0.));
#2966=DIRECTION('',(0.,0.,-1.));
#2967=DIRECTION('center_axis',(0.,0.,-1.));
#2968=DIRECTION('ref_axis',(1.,0.,0.));
#2969=DIRECTION('',(0.,0.,-1.));
#2970=DIRECTION('center_axis',(0.,0.,-1.));
#2971=DIRECTION('ref_axis',(1.,0.,0.));
#2972=DIRECTION('center_axis',(-0.564056090657466,-0.825736475270541,0.));
#2973=DIRECTION('ref_axis',(-0.825736475270541,0.564056090657466,0.));
#2974=DIRECTION('',(0.,0.,-1.));
#2975=DIRECTION('',(0.825736475270541,-0.564056090657466,0.));
#2976=DIRECTION('',(0.,0.,-1.));
#2977=DIRECTION('center_axis',(0.825736475270541,-0.564056090657466,0.));
#2978=DIRECTION('ref_axis',(-0.564056090657466,-0.825736475270541,0.));
#2979=DIRECTION('',(0.,0.,-1.));
#2980=DIRECTION('',(0.564056090657466,0.825736475270541,0.));
#2981=DIRECTION('',(0.,0.,-1.));
#2982=DIRECTION('center_axis',(-0.825736475270541,0.564056090657466,0.));
#2983=DIRECTION('ref_axis',(0.564056090657465,0.825736475270541,0.));
#2984=DIRECTION('',(0.,0.,-1.));
#2985=DIRECTION('',(-0.564056090657465,-0.825736475270541,0.));
#2986=DIRECTION('',(0.,0.,-1.));
#2987=DIRECTION('center_axis',(0.,0.,-1.));
#2988=DIRECTION('ref_axis',(0.707106781186547,0.707106781186548,0.));
#2989=DIRECTION('',(0.,0.,1.));
#2990=DIRECTION('center_axis',(0.,0.,1.));
#2991=DIRECTION('ref_axis',(0.707106781186548,0.707106781186547,0.));
#2992=DIRECTION('center_axis',(0.,0.,1.));
#2993=DIRECTION('ref_axis',(0.707106781186548,0.707106781186547,0.));
#2994=DIRECTION('',(0.,0.,-1.));
#2995=DIRECTION('center_axis',(0.,0.,-1.));
#2996=DIRECTION('ref_axis',(-1.,0.,0.));
#2997=DIRECTION('',(0.,0.,-1.));
#2998=DIRECTION('center_axis',(0.,0.,-1.));
#2999=DIRECTION('ref_axis',(-1.,0.,0.));
#3000=DIRECTION('center_axis',(0.,0.,-1.));
#3001=DIRECTION('ref_axis',(-1.,0.,0.));
#3002=DIRECTION('center_axis',(0.,-1.,0.));
#3003=DIRECTION('ref_axis',(1.,0.,0.));
#3004=DIRECTION('center_axis',(0.,0.,1.));
#3005=DIRECTION('ref_axis',(-1.,0.,0.));
#3006=DIRECTION('center_axis',(0.,0.,-1.));
#3007=DIRECTION('ref_axis',(-1.,0.,0.));
#3008=DIRECTION('',(0.,0.,-1.));
#3009=DIRECTION('center_axis',(0.,0.,1.));
#3010=DIRECTION('ref_axis',(-1.,0.,0.));
#3011=DIRECTION('center_axis',(0.,0.,1.));
#3012=DIRECTION('ref_axis',(1.,0.,0.));
#3013=DIRECTION('center_axis',(0.,0.,-1.));
#3014=DIRECTION('ref_axis',(-1.,0.,0.));
#3015=DIRECTION('center_axis',(0.,0.,-1.));
#3016=DIRECTION('ref_axis',(-0.707106781186548,-0.707106781186548,0.));
#3017=DIRECTION('center_axis',(0.,-1.,0.));
#3018=DIRECTION('ref_axis',(1.,0.,0.));
#3019=DIRECTION('center_axis',(0.,0.,1.));
#3020=DIRECTION('ref_axis',(-0.707106781186548,-0.707106781186548,0.));
#3021=DIRECTION('center_axis',(0.,0.,1.));
#3022=DIRECTION('ref_axis',(-0.707106781186548,-0.707106781186548,0.));
#3023=DIRECTION('center_axis',(0.,0.,1.));
#3024=DIRECTION('ref_axis',(-1.,0.,0.));
#3025=DIRECTION('center_axis',(0.,0.,1.));
#3026=DIRECTION('ref_axis',(1.,0.,0.));
#3027=DIRECTION('center_axis',(0.,0.,1.));
#3028=DIRECTION('ref_axis',(-1.,0.,0.));
#3029=DIRECTION('center_axis',(0.,0.,1.));
#3030=DIRECTION('ref_axis',(1.,0.,0.));
#3031=DIRECTION('center_axis',(0.,0.,-1.));
#3032=DIRECTION('ref_axis',(-1.,0.,0.));
#3033=DIRECTION('center_axis',(0.,0.,-1.));
#3034=DIRECTION('ref_axis',(0.707106781186548,0.707106781186547,0.));
#3035=DIRECTION('center_axis',(0.,-1.,0.));
#3036=DIRECTION('ref_axis',(1.,0.,0.));
#3037=DIRECTION('center_axis',(0.,0.,1.));
#3038=DIRECTION('ref_axis',(-1.,0.,0.));
#3039=DIRECTION('center_axis',(0.,0.,1.));
#3040=DIRECTION('ref_axis',(1.,0.,0.));
#3041=DIRECTION('center_axis',(0.,0.,-1.));
#3042=DIRECTION('ref_axis',(-1.,0.,0.));
#3043=DIRECTION('center_axis',(0.,0.,1.));
#3044=DIRECTION('ref_axis',(-1.,0.,0.));
#3045=DIRECTION('center_axis',(0.,0.,-1.));
#3046=DIRECTION('ref_axis',(-1.,0.,0.));
#3047=DIRECTION('',(0.,0.,-1.));
#3048=DIRECTION('center_axis',(0.,0.,-1.));
#3049=DIRECTION('ref_axis',(-1.,0.,0.));
#3050=DIRECTION('',(0.,0.,-1.));
#3051=DIRECTION('center_axis',(0.,0.,1.));
#3052=DIRECTION('ref_axis',(-1.,0.,0.));
#3053=DIRECTION('center_axis',(0.,0.,1.));
#3054=DIRECTION('ref_axis',(-1.,0.,0.));
#3055=DIRECTION('center_axis',(0.,0.,-1.));
#3056=DIRECTION('ref_axis',(-1.,0.,0.));
#3057=DIRECTION('',(0.,0.,-1.));
#3058=DIRECTION('center_axis',(0.,0.,1.));
#3059=DIRECTION('ref_axis',(-1.,0.,0.));
#3060=DIRECTION('center_axis',(0.,0.,-1.));
#3061=DIRECTION('ref_axis',(-1.,0.,0.));
#3062=DIRECTION('',(0.,0.,-1.));
#3063=DIRECTION('center_axis',(0.,0.,-1.));
#3064=DIRECTION('ref_axis',(-1.,0.,0.));
#3065=DIRECTION('',(0.,0.,-1.));
#3066=DIRECTION('center_axis',(0.,0.,1.));
#3067=DIRECTION('ref_axis',(-1.,0.,0.));
#3068=DIRECTION('center_axis',(0.,0.,-1.));
#3069=DIRECTION('ref_axis',(-1.,0.,0.));
#3070=DIRECTION('',(0.,0.,-1.));
#3071=DIRECTION('center_axis',(0.,0.,1.));
#3072=DIRECTION('ref_axis',(-1.,0.,0.));
#3073=DIRECTION('center_axis',(0.,0.,1.));
#3074=DIRECTION('ref_axis',(-1.,0.,0.));
#3075=DIRECTION('center_axis',(0.,0.,-1.));
#3076=DIRECTION('ref_axis',(-1.,0.,0.));
#3077=DIRECTION('',(0.,0.,-1.));
#3078=DIRECTION('center_axis',(0.,0.,-1.));
#3079=DIRECTION('ref_axis',(-1.,0.,0.));
#3080=DIRECTION('center_axis',(0.,0.,1.));
#3081=DIRECTION('ref_axis',(-1.,0.,0.));
#3082=DIRECTION('center_axis',(0.,0.,-1.));
#3083=DIRECTION('ref_axis',(-1.,0.,0.));
#3084=DIRECTION('',(0.,0.,-1.));
#3085=DIRECTION('center_axis',(-0.825736475270541,0.564056090657466,0.));
#3086=DIRECTION('ref_axis',(-0.398847886673468,-0.583883861136878,0.707106781186547));
#3087=DIRECTION('',(0.825736475270541,-0.564056090657466,0.));
#3088=DIRECTION('',(0.825736475270541,-0.564056090657466,0.));
#3089=DIRECTION('center_axis',(0.825736475270541,-0.564056090657466,0.));
#3090=DIRECTION('ref_axis',(0.398847886673468,0.583883861136878,0.707106781186547));
#3091=DIRECTION('',(-0.825736475270541,0.564056090657466,0.));
#3092=DIRECTION('',(-0.825736475270541,0.564056090657466,0.));
#3093=DIRECTION('center_axis',(0.832310028388022,0.554310397381043,0.));
#3094=DIRECTION('ref_axis',(-0.391956640870345,0.588532065122738,0.707106781186548));
#3095=DIRECTION('',(-0.832310028388022,-0.554310397381043,0.));
#3096=DIRECTION('',(0.832310028388022,0.554310397381043,0.));
#3097=DIRECTION('',(-0.832310028388022,-0.554310397381043,0.));
#3098=DIRECTION('center_axis',(-0.832310028388022,-0.554310397381043,0.));
#3099=DIRECTION('ref_axis',(0.391956640870345,-0.588532065122738,0.707106781186547));
#3100=DIRECTION('',(0.832310028388022,0.554310397381043,0.));
#3101=DIRECTION('',(-0.832310028388022,-0.554310397381043,0.));
#3102=DIRECTION('',(0.832310028388022,0.554310397381043,0.));
#3103=DIRECTION('center_axis',(0.554310397381043,-0.832310028388022,0.));
#3104=DIRECTION('ref_axis',(0.588532065122738,0.391956640870345,0.707106781186548));
#3105=DIRECTION('',(-0.554310397381043,0.832310028388022,0.));
#3106=DIRECTION('',(0.554310397381043,-0.832310028388022,0.));
#3107=DIRECTION('',(-0.554310397381043,0.832310028388022,0.));
#3108=DIRECTION('center_axis',(-0.564056090657466,-0.825736475270541,0.));
#3109=DIRECTION('ref_axis',(0.583883861136878,-0.398847886673468,0.707106781186547));
#3110=DIRECTION('',(0.564056090657465,0.825736475270541,0.));
#3111=DIRECTION('',(0.564056090657465,0.825736475270541,0.));
#3112=DIRECTION('center_axis',(0.,0.,-1.));
#3113=DIRECTION('ref_axis',(-0.707106781186547,-0.707106781186548,0.));
#3114=DIRECTION('',(0.,0.,-1.));
#3115=DIRECTION('',(0.,0.,1.));
#3116=DIRECTION('center_axis',(0.,0.,1.));
#3117=DIRECTION('ref_axis',(1.,0.,0.));
#3118=DIRECTION('',(0.,0.,-1.));
#3119=DIRECTION('center_axis',(0.,0.,1.));
#3120=DIRECTION('ref_axis',(1.,0.,0.));
#3121=DIRECTION('center_axis',(-0.554310397381043,0.832310028388022,0.));
#3122=DIRECTION('ref_axis',(-0.588532065122738,-0.391956640870345,0.707106781186547));
#3123=DIRECTION('',(0.554310397381043,-0.832310028388022,0.));
#3124=DIRECTION('',(-0.554310397381043,0.832310028388022,0.));
#3125=DIRECTION('',(0.554310397381043,-0.832310028388022,0.));
#3126=DIRECTION('center_axis',(0.832310028388022,0.554310397381043,0.));
#3127=DIRECTION('ref_axis',(0.554310397381043,-0.832310028388022,0.));
#3128=DIRECTION('',(0.,0.,-1.));
#3129=DIRECTION('',(0.,0.,-1.));
#3130=DIRECTION('center_axis',(0.564056090657466,0.825736475270541,0.));
#3131=DIRECTION('ref_axis',(-0.583883861136877,0.398847886673468,0.707106781186548));
#3132=DIRECTION('',(-0.564056090657466,-0.825736475270541,0.));
#3133=DIRECTION('',(-0.564056090657466,-0.825736475270541,0.));
#3134=DIRECTION('center_axis',(0.,0.,1.));
#3135=DIRECTION('ref_axis',(1.,0.,0.));
#3136=DIRECTION('center_axis',(0.,0.,-1.));
#3137=DIRECTION('ref_axis',(1.,0.,0.));
#3138=DIRECTION('center_axis',(0.,0.,-1.));
#3139=DIRECTION('ref_axis',(1.,0.,0.));
#3140=DIRECTION('center_axis',(0.,0.,-1.));
#3141=DIRECTION('ref_axis',(1.,0.,0.));
#3142=DIRECTION('center_axis',(0.,0.,-1.));
#3143=DIRECTION('ref_axis',(1.,0.,0.));
#3144=DIRECTION('center_axis',(0.,0.,-1.));
#3145=DIRECTION('ref_axis',(1.,0.,0.));
#3146=DIRECTION('center_axis',(0.,0.,-1.));
#3147=DIRECTION('ref_axis',(1.,0.,0.));
#3148=DIRECTION('center_axis',(0.,0.,-1.));
#3149=DIRECTION('ref_axis',(1.,0.,0.));
#3150=DIRECTION('center_axis',(0.,0.,-1.));
#3151=DIRECTION('ref_axis',(1.,0.,0.));
#3152=DIRECTION('center_axis',(0.,0.,1.));
#3153=DIRECTION('ref_axis',(1.,0.,0.));
#3154=DIRECTION('',(-0.707106781186547,-0.707106781186548,0.));
#3155=DIRECTION('center_axis',(0.,0.,-1.));
#3156=DIRECTION('ref_axis',(1.,0.,0.));
#3157=DIRECTION('',(0.707106781186548,-0.707106781186548,0.));
#3158=DIRECTION('center_axis',(0.,0.,1.));
#3159=DIRECTION('ref_axis',(1.,0.,0.));
#3160=DIRECTION('',(-0.707106781186548,0.707106781186548,0.));
#3161=DIRECTION('center_axis',(0.,0.,-1.));
#3162=DIRECTION('ref_axis',(1.,0.,0.));
#3163=DIRECTION('',(-0.707106781186548,-0.707106781186547,0.));
#3164=DIRECTION('center_axis',(0.,0.,1.));
#3165=DIRECTION('ref_axis',(1.,0.,0.));
#3166=DIRECTION('',(0.707106781186548,0.707106781186547,0.));
#3167=DIRECTION('center_axis',(0.,0.,-1.));
#3168=DIRECTION('ref_axis',(1.,0.,0.));
#3169=DIRECTION('',(-0.707106781186547,0.707106781186548,0.));
#3170=DIRECTION('center_axis',(0.,0.,1.));
#3171=DIRECTION('ref_axis',(1.,0.,0.));
#3172=DIRECTION('center_axis',(0.,0.,-1.));
#3173=DIRECTION('ref_axis',(1.,0.,0.));
#3174=DIRECTION('center_axis',(0.,0.,-1.));
#3175=DIRECTION('ref_axis',(1.,0.,0.));
#3176=DIRECTION('center_axis',(0.,0.,1.));
#3177=DIRECTION('ref_axis',(1.,0.,0.));
#3178=DIRECTION('center_axis',(0.,0.,1.));
#3179=DIRECTION('ref_axis',(1.,0.,0.));
#3180=DIRECTION('center_axis',(0.,0.,1.));
#3181=DIRECTION('ref_axis',(1.,0.,0.));
#3182=DIRECTION('center_axis',(0.,0.,1.));
#3183=DIRECTION('ref_axis',(1.,0.,0.));
#3184=DIRECTION('center_axis',(-0.554310397381043,0.832310028388022,0.));
#3185=DIRECTION('ref_axis',(0.832310028388022,0.554310397381043,0.));
#3186=DIRECTION('',(0.,0.,-1.));
#3187=DIRECTION('',(0.,0.,-1.));
#3188=DIRECTION('center_axis',(0.554310397381043,-0.832310028388022,0.));
#3189=DIRECTION('ref_axis',(-0.832310028388022,-0.554310397381043,0.));
#3190=DIRECTION('',(0.,0.,-1.));
#3191=DIRECTION('',(0.,0.,-1.));
#3192=DIRECTION('center_axis',(-0.832310028388022,-0.554310397381043,0.));
#3193=DIRECTION('ref_axis',(-0.554310397381043,0.832310028388022,0.));
#3194=DIRECTION('',(0.,0.,-1.));
#3195=DIRECTION('center_axis',(0.,0.,-1.));
#3196=DIRECTION('ref_axis',(-1.,0.,0.));
#3197=DIRECTION('',(0.,0.,-1.));
#3198=DIRECTION('center_axis',(0.,0.,-1.));
#3199=DIRECTION('ref_axis',(-1.,0.,0.));
#3200=DIRECTION('',(0.,0.,-1.));
#3201=DIRECTION('center_axis',(0.,0.,-1.));
#3202=DIRECTION('ref_axis',(-1.,0.,0.));
#3203=DIRECTION('',(0.,0.,-1.));
#3204=DIRECTION('center_axis',(0.,0.,-1.));
#3205=DIRECTION('ref_axis',(-1.,0.,0.));
#3206=DIRECTION('',(0.,0.,-1.));
#3207=DIRECTION('center_axis',(0.,0.,1.));
#3208=DIRECTION('ref_axis',(1.,0.,0.));
#3209=DIRECTION('',(0.,0.,-1.));
#3210=DIRECTION('center_axis',(0.,0.,1.));
#3211=DIRECTION('ref_axis',(-1.,1.22464679914735E-16,0.));
#3212=DIRECTION('',(0.,0.,1.));
#3213=DIRECTION('',(0.,0.,1.));
#3214=DIRECTION('center_axis',(0.,0.,1.));
#3215=DIRECTION('ref_axis',(1.,0.,0.));
#3216=DIRECTION('center_axis',(0.,0.,1.));
#3217=DIRECTION('ref_axis',(1.,0.,0.));
#3218=DIRECTION('',(0.,0.,-1.));
#3219=DIRECTION('',(0.,0.,1.));
#3220=DIRECTION('center_axis',(0.,0.,1.));
#3221=DIRECTION('ref_axis',(1.,0.,0.));
#3222=DIRECTION('',(0.,0.,1.));
#3223=DIRECTION('',(0.,0.,1.));
#3224=DIRECTION('center_axis',(0.,0.,-1.));
#3225=DIRECTION('ref_axis',(1.,0.,0.));
#3226=DIRECTION('center_axis',(0.,0.,-1.));
#3227=DIRECTION('ref_axis',(1.,0.,0.));
#3228=DIRECTION('center_axis',(0.,0.,-1.));
#3229=DIRECTION('ref_axis',(1.,0.,0.));
#3230=DIRECTION('center_axis',(0.,0.,1.));
#3231=DIRECTION('ref_axis',(1.,0.,0.));
#3232=DIRECTION('center_axis',(1.22464679914735E-16,-1.,0.));
#3233=DIRECTION('ref_axis',(-1.,-1.22464679914735E-16,0.));
#3234=DIRECTION('center_axis',(0.,0.,1.));
#3235=DIRECTION('ref_axis',(1.,0.,0.));
#3236=DIRECTION('',(0.,0.,-1.));
#3237=DIRECTION('center_axis',(0.,0.,1.));
#3238=DIRECTION('ref_axis',(1.,0.,0.));
#3239=DIRECTION('',(0.,0.,-1.));
#3240=DIRECTION('center_axis',(0.,0.,1.));
#3241=DIRECTION('ref_axis',(1.,0.,0.));
#3242=DIRECTION('',(0.,0.,-1.));
#3243=DIRECTION('center_axis',(0.,0.,1.));
#3244=DIRECTION('ref_axis',(1.,0.,0.));
#3245=DIRECTION('',(0.,0.,-1.));
#3246=DIRECTION('center_axis',(0.,0.,1.));
#3247=DIRECTION('ref_axis',(1.,0.,0.));
#3248=DIRECTION('center_axis',(-0.707106781186547,0.707106781186548,0.));
#3249=DIRECTION('ref_axis',(-0.707106781186548,-0.707106781186547,0.));
#3250=DIRECTION('',(0.,0.,1.));
#3251=DIRECTION('center_axis',(0.,0.,1.));
#3252=DIRECTION('ref_axis',(1.,0.,0.));
#3253=DIRECTION('',(0.,0.,1.));
#3254=DIRECTION('center_axis',(0.707106781186548,0.707106781186548,0.));
#3255=DIRECTION('ref_axis',(-0.707106781186548,0.707106781186548,0.));
#3256=DIRECTION('center_axis',(0.707106781186548,0.707106781186547,0.));
#3257=DIRECTION('ref_axis',(-0.707106781186547,0.707106781186548,0.));
#3258=DIRECTION('',(0.,0.,-1.));
#3259=DIRECTION('center_axis',(0.,0.,1.));
#3260=DIRECTION('ref_axis',(-1.,1.22464679914735E-16,0.));
#3261=DIRECTION('',(0.,0.,1.));
#3262=DIRECTION('center_axis',(0.707106781186547,-0.707106781186548,0.));
#3263=DIRECTION('ref_axis',(0.707106781186548,0.707106781186547,0.));
#3264=DIRECTION('center_axis',(-0.707106781186548,-0.707106781186548,0.));
#3265=DIRECTION('ref_axis',(0.707106781186548,-0.707106781186548,0.));
#3266=DIRECTION('',(0.,0.,-1.));
#3267=DIRECTION('center_axis',(0.,0.,1.));
#3268=DIRECTION('ref_axis',(1.,0.,0.));
#3269=DIRECTION('',(0.,0.,1.));
#3270=DIRECTION('center_axis',(-0.707106781186548,0.707106781186547,0.));
#3271=DIRECTION('ref_axis',(-0.707106781186547,-0.707106781186548,0.));
#3272=CARTESIAN_POINT('',(0.,0.,0.));
#3273=CARTESIAN_POINT('Origin',(-22.489083744755,22.7454544810137,-21.5));
#3274=CARTESIAN_POINT('',(-19.4008639083365,29.1308509935808,-21.5));
#3275=CARTESIAN_POINT('',(-16.077390855041,24.1405784596278,-21.5));
#3276=CARTESIAN_POINT('',(-18.4023299378773,27.6315288787045,-21.5));
#3277=CARTESIAN_POINT('',(-23.9499170842045,16.3600579684466,-21.5));
#3278=CARTESIAN_POINT('Origin',(0.,0.,-21.5));
#3279=CARTESIAN_POINT('',(-28.9007766344689,19.7419631730113,-21.5));
#3280=CARTESIAN_POINT('',(-24.9389257810185,17.035644424729,-21.5));
#3281=CARTESIAN_POINT('Origin',(0.,0.,-21.5));
#3282=CARTESIAN_POINT('',(-21.0274169979695,22.6274169979695,-21.5));
#3283=CARTESIAN_POINT('Origin',(-22.6274169979695,22.6274169979695,-21.5));
#3284=CARTESIAN_POINT('Origin',(22.489083744755,-22.7454544810137,-21.5));
#3285=CARTESIAN_POINT('',(28.900776634469,-19.7419631730113,-21.5));
#3286=CARTESIAN_POINT('',(19.4008639083365,-29.1308509935808,-21.5));
#3287=CARTESIAN_POINT('Origin',(0.,0.,-21.5));
#3288=CARTESIAN_POINT('',(16.077390855041,-24.1405784596278,-21.5));
#3289=CARTESIAN_POINT('',(18.4023299378773,-27.6315288787045,-21.5));
#3290=CARTESIAN_POINT('',(23.9499170842045,-16.3600579684466,-21.5));
#3291=CARTESIAN_POINT('Origin',(0.,0.,-21.5));
#3292=CARTESIAN_POINT('',(24.9389257810185,-17.035644424729,-21.5));
#3293=CARTESIAN_POINT('',(24.2274169979695,-22.6274169979695,-21.5));
#3294=CARTESIAN_POINT('Origin',(22.6274169979695,-22.6274169979695,-21.5));
#3295=CARTESIAN_POINT('Origin',(-22.7454544810137,-22.489083744755,-21.5));
#3296=CARTESIAN_POINT('',(-29.1308509935808,-19.4008639083365,-21.5));
#3297=CARTESIAN_POINT('',(-24.1405784596278,-16.077390855041,-21.5));
#3298=CARTESIAN_POINT('',(-27.6315288787045,-18.4023299378773,-21.5));
#3299=CARTESIAN_POINT('',(-16.3600579684466,-23.9499170842045,-21.5));
#3300=CARTESIAN_POINT('Origin',(0.,0.,-21.5));
#3301=CARTESIAN_POINT('',(-19.7419631730113,-28.9007766344689,-21.5));
#3302=CARTESIAN_POINT('',(-17.035644424729,-24.9389257810185,-21.5));
#3303=CARTESIAN_POINT('Origin',(0.,0.,-21.5));
#3304=CARTESIAN_POINT('',(-21.0274169979695,-22.6274169979695,-21.5));
#3305=CARTESIAN_POINT('Origin',(-22.6274169979695,-22.6274169979695,-21.5));
#3306=CARTESIAN_POINT('Origin',(22.7454544810137,22.489083744755,-21.5));
#3307=CARTESIAN_POINT('',(29.1308509935808,19.4008639083365,-21.5));
#3308=CARTESIAN_POINT('',(24.1405784596278,16.077390855041,-21.5));
#3309=CARTESIAN_POINT('',(27.6315288787045,18.4023299378773,-21.5));
#3310=CARTESIAN_POINT('',(16.3600579684466,23.9499170842045,-21.5));
#3311=CARTESIAN_POINT('Origin',(0.,0.,-21.5));
#3312=CARTESIAN_POINT('',(19.7419631730113,28.900776634469,-21.5));
#3313=CARTESIAN_POINT('',(17.035644424729,24.9389257810185,-21.5));
#3314=CARTESIAN_POINT('Origin',(0.,0.,-21.5));
#3315=CARTESIAN_POINT('',(24.2274169979695,22.6274169979695,-21.5));
#3316=CARTESIAN_POINT('Origin',(22.6274169979695,22.6274169979695,-21.5));
#3317=CARTESIAN_POINT('Origin',(-6.7175144212722,6.7175144212722,5.));
#3318=CARTESIAN_POINT('',(-9.4295672858667,8.,5.));
#3319=CARTESIAN_POINT('',(-8.66437332291342,9.,4.));
#3320=CARTESIAN_POINT('Ctrl Pts',(-9.4295672858667,8.,5.));
#3321=CARTESIAN_POINT('Ctrl Pts',(-9.36401116966887,8.13863052783985,5.));
#3322=CARTESIAN_POINT('Ctrl Pts',(-9.28294003845847,8.28025605902552,4.96992144974376));
#3323=CARTESIAN_POINT('Ctrl Pts',(-9.110009023467,8.53397788209644,4.85683061036866));
#3324=CARTESIAN_POINT('Ctrl Pts',(-9.01835935458059,8.64635430432793,4.77412583345863));
#3325=CARTESIAN_POINT('Ctrl Pts',(-8.86972256470486,8.80994924596105,4.59685023194745));
#3326=CARTESIAN_POINT('Ctrl Pts',(-8.79957649617054,8.8785200771895,4.49401124400287));
#3327=CARTESIAN_POINT('Ctrl Pts',(-8.72205752333364,8.94978658729456,4.31916526307357));
#3328=CARTESIAN_POINT('Ctrl Pts',(-8.70082848239009,8.9684733539136,4.25741913394247));
#3329=CARTESIAN_POINT('Ctrl Pts',(-8.67197490460612,8.9935779380741,4.13033691366104));
#3330=CARTESIAN_POINT('Ctrl Pts',(-8.66437332291342,9.,4.06499645019479));
#3331=CARTESIAN_POINT('Ctrl Pts',(-8.66437332291342,9.,4.));
#3332=CARTESIAN_POINT('',(-4.0054615566777,8.,5.));
#3333=CARTESIAN_POINT('Origin',(-6.7175144212722,6.7175144212722,5.));
#3334=CARTESIAN_POINT('',(-4.77065551963098,9.,4.));
#3335=CARTESIAN_POINT('Ctrl Pts',(-4.77065551963098,9.,4.));
#3336=CARTESIAN_POINT('Ctrl Pts',(-4.77065551963098,9.,4.06499645019479));
#3337=CARTESIAN_POINT('Ctrl Pts',(-4.76305393793828,8.9935779380741,4.13033691366104));
#3338=CARTESIAN_POINT('Ctrl Pts',(-4.73420036015431,8.9684733539136,4.25741913394247));
#3339=CARTESIAN_POINT('Ctrl Pts',(-4.71297131921077,8.94978658729456,4.31916526307357));
#3340=CARTESIAN_POINT('Ctrl Pts',(-4.63545234637387,8.8785200771895,4.49401124400287));
#3341=CARTESIAN_POINT('Ctrl Pts',(-4.56530627783954,8.80994924596105,4.59685023194745));
#3342=CARTESIAN_POINT('Ctrl Pts',(-4.41666948796382,8.64635430432793,4.77412583345863));
#3343=CARTESIAN_POINT('Ctrl Pts',(-4.32501981907741,8.53397788209644,4.85683061036866));
#3344=CARTESIAN_POINT('Ctrl Pts',(-4.15208880408593,8.28025605902552,4.96992144974376));
#3345=CARTESIAN_POINT('Ctrl Pts',(-4.07101767287554,8.13863052783985,5.));
#3346=CARTESIAN_POINT('Ctrl Pts',(-4.0054615566777,8.,5.));
#3347=CARTESIAN_POINT('',(-4.77065551963098,9.,3.5));
#3348=CARTESIAN_POINT('',(-4.77065551963098,9.,5.));
#3349=CARTESIAN_POINT('',(-5.47242021483654,9.44693568174123,2.66686144017398));
#3350=CARTESIAN_POINT('Ctrl Pts',(-5.47242021483654,9.44693568174123,2.66686144017398));
#3351=CARTESIAN_POINT('Ctrl Pts',(-5.33946167365284,9.38628329666546,2.7071244547795));
#3352=CARTESIAN_POINT('Ctrl Pts',(-5.20020852075307,9.30847174337989,2.7704187433173));
#3353=CARTESIAN_POINT('Ctrl Pts',(-5.00328770944362,9.18198686262279,2.91755848006536));
#3354=CARTESIAN_POINT('Ctrl Pts',(-4.91759873621519,9.11871301101521,3.01194985014962));
#3355=CARTESIAN_POINT('Ctrl Pts',(-4.83065155948379,9.05013325752112,3.18145838473845));
#3356=CARTESIAN_POINT('Ctrl Pts',(-4.80818739118299,9.03156669385088,3.24249059738711));
#3357=CARTESIAN_POINT('Ctrl Pts',(-4.77820123123437,9.00650125309854,3.36915051053124));
#3358=CARTESIAN_POINT('Ctrl Pts',(-4.77065551963098,9.,3.4347721240368));
#3359=CARTESIAN_POINT('Ctrl Pts',(-4.77065551963098,9.,3.5));
#3360=CARTESIAN_POINT('',(-6.21077914661952,9.67440795358321,2.5));
#3361=CARTESIAN_POINT('Ctrl Pts',(-6.21077914661952,9.67440795358321,2.5));
#3362=CARTESIAN_POINT('Ctrl Pts',(-6.01568377751819,9.64097364004952,2.5));
#3363=CARTESIAN_POINT('Ctrl Pts',(-5.85215763878376,9.59300412027543,2.54154405302224));
#3364=CARTESIAN_POINT('Ctrl Pts',(-5.63646703472372,9.51764786876483,2.60978896471243));
#3365=CARTESIAN_POINT('Ctrl Pts',(-5.55515686849089,9.4843715401785,2.64125434686773));
#3366=CARTESIAN_POINT('Ctrl Pts',(-5.47833212090677,9.44962674015935,2.6650602670485));
#3367=CARTESIAN_POINT('Ctrl Pts',(-5.47537743486961,9.4482846920914,2.6659659234789));
#3368=CARTESIAN_POINT('Ctrl Pts',(-5.47242021483654,9.44693568174123,2.66686144017398));
#3369=CARTESIAN_POINT('',(-7.22424969592488,9.67440795358321,2.5));
#3370=CARTESIAN_POINT('Origin',(-6.7175144212722,6.7175144212722,2.5));
#3371=CARTESIAN_POINT('',(-7.96260862770786,9.44693568174123,2.66686144017398));
#3372=CARTESIAN_POINT('Ctrl Pts',(-7.96260862770786,9.44693568174123,2.66686144017398));
#3373=CARTESIAN_POINT('Ctrl Pts',(-7.92548661098557,9.46386982401585,2.6556200089115));
#3374=CARTESIAN_POINT('Ctrl Pts',(-7.88803973952044,9.48002509978509,2.64260201302267));
#3375=CARTESIAN_POINT('Ctrl Pts',(-7.7025820665851,9.55571122321755,2.57775792860042));
#3376=CARTESIAN_POINT('Ctrl Pts',(-7.49061860471537,9.62875919393734,2.5));
#3377=CARTESIAN_POINT('Ctrl Pts',(-7.22424969592488,9.67440795358321,2.5));
#3378=CARTESIAN_POINT('',(-8.66437332291342,9.,3.5));
#3379=CARTESIAN_POINT('Ctrl Pts',(-8.66437332291342,9.,3.5));
#3380=CARTESIAN_POINT('Ctrl Pts',(-8.66437332291342,9.,3.4347721240368));
#3381=CARTESIAN_POINT('Ctrl Pts',(-8.65682761131003,9.00650125309854,3.36915051053124));
#3382=CARTESIAN_POINT('Ctrl Pts',(-8.62684145136141,9.03156669385088,3.24249059738711));
#3383=CARTESIAN_POINT('Ctrl Pts',(-8.60437728306062,9.05013325752112,3.18145838473845));
#3384=CARTESIAN_POINT('Ctrl Pts',(-8.51743010632921,9.11871301101521,3.01194985014962));
#3385=CARTESIAN_POINT('Ctrl Pts',(-8.43174113310079,9.18198686262278,2.91755848006536));
#3386=CARTESIAN_POINT('Ctrl Pts',(-8.23482032179134,9.30847174337989,2.7704187433173));
#3387=CARTESIAN_POINT('Ctrl Pts',(-8.09556716889156,9.38628329666546,2.7071244547795));
#3388=CARTESIAN_POINT('Ctrl Pts',(-7.96260862770786,9.44693568174123,2.66686144017398));
#3389=CARTESIAN_POINT('',(-8.66437332291342,9.,5.));
#3390=CARTESIAN_POINT('Origin',(12.5,9.,5.));
#3391=CARTESIAN_POINT('',(-12.5,9.,3.5));
#3392=CARTESIAN_POINT('',(6.25,9.,3.5));
#3393=CARTESIAN_POINT('',(-12.5,9.,4.));
#3394=CARTESIAN_POINT('',(-12.5,9.,5.));
#3395=CARTESIAN_POINT('',(6.25,9.,4.));
#3396=CARTESIAN_POINT('Origin',(6.25,10.,3.5));
#3397=CARTESIAN_POINT('',(-7.96260862770786,10.,2.5));
#3398=CARTESIAN_POINT('Origin',(-7.96260862770786,10.,3.5));
#3399=CARTESIAN_POINT('',(-11.5,10.,2.5));
#3400=CARTESIAN_POINT('',(6.25,10.,2.5));
#3401=CARTESIAN_POINT('Origin',(-11.5,10.,3.5));
#3402=CARTESIAN_POINT('Ctrl Pts',(-7.63260967516171,9.30141697850642,2.66686144017398));
#3403=CARTESIAN_POINT('Ctrl Pts',(-7.76552466627543,9.44693568174123,2.66686144017398));
#3404=CARTESIAN_POINT('Ctrl Pts',(-7.96260862770786,9.44693568174123,2.66686144017398));
#3405=CARTESIAN_POINT('Ctrl Pts',(-7.44701516940638,9.47093671401025,2.5));
#3406=CARTESIAN_POINT('Ctrl Pts',(-7.65468279804483,9.69829650066863,2.5));
#3407=CARTESIAN_POINT('Ctrl Pts',(-7.96260862770786,9.69829650066863,2.5));
#3408=CARTESIAN_POINT('Ctrl Pts',(-7.22424969592488,9.67440795358321,2.5));
#3409=CARTESIAN_POINT('Ctrl Pts',(-7.52164146065464,10.,2.5));
#3410=CARTESIAN_POINT('Ctrl Pts',(-7.96260862770786,10.,2.5));
#3411=CARTESIAN_POINT('Origin',(-7.96260862770786,9.,2.5));
#3412=CARTESIAN_POINT('Ctrl Pts',(-7.57720772771498,9.1070800928486,2.7000000000002));
#3413=CARTESIAN_POINT('Ctrl Pts',(-7.58532795497479,9.13630628056309,2.7000000000002));
#3414=CARTESIAN_POINT('Ctrl Pts',(-7.59776260908544,9.16397372562442,2.7000000000002));
#3415=CARTESIAN_POINT('Ctrl Pts',(-7.32027379438615,9.17846682141441,2.5));
#3416=CARTESIAN_POINT('Ctrl Pts',(-7.33380750648584,9.2271771342719,2.5));
#3417=CARTESIAN_POINT('Ctrl Pts',(-7.35453193000358,9.27328954270747,2.5));
#3418=CARTESIAN_POINT('Ctrl Pts',(-6.99910637772502,9.26770023212168,2.5));
#3419=CARTESIAN_POINT('Ctrl Pts',(-7.01940694587456,9.34076570140794,2.5));
#3420=CARTESIAN_POINT('Ctrl Pts',(-7.0504935811512,9.40993431406132,2.5));
#3421=CARTESIAN_POINT('',(-7.0090226871614,9.30112099560164,2.5));
#3422=CARTESIAN_POINT('',(-7.59776260908532,9.16397372562446,2.70000000000011));
#3423=CARTESIAN_POINT('Ctrl Pts',(-7.0090226871614,9.30112099560164,2.5));
#3424=CARTESIAN_POINT('Ctrl Pts',(-7.13318399962181,9.28711187778723,2.5));
#3425=CARTESIAN_POINT('Ctrl Pts',(-7.25465872017883,9.26409539679675,2.52245463507842));
#3426=CARTESIAN_POINT('Ctrl Pts',(-7.45115078231618,9.21335686701343,2.60023158845873));
#3427=CARTESIAN_POINT('Ctrl Pts',(-7.52842720467562,9.18892094791193,2.64489855894209));
#3428=CARTESIAN_POINT('Ctrl Pts',(-7.59776260908532,9.16397372562446,2.70000000000011));
#3429=CARTESIAN_POINT('',(-6.99910637772502,9.26770023212168,2.5));
#3430=CARTESIAN_POINT('Ctrl Pts',(-7.59776260908544,9.16397372562442,2.7000000000002));
#3431=CARTESIAN_POINT('Ctrl Pts',(-7.53735453675513,9.18570884956598,2.65199318637768));
#3432=CARTESIAN_POINT('Ctrl Pts',(-7.46856618239962,9.20187158487886,2.61192685505152));
#3433=CARTESIAN_POINT('Ctrl Pts',(-7.33368501058579,9.226366425768,2.55420005102529));
#3434=CARTESIAN_POINT('Ctrl Pts',(-7.26845121742151,9.23556458098431,2.533966846624));
#3435=CARTESIAN_POINT('Ctrl Pts',(-7.13523082168069,9.25244831315017,2.50687494290503));
#3436=CARTESIAN_POINT('Ctrl Pts',(-7.06725643239647,9.26017509134737,2.5));
#3437=CARTESIAN_POINT('Ctrl Pts',(-6.99910637772502,9.26770023212169,2.5));
#3438=CARTESIAN_POINT('Origin',(-7.96260862770786,9.,2.5));
#3439=CARTESIAN_POINT('Origin',(0.,12.5,2.5));
#3440=CARTESIAN_POINT('',(-5.47242021483654,10.,2.5));
#3441=CARTESIAN_POINT('Origin',(-5.47242021483654,9.,2.5));
#3442=CARTESIAN_POINT('',(11.5,10.,2.5));
#3443=CARTESIAN_POINT('',(6.25,10.,2.5));
#3444=CARTESIAN_POINT('',(11.5,15.,2.5));
#3445=CARTESIAN_POINT('',(11.5,14.25,2.5));
#3446=CARTESIAN_POINT('',(8.33873553405842,15.,2.5));
#3447=CARTESIAN_POINT('',(4.66936776702921,15.,2.5));
#3448=CARTESIAN_POINT('',(6.73946652169373,13.4007309876353,2.5));
#3449=CARTESIAN_POINT('',(4.82941714436147,11.4906816103031,2.5));
#3450=CARTESIAN_POINT('',(-6.73946652169373,13.4007309876353,2.5));
#3451=CARTESIAN_POINT('Origin',(0.,0.,2.5));
#3452=CARTESIAN_POINT('',(-8.33873553405841,15.,2.5));
#3453=CARTESIAN_POINT('',(-9.91127056542427,16.5725350313659,2.5));
#3454=CARTESIAN_POINT('',(-11.5,15.,2.5));
#3455=CARTESIAN_POINT('',(-6.25,15.,2.5));
#3456=CARTESIAN_POINT('',(-11.5,10.75,2.5));
#3457=CARTESIAN_POINT('Ctrl Pts',(-5.47242021483654,9.44693568174123,2.66686144017398));
#3458=CARTESIAN_POINT('Ctrl Pts',(-5.66950417626897,9.44693568174123,2.66686144017398));
#3459=CARTESIAN_POINT('Ctrl Pts',(-5.8024191673827,9.30141697850642,2.66686144017398));
#3460=CARTESIAN_POINT('Ctrl Pts',(-5.47242021483654,9.69829650066863,2.5));
#3461=CARTESIAN_POINT('Ctrl Pts',(-5.78034604449957,9.69829650066863,2.5));
#3462=CARTESIAN_POINT('Ctrl Pts',(-5.98801367313803,9.47093671401025,2.5));
#3463=CARTESIAN_POINT('Ctrl Pts',(-5.47242021483654,10.,2.5));
#3464=CARTESIAN_POINT('Ctrl Pts',(-5.91338738188976,10.,2.5));
#3465=CARTESIAN_POINT('Ctrl Pts',(-6.21077914661952,9.67440795358321,2.5));
#3466=CARTESIAN_POINT('Origin',(-5.47242021483654,10.,3.5));
#3467=CARTESIAN_POINT('Origin',(18.5,-18.5,-1.));
#3468=CARTESIAN_POINT('',(16.9,-18.5,-1.));
#3469=CARTESIAN_POINT('Origin',(18.5,-18.5,-1.));
#3470=CARTESIAN_POINT('',(16.9,-18.5,2.));
#3471=CARTESIAN_POINT('',(16.9,-18.5,-1.));
#3472=CARTESIAN_POINT('Origin',(18.5,-18.5,2.));
#3473=CARTESIAN_POINT('Origin',(18.5,-18.5,2.));
#3474=CARTESIAN_POINT('',(20.,-18.5,2.));
#3475=CARTESIAN_POINT('Origin',(18.5,-18.5,2.));
#3476=CARTESIAN_POINT('Origin',(18.5,18.5,-1.));
#3477=CARTESIAN_POINT('',(16.9,18.5,-1.));
#3478=CARTESIAN_POINT('Origin',(18.5,18.5,-1.));
#3479=CARTESIAN_POINT('',(16.9,18.5,2.));
#3480=CARTESIAN_POINT('',(16.9,18.5,-1.));
#3481=CARTESIAN_POINT('Origin',(18.5,18.5,2.));
#3482=CARTESIAN_POINT('Origin',(18.5,18.5,2.));
#3483=CARTESIAN_POINT('',(20.,18.5,2.));
#3484=CARTESIAN_POINT('Origin',(18.5,18.5,2.));
#3485=CARTESIAN_POINT('Origin',(-18.5,-18.5,-1.));
#3486=CARTESIAN_POINT('',(-20.1,-18.5,-1.));
#3487=CARTESIAN_POINT('Origin',(-18.5,-18.5,-1.));
#3488=CARTESIAN_POINT('',(-20.1,-18.5,2.));
#3489=CARTESIAN_POINT('',(-20.1,-18.5,-1.));
#3490=CARTESIAN_POINT('Origin',(-18.5,-18.5,2.));
#3491=CARTESIAN_POINT('Origin',(-18.5,-18.5,2.));
#3492=CARTESIAN_POINT('',(-17.,-18.5,2.));
#3493=CARTESIAN_POINT('Origin',(-18.5,-18.5,2.));
#3494=CARTESIAN_POINT('Origin',(-18.5,18.5,-1.));
#3495=CARTESIAN_POINT('',(-20.1,18.5,-1.));
#3496=CARTESIAN_POINT('Origin',(-18.5,18.5,-1.));
#3497=CARTESIAN_POINT('',(-20.1,18.5,2.));
#3498=CARTESIAN_POINT('',(-20.1,18.5,-1.));
#3499=CARTESIAN_POINT('Origin',(-18.5,18.5,2.));
#3500=CARTESIAN_POINT('Origin',(-18.5,18.5,2.));
#3501=CARTESIAN_POINT('',(-17.,18.5,2.));
#3502=CARTESIAN_POINT('Origin',(-18.5,18.5,2.));
#3503=CARTESIAN_POINT('Origin',(-22.6274169979695,-22.6274169979695,5.));
#3504=CARTESIAN_POINT('',(-19.8274169979695,-22.6274169979695,5.));
#3505=CARTESIAN_POINT('Origin',(-22.6274169979695,-22.6274169979695,5.));
#3506=CARTESIAN_POINT('',(-19.8274169979695,-22.6274169979695,2.));
#3507=CARTESIAN_POINT('',(-19.8274169979695,-22.6274169979695,5.));
#3508=CARTESIAN_POINT('Origin',(-22.6274169979695,-22.6274169979695,2.));
#3509=CARTESIAN_POINT('Origin',(-22.6274169979695,-22.6274169979695,2.));
#3510=CARTESIAN_POINT('',(-21.0274169979695,-22.6274169979695,2.));
#3511=CARTESIAN_POINT('Origin',(-22.6274169979695,-22.6274169979695,2.));
#3512=CARTESIAN_POINT('Origin',(22.6274169979695,-22.6274169979695,5.));
#3513=CARTESIAN_POINT('',(25.4274169979695,-22.6274169979695,5.));
#3514=CARTESIAN_POINT('Origin',(22.6274169979695,-22.6274169979695,5.));
#3515=CARTESIAN_POINT('',(25.4274169979695,-22.6274169979695,2.));
#3516=CARTESIAN_POINT('',(25.4274169979695,-22.6274169979695,5.));
#3517=CARTESIAN_POINT('Origin',(22.6274169979695,-22.6274169979695,2.));
#3518=CARTESIAN_POINT('Origin',(22.6274169979695,-22.6274169979695,2.));
#3519=CARTESIAN_POINT('',(24.2274169979695,-22.6274169979695,2.));
#3520=CARTESIAN_POINT('Origin',(22.6274169979695,-22.6274169979695,2.));
#3521=CARTESIAN_POINT('Origin',(-22.6274169979695,22.6274169979695,5.));
#3522=CARTESIAN_POINT('',(-19.8274169979695,22.6274169979695,5.));
#3523=CARTESIAN_POINT('Origin',(-22.6274169979695,22.6274169979695,5.));
#3524=CARTESIAN_POINT('',(-19.8274169979695,22.6274169979695,2.));
#3525=CARTESIAN_POINT('',(-19.8274169979695,22.6274169979695,5.));
#3526=CARTESIAN_POINT('Origin',(-22.6274169979695,22.6274169979695,2.));
#3527=CARTESIAN_POINT('Origin',(-22.6274169979695,22.6274169979695,2.));
#3528=CARTESIAN_POINT('',(-21.0274169979695,22.6274169979695,2.));
#3529=CARTESIAN_POINT('Origin',(-22.6274169979695,22.6274169979695,2.));
#3530=CARTESIAN_POINT('Origin',(22.6274169979695,22.6274169979695,5.));
#3531=CARTESIAN_POINT('',(25.4274169979695,22.6274169979695,5.));
#3532=CARTESIAN_POINT('Origin',(22.6274169979695,22.6274169979695,5.));
#3533=CARTESIAN_POINT('',(25.4274169979695,22.6274169979695,2.));
#3534=CARTESIAN_POINT('',(25.4274169979695,22.6274169979695,5.));
#3535=CARTESIAN_POINT('Origin',(22.6274169979695,22.6274169979695,2.));
#3536=CARTESIAN_POINT('Origin',(22.6274169979695,22.6274169979695,2.));
#3537=CARTESIAN_POINT('',(24.2274169979695,22.6274169979695,2.));
#3538=CARTESIAN_POINT('Origin',(22.6274169979695,22.6274169979695,2.));
#3539=CARTESIAN_POINT('Origin',(30.9096264412502,-8.28220944328066,5.));
#3540=CARTESIAN_POINT('',(32.3096264412502,-8.28220944328066,-1.));
#3541=CARTESIAN_POINT('Origin',(30.9096264412502,-8.28220944328066,-1.));
#3542=CARTESIAN_POINT('',(32.3096264412502,-8.28220944328066,5.));
#3543=CARTESIAN_POINT('',(32.3096264412502,-8.28220944328066,5.));
#3544=CARTESIAN_POINT('Origin',(30.9096264412502,-8.28220944328066,5.));
#3545=CARTESIAN_POINT('Origin',(-8.28220944328066,-30.9096264412502,5.));
#3546=CARTESIAN_POINT('',(-6.88220944328066,-30.9096264412502,-1.));
#3547=CARTESIAN_POINT('Origin',(-8.28220944328066,-30.9096264412502,-1.));
#3548=CARTESIAN_POINT('',(-6.88220944328066,-30.9096264412502,5.));
#3549=CARTESIAN_POINT('',(-6.88220944328066,-30.9096264412502,5.));
#3550=CARTESIAN_POINT('Origin',(-8.28220944328066,-30.9096264412502,5.));
#3551=CARTESIAN_POINT('Origin',(8.28220944328067,30.9096264412502,5.));
#3552=CARTESIAN_POINT('',(9.68220944328067,30.9096264412502,-1.));
#3553=CARTESIAN_POINT('Origin',(8.28220944328067,30.9096264412502,-1.));
#3554=CARTESIAN_POINT('',(9.68220944328067,30.9096264412502,5.));
#3555=CARTESIAN_POINT('',(9.68220944328067,30.9096264412502,5.));
#3556=CARTESIAN_POINT('Origin',(8.28220944328067,30.9096264412502,5.));
#3557=CARTESIAN_POINT('Origin',(8.28220944328066,30.9096264412502,5.));
#3558=CARTESIAN_POINT('',(7.9366411622589,29.3473900432772,-1.));
#3559=CARTESIAN_POINT('',(9.61179239269646,31.7996877765652,-1.));
#3560=CARTESIAN_POINT('Origin',(8.28220944328066,30.9096264412502,-1.));
#3561=CARTESIAN_POINT('Ctrl Pts',(7.9366411622589,29.3473900432772,-1.));
#3562=CARTESIAN_POINT('Ctrl Pts',(7.94222299868545,29.3461553353793,-1.));
#3563=CARTESIAN_POINT('Ctrl Pts',(7.94781167310903,29.3449504954287,-1.00000422260611));
#3564=CARTESIAN_POINT('Ctrl Pts',(8.1620861390817,29.2999563992996,-1.00032554946283));
#3565=CARTESIAN_POINT('Ctrl Pts',(8.38003197669281,29.3000509882407,-1.0067062165144));
#3566=CARTESIAN_POINT('Ctrl Pts',(8.77492354277627,29.3741634903782,-1.0219327461834));
#3567=CARTESIAN_POINT('Ctrl Pts',(8.9782025154334,29.4532044030994,-1.03174307133088));
#3568=CARTESIAN_POINT('Ctrl Pts',(9.33569611033933,29.6866230480652,-1.04622549466559));
#3569=CARTESIAN_POINT('Ctrl Pts',(9.48991337324154,29.8410185072393,-1.05054454045144));
#3570=CARTESIAN_POINT('Ctrl Pts',(9.60338780371352,30.0071366961982,-1.05054454045144));
#3571=CARTESIAN_POINT('Ctrl Pts',(9.71677327016975,30.1731246484059,-1.05054454045144));
#3572=CARTESIAN_POINT('Ctrl Pts',(9.80447328463968,30.3727673166431,-1.04623252545923));
#3573=CARTESIAN_POINT('Ctrl Pts',(9.89195344138474,30.7903400838629,-1.03176796949798));
#3574=CARTESIAN_POINT('Ctrl Pts',(9.89174909772674,31.0082790533656,-1.02196748401721));
#3575=CARTESIAN_POINT('Ctrl Pts',(9.81740429050476,31.4031266096517,-1.00673091730366));
#3576=CARTESIAN_POINT('Ctrl Pts',(9.73825860519505,31.6063722008131,-1.00033501807199));
#3577=CARTESIAN_POINT('Ctrl Pts',(9.61830059863554,31.7899076054378,-1.00000445764838));
#3578=CARTESIAN_POINT('Ctrl Pts',(9.61505986730431,31.794806788757,-1.));
#3579=CARTESIAN_POINT('Ctrl Pts',(9.61179239269645,31.7996877765652,-1.));
#3580=CARTESIAN_POINT('Origin',(-30.9096264412502,8.28220944328067,5.));
#3581=CARTESIAN_POINT('',(-29.5096264412502,8.28220944328067,-1.));
#3582=CARTESIAN_POINT('Origin',(-30.9096264412502,8.28220944328067,-1.));
#3583=CARTESIAN_POINT('',(-29.5096264412502,8.28220944328067,5.));
#3584=CARTESIAN_POINT('',(-29.5096264412502,8.28220944328067,5.));
#3585=CARTESIAN_POINT('Origin',(-30.9096264412502,8.28220944328067,5.));
#3586=CARTESIAN_POINT('Origin',(-30.9096264412502,8.28220944328066,5.));
#3587=CARTESIAN_POINT('',(-29.3473900432772,7.93664116225891,-1.));
#3588=CARTESIAN_POINT('',(-31.7996877765652,9.61179239269646,-1.));
#3589=CARTESIAN_POINT('Origin',(-30.9096264412502,8.28220944328066,-1.));
#3590=CARTESIAN_POINT('Ctrl Pts',(-29.3473900432772,7.93664116225891,-1.));
#3591=CARTESIAN_POINT('Ctrl Pts',(-29.3461553353793,7.94222299868545,-1.));
#3592=CARTESIAN_POINT('Ctrl Pts',(-29.3449504954287,7.94781167310904,-1.00000422260611));
#3593=CARTESIAN_POINT('Ctrl Pts',(-29.2999563992996,8.16208613908171,-1.00032554946283));
#3594=CARTESIAN_POINT('Ctrl Pts',(-29.3000509882407,8.38003197669281,-1.0067062165144));
#3595=CARTESIAN_POINT('Ctrl Pts',(-29.3741634903782,8.77492354277627,-1.0219327461834));
#3596=CARTESIAN_POINT('Ctrl Pts',(-29.4532044030994,8.9782025154334,-1.03174307133088));
#3597=CARTESIAN_POINT('Ctrl Pts',(-29.6866230480652,9.33569611033934,-1.04622549466559));
#3598=CARTESIAN_POINT('Ctrl Pts',(-29.8410185072393,9.48991337324154,-1.05054454045144));
#3599=CARTESIAN_POINT('Ctrl Pts',(-30.0071366961982,9.60338780371353,-1.05054454045144));
#3600=CARTESIAN_POINT('Ctrl Pts',(-30.1732548851572,9.71686223418552,-1.05054454045144));
#3601=CARTESIAN_POINT('Ctrl Pts',(-30.3730626355384,9.80459925532372,-1.04622549466559));
#3602=CARTESIAN_POINT('Ctrl Pts',(-30.7909663080755,9.89202038947616,-1.03174307133088));
#3603=CARTESIAN_POINT('Ctrl Pts',(-31.0090711370171,9.89172005518294,-1.0219327461834));
#3604=CARTESIAN_POINT('Ctrl Pts',(-31.4038752044075,9.8171428447973,-1.0067062165144));
#3605=CARTESIAN_POINT('Ctrl Pts',(-31.606931247155,9.7379680976691,-1.00032554946283));
#3606=CARTESIAN_POINT('Ctrl Pts',(-31.7901694028897,9.61812739616376,-1.00000422260611));
#3607=CARTESIAN_POINT('Ctrl Pts',(-31.7949372058137,9.61497256234926,-1.));
#3608=CARTESIAN_POINT('Ctrl Pts',(-31.7996877765652,9.61179239269646,-1.));
#3609=CARTESIAN_POINT('Origin',(-11.5,10.75,3.5));
#3610=CARTESIAN_POINT('',(-12.5,16.,3.5));
#3611=CARTESIAN_POINT('',(-12.5,10.75,3.5));
#3612=CARTESIAN_POINT('Origin',(-11.5,15.,3.5));
#3613=CARTESIAN_POINT('Origin',(-6.25,15.,3.5));
#3614=CARTESIAN_POINT('',(-9.33873553405842,16.,3.5));
#3615=CARTESIAN_POINT('Origin',(-8.33873553405841,15.,3.5));
#3616=CARTESIAN_POINT('',(-6.25,16.,3.5));
#3617=CARTESIAN_POINT('Origin',(-12.5,9.,5.));
#3618=CARTESIAN_POINT('',(-12.5,16.,4.));
#3619=CARTESIAN_POINT('',(-12.5,16.,5.));
#3620=CARTESIAN_POINT('',(-12.5,4.5,4.));
#3621=CARTESIAN_POINT('Origin',(-12.5,16.,5.));
#3622=CARTESIAN_POINT('',(-9.33873553405842,16.,4.));
#3623=CARTESIAN_POINT('',(-9.33873553405842,16.,2.5));
#3624=CARTESIAN_POINT('',(-6.25,16.,4.));
#3625=CARTESIAN_POINT('Origin',(4.66936776702921,15.,3.5));
#3626=CARTESIAN_POINT('',(12.5,16.,3.5));
#3627=CARTESIAN_POINT('',(9.33873553405842,16.,3.5));
#3628=CARTESIAN_POINT('',(4.66936776702921,16.,3.5));
#3629=CARTESIAN_POINT('Origin',(8.33873553405842,15.,3.5));
#3630=CARTESIAN_POINT('Origin',(11.5,15.,3.5));
#3631=CARTESIAN_POINT('Origin',(11.5,14.25,3.5));
#3632=CARTESIAN_POINT('',(12.5,9.,3.5));
#3633=CARTESIAN_POINT('Origin',(11.5,10.,3.5));
#3634=CARTESIAN_POINT('',(12.5,14.25,3.5));
#3635=CARTESIAN_POINT('Origin',(6.25,10.,3.5));
#3636=CARTESIAN_POINT('',(6.25,9.,3.5));
#3637=CARTESIAN_POINT('Ctrl Pts',(-5.83726623345747,9.16397372562388,2.70000000000139));
#3638=CARTESIAN_POINT('Ctrl Pts',(-5.8497008875681,9.1363062805626,2.70000000000139));
#3639=CARTESIAN_POINT('Ctrl Pts',(-5.85782111482789,9.10708009284818,2.70000000000139));
#3640=CARTESIAN_POINT('Ctrl Pts',(-6.08049691253973,9.2732895427072,2.5));
#3641=CARTESIAN_POINT('Ctrl Pts',(-6.1012213360575,9.22717713427162,2.5));
#3642=CARTESIAN_POINT('Ctrl Pts',(-6.1147550481572,9.17846682141411,2.5));
#3643=CARTESIAN_POINT('Ctrl Pts',(-6.38453526139308,9.4099343140616,2.5));
#3644=CARTESIAN_POINT('Ctrl Pts',(-6.4156218966698,9.34076570140809,2.5));
#3645=CARTESIAN_POINT('Ctrl Pts',(-6.43592246481938,9.26770023212168,2.5));
#3646=CARTESIAN_POINT('',(-5.83726623345813,9.16397372562411,2.70000000000086));
#3647=CARTESIAN_POINT('',(-6.426006155383,9.30112099560164,2.5));
#3648=CARTESIAN_POINT('Ctrl Pts',(-5.83726623345813,9.16397372562412,2.70000000000086));
#3649=CARTESIAN_POINT('Ctrl Pts',(-5.90660163786807,9.18892094791171,2.6448985589425));
#3650=CARTESIAN_POINT('Ctrl Pts',(-5.98387806022784,9.21335686701333,2.60023158845889));
#3651=CARTESIAN_POINT('Ctrl Pts',(-6.18037012236558,9.26409539679675,2.52245463507842));
#3652=CARTESIAN_POINT('Ctrl Pts',(-6.30184484292259,9.28711187778723,2.5));
#3653=CARTESIAN_POINT('Ctrl Pts',(-6.426006155383,9.30112099560164,2.5));
#3654=CARTESIAN_POINT('',(-6.43592246481938,9.26770023212168,2.5));
#3655=CARTESIAN_POINT('Origin',(-5.47242021483654,9.,2.5));
#3656=CARTESIAN_POINT('Ctrl Pts',(-6.43592246481938,9.26770023212169,2.5));
#3657=CARTESIAN_POINT('Ctrl Pts',(-6.29489901902516,9.2521283989486,2.5));
#3658=CARTESIAN_POINT('Ctrl Pts',(-6.1630120846192,9.23702693483401,2.5293717339953));
#3659=CARTESIAN_POINT('Ctrl Pts',(-5.97269787367234,9.20332854426225,2.60831471020135));
#3660=CARTESIAN_POINT('Ctrl Pts',(-5.90039683316315,9.18668842841417,2.64982957050329));
#3661=CARTESIAN_POINT('Ctrl Pts',(-5.83726623345747,9.16397372562388,2.70000000000139));
#3662=CARTESIAN_POINT('Origin',(0.,12.5,2.5));
#3663=CARTESIAN_POINT('Origin',(-6.7175144212722,6.7175144212722,2.5));
#3664=CARTESIAN_POINT('Origin',(-6.7175144212722,6.7175144212722,2.5));
#3665=CARTESIAN_POINT('Origin',(-6.25,17.,4.));
#3666=CARTESIAN_POINT('',(-10.3387355340584,17.,5.));
#3667=CARTESIAN_POINT('Origin',(-10.3387355340584,17.,4.));
#3668=CARTESIAN_POINT('',(-13.5,17.,5.));
#3669=CARTESIAN_POINT('',(-6.25,17.,5.));
#3670=CARTESIAN_POINT('Origin',(-13.5,17.,4.));
#3671=CARTESIAN_POINT('Origin',(-13.5,4.5,4.));
#3672=CARTESIAN_POINT('',(-13.5,8.,5.));
#3673=CARTESIAN_POINT('',(-13.5,4.5,5.));
#3674=CARTESIAN_POINT('Origin',(-13.5,8.,4.));
#3675=CARTESIAN_POINT('Origin',(6.25,8.,4.));
#3676=CARTESIAN_POINT('',(6.25,8.,5.));
#3677=CARTESIAN_POINT('Origin',(0.,0.,5.));
#3678=CARTESIAN_POINT('',(-35.,-4.44089209850063E-15,5.));
#3679=CARTESIAN_POINT('Origin',(0.,0.,5.));
#3680=CARTESIAN_POINT('',(-16.9031733638193,23.5644378297609,5.));
#3681=CARTESIAN_POINT('',(-6.78627056542427,13.4475350313659,5.));
#3682=CARTESIAN_POINT('',(16.9031733638193,23.5644378297609,5.));
#3683=CARTESIAN_POINT('Origin',(0.,0.,5.));
#3684=CARTESIAN_POINT('',(10.3387355340584,17.,5.));
#3685=CARTESIAN_POINT('',(1.70441714436147,8.36568161030306,5.));
#3686=CARTESIAN_POINT('',(13.5,17.,5.));
#3687=CARTESIAN_POINT('',(4.66936776702921,17.,5.));
#3688=CARTESIAN_POINT('',(13.5,8.,5.));
#3689=CARTESIAN_POINT('',(13.5,8.,5.));
#3690=CARTESIAN_POINT('',(6.78364970203827,8.,5.));
#3691=CARTESIAN_POINT('',(6.25,8.,5.));
#3692=CARTESIAN_POINT('',(4.28464453931027,3.44845199644111,5.));
#3693=CARTESIAN_POINT('Origin',(5.65685424949238,5.65685424949238,5.));
#3694=CARTESIAN_POINT('',(-3.44845199644112,-4.28464453931027,5.));
#3695=CARTESIAN_POINT('Origin',(0.,0.,5.));
#3696=CARTESIAN_POINT('',(-4.28464453931027,-3.44845199644111,5.));
#3697=CARTESIAN_POINT('Origin',(-5.65685424949238,-5.65685424949238,5.));
#3698=CARTESIAN_POINT('',(-5.5,-6.73555739531044E-16,5.));
#3699=CARTESIAN_POINT('Origin',(0.,0.,5.));
#3700=CARTESIAN_POINT('',(3.44845199644111,4.28464453931027,5.));
#3701=CARTESIAN_POINT('Origin',(0.,0.,5.));
#3702=CARTESIAN_POINT('',(4.53005879694649,8.,5.));
#3703=CARTESIAN_POINT('Origin',(5.65685424949238,5.65685424949238,5.));
#3704=CARTESIAN_POINT('',(6.25,8.,5.));
#3705=CARTESIAN_POINT('',(-4.1175144212722,6.7175144212722,5.));
#3706=CARTESIAN_POINT('Origin',(-6.7175144212722,6.7175144212722,5.));
#3707=CARTESIAN_POINT('',(13.4007309876353,-6.73946652169373,5.));
#3708=CARTESIAN_POINT('',(13.4007309876353,6.73946652169373,5.));
#3709=CARTESIAN_POINT('Origin',(0.,0.,5.));
#3710=CARTESIAN_POINT('',(23.5644378297609,16.9031733638194,5.));
#3711=CARTESIAN_POINT('',(13.4475350313659,6.78627056542428,5.));
#3712=CARTESIAN_POINT('',(23.5644378297609,-16.9031733638193,5.));
#3713=CARTESIAN_POINT('Origin',(0.,0.,5.));
#3714=CARTESIAN_POINT('',(8.36568161030306,-1.70441714436147,5.));
#3715=CARTESIAN_POINT('',(-13.4007309876353,6.73946652169373,5.));
#3716=CARTESIAN_POINT('',(-13.4007309876353,-6.73946652169373,5.));
#3717=CARTESIAN_POINT('Origin',(0.,0.,5.));
#3718=CARTESIAN_POINT('',(-23.5644378297609,-16.9031733638193,5.));
#3719=CARTESIAN_POINT('',(-13.4475350313659,-6.78627056542427,5.));
#3720=CARTESIAN_POINT('',(-23.5644378297609,16.9031733638194,5.));
#3721=CARTESIAN_POINT('Origin',(0.,0.,5.));
#3722=CARTESIAN_POINT('',(-8.36568161030306,1.70441714436147,5.));
#3723=CARTESIAN_POINT('',(-16.9031733638193,-23.5644378297609,5.));
#3724=CARTESIAN_POINT('',(-6.73946652169373,-13.4007309876353,5.));
#3725=CARTESIAN_POINT('',(-1.70441714436147,-8.36568161030306,5.));
#3726=CARTESIAN_POINT('',(6.73946652169373,-13.4007309876353,5.));
#3727=CARTESIAN_POINT('Origin',(0.,0.,5.));
#3728=CARTESIAN_POINT('',(16.9031733638193,-23.5644378297609,5.));
#3729=CARTESIAN_POINT('',(6.78627056542427,-13.4475350313659,5.));
#3730=CARTESIAN_POINT('Origin',(0.,0.,5.));
#3731=CARTESIAN_POINT('',(9.3175144212722,-6.7175144212722,5.));
#3732=CARTESIAN_POINT('Origin',(6.7175144212722,-6.7175144212722,5.));
#3733=CARTESIAN_POINT('',(-17.,-18.5,5.));
#3734=CARTESIAN_POINT('Origin',(-18.5,-18.5,5.));
#3735=CARTESIAN_POINT('',(-17.,18.5,5.));
#3736=CARTESIAN_POINT('Origin',(-18.5,18.5,5.));
#3737=CARTESIAN_POINT('',(-6.68220944328067,30.9096264412502,5.));
#3738=CARTESIAN_POINT('Origin',(-8.28220944328067,30.9096264412502,5.));
#3739=CARTESIAN_POINT('',(9.88220944328066,-30.9096264412502,5.));
#3740=CARTESIAN_POINT('Origin',(8.28220944328066,-30.9096264412502,5.));
#3741=CARTESIAN_POINT('',(20.,-18.5,5.));
#3742=CARTESIAN_POINT('Origin',(18.5,-18.5,5.));
#3743=CARTESIAN_POINT('',(-29.3096264412502,-8.28220944328066,5.));
#3744=CARTESIAN_POINT('Origin',(-30.9096264412502,-8.28220944328066,5.));
#3745=CARTESIAN_POINT('',(32.5096264412502,8.28220944328065,5.));
#3746=CARTESIAN_POINT('Origin',(30.9096264412502,8.28220944328065,5.));
#3747=CARTESIAN_POINT('',(20.,18.5,5.));
#3748=CARTESIAN_POINT('Origin',(18.5,18.5,5.));
#3749=CARTESIAN_POINT('Origin',(-16.9031733638193,23.5644378297609,0.));
#3750=CARTESIAN_POINT('',(-6.73946652169373,13.4007309876353,-1.));
#3751=CARTESIAN_POINT('',(-6.73946652169373,13.4007309876353,0.));
#3752=CARTESIAN_POINT('',(-16.9031733638193,23.5644378297609,-1.));
#3753=CARTESIAN_POINT('',(-6.78627056542427,13.4475350313659,-1.));
#3754=CARTESIAN_POINT('',(-16.9031733638193,23.5644378297609,0.));
#3755=CARTESIAN_POINT('Origin',(6.25,8.,4.));
#3756=CARTESIAN_POINT('Ctrl Pts',(4.53005879694649,8.,5.));
#3757=CARTESIAN_POINT('Ctrl Pts',(4.54162191084478,8.00556058629944,5.));
#3758=CARTESIAN_POINT('Ctrl Pts',(4.5532381659031,8.01104133637185,4.99995361692134));
#3759=CARTESIAN_POINT('Ctrl Pts',(4.90370915848941,8.17322910406681,4.99728698494813));
#3760=CARTESIAN_POINT('Ctrl Pts',(5.28767803800465,8.25685424949238,4.96645015107749));
#3761=CARTESIAN_POINT('Ctrl Pts',(5.65685424949238,8.25685424949238,4.96645015107749));
#3762=CARTESIAN_POINT('Ctrl Pts',(6.02603046098012,8.25685424949238,4.96645015107749));
#3763=CARTESIAN_POINT('Ctrl Pts',(6.40999934049535,8.17322910406681,4.99728698494813));
#3764=CARTESIAN_POINT('Ctrl Pts',(6.76047033308166,8.01104133637185,4.99995361692134));
#3765=CARTESIAN_POINT('Ctrl Pts',(6.77208658813998,8.00556058629944,5.));
#3766=CARTESIAN_POINT('Ctrl Pts',(6.78364970203827,8.,5.));
#3767=CARTESIAN_POINT('',(12.5,9.,4.));
#3768=CARTESIAN_POINT('Origin',(13.5,8.,4.));
#3769=CARTESIAN_POINT('',(6.25,9.,4.));
#3770=CARTESIAN_POINT('Origin',(13.5,8.,4.));
#3771=CARTESIAN_POINT('',(12.5,16.,4.));
#3772=CARTESIAN_POINT('',(12.5,8.,4.));
#3773=CARTESIAN_POINT('Origin',(13.5,17.,4.));
#3774=CARTESIAN_POINT('Origin',(4.66936776702921,17.,4.));
#3775=CARTESIAN_POINT('',(9.33873553405842,16.,4.));
#3776=CARTESIAN_POINT('Origin',(10.3387355340584,17.,4.));
#3777=CARTESIAN_POINT('',(4.66936776702921,16.,4.));
#3778=CARTESIAN_POINT('Origin',(9.33873553405842,16.,5.));
#3779=CARTESIAN_POINT('',(12.5,16.,5.));
#3780=CARTESIAN_POINT('',(9.33873553405842,16.,2.5));
#3781=CARTESIAN_POINT('Origin',(6.73946652169373,13.4007309876353,0.));
#3782=CARTESIAN_POINT('',(16.9031733638193,23.5644378297609,-1.));
#3783=CARTESIAN_POINT('',(16.9031733638193,23.5644378297609,0.));
#3784=CARTESIAN_POINT('',(6.73946652169373,13.4007309876353,-1.));
#3785=CARTESIAN_POINT('',(1.70441714436147,8.36568161030306,-1.));
#3786=CARTESIAN_POINT('',(6.73946652169373,13.4007309876353,0.));
#3787=CARTESIAN_POINT('Origin',(12.5,9.,5.));
#3788=CARTESIAN_POINT('',(12.5,9.,5.));
#3789=CARTESIAN_POINT('Origin',(12.5,16.,5.));
#3790=CARTESIAN_POINT('Origin',(-6.7175144212722,6.7175144212722,2.7));
#3791=CARTESIAN_POINT('',(-4.7175144212722,6.7175144212722,2.1));
#3792=CARTESIAN_POINT('Origin',(-6.7175144212722,6.7175144212722,2.1));
#3793=CARTESIAN_POINT('',(-4.1175144212722,6.7175144212722,2.7));
#3794=CARTESIAN_POINT('Origin',(-4.7175144212722,6.7175144212722,2.7));
#3795=CARTESIAN_POINT('Origin',(-6.7175144212722,6.7175144212722,2.7));
#3796=CARTESIAN_POINT('Origin',(-6.7175144212722,6.7175144212722,2.7));
#3797=CARTESIAN_POINT('Origin',(23.9499170842045,-16.3600579684466,0.));
#3798=CARTESIAN_POINT('',(23.9499170842045,-16.3600579684466,-11.));
#3799=CARTESIAN_POINT('',(23.9499170842045,-16.3600579684466,-21.));
#3800=CARTESIAN_POINT('',(28.900776634469,-19.7419631730113,-11.));
#3801=CARTESIAN_POINT('',(11.9749585421022,-8.18002898422331,-11.));
#3802=CARTESIAN_POINT('',(28.900776634469,-19.7419631730113,0.));
#3803=CARTESIAN_POINT('Origin',(0.,0.,0.));
#3804=CARTESIAN_POINT('',(16.077390855041,-24.1405784596278,-11.));
#3805=CARTESIAN_POINT('',(16.077390855041,-24.1405784596278,-21.));
#3806=CARTESIAN_POINT('',(6.7685031776902,-28.2034996020849,-1.));
#3807=CARTESIAN_POINT('Ctrl Pts',(6.7685031776902,-28.2034996020849,-1.));
#3808=CARTESIAN_POINT('Ctrl Pts',(8.02187565218056,-27.9027051724535,-1.));
#3809=CARTESIAN_POINT('Ctrl Pts',(9.33878644419691,-27.4889942941501,-1.23473524119787));
#3810=CARTESIAN_POINT('Ctrl Pts',(11.7020003503675,-26.5691724464128,-2.24403535518308));
#3811=CARTESIAN_POINT('Ctrl Pts',(12.749629522732,-26.0678334219788,-3.01983778327101));
#3812=CARTESIAN_POINT('Ctrl Pts',(14.3449600392494,-25.2243086873581,-4.81522190161017));
#3813=CARTESIAN_POINT('Ctrl Pts',(15.0051183819947,-24.8265461538633,-5.9390716923711));
#3814=CARTESIAN_POINT('Ctrl Pts',(15.8700397046242,-24.2827677632655,-8.40318028747267));
#3815=CARTESIAN_POINT('Ctrl Pts',(16.077390855041,-24.1405784596278,-9.74337290026001));
#3816=CARTESIAN_POINT('Ctrl Pts',(16.077390855041,-24.1405784596278,-11.));
#3817=CARTESIAN_POINT('',(28.1219855874317,-7.09957405000378,-1.));
#3818=CARTESIAN_POINT('Origin',(0.,0.,-1.));
#3819=CARTESIAN_POINT('Ctrl Pts',(23.9499170842045,-16.3600579684466,-11.));
#3820=CARTESIAN_POINT('Ctrl Pts',(23.9499170842045,-16.3600579684466,-9.74337290026002));
#3821=CARTESIAN_POINT('Ctrl Pts',(24.0945340231226,-16.1543926125256,-8.40318028747267));
#3822=CARTESIAN_POINT('Ctrl Pts',(24.6484421878761,-15.2959232901618,-5.93907169237111));
#3823=CARTESIAN_POINT('Ctrl Pts',(25.0539375491744,-14.6404863500112,-4.81522190161017));
#3824=CARTESIAN_POINT('Ctrl Pts',(25.9161574728979,-13.0551818877761,-3.01983778327101));
#3825=CARTESIAN_POINT('Ctrl Pts',(26.4297769761029,-12.0135184555019,-2.24403535518309));
#3826=CARTESIAN_POINT('Ctrl Pts',(27.3773153848114,-9.66128055046022,-1.23473524119787));
#3827=CARTESIAN_POINT('Ctrl Pts',(27.8064782631484,-8.34932401580929,-1.));
#3828=CARTESIAN_POINT('Ctrl Pts',(28.1219855874317,-7.09957405000378,-1.));
#3829=CARTESIAN_POINT('Origin',(-23.9499170842045,16.3600579684466,0.));
#3830=CARTESIAN_POINT('',(-23.9499170842045,16.3600579684466,-11.));
#3831=CARTESIAN_POINT('',(-23.9499170842045,16.3600579684466,0.));
#3832=CARTESIAN_POINT('',(-28.9007766344689,19.7419631730113,-11.));
#3833=CARTESIAN_POINT('',(-11.9749585421022,8.18002898422331,-11.));
#3834=CARTESIAN_POINT('',(-28.9007766344689,19.7419631730113,-21.));
#3835=CARTESIAN_POINT('Origin',(-16.3600579684466,-23.9499170842045,0.));
#3836=CARTESIAN_POINT('',(-16.3600579684466,-23.9499170842045,-11.));
#3837=CARTESIAN_POINT('',(-16.3600579684466,-23.9499170842045,0.));
#3838=CARTESIAN_POINT('',(-19.7419631730113,-28.9007766344689,-11.));
#3839=CARTESIAN_POINT('',(-8.18002898422331,-11.9749585421023,-11.));
#3840=CARTESIAN_POINT('',(-19.7419631730113,-28.9007766344689,-21.));
#3841=CARTESIAN_POINT('Origin',(16.3600579684466,23.9499170842045,0.));
#3842=CARTESIAN_POINT('',(16.3600579684466,23.9499170842045,-11.));
#3843=CARTESIAN_POINT('',(16.3600579684466,23.9499170842045,-21.));
#3844=CARTESIAN_POINT('',(19.7419631730113,28.900776634469,-11.));
#3845=CARTESIAN_POINT('',(8.18002898422331,11.9749585421023,-11.));
#3846=CARTESIAN_POINT('',(19.7419631730113,28.900776634469,-21.));
#3847=CARTESIAN_POINT('Origin',(5.65685424949238,5.65685424949238,5.));
#3848=CARTESIAN_POINT('',(3.44845199644111,4.28464453931027,2.7));
#3849=CARTESIAN_POINT('',(3.44845199644111,4.28464453931027,5.));
#3850=CARTESIAN_POINT('',(8.25685424949238,5.65685424949238,2.7));
#3851=CARTESIAN_POINT('Origin',(5.65685424949238,5.65685424949238,2.7));
#3852=CARTESIAN_POINT('',(4.28464453931027,3.44845199644111,2.7));
#3853=CARTESIAN_POINT('Origin',(5.65685424949238,5.65685424949238,2.7));
#3854=CARTESIAN_POINT('',(4.28464453931027,3.44845199644111,5.));
#3855=CARTESIAN_POINT('Origin',(-6.7175144212722,6.7175144212722,5.));
#3856=CARTESIAN_POINT('',(-4.1175144212722,6.7175144212722,5.));
#3857=CARTESIAN_POINT('Origin',(6.7175144212722,-6.7175144212722,2.7));
#3858=CARTESIAN_POINT('',(8.7175144212722,-6.7175144212722,2.1));
#3859=CARTESIAN_POINT('Origin',(6.7175144212722,-6.7175144212722,2.1));
#3860=CARTESIAN_POINT('',(9.3175144212722,-6.7175144212722,2.7));
#3861=CARTESIAN_POINT('Origin',(8.7175144212722,-6.7175144212722,2.7));
#3862=CARTESIAN_POINT('Origin',(6.7175144212722,-6.7175144212722,2.7));
#3863=CARTESIAN_POINT('Origin',(6.7175144212722,-6.7175144212722,5.));
#3864=CARTESIAN_POINT('',(9.3175144212722,-6.7175144212722,5.));
#3865=CARTESIAN_POINT('Origin',(6.7175144212722,-6.7175144212722,2.1));
#3866=CARTESIAN_POINT('',(5.0175144212722,-6.7175144212722,2.1));
#3867=CARTESIAN_POINT('Origin',(6.7175144212722,-6.7175144212722,2.1));
#3868=CARTESIAN_POINT('Origin',(-5.65685424949238,-5.65685424949238,2.7));
#3869=CARTESIAN_POINT('',(-3.65685424949238,-5.65685424949238,2.1));
#3870=CARTESIAN_POINT('Origin',(-5.65685424949238,-5.65685424949238,2.1));
#3871=CARTESIAN_POINT('',(-3.05685424949238,-5.65685424949238,2.7));
#3872=CARTESIAN_POINT('Origin',(-3.65685424949238,-5.65685424949238,2.7));
#3873=CARTESIAN_POINT('',(-3.44845199644111,-4.28464453931027,2.7));
#3874=CARTESIAN_POINT('Origin',(-5.65685424949238,-5.65685424949238,2.7));
#3875=CARTESIAN_POINT('',(-4.28464453931027,-3.44845199644111,2.7));
#3876=CARTESIAN_POINT('Ctrl Pts',(-3.44845199644111,-4.28464453931027,2.7));
#3877=CARTESIAN_POINT('Ctrl Pts',(-3.44845199644111,-4.28464453931027,2.67361235051835));
#3878=CARTESIAN_POINT('Ctrl Pts',(-3.4525535560708,-4.28135169479954,2.64775277297288));
#3879=CARTESIAN_POINT('Ctrl Pts',(-3.46945344993771,-4.26767296488072,2.59349214384375));
#3880=CARTESIAN_POINT('Ctrl Pts',(-3.48339155098381,-4.2563429838154,2.56671612588396));
#3881=CARTESIAN_POINT('Ctrl Pts',(-3.52324001147448,-4.22346723255834,2.51031053987514));
#3882=CARTESIAN_POINT('Ctrl Pts',(-3.55369610499074,-4.19805520763413,2.48051893461211));
#3883=CARTESIAN_POINT('Ctrl Pts',(-3.63495627930163,-4.12800957482468,2.42485935613013));
#3884=CARTESIAN_POINT('Ctrl Pts',(-3.68350316561267,-4.08485207726343,2.40397692703012));
#3885=CARTESIAN_POINT('Ctrl Pts',(-3.76076887513623,-4.01350705334158,2.3818668521959));
#3886=CARTESIAN_POINT('Ctrl Pts',(-3.79083123125146,-3.98513658497068,2.37595747700422));
#3887=CARTESIAN_POINT('Ctrl Pts',(-3.84302655251856,-3.93473214634643,2.36974592384121));
#3888=CARTESIAN_POINT('Ctrl Pts',(-3.86552803571677,-3.912632045723,2.36838702340675));
#3889=CARTESIAN_POINT('Ctrl Pts',(-3.91011324162842,-3.86807503888825,2.36829082987181));
#3890=CARTESIAN_POINT('Ctrl Pts',(-3.93237813832136,-3.84543946422799,2.3695443258535));
#3891=CARTESIAN_POINT('Ctrl Pts',(-3.98258418077185,-3.793503584151,2.37553824673492));
#3892=CARTESIAN_POINT('Ctrl Pts',(-4.01068107280593,-3.76378236869277,2.38119785175914));
#3893=CARTESIAN_POINT('Ctrl Pts',(-4.0833160932656,-3.68523841986222,2.40318509214549));
#3894=CARTESIAN_POINT('Ctrl Pts',(-4.12826476081363,-3.63470780768181,2.42460451119648));
#3895=CARTESIAN_POINT('Ctrl Pts',(-4.20215425743565,-3.54889727205873,2.48419462185382));
#3896=CARTESIAN_POINT('Ctrl Pts',(-4.22907312605055,-3.51651445429411,2.51712933304513));
#3897=CARTESIAN_POINT('Ctrl Pts',(-4.26189148228919,-3.47659707733416,2.57899481288686));
#3898=CARTESIAN_POINT('Ctrl Pts',(-4.27255278364107,-3.46343620507299,2.60762826353417));
#3899=CARTESIAN_POINT('Ctrl Pts',(-4.28263103761782,-3.45095774078061,2.65904647106951));
#3900=CARTESIAN_POINT('Ctrl Pts',(-4.28464453931027,-3.44845199644111,2.67937320513571));
#3901=CARTESIAN_POINT('Ctrl Pts',(-4.28464453931027,-3.44845199644111,2.7));
#3902=CARTESIAN_POINT('Origin',(-5.65685424949238,-5.65685424949238,2.7));
#3903=CARTESIAN_POINT('Origin',(-5.65685424949238,-5.65685424949238,2.1));
#3904=CARTESIAN_POINT('',(-7.35685424949238,-5.65685424949238,2.1));
#3905=CARTESIAN_POINT('Origin',(-5.65685424949238,-5.65685424949238,2.1));
#3906=CARTESIAN_POINT('Origin',(-6.7175144212722,6.7175144212722,2.1));
#3907=CARTESIAN_POINT('',(-8.4175144212722,6.7175144212722,2.1));
#3908=CARTESIAN_POINT('Origin',(-6.7175144212722,6.7175144212722,2.1));
#3909=CARTESIAN_POINT('Origin',(5.65685424949238,5.65685424949238,2.7));
#3910=CARTESIAN_POINT('',(7.65685424949238,5.65685424949238,2.1));
#3911=CARTESIAN_POINT('Origin',(5.65685424949238,5.65685424949238,2.1));
#3912=CARTESIAN_POINT('Origin',(7.65685424949238,5.65685424949238,2.7));
#3913=CARTESIAN_POINT('Ctrl Pts',(3.44845199644111,4.28464453931027,2.7));
#3914=CARTESIAN_POINT('Ctrl Pts',(3.44845199644111,4.28464453931027,2.67361235051835));
#3915=CARTESIAN_POINT('Ctrl Pts',(3.4525535560708,4.28135169479953,2.64775277297288));
#3916=CARTESIAN_POINT('Ctrl Pts',(3.46945344993771,4.26767296488072,2.59349214384376));
#3917=CARTESIAN_POINT('Ctrl Pts',(3.48339155098381,4.2563429838154,2.56671612588397));
#3918=CARTESIAN_POINT('Ctrl Pts',(3.52324001147443,4.22346723255838,2.51031053987521));
#3919=CARTESIAN_POINT('Ctrl Pts',(3.55369610499066,4.19805520763419,2.48051893461217));
#3920=CARTESIAN_POINT('Ctrl Pts',(3.63495627930162,4.12800957482469,2.42485935613014));
#3921=CARTESIAN_POINT('Ctrl Pts',(3.68350316561265,4.08485207726344,2.40397692703013));
#3922=CARTESIAN_POINT('Ctrl Pts',(3.7607688751362,4.0135070533416,2.38186685219591));
#3923=CARTESIAN_POINT('Ctrl Pts',(3.79083123125141,3.98513658497074,2.37595747700422));
#3924=CARTESIAN_POINT('Ctrl Pts',(3.84302655251858,3.93473214634642,2.36974592384121));
#3925=CARTESIAN_POINT('Ctrl Pts',(3.86552803571681,3.91263204572295,2.36838702340675));
#3926=CARTESIAN_POINT('Ctrl Pts',(3.91011324162839,3.86807503888828,2.36829082987181));
#3927=CARTESIAN_POINT('Ctrl Pts',(3.93237813832134,3.845439464228,2.3695443258535));
#3928=CARTESIAN_POINT('Ctrl Pts',(3.98258418077183,3.79350358415103,2.37553824673492));
#3929=CARTESIAN_POINT('Ctrl Pts',(4.01068107280591,3.76378236869279,2.38119785175913));
#3930=CARTESIAN_POINT('Ctrl Pts',(4.08331609326558,3.68523841986224,2.40318509214548));
#3931=CARTESIAN_POINT('Ctrl Pts',(4.12826476081361,3.63470780768183,2.42460451119647));
#3932=CARTESIAN_POINT('Ctrl Pts',(4.20215425743584,3.54889727205852,2.48419462185396));
#3933=CARTESIAN_POINT('Ctrl Pts',(4.22907312605065,3.51651445429399,2.51712933304532));
#3934=CARTESIAN_POINT('Ctrl Pts',(4.26189148228918,3.47659707733417,2.57899481288685));
#3935=CARTESIAN_POINT('Ctrl Pts',(4.27255278364107,3.46343620507299,2.60762826353415));
#3936=CARTESIAN_POINT('Ctrl Pts',(4.28263103761782,3.45095774078061,2.65904647106951));
#3937=CARTESIAN_POINT('Ctrl Pts',(4.28464453931027,3.44845199644111,2.67937320513571));
#3938=CARTESIAN_POINT('Ctrl Pts',(4.28464453931027,3.44845199644111,2.7));
#3939=CARTESIAN_POINT('Origin',(5.65685424949238,5.65685424949238,2.1));
#3940=CARTESIAN_POINT('',(3.95685424949238,5.65685424949238,2.1));
#3941=CARTESIAN_POINT('Origin',(5.65685424949238,5.65685424949238,2.1));
#3942=CARTESIAN_POINT('Origin',(30.9096264412502,-8.28220944328068,5.));
#3943=CARTESIAN_POINT('',(29.3473900432772,-7.9366411622589,-1.));
#3944=CARTESIAN_POINT('',(31.7996877765652,-9.61179239269647,-1.));
#3945=CARTESIAN_POINT('Origin',(30.9096264412502,-8.28220944328068,-1.));
#3946=CARTESIAN_POINT('Ctrl Pts',(29.3473900432772,-7.9366411622589,-1.));
#3947=CARTESIAN_POINT('Ctrl Pts',(29.3461553353793,-7.94222299868545,-1.));
#3948=CARTESIAN_POINT('Ctrl Pts',(29.3449504954287,-7.94781167310905,-1.00000422260611));
#3949=CARTESIAN_POINT('Ctrl Pts',(29.2999563992996,-8.16208613908173,-1.00032554946283));
#3950=CARTESIAN_POINT('Ctrl Pts',(29.3000509882407,-8.38003197669283,-1.0067062165144));
#3951=CARTESIAN_POINT('Ctrl Pts',(29.3741634903782,-8.77492354277629,-1.0219327461834));
#3952=CARTESIAN_POINT('Ctrl Pts',(29.4532044030994,-8.97820251543342,-1.03174307133088));
#3953=CARTESIAN_POINT('Ctrl Pts',(29.6866230480652,-9.33569611033935,-1.04622549466559));
#3954=CARTESIAN_POINT('Ctrl Pts',(29.8410185072393,-9.48991337324155,-1.05054454045144));
#3955=CARTESIAN_POINT('Ctrl Pts',(30.0071366961982,-9.60338780371354,-1.05054454045144));
#3956=CARTESIAN_POINT('Ctrl Pts',(30.1731246484058,-9.71677327016977,-1.05054454045144));
#3957=CARTESIAN_POINT('Ctrl Pts',(30.3727673166431,-9.8044732846397,-1.04623252545923));
#3958=CARTESIAN_POINT('Ctrl Pts',(30.7903400838629,-9.89195344138476,-1.03176796949798));
#3959=CARTESIAN_POINT('Ctrl Pts',(31.0082790533656,-9.89174909772676,-1.02196748401721));
#3960=CARTESIAN_POINT('Ctrl Pts',(31.4031266096516,-9.81740429050478,-1.00673091730366));
#3961=CARTESIAN_POINT('Ctrl Pts',(31.6063722008131,-9.73825860519507,-1.00033501807199));
#3962=CARTESIAN_POINT('Ctrl Pts',(31.7899076054378,-9.61830059863556,-1.00000445764838));
#3963=CARTESIAN_POINT('Ctrl Pts',(31.794806788757,-9.61505986730432,-1.));
#3964=CARTESIAN_POINT('Ctrl Pts',(31.7996877765652,-9.61179239269647,-1.));
#3965=CARTESIAN_POINT('Origin',(18.5,18.5,5.));
#3966=CARTESIAN_POINT('',(20.,18.5,5.));
#3967=CARTESIAN_POINT('Origin',(30.9096264412502,8.28220944328065,5.));
#3968=CARTESIAN_POINT('',(32.5096264412502,8.28220944328065,-1.));
#3969=CARTESIAN_POINT('',(32.5096264412502,8.28220944328065,5.));
#3970=CARTESIAN_POINT('',(29.4598936623199,7.60524942252983,-1.));
#3971=CARTESIAN_POINT('Origin',(30.9096264412502,8.28220944328065,-1.));
#3972=CARTESIAN_POINT('',(32.0931113660036,9.35894684528789,-1.));
#3973=CARTESIAN_POINT('Ctrl Pts',(32.0931113660036,9.35894684528789,-1.));
#3974=CARTESIAN_POINT('Ctrl Pts',(32.0074195068742,9.45313417756108,-1.));
#3975=CARTESIAN_POINT('Ctrl Pts',(31.908391535354,9.53892327962979,-1.00245965655624));
#3976=CARTESIAN_POINT('Ctrl Pts',(31.6233895748628,9.72997417903492,-1.01426487883408));
#3977=CARTESIAN_POINT('Ctrl Pts',(31.4213520950044,9.81138840271236,-1.02706680868349));
#3978=CARTESIAN_POINT('Ctrl Pts',(31.0277464712823,9.89043298564215,-1.05246506831312));
#3979=CARTESIAN_POINT('Ctrl Pts',(30.8098123009089,9.89328886755062,-1.06670980440478));
#3980=CARTESIAN_POINT('Ctrl Pts',(30.3910564483182,9.81081170091985,-1.08710180630726));
#3981=CARTESIAN_POINT('Ctrl Pts',(30.1902222250671,9.72545381386264,-1.0928894820324));
#3982=CARTESIAN_POINT('Ctrl Pts',(30.0227298054405,9.61390548870149,-1.0928894820324));
#3983=CARTESIAN_POINT('Ctrl Pts',(29.8553092299971,9.50240501106874,-1.0928894820324));
#3984=CARTESIAN_POINT('Ctrl Pts',(29.6991830893474,9.35007190644749,-1.08710690257058));
#3985=CARTESIAN_POINT('Ctrl Pts',(29.4616958738328,8.99565214910597,-1.06672930253082));
#3986=CARTESIAN_POINT('Ctrl Pts',(29.380307085263,8.79356351503346,-1.0524933183816));
#3987=CARTESIAN_POINT('Ctrl Pts',(29.3013891334227,8.39993261852705,-1.02709277625055));
#3988=CARTESIAN_POINT('Ctrl Pts',(29.2985764280204,8.18203583116841,-1.01428088251875));
#3989=CARTESIAN_POINT('Ctrl Pts',(29.3649786353056,7.84523467871922,-1.00246298756481));
#3990=CARTESIAN_POINT('Ctrl Pts',(29.4059821888523,7.72070266622316,-1.));
#3991=CARTESIAN_POINT('Ctrl Pts',(29.4598936623199,7.60524942252983,-1.));
#3992=CARTESIAN_POINT('Origin',(30.9096264412502,8.28220944328065,-1.));
#3993=CARTESIAN_POINT('Origin',(-30.9096264412502,-8.28220944328066,5.));
#3994=CARTESIAN_POINT('',(-29.3096264412502,-8.2822094432806,-1.02093524144331));
#3995=CARTESIAN_POINT('',(-29.3096264412502,-8.28220944328066,5.));
#3996=CARTESIAN_POINT('',(-32.0931113660037,-9.35894684528788,-1.));
#3997=CARTESIAN_POINT('Ctrl Pts',(-32.0931113660037,-9.35894684528788,-1.));
#3998=CARTESIAN_POINT('Ctrl Pts',(-32.0074195068742,-9.45313417756108,-1.));
#3999=CARTESIAN_POINT('Ctrl Pts',(-31.908391535354,-9.53892327962979,-1.00245965655624));
#4000=CARTESIAN_POINT('Ctrl Pts',(-31.6233895748628,-9.72997417903493,-1.01426487883408));
#4001=CARTESIAN_POINT('Ctrl Pts',(-31.4213520950044,-9.81138840271237,-1.02706680868349));
#4002=CARTESIAN_POINT('Ctrl Pts',(-31.0277464712823,-9.89043298564215,-1.05246506831312));
#4003=CARTESIAN_POINT('Ctrl Pts',(-30.8098123009089,-9.89328886755062,-1.06670980440478));
#4004=CARTESIAN_POINT('Ctrl Pts',(-30.3910564483182,-9.81081170091985,-1.08710180630726));
#4005=CARTESIAN_POINT('Ctrl Pts',(-30.1902222250671,-9.72545381386264,-1.0928894820324));
#4006=CARTESIAN_POINT('Ctrl Pts',(-30.0227298054405,-9.6139054887015,-1.0928894820324));
#4007=CARTESIAN_POINT('Ctrl Pts',(-29.855237385814,-9.50235716354035,-1.0928894820324));
#4008=CARTESIAN_POINT('Ctrl Pts',(-29.6990587104949,-9.34994792665713,-1.08710180630726));
#4009=CARTESIAN_POINT('Ctrl Pts',(-29.4615337001725,-8.9953484109133,-1.06670980440478));
#4010=CARTESIAN_POINT('Ctrl Pts',(-29.3801596119488,-8.79315613498864,-1.05246506831312));
#4011=CARTESIAN_POINT('Ctrl Pts',(-29.3206301440835,-8.49573578418856,-1.03327584779432));
#4012=CARTESIAN_POINT('Ctrl Pts',(-29.3096264412502,-8.38974697863634,-1.02673596180073));
#4013=CARTESIAN_POINT('Ctrl Pts',(-29.3096264412502,-8.28220944328054,-1.02093524144331));
#4014=CARTESIAN_POINT('',(-29.4598936623199,-7.60524942252982,-1.));
#4015=CARTESIAN_POINT('Origin',(-30.9096264412502,-8.28220944328066,-1.));
#4016=CARTESIAN_POINT('Ctrl Pts',(-29.3096264412502,-8.28220944328054,-1.02093524144331));
#4017=CARTESIAN_POINT('Ctrl Pts',(-29.3096264412502,-8.17922393190134,-1.01538006342663));
#4018=CARTESIAN_POINT('Ctrl Pts',(-29.3196980661224,-8.07481727461273,-1.01051678720513));
#4019=CARTESIAN_POINT('Ctrl Pts',(-29.3650322839753,-7.84507071360346,-1.00245965655624));
#4020=CARTESIAN_POINT('Ctrl Pts',(-29.4060179795152,-7.7206260193081,-1.));
#4021=CARTESIAN_POINT('Ctrl Pts',(-29.4598936623199,-7.60524942252982,-1.));
#4022=CARTESIAN_POINT('Origin',(18.5,-18.5,5.));
#4023=CARTESIAN_POINT('',(20.,-18.5,5.));
#4024=CARTESIAN_POINT('Origin',(8.28220944328066,-30.9096264412502,5.));
#4025=CARTESIAN_POINT('',(9.88220944328066,-30.9096264412502,-1.05975090935765));
#4026=CARTESIAN_POINT('',(9.88220944328066,-30.9096264412502,5.));
#4027=CARTESIAN_POINT('',(9.35894684528788,-32.0931113660037,-1.));
#4028=CARTESIAN_POINT('Ctrl Pts',(9.35894684528788,-32.0931113660037,-1.));
#4029=CARTESIAN_POINT('Ctrl Pts',(9.45313417756108,-32.0074195068742,-1.));
#4030=CARTESIAN_POINT('Ctrl Pts',(9.5389232796298,-31.908391535354,-1.00245965655624));
#4031=CARTESIAN_POINT('Ctrl Pts',(9.72997417903493,-31.6233895748628,-1.01426487883408));
#4032=CARTESIAN_POINT('Ctrl Pts',(9.81138840271237,-31.4213520950044,-1.02706680868349));
#4033=CARTESIAN_POINT('Ctrl Pts',(9.87113687160188,-31.1238322335284,-1.0462649253549));
#4034=CARTESIAN_POINT('Ctrl Pts',(9.88220944328066,-31.0175004475163,-1.05318476971489));
#4035=CARTESIAN_POINT('Ctrl Pts',(9.88220944328066,-30.9096264412501,-1.05975090935765));
#4036=CARTESIAN_POINT('',(7.60524942252982,-29.4598936623198,-1.));
#4037=CARTESIAN_POINT('Origin',(8.28220944328066,-30.9096264412502,-1.));
#4038=CARTESIAN_POINT('Ctrl Pts',(9.88220944328066,-30.9096264412501,-1.05975090935765));
#4039=CARTESIAN_POINT('Ctrl Pts',(9.88220944328066,-30.8068173582652,-1.06600875421563));
#4040=CARTESIAN_POINT('Ctrl Pts',(9.87217387815692,-30.7026065644947,-1.07193036327552));
#4041=CARTESIAN_POINT('Ctrl Pts',(9.81081170091986,-30.3910564483182,-1.08710180630726));
#4042=CARTESIAN_POINT('Ctrl Pts',(9.72545381386264,-30.1902222250671,-1.0928894820324));
#4043=CARTESIAN_POINT('Ctrl Pts',(9.6139054887015,-30.0227298054405,-1.0928894820324));
#4044=CARTESIAN_POINT('Ctrl Pts',(9.50235716354035,-29.855237385814,-1.0928894820324));
#4045=CARTESIAN_POINT('Ctrl Pts',(9.34994792665713,-29.6990587104949,-1.08710180630726));
#4046=CARTESIAN_POINT('Ctrl Pts',(8.9953484109133,-29.4615337001725,-1.06670980440478));
#4047=CARTESIAN_POINT('Ctrl Pts',(8.79315613498864,-29.3801596119488,-1.05246506831312));
#4048=CARTESIAN_POINT('Ctrl Pts',(8.39949974434176,-29.3013682468188,-1.02706680868349));
#4049=CARTESIAN_POINT('Ctrl Pts',(8.18169293539375,-29.2986090693263,-1.01426487883408));
#4050=CARTESIAN_POINT('Ctrl Pts',(7.84507071360347,-29.3650322839753,-1.00245965655624));
#4051=CARTESIAN_POINT('Ctrl Pts',(7.7206260193081,-29.4060179795152,-1.));
#4052=CARTESIAN_POINT('Ctrl Pts',(7.60524942252982,-29.4598936623199,-1.));
#4053=CARTESIAN_POINT('Origin',(-8.28220944328067,30.9096264412502,5.));
#4054=CARTESIAN_POINT('',(-6.68220944328067,30.9096264412502,-1.));
#4055=CARTESIAN_POINT('',(-6.68220944328067,30.9096264412502,5.));
#4056=CARTESIAN_POINT('',(-7.60524942252982,29.4598936623199,-1.));
#4057=CARTESIAN_POINT('Origin',(-8.28220944328067,30.9096264412502,-1.));
#4058=CARTESIAN_POINT('',(-9.35894684528788,32.0931113660037,-1.));
#4059=CARTESIAN_POINT('Ctrl Pts',(-9.35894684528788,32.0931113660037,-1.));
#4060=CARTESIAN_POINT('Ctrl Pts',(-9.45313417756108,32.0074195068742,-1.));
#4061=CARTESIAN_POINT('Ctrl Pts',(-9.5389232796298,31.908391535354,-1.00245965655624));
#4062=CARTESIAN_POINT('Ctrl Pts',(-9.72997417903494,31.6233895748628,-1.01426487883408));
#4063=CARTESIAN_POINT('Ctrl Pts',(-9.81138840271238,31.4213520950044,-1.02706680868349));
#4064=CARTESIAN_POINT('Ctrl Pts',(-9.89043298564216,31.0277464712823,-1.05246506831312));
#4065=CARTESIAN_POINT('Ctrl Pts',(-9.89328886755063,30.8098123009089,-1.06670980440479));
#4066=CARTESIAN_POINT('Ctrl Pts',(-9.81081170091986,30.3910564483182,-1.08710180630726));
#4067=CARTESIAN_POINT('Ctrl Pts',(-9.72545381386265,30.1902222250671,-1.0928894820324));
#4068=CARTESIAN_POINT('Ctrl Pts',(-9.61390548870151,30.0227298054405,-1.0928894820324));
#4069=CARTESIAN_POINT('Ctrl Pts',(-9.50235716354036,29.855237385814,-1.0928894820324));
#4070=CARTESIAN_POINT('Ctrl Pts',(-9.34994792665714,29.6990587104949,-1.08710180630726));
#4071=CARTESIAN_POINT('Ctrl Pts',(-8.99534841091331,29.4615337001725,-1.06670980440478));
#4072=CARTESIAN_POINT('Ctrl Pts',(-8.79315613498865,29.3801596119488,-1.05246506831312));
#4073=CARTESIAN_POINT('Ctrl Pts',(-8.39949974434177,29.3013682468188,-1.02706680868349));
#4074=CARTESIAN_POINT('Ctrl Pts',(-8.18169293539376,29.2986090693263,-1.01426487883408));
#4075=CARTESIAN_POINT('Ctrl Pts',(-7.84507071360347,29.3650322839753,-1.00245965655624));
#4076=CARTESIAN_POINT('Ctrl Pts',(-7.7206260193081,29.4060179795152,-1.));
#4077=CARTESIAN_POINT('Ctrl Pts',(-7.60524942252982,29.4598936623199,-1.));
#4078=CARTESIAN_POINT('Origin',(-8.28220944328067,30.9096264412502,-1.));
#4079=CARTESIAN_POINT('Origin',(-18.5,18.5,5.));
#4080=CARTESIAN_POINT('',(-17.,18.5,5.));
#4081=CARTESIAN_POINT('Origin',(-8.28220944328066,-30.9096264412502,5.));
#4082=CARTESIAN_POINT('',(-7.93664116225891,-29.3473900432772,-1.));
#4083=CARTESIAN_POINT('',(-9.61179239269647,-31.7996877765652,-1.));
#4084=CARTESIAN_POINT('Origin',(-8.28220944328066,-30.9096264412502,-1.));
#4085=CARTESIAN_POINT('Ctrl Pts',(-7.93664116225891,-29.3473900432772,-1.));
#4086=CARTESIAN_POINT('Ctrl Pts',(-7.94237623641537,-29.3461214390375,-1.));
#4087=CARTESIAN_POINT('Ctrl Pts',(-7.94811853408199,-29.3448843641551,-1.00000445764838));
#4088=CARTESIAN_POINT('Ctrl Pts',(-8.16271255601679,-29.2998890995342,-1.00033501807199));
#4089=CARTESIAN_POINT('Ctrl Pts',(-8.3808243931621,-29.3000796954812,-1.00673091730366));
#4090=CARTESIAN_POINT('Ctrl Pts',(-8.77567194944812,-29.3744245027031,-1.02196748401721));
#4091=CARTESIAN_POINT('Ctrl Pts',(-8.97876151014709,-29.4534945129432,-1.03176796949798));
#4092=CARTESIAN_POINT('Ctrl Pts',(-9.33592539359238,-29.6868477947071,-1.04623252545922));
#4093=CARTESIAN_POINT('Ctrl Pts',(-9.49000233725731,-29.8411487439906,-1.05054454045144));
#4094=CARTESIAN_POINT('Ctrl Pts',(-9.60338780371353,-30.0071366961982,-1.05054454045144));
#4095=CARTESIAN_POINT('Ctrl Pts',(-9.71686223418552,-30.1732548851572,-1.05054454045144));
#4096=CARTESIAN_POINT('Ctrl Pts',(-9.80459925532372,-30.3730626355384,-1.04622549466559));
#4097=CARTESIAN_POINT('Ctrl Pts',(-9.89202038947616,-30.7909663080755,-1.03174307133088));
#4098=CARTESIAN_POINT('Ctrl Pts',(-9.89172005518294,-31.0090711370171,-1.0219327461834));
#4099=CARTESIAN_POINT('Ctrl Pts',(-9.8171428447973,-31.4038752044075,-1.0067062165144));
#4100=CARTESIAN_POINT('Ctrl Pts',(-9.7379680976691,-31.606931247155,-1.00032554946283));
#4101=CARTESIAN_POINT('Ctrl Pts',(-9.61812739616376,-31.7901694028897,-1.00000422260611));
#4102=CARTESIAN_POINT('Ctrl Pts',(-9.61497256234926,-31.7949372058137,-1.));
#4103=CARTESIAN_POINT('Ctrl Pts',(-9.61179239269647,-31.7996877765652,-1.));
#4104=CARTESIAN_POINT('Origin',(-18.5,-18.5,5.));
#4105=CARTESIAN_POINT('',(-17.,-18.5,5.));
#4106=CARTESIAN_POINT('Origin',(17.6155194486769,0.0773357684821041,-11.));
#4107=CARTESIAN_POINT('',(33.3366042596647,-10.6616516747878,-1.));
#4108=CARTESIAN_POINT('',(17.6155194486769,0.0773357684821041,-1.));
#4109=CARTESIAN_POINT('Ctrl Pts',(33.3366042596647,-10.6616516747877,-1.));
#4110=CARTESIAN_POINT('Ctrl Pts',(32.9472875189426,-11.8789581966099,-1.));
#4111=CARTESIAN_POINT('Ctrl Pts',(32.4578831326571,-13.1553761687414,-1.23998252670984));
#4112=CARTESIAN_POINT('Ctrl Pts',(31.4312297763589,-15.4484916064216,-2.25299082075338));
#4113=CARTESIAN_POINT('Ctrl Pts',(30.8977779243234,-16.4665385070198,-3.02680601696581));
#4114=CARTESIAN_POINT('Ctrl Pts',(30.0127825385086,-18.0284446232072,-4.81571590562248));
#4115=CARTESIAN_POINT('Ctrl Pts',(29.6024098069525,-18.6804202284656,-5.93976329767552));
#4116=CARTESIAN_POINT('Ctrl Pts',(29.0448282914116,-19.5360875062004,-8.40377273819435));
#4117=CARTESIAN_POINT('Ctrl Pts',(28.9007766344689,-19.7419631730113,-9.74368929103741));
#4118=CARTESIAN_POINT('Ctrl Pts',(28.9007766344689,-19.7419631730113,-11.));
#4119=CARTESIAN_POINT('',(17.6155194486769,0.0773357684821041,-1.));
#4120=CARTESIAN_POINT('Origin',(-17.6155194486769,-0.0773357684821008,-11.));
#4121=CARTESIAN_POINT('',(-33.3366042596647,10.6616516747878,-1.));
#4122=CARTESIAN_POINT('',(-17.6155194486769,-0.0773357684821008,-1.));
#4123=CARTESIAN_POINT('Ctrl Pts',(-33.3366042596647,10.6616516747877,-1.));
#4124=CARTESIAN_POINT('Ctrl Pts',(-32.9472875189426,11.8789581966099,-1.));
#4125=CARTESIAN_POINT('Ctrl Pts',(-32.4578831326571,13.1553761687414,-1.23998252670984));
#4126=CARTESIAN_POINT('Ctrl Pts',(-31.4312297763589,15.4484916064216,-2.25299082075338));
#4127=CARTESIAN_POINT('Ctrl Pts',(-30.8977779243234,16.4665385070198,-3.02680601696581));
#4128=CARTESIAN_POINT('Ctrl Pts',(-30.0127825385086,18.0284446232072,-4.81571590562248));
#4129=CARTESIAN_POINT('Ctrl Pts',(-29.6024098069525,18.6804202284656,-5.93976329767552));
#4130=CARTESIAN_POINT('Ctrl Pts',(-29.0448282914116,19.5360875062004,-8.40377273819435));
#4131=CARTESIAN_POINT('Ctrl Pts',(-28.9007766344689,19.7419631730113,-9.74368929103741));
#4132=CARTESIAN_POINT('Ctrl Pts',(-28.9007766344689,19.7419631730113,-11.));
#4133=CARTESIAN_POINT('',(-28.1219855874317,7.09957405000379,-1.));
#4134=CARTESIAN_POINT('Ctrl Pts',(-23.9499170842045,16.3600579684466,-11.));
#4135=CARTESIAN_POINT('Ctrl Pts',(-23.9499170842045,16.3600579684466,-9.74337290026001));
#4136=CARTESIAN_POINT('Ctrl Pts',(-24.0945340231226,16.1543926125256,-8.40318028747267));
#4137=CARTESIAN_POINT('Ctrl Pts',(-24.6484421878761,15.2959232901618,-5.93907169237111));
#4138=CARTESIAN_POINT('Ctrl Pts',(-25.0539375491744,14.6404863500112,-4.81522190161017));
#4139=CARTESIAN_POINT('Ctrl Pts',(-25.9161574728979,13.0551818877761,-3.01983778327101));
#4140=CARTESIAN_POINT('Ctrl Pts',(-26.4297769761029,12.0135184555019,-2.24403535518308));
#4141=CARTESIAN_POINT('Ctrl Pts',(-27.3773153848114,9.66128055046023,-1.23473524119787));
#4142=CARTESIAN_POINT('Ctrl Pts',(-27.8064782631483,8.3493240158093,-1.));
#4143=CARTESIAN_POINT('Ctrl Pts',(-28.1219855874317,7.09957405000378,-1.));
#4144=CARTESIAN_POINT('',(-17.6155194486769,-0.0773357684821008,-1.));
#4145=CARTESIAN_POINT('Origin',(20.1085294706008,1.37733167028803,-11.));
#4146=CARTESIAN_POINT('',(28.2034996020849,6.76850317769021,-1.));
#4147=CARTESIAN_POINT('',(20.1085294706008,1.37733167028803,-1.));
#4148=CARTESIAN_POINT('',(24.1405784596278,16.077390855041,-11.));
#4149=CARTESIAN_POINT('Ctrl Pts',(28.2034996020849,6.76850317769021,-1.));
#4150=CARTESIAN_POINT('Ctrl Pts',(27.9027051724535,8.02187565218057,-1.));
#4151=CARTESIAN_POINT('Ctrl Pts',(27.4889942941501,9.33878644419692,-1.23473524119787));
#4152=CARTESIAN_POINT('Ctrl Pts',(26.5691724464128,11.7020003503675,-2.24403535518309));
#4153=CARTESIAN_POINT('Ctrl Pts',(26.0678334219788,12.7496295227321,-3.01983778327101));
#4154=CARTESIAN_POINT('Ctrl Pts',(25.2243086873581,14.3449600392494,-4.81522190161017));
#4155=CARTESIAN_POINT('Ctrl Pts',(24.8265461538633,15.0051183819947,-5.9390716923711));
#4156=CARTESIAN_POINT('Ctrl Pts',(24.2827677632655,15.8700397046242,-8.40318028747267));
#4157=CARTESIAN_POINT('Ctrl Pts',(24.1405784596278,16.077390855041,-9.74337290026001));
#4158=CARTESIAN_POINT('Ctrl Pts',(24.1405784596278,16.077390855041,-11.));
#4159=CARTESIAN_POINT('',(29.1308509935808,19.4008639083365,-11.));
#4160=CARTESIAN_POINT('',(14.5654254967904,9.70043195416825,-11.));
#4161=CARTESIAN_POINT('',(33.4596310012664,10.2690356538038,-1.));
#4162=CARTESIAN_POINT('Ctrl Pts',(29.1308509935808,19.4008639083365,-11.));
#4163=CARTESIAN_POINT('Ctrl Pts',(29.1308509935808,19.4008639083365,-9.74368929103741));
#4164=CARTESIAN_POINT('Ctrl Pts',(29.272472582049,19.1933091065792,-8.40377273819435));
#4165=CARTESIAN_POINT('Ctrl Pts',(29.8199570082947,18.3311464538986,-5.93976329767552));
#4166=CARTESIAN_POINT('Ctrl Pts',(30.2226372638227,17.6743918722893,-4.81571590562248));
#4167=CARTESIAN_POINT('Ctrl Pts',(31.0892109397339,16.1021903543804,-3.02680601696581));
#4168=CARTESIAN_POINT('Ctrl Pts',(31.6106585603738,15.0779429481418,-2.25299082075338));
#4169=CARTESIAN_POINT('Ctrl Pts',(32.6102848872778,12.7729174100867,-1.23998252670984));
#4170=CARTESIAN_POINT('Ctrl Pts',(33.0846508750115,11.4908345724442,-1.));
#4171=CARTESIAN_POINT('Ctrl Pts',(33.4596310012664,10.2690356538038,-1.));
#4172=CARTESIAN_POINT('',(20.1085294706008,1.37733167028803,-1.));
#4173=CARTESIAN_POINT('Origin',(-20.1085294706008,-1.37733167028802,-11.));
#4174=CARTESIAN_POINT('',(-28.2034996020849,-6.7685031776902,-1.));
#4175=CARTESIAN_POINT('',(-20.1085294706008,-1.37733167028802,-1.));
#4176=CARTESIAN_POINT('',(-24.1405784596278,-16.077390855041,-11.));
#4177=CARTESIAN_POINT('Ctrl Pts',(-28.2034996020849,-6.7685031776902,-1.));
#4178=CARTESIAN_POINT('Ctrl Pts',(-27.9027051724535,-8.02187565218055,-1.));
#4179=CARTESIAN_POINT('Ctrl Pts',(-27.4889942941501,-9.33878644419691,-1.23473524119787));
#4180=CARTESIAN_POINT('Ctrl Pts',(-26.5691724464128,-11.7020003503675,-2.24403535518309));
#4181=CARTESIAN_POINT('Ctrl Pts',(-26.0678334219788,-12.749629522732,-3.01983778327101));
#4182=CARTESIAN_POINT('Ctrl Pts',(-25.2243086873581,-14.3449600392494,-4.81522190161017));
#4183=CARTESIAN_POINT('Ctrl Pts',(-24.8265461538633,-15.0051183819947,-5.9390716923711));
#4184=CARTESIAN_POINT('Ctrl Pts',(-24.2827677632655,-15.8700397046242,-8.40318028747267));
#4185=CARTESIAN_POINT('Ctrl Pts',(-24.1405784596278,-16.077390855041,-9.74337290026001));
#4186=CARTESIAN_POINT('Ctrl Pts',(-24.1405784596278,-16.077390855041,-11.));
#4187=CARTESIAN_POINT('',(-29.1308509935808,-19.4008639083365,-11.));
#4188=CARTESIAN_POINT('',(-14.5654254967904,-9.70043195416825,-11.));
#4189=CARTESIAN_POINT('',(-33.4596310012664,-10.2690356538038,-1.));
#4190=CARTESIAN_POINT('Ctrl Pts',(-29.1308509935808,-19.4008639083365,-11.));
#4191=CARTESIAN_POINT('Ctrl Pts',(-29.1308509935808,-19.4008639083365,-9.74368929103741));
#4192=CARTESIAN_POINT('Ctrl Pts',(-29.272472582049,-19.1933091065792,-8.40377273819435));
#4193=CARTESIAN_POINT('Ctrl Pts',(-29.8199570082947,-18.3311464538986,-5.93976329767552));
#4194=CARTESIAN_POINT('Ctrl Pts',(-30.2226372638227,-17.6743918722893,-4.81571590562248));
#4195=CARTESIAN_POINT('Ctrl Pts',(-31.0892109397339,-16.1021903543804,-3.02680601696581));
#4196=CARTESIAN_POINT('Ctrl Pts',(-31.6106585603738,-15.0779429481418,-2.25299082075338));
#4197=CARTESIAN_POINT('Ctrl Pts',(-32.6102848872778,-12.7729174100867,-1.23998252670984));
#4198=CARTESIAN_POINT('Ctrl Pts',(-33.0846508750115,-11.4908345724442,-1.));
#4199=CARTESIAN_POINT('Ctrl Pts',(-33.4596310012664,-10.2690356538038,-1.));
#4200=CARTESIAN_POINT('',(-20.1085294706008,-1.37733167028802,-1.));
#4201=CARTESIAN_POINT('Origin',(1.37733167028803,-20.1085294706008,-11.));
#4202=CARTESIAN_POINT('',(1.37733167028803,-20.1085294706008,-1.));
#4203=CARTESIAN_POINT('',(19.4008639083365,-29.1308509935808,-11.));
#4204=CARTESIAN_POINT('',(9.70043195416825,-14.5654254967904,-11.));
#4205=CARTESIAN_POINT('',(10.2690356538038,-33.4596310012664,-1.));
#4206=CARTESIAN_POINT('Ctrl Pts',(19.4008639083365,-29.1308509935808,-11.));
#4207=CARTESIAN_POINT('Ctrl Pts',(19.4008639083365,-29.1308509935808,-9.74368929103741));
#4208=CARTESIAN_POINT('Ctrl Pts',(19.1933091065792,-29.272472582049,-8.40377273819435));
#4209=CARTESIAN_POINT('Ctrl Pts',(18.3311464538986,-29.8199570082947,-5.93976329767552));
#4210=CARTESIAN_POINT('Ctrl Pts',(17.6743918722893,-30.2226372638227,-4.81571590562248));
#4211=CARTESIAN_POINT('Ctrl Pts',(16.1021903543804,-31.0892109397339,-3.02680601696581));
#4212=CARTESIAN_POINT('Ctrl Pts',(15.0779429481418,-31.6106585603738,-2.25299082075338));
#4213=CARTESIAN_POINT('Ctrl Pts',(12.7729174100867,-32.6102848872778,-1.23998252670984));
#4214=CARTESIAN_POINT('Ctrl Pts',(11.4908345724442,-33.0846508750115,-1.));
#4215=CARTESIAN_POINT('Ctrl Pts',(10.2690356538038,-33.4596310012664,-1.));
#4216=CARTESIAN_POINT('',(1.37733167028803,-20.1085294706008,-1.));
#4217=CARTESIAN_POINT('Origin',(-0.0773357684821063,17.6155194486769,-11.));
#4218=CARTESIAN_POINT('',(10.6616516747877,33.3366042596647,-1.));
#4219=CARTESIAN_POINT('',(-0.0773357684821063,17.6155194486769,-1.));
#4220=CARTESIAN_POINT('Ctrl Pts',(10.6616516747877,33.3366042596647,-1.));
#4221=CARTESIAN_POINT('Ctrl Pts',(11.8789581966098,32.9472875189426,-1.));
#4222=CARTESIAN_POINT('Ctrl Pts',(13.1553761687414,32.4578831326571,-1.23998252670984));
#4223=CARTESIAN_POINT('Ctrl Pts',(15.4484916064216,31.4312297763589,-2.25299082075338));
#4224=CARTESIAN_POINT('Ctrl Pts',(16.4665385070198,30.8977779243234,-3.02680601696581));
#4225=CARTESIAN_POINT('Ctrl Pts',(18.0284446232072,30.0127825385086,-4.81571590562248));
#4226=CARTESIAN_POINT('Ctrl Pts',(18.6804202284656,29.6024098069525,-5.93976329767552));
#4227=CARTESIAN_POINT('Ctrl Pts',(19.5360875062004,29.0448282914116,-8.40377273819435));
#4228=CARTESIAN_POINT('Ctrl Pts',(19.7419631730113,28.9007766344689,-9.74368929103741));
#4229=CARTESIAN_POINT('Ctrl Pts',(19.7419631730113,28.9007766344689,-11.));
#4230=CARTESIAN_POINT('',(7.09957405000378,28.1219855874317,-1.));
#4231=CARTESIAN_POINT('Ctrl Pts',(16.3600579684466,23.9499170842045,-11.));
#4232=CARTESIAN_POINT('Ctrl Pts',(16.3600579684466,23.9499170842045,-9.74337290026001));
#4233=CARTESIAN_POINT('Ctrl Pts',(16.1543926125256,24.0945340231227,-8.40318028747267));
#4234=CARTESIAN_POINT('Ctrl Pts',(15.2959232901618,24.6484421878761,-5.93907169237111));
#4235=CARTESIAN_POINT('Ctrl Pts',(14.6404863500112,25.0539375491744,-4.81522190161017));
#4236=CARTESIAN_POINT('Ctrl Pts',(13.0551818877761,25.9161574728979,-3.01983778327101));
#4237=CARTESIAN_POINT('Ctrl Pts',(12.0135184555019,26.4297769761029,-2.24403535518309));
#4238=CARTESIAN_POINT('Ctrl Pts',(9.66128055046023,27.3773153848114,-1.23473524119787));
#4239=CARTESIAN_POINT('Ctrl Pts',(8.3493240158093,27.8064782631483,-1.));
#4240=CARTESIAN_POINT('Ctrl Pts',(7.09957405000379,28.1219855874317,-1.));
#4241=CARTESIAN_POINT('',(-0.0773357684821063,17.6155194486769,-1.));
#4242=CARTESIAN_POINT('Origin',(-5.65685424949238,-5.65685424949238,5.));
#4243=CARTESIAN_POINT('',(-4.28464453931027,-3.44845199644111,5.));
#4244=CARTESIAN_POINT('',(-3.44845199644111,-4.28464453931027,5.));
#4245=CARTESIAN_POINT('Origin',(0.,0.,0.));
#4246=CARTESIAN_POINT('',(-5.5,-6.73555739531044E-16,-0.5));
#4247=CARTESIAN_POINT('',(-5.5,-6.73555739531044E-16,0.));
#4248=CARTESIAN_POINT('Origin',(0.,0.,-0.5));
#4249=CARTESIAN_POINT('Origin',(-1.37733167028802,20.1085294706008,-11.));
#4250=CARTESIAN_POINT('',(-6.7685031776902,28.2034996020849,-1.));
#4251=CARTESIAN_POINT('',(-1.37733167028802,20.1085294706008,-1.));
#4252=CARTESIAN_POINT('',(-16.077390855041,24.1405784596278,-11.));
#4253=CARTESIAN_POINT('Ctrl Pts',(-6.7685031776902,28.2034996020849,-1.));
#4254=CARTESIAN_POINT('Ctrl Pts',(-8.02187565218055,27.9027051724535,-1.));
#4255=CARTESIAN_POINT('Ctrl Pts',(-9.33878644419691,27.4889942941501,-1.23473524119787));
#4256=CARTESIAN_POINT('Ctrl Pts',(-11.7020003503675,26.5691724464128,-2.24403535518309));
#4257=CARTESIAN_POINT('Ctrl Pts',(-12.749629522732,26.0678334219788,-3.01983778327101));
#4258=CARTESIAN_POINT('Ctrl Pts',(-14.3449600392494,25.2243086873581,-4.81522190161017));
#4259=CARTESIAN_POINT('Ctrl Pts',(-15.0051183819947,24.8265461538633,-5.9390716923711));
#4260=CARTESIAN_POINT('Ctrl Pts',(-15.8700397046242,24.2827677632655,-8.40318028747267));
#4261=CARTESIAN_POINT('Ctrl Pts',(-16.077390855041,24.1405784596278,-9.74337290026001));
#4262=CARTESIAN_POINT('Ctrl Pts',(-16.077390855041,24.1405784596278,-11.));
#4263=CARTESIAN_POINT('',(-19.4008639083365,29.1308509935808,-11.));
#4264=CARTESIAN_POINT('',(-9.70043195416825,14.5654254967904,-11.));
#4265=CARTESIAN_POINT('',(-10.2690356538038,33.4596310012664,-1.));
#4266=CARTESIAN_POINT('Ctrl Pts',(-19.4008639083365,29.1308509935808,-11.));
#4267=CARTESIAN_POINT('Ctrl Pts',(-19.4008639083365,29.1308509935808,-9.74368929103741));
#4268=CARTESIAN_POINT('Ctrl Pts',(-19.1933091065792,29.272472582049,-8.40377273819435));
#4269=CARTESIAN_POINT('Ctrl Pts',(-18.3311464538986,29.8199570082947,-5.93976329767552));
#4270=CARTESIAN_POINT('Ctrl Pts',(-17.6743918722893,30.2226372638227,-4.81571590562248));
#4271=CARTESIAN_POINT('Ctrl Pts',(-16.1021903543804,31.0892109397339,-3.02680601696581));
#4272=CARTESIAN_POINT('Ctrl Pts',(-15.0779429481418,31.6106585603738,-2.25299082075338));
#4273=CARTESIAN_POINT('Ctrl Pts',(-12.7729174100867,32.6102848872778,-1.23998252670984));
#4274=CARTESIAN_POINT('Ctrl Pts',(-11.4908345724442,33.0846508750115,-1.));
#4275=CARTESIAN_POINT('Ctrl Pts',(-10.2690356538038,33.4596310012664,-1.));
#4276=CARTESIAN_POINT('',(-1.37733167028802,20.1085294706008,-1.));
#4277=CARTESIAN_POINT('Origin',(-19.4008639083365,29.1308509935808,0.));
#4278=CARTESIAN_POINT('',(-19.4008639083365,29.1308509935808,0.));
#4279=CARTESIAN_POINT('',(-16.077390855041,24.1405784596278,0.));
#4280=CARTESIAN_POINT('Origin',(0.0773357684820997,-17.6155194486769,-11.));
#4281=CARTESIAN_POINT('',(-10.6616516747878,-33.3366042596647,-1.));
#4282=CARTESIAN_POINT('',(0.0773357684820997,-17.6155194486769,-1.));
#4283=CARTESIAN_POINT('Ctrl Pts',(-10.6616516747878,-33.3366042596647,-1.));
#4284=CARTESIAN_POINT('Ctrl Pts',(-11.8789581966099,-32.9472875189426,-1.));
#4285=CARTESIAN_POINT('Ctrl Pts',(-13.1553761687414,-32.4578831326571,-1.23998252670984));
#4286=CARTESIAN_POINT('Ctrl Pts',(-15.4484916064216,-31.4312297763589,-2.25299082075338));
#4287=CARTESIAN_POINT('Ctrl Pts',(-16.4665385070198,-30.8977779243234,-3.0268060169658));
#4288=CARTESIAN_POINT('Ctrl Pts',(-18.0284446232072,-30.0127825385086,-4.81571590562248));
#4289=CARTESIAN_POINT('Ctrl Pts',(-18.6804202284656,-29.6024098069525,-5.93976329767552));
#4290=CARTESIAN_POINT('Ctrl Pts',(-19.5360875062004,-29.0448282914116,-8.40377273819435));
#4291=CARTESIAN_POINT('Ctrl Pts',(-19.7419631730113,-28.9007766344689,-9.74368929103741));
#4292=CARTESIAN_POINT('Ctrl Pts',(-19.7419631730113,-28.9007766344689,-11.));
#4293=CARTESIAN_POINT('',(-7.09957405000379,-28.1219855874317,-1.));
#4294=CARTESIAN_POINT('Ctrl Pts',(-16.3600579684466,-23.9499170842045,-11.));
#4295=CARTESIAN_POINT('Ctrl Pts',(-16.3600579684466,-23.9499170842045,-9.74337290026001));
#4296=CARTESIAN_POINT('Ctrl Pts',(-16.1543926125256,-24.0945340231226,-8.40318028747267));
#4297=CARTESIAN_POINT('Ctrl Pts',(-15.2959232901618,-24.648442187876,-5.9390716923711));
#4298=CARTESIAN_POINT('Ctrl Pts',(-14.6404863500112,-25.0539375491744,-4.81522190161017));
#4299=CARTESIAN_POINT('Ctrl Pts',(-13.0551818877761,-25.9161574728979,-3.01983778327101));
#4300=CARTESIAN_POINT('Ctrl Pts',(-12.0135184555019,-26.4297769761029,-2.24403535518309));
#4301=CARTESIAN_POINT('Ctrl Pts',(-9.66128055046024,-27.3773153848114,-1.23473524119787));
#4302=CARTESIAN_POINT('Ctrl Pts',(-8.34932401580931,-27.8064782631483,-1.));
#4303=CARTESIAN_POINT('Ctrl Pts',(-7.0995740500038,-28.1219855874317,-1.));
#4304=CARTESIAN_POINT('',(0.0773357684820997,-17.6155194486769,-1.));
#4305=CARTESIAN_POINT('Origin',(0.,0.,-1.));
#4306=CARTESIAN_POINT('Origin',(0.,0.,-1.));
#4307=CARTESIAN_POINT('Origin',(0.,0.,-1.));
#4308=CARTESIAN_POINT('',(-35.,-4.28626379701574E-15,-1.));
#4309=CARTESIAN_POINT('Origin',(0.,0.,-1.));
#4310=CARTESIAN_POINT('Origin',(0.,0.,-1.));
#4311=CARTESIAN_POINT('Origin',(0.,0.,-1.));
#4312=CARTESIAN_POINT('Origin',(0.,0.,-1.));
#4313=CARTESIAN_POINT('Origin',(0.,0.,-1.));
#4314=CARTESIAN_POINT('Origin',(0.,0.,-1.));
#4315=CARTESIAN_POINT('',(23.5644378297609,-16.9031733638193,-1.));
#4316=CARTESIAN_POINT('',(23.5644378297609,16.9031733638194,-1.));
#4317=CARTESIAN_POINT('Origin',(0.,0.,-1.));
#4318=CARTESIAN_POINT('',(13.4007309876353,6.73946652169373,-1.));
#4319=CARTESIAN_POINT('',(13.4475350313659,6.78627056542428,-1.));
#4320=CARTESIAN_POINT('',(13.4007309876353,-6.73946652169373,-1.));
#4321=CARTESIAN_POINT('Origin',(0.,0.,-1.));
#4322=CARTESIAN_POINT('',(8.36568161030306,-1.70441714436147,-1.));
#4323=CARTESIAN_POINT('',(-16.9031733638193,-23.5644378297609,-1.));
#4324=CARTESIAN_POINT('',(16.9031733638193,-23.5644378297609,-1.));
#4325=CARTESIAN_POINT('Origin',(0.,0.,-1.));
#4326=CARTESIAN_POINT('',(6.73946652169373,-13.4007309876353,-1.));
#4327=CARTESIAN_POINT('',(6.78627056542427,-13.4475350313659,-1.));
#4328=CARTESIAN_POINT('',(-6.73946652169373,-13.4007309876353,-1.));
#4329=CARTESIAN_POINT('Origin',(0.,0.,-1.));
#4330=CARTESIAN_POINT('',(-1.70441714436147,-8.36568161030306,-1.));
#4331=CARTESIAN_POINT('',(-23.5644378297609,16.9031733638194,-1.));
#4332=CARTESIAN_POINT('',(-23.5644378297609,-16.9031733638193,-1.));
#4333=CARTESIAN_POINT('Origin',(0.,0.,-1.));
#4334=CARTESIAN_POINT('',(-13.4007309876353,-6.73946652169373,-1.));
#4335=CARTESIAN_POINT('',(-13.4475350313659,-6.78627056542427,-1.));
#4336=CARTESIAN_POINT('',(-13.4007309876353,6.73946652169373,-1.));
#4337=CARTESIAN_POINT('Origin',(0.,0.,-1.));
#4338=CARTESIAN_POINT('',(-8.36568161030306,1.70441714436147,-1.));
#4339=CARTESIAN_POINT('Origin',(0.,0.,-1.));
#4340=CARTESIAN_POINT('Origin',(0.,0.,-1.));
#4341=CARTESIAN_POINT('',(-6.,7.34788079488412E-16,-1.));
#4342=CARTESIAN_POINT('Origin',(0.,0.,-1.));
#4343=CARTESIAN_POINT('',(3.95685424949238,5.65685424949238,-1.));
#4344=CARTESIAN_POINT('Origin',(5.65685424949238,5.65685424949238,-1.));
#4345=CARTESIAN_POINT('',(-8.4175144212722,6.7175144212722,-1.));
#4346=CARTESIAN_POINT('Origin',(-6.7175144212722,6.7175144212722,-1.));
#4347=CARTESIAN_POINT('',(-7.35685424949238,-5.65685424949238,-1.));
#4348=CARTESIAN_POINT('Origin',(-5.65685424949238,-5.65685424949238,-1.));
#4349=CARTESIAN_POINT('',(5.0175144212722,-6.7175144212722,-1.));
#4350=CARTESIAN_POINT('Origin',(6.7175144212722,-6.7175144212722,-1.));
#4351=CARTESIAN_POINT('Origin',(-29.1308509935808,-19.4008639083365,0.));
#4352=CARTESIAN_POINT('',(-29.1308509935808,-19.4008639083365,0.));
#4353=CARTESIAN_POINT('',(-24.1405784596278,-16.077390855041,0.));
#4354=CARTESIAN_POINT('Origin',(29.1308509935808,19.4008639083365,0.));
#4355=CARTESIAN_POINT('',(29.1308509935808,19.4008639083365,0.));
#4356=CARTESIAN_POINT('',(24.1405784596278,16.077390855041,0.));
#4357=CARTESIAN_POINT('Origin',(19.4008639083365,-29.1308509935808,0.));
#4358=CARTESIAN_POINT('',(19.4008639083365,-29.1308509935808,0.));
#4359=CARTESIAN_POINT('Origin',(22.6274169979695,-22.6274169979695,5.));
#4360=CARTESIAN_POINT('',(24.2274169979695,-22.6274169979695,5.));
#4361=CARTESIAN_POINT('Origin',(22.6274169979695,22.6274169979695,5.));
#4362=CARTESIAN_POINT('',(24.2274169979695,22.6274169979695,5.));
#4363=CARTESIAN_POINT('Origin',(-22.6274169979695,-22.6274169979695,5.));
#4364=CARTESIAN_POINT('',(-21.0274169979695,-22.6274169979695,5.));
#4365=CARTESIAN_POINT('Origin',(-22.6274169979695,22.6274169979695,5.));
#4366=CARTESIAN_POINT('',(-21.0274169979695,22.6274169979695,5.));
#4367=CARTESIAN_POINT('Origin',(0.,0.,0.));
#4368=CARTESIAN_POINT('',(-35.,-4.28626379701574E-15,0.));
#4369=CARTESIAN_POINT('Origin',(0.,0.,0.));
#4370=CARTESIAN_POINT('',(-23.5644378297609,16.9031733638194,0.));
#4371=CARTESIAN_POINT('',(-23.5644378297609,-16.9031733638193,0.));
#4372=CARTESIAN_POINT('Origin',(0.,0.,0.));
#4373=CARTESIAN_POINT('Origin',(0.,0.,0.));
#4374=CARTESIAN_POINT('',(-16.9031733638193,-23.5644378297609,0.));
#4375=CARTESIAN_POINT('',(16.9031733638193,-23.5644378297609,0.));
#4376=CARTESIAN_POINT('Origin',(0.,0.,0.));
#4377=CARTESIAN_POINT('',(23.5644378297609,-16.9031733638193,0.));
#4378=CARTESIAN_POINT('',(23.5644378297609,16.9031733638194,0.));
#4379=CARTESIAN_POINT('Origin',(0.,0.,0.));
#4380=CARTESIAN_POINT('Origin',(0.,0.,0.));
#4381=CARTESIAN_POINT('Origin',(0.,0.,0.));
#4382=CARTESIAN_POINT('Origin',(0.,0.,-0.5));
#4383=CARTESIAN_POINT('Origin',(-6.,-7.34788079488412E-16,-0.5));
#4384=CARTESIAN_POINT('Origin',(5.65685424949238,5.65685424949238,0.));
#4385=CARTESIAN_POINT('',(3.95685424949238,5.65685424949238,0.));
#4386=CARTESIAN_POINT('Origin',(-6.7175144212722,6.7175144212722,0.));
#4387=CARTESIAN_POINT('',(-8.4175144212722,6.7175144212722,0.));
#4388=CARTESIAN_POINT('Origin',(-5.65685424949238,-5.65685424949238,0.));
#4389=CARTESIAN_POINT('',(-7.35685424949238,-5.65685424949238,0.));
#4390=CARTESIAN_POINT('Origin',(6.7175144212722,-6.7175144212722,0.));
#4391=CARTESIAN_POINT('',(5.0175144212722,-6.7175144212722,0.));
#4392=CARTESIAN_POINT('Origin',(0.,0.,0.));
#4393=CARTESIAN_POINT('Origin',(-6.73946652169373,-13.4007309876353,0.));
#4394=CARTESIAN_POINT('',(-6.73946652169373,-13.4007309876353,0.));
#4395=CARTESIAN_POINT('Origin',(0.,0.,0.));
#4396=CARTESIAN_POINT('',(6.73946652169373,-13.4007309876353,0.));
#4397=CARTESIAN_POINT('Origin',(16.9031733638193,-23.5644378297609,0.));
#4398=CARTESIAN_POINT('Origin',(-13.4007309876353,6.73946652169373,0.));
#4399=CARTESIAN_POINT('',(-13.4007309876353,6.73946652169373,0.));
#4400=CARTESIAN_POINT('Origin',(0.,0.,0.));
#4401=CARTESIAN_POINT('',(-13.4007309876353,-6.73946652169373,0.));
#4402=CARTESIAN_POINT('Origin',(-23.5644378297609,-16.9031733638193,0.));
#4403=CARTESIAN_POINT('Origin',(13.4007309876353,-6.73946652169373,0.));
#4404=CARTESIAN_POINT('',(13.4007309876353,-6.73946652169373,0.));
#4405=CARTESIAN_POINT('Origin',(0.,0.,0.));
#4406=CARTESIAN_POINT('',(13.4007309876353,6.73946652169373,0.));
#4407=CARTESIAN_POINT('Origin',(23.5644378297609,16.9031733638194,0.));
#4408=UNCERTAINTY_MEASURE_WITH_UNIT(LENGTH_MEASURE(0.01),#4412,
'DISTANCE_ACCURACY_VALUE',
'Maximum model space distance between geometric entities at asserted c
onnectivities');
#4409=UNCERTAINTY_MEASURE_WITH_UNIT(LENGTH_MEASURE(0.01),#4412,
'DISTANCE_ACCURACY_VALUE',
'Maximum model space distance between geometric entities at asserted c
onnectivities');
#4410=(
GEOMETRIC_REPRESENTATION_CONTEXT(3)
GLOBAL_UNCERTAINTY_ASSIGNED_CONTEXT((#4408))
GLOBAL_UNIT_ASSIGNED_CONTEXT((#4412,#4414,#4415))
REPRESENTATION_CONTEXT('','3D')
);
#4411=(
GEOMETRIC_REPRESENTATION_CONTEXT(3)
GLOBAL_UNCERTAINTY_ASSIGNED_CONTEXT((#4409))
GLOBAL_UNIT_ASSIGNED_CONTEXT((#4412,#4414,#4415))
REPRESENTATION_CONTEXT('','3D')
);
#4412=(
LENGTH_UNIT()
NAMED_UNIT(*)
SI_UNIT(.MILLI.,.METRE.)
);
#4413=(
LENGTH_UNIT()
NAMED_UNIT(*)
SI_UNIT($,.METRE.)
);
#4414=(
NAMED_UNIT(*)
PLANE_ANGLE_UNIT()
SI_UNIT($,.RADIAN.)
);
#4415=(
NAMED_UNIT(*)
SI_UNIT($,.STERADIAN.)
SOLID_ANGLE_UNIT()
);
#4416=SHAPE_DEFINITION_REPRESENTATION(#4417,#4418);
#4417=PRODUCT_DEFINITION_SHAPE('',$,#4420);
#4418=SHAPE_REPRESENTATION('',(#2332),#4410);
#4419=PRODUCT_DEFINITION_CONTEXT('part definition',#4424,'design');
#4420=PRODUCT_DEFINITION('5010-260KV','5010-260KV v6',#4421,#4419);
#4421=PRODUCT_DEFINITION_FORMATION('',$,#4426);
#4422=PRODUCT_RELATED_PRODUCT_CATEGORY('5010-260KV v6','5010-260KV v6',
(#4426));
#4423=APPLICATION_PROTOCOL_DEFINITION('international standard',
'automotive_design',2009,#4424);
#4424=APPLICATION_CONTEXT(
'Core Data for Automotive Mechanical Design Process');
#4425=PRODUCT_CONTEXT('part definition',#4424,'mechanical');
#4426=PRODUCT('5010-260KV','5010-260KV v6',$,(#4425));
#4427=PRESENTATION_STYLE_ASSIGNMENT((#4428));
#4428=SURFACE_STYLE_USAGE(.BOTH.,#4429);
#4429=SURFACE_SIDE_STYLE('',(#4430));
#4430=SURFACE_STYLE_FILL_AREA(#4431);
#4431=FILL_AREA_STYLE('Steel - Satin',(#4432));
#4432=FILL_AREA_STYLE_COLOUR('Steel - Satin',#4433);
#4433=COLOUR_RGB('Steel - Satin',0.627450980392157,0.627450980392157,0.627450980392157);
ENDSEC;
END-ISO-10303-21;
