ISO-10303-21;
HEADER;
/* Generated by software containing ST-Developer
 * from STEP Tools, Inc. (www.steptools.com) 
 */

FILE_DESCRIPTION(
/* description */ (''),
/* implementation_level */ '2;1');

FILE_NAME(
/* name */ 'odrive-cap.step',
/* time_stamp */ '2026-10-05T20:58:21+11:00',
/* author */ (''),
/* organization */ (''),
/* preprocessor_version */ 'ST-DEVELOPER v20.2',
/* originating_system */ 'Autodesk Translation Framework v15.15.0.0',
/* authorisation */ '');

FILE_SCHEMA (('AUTOMOTIVE_DESIGN { 1 0 10303 214 3 1 1 }'));
ENDSEC;

DATA;
#10=MECHANICAL_DESIGN_GEOMETRIC_PRESENTATION_REPRESENTATION('',(#13),#4394);
#11=SHAPE_REPRESENTATION_RELATIONSHIP('SRR','None',#4401,#12);
#12=ADVANCED_BREP_SHAPE_REPRESENTATION('',(#14),#4393);
#13=STYLED_ITEM('',(#4410),#14);
#14=MANIFOLD_SOLID_BREP('Back-cap',#2052);
#15=TOROIDAL_SURFACE('',#2232,27.5,1.5);
#16=TOROIDAL_SURFACE('',#2233,27.5,1.5);
#17=TOROIDAL_SURFACE('',#2234,27.5,1.5);
#18=TOROIDAL_SURFACE('',#2235,27.5,1.5);
#19=TOROIDAL_SURFACE('',#2236,27.5,1.5);
#20=TOROIDAL_SURFACE('',#2237,27.5,1.5);
#21=TOROIDAL_SURFACE('',#2238,27.5,1.5);
#22=TOROIDAL_SURFACE('',#2239,27.5,1.5);
#23=TOROIDAL_SURFACE('',#2240,27.5,1.5);
#24=TOROIDAL_SURFACE('',#2241,30.,5.);
#25=TOROIDAL_SURFACE('',#2242,30.,5.);
#26=TOROIDAL_SURFACE('',#2243,30.,5.);
#27=TOROIDAL_SURFACE('',#2244,30.,5.);
#28=TOROIDAL_SURFACE('',#2245,30.,5.);
#29=TOROIDAL_SURFACE('',#2246,30.,5.);
#30=TOROIDAL_SURFACE('',#2247,30.,5.);
#31=TOROIDAL_SURFACE('',#2248,30.,5.);
#32=TOROIDAL_SURFACE('',#2249,30.,5.);
#33=TOROIDAL_SURFACE('',#2250,30.,5.);
#34=TOROIDAL_SURFACE('',#2275,27.5,1.5);
#35=B_SPLINE_CURVE_WITH_KNOTS('',3,(#2971,#2972,#2973,#2974,#2975,#2976,
#2977,#2978,#2979,#2980,#2981,#2982,#2983,#2984),.UNSPECIFIED.,.F.,.F.,
(4,2,2,2,2,2,4),(0.247640895852065,0.277551546926727,0.370149578103947,
0.462919709192582,0.555689840281217,0.64865180659262,0.741613772904024),
 .UNSPECIFIED.);
#36=B_SPLINE_CURVE_WITH_KNOTS('',3,(#2986,#2987,#2988,#2989,#2990,#2991,
#2992,#2993),.UNSPECIFIED.,.F.,.F.,(4,2,2,4),(0.,0.0924767578747533,0.184953515749507,
0.247640895852065),.UNSPECIFIED.);
#37=B_SPLINE_CURVE_WITH_KNOTS('',3,(#3000,#3001,#3002,#3003,#3004,#3005,
#3006,#3007,#3008,#3009),.UNSPECIFIED.,.F.,.F.,(4,2,2,2,4),(-0.222585905051446,
-0.16675094091827,-0.111041435630135,-0.0554677370055101,0.),
 .UNSPECIFIED.);
#38=B_SPLINE_CURVE_WITH_KNOTS('',3,(#3306,#3307,#3308,#3309,#3310,#3311,
#3312,#3313,#3314,#3315,#3316,#3317,#3318,#3319,#3320,#3321,#3322,#3323),
 .UNSPECIFIED.,.F.,.F.,(4,2,2,2,2,2,2,2,4),(-0.741613772992209,-0.648651806649505,
-0.555689840306801,-0.462919709201833,-0.370149578096866,-0.277551546916705,
-0.184953515736544,-0.0924767578682721,0.),.UNSPECIFIED.);
#39=B_SPLINE_CURVE_WITH_KNOTS('',3,(#3325,#3326,#3327,#3328,#3329,#3330,
#3331,#3332,#3333,#3334),.UNSPECIFIED.,.F.,.F.,(4,2,2,2,4),(0.,0.0554677370022386,
0.111041435628664,0.166750940925113,0.222585905072635),.UNSPECIFIED.);
#40=B_SPLINE_CURVE_WITH_KNOTS('',3,(#3336,#3337,#3338,#3339,#3340,#3341,
#3342,#3343,#3344,#3345),.UNSPECIFIED.,.F.,.F.,(4,2,2,2,4),(-0.222585905051446,
-0.166750940918271,-0.111041435630135,-0.0554677370055099,0.),
 .UNSPECIFIED.);
#41=B_SPLINE_CURVE_WITH_KNOTS('',3,(#3347,#3348,#3349,#3350,#3351,#3352,
#3353,#3354,#3355,#3356,#3357,#3358,#3359,#3360,#3361,#3362,#3363,#3364),
 .UNSPECIFIED.,.F.,.F.,(4,2,2,2,2,2,2,2,4),(0.,0.0924767578722604,0.184953515744521,
0.277551546922872,0.370149578101223,0.46291970919614,0.555689840291056,
0.648651806614498,0.74161377293794),.UNSPECIFIED.);
#42=B_SPLINE_CURVE_WITH_KNOTS('',3,(#3370,#3371,#3372,#3373,#3374,#3375,
#3376,#3377,#3378,#3379,#3380,#3381,#3382,#3383,#3384,#3385,#3386,#3387),
 .UNSPECIFIED.,.F.,.F.,(4,2,2,2,2,2,2,2,4),(-0.741613772992209,-0.648651806649505,
-0.555689840306801,-0.462919709201834,-0.370149578096866,-0.277551546916705,
-0.184953515736544,-0.0924767578682721,0.),.UNSPECIFIED.);
#43=B_SPLINE_CURVE_WITH_KNOTS('',3,(#3389,#3390,#3391,#3392,#3393,#3394,
#3395,#3396,#3397,#3398),.UNSPECIFIED.,.F.,.F.,(4,2,2,2,4),(0.,0.0554677370022386,
0.111041435628663,0.166750940925112,0.222585905072635),.UNSPECIFIED.);
#44=B_SPLINE_CURVE_WITH_KNOTS('',3,(#3400,#3401,#3402,#3403,#3404,#3405,
#3406,#3407,#3408,#3409),.UNSPECIFIED.,.F.,.F.,(4,2,2,2,4),(-0.222585905051446,
-0.166750940918269,-0.111041435630135,-0.0554677370055099,0.),
 .UNSPECIFIED.);
#45=B_SPLINE_CURVE_WITH_KNOTS('',3,(#3411,#3412,#3413,#3414,#3415,#3416,
#3417,#3418,#3419,#3420,#3421,#3422,#3423,#3424,#3425,#3426,#3427,#3428),
 .UNSPECIFIED.,.F.,.F.,(4,2,2,2,2,2,2,2,4),(0.,0.0924767578722604,0.184953515744521,
0.277551546922872,0.370149578101223,0.46291970919614,0.555689840291056,
0.648651806614499,0.741613772937941),.UNSPECIFIED.);
#46=B_SPLINE_CURVE_WITH_KNOTS('',3,(#3434,#3435,#3436,#3437,#3438,#3439,
#3440,#3441,#3442,#3443,#3444,#3445,#3446,#3447,#3448,#3449,#3450,#3451),
 .UNSPECIFIED.,.F.,.F.,(4,2,2,2,2,2,2,2,4),(-0.741613772992209,-0.648651806649505,
-0.555689840306801,-0.462919709201834,-0.370149578096866,-0.277551546916706,
-0.184953515736545,-0.0924767578682726,0.),.UNSPECIFIED.);
#47=B_SPLINE_CURVE_WITH_KNOTS('',3,(#3453,#3454,#3455,#3456,#3457,#3458,
#3459,#3460,#3461,#3462),.UNSPECIFIED.,.F.,.F.,(4,2,2,2,4),(0.,0.0554677370022387,
0.111041435628664,0.166750940925113,0.222585905072635),.UNSPECIFIED.);
#48=B_SPLINE_CURVE_WITH_KNOTS('',3,(#3464,#3465,#3466,#3467,#3468,#3469,
#3470,#3471,#3472,#3473),.UNSPECIFIED.,.F.,.F.,(4,2,2,2,4),(-0.222585905051446,
-0.16675094091827,-0.111041435630135,-0.0554677370055101,0.),
 .UNSPECIFIED.);
#49=B_SPLINE_CURVE_WITH_KNOTS('',3,(#3475,#3476,#3477,#3478,#3479,#3480,
#3481,#3482,#3483,#3484,#3485,#3486,#3487,#3488,#3489,#3490,#3491,#3492),
 .UNSPECIFIED.,.F.,.F.,(4,2,2,2,2,2,2,2,4),(0.,0.0924767578722604,0.184953515744521,
0.277551546922872,0.370149578101223,0.46291970919614,0.555689840291056,
0.648651806614499,0.741613772937941),.UNSPECIFIED.);
#50=B_SPLINE_CURVE_WITH_KNOTS('',3,(#3498,#3499,#3500,#3501,#3502,#3503,
#3504,#3505,#3506,#3507,#3508,#3509,#3510,#3511,#3512,#3513,#3514,#3515),
 .UNSPECIFIED.,.F.,.F.,(4,2,2,2,2,2,2,2,4),(-0.741613772992209,-0.648651806649504,
-0.5556898403068,-0.462919709201833,-0.370149578096865,-0.277551546916705,
-0.184953515736544,-0.0924767578682721,0.),.UNSPECIFIED.);
#51=B_SPLINE_CURVE_WITH_KNOTS('',3,(#3517,#3518,#3519,#3520,#3521,#3522,
#3523,#3524,#3525,#3526),.UNSPECIFIED.,.F.,.F.,(4,2,2,2,4),(0.,0.0554677370022386,
0.111041435628664,0.166750940925113,0.222585905072635),.UNSPECIFIED.);
#52=B_SPLINE_CURVE_WITH_KNOTS('',3,(#3528,#3529,#3530,#3531,#3532,#3533,
#3534,#3535,#3536,#3537),.UNSPECIFIED.,.F.,.F.,(4,2,2,2,4),(-0.222585905051446,
-0.16675094091827,-0.111041435630135,-0.0554677370055101,0.),
 .UNSPECIFIED.);
#53=B_SPLINE_CURVE_WITH_KNOTS('',3,(#3539,#3540,#3541,#3542,#3543,#3544,
#3545,#3546,#3547,#3548,#3549,#3550,#3551,#3552,#3553,#3554,#3555,#3556),
 .UNSPECIFIED.,.F.,.F.,(4,2,2,2,2,2,2,2,4),(0.,0.0924767578722604,0.184953515744521,
0.277551546922872,0.370149578101223,0.46291970919614,0.555689840291056,
0.648651806614498,0.741613772937941),.UNSPECIFIED.);
#54=B_SPLINE_CURVE_WITH_KNOTS('',3,(#3559,#3560,#3561,#3562,#3563,#3564,
#3565,#3566,#3567,#3568),.UNSPECIFIED.,.F.,.F.,(4,2,2,2,4),(0.,0.0554677370022384,
0.111041435628664,0.166750940925113,0.222585905072635),.UNSPECIFIED.);
#55=B_SPLINE_CURVE_WITH_KNOTS('',3,(#3569,#3570,#3571,#3572,#3573,#3574,
#3575,#3576,#3577,#3578,#3579,#3580,#3581,#3582,#3583,#3584,#3585,#3586),
 .UNSPECIFIED.,.F.,.F.,(4,2,2,2,2,2,2,2,4),(-0.741613772992209,-0.648651806649505,
-0.5556898403068,-0.462919709201833,-0.370149578096866,-0.277551546916705,
-0.184953515736545,-0.0924767578682726,0.),.UNSPECIFIED.);
#56=B_SPLINE_CURVE_WITH_KNOTS('',3,(#3591,#3592,#3593,#3594,#3595,#3596,
#3597,#3598,#3599,#3600,#3601,#3602,#3603,#3604,#3605,#3606,#3607,#3608),
 .UNSPECIFIED.,.F.,.F.,(4,2,2,2,2,2,2,2,4),(-0.741613772992208,-0.648651806649505,
-0.555689840306801,-0.462919709201833,-0.370149578096866,-0.277551546916705,
-0.184953515736545,-0.0924767578682726,0.),.UNSPECIFIED.);
#57=B_SPLINE_CURVE_WITH_KNOTS('',3,(#3610,#3611,#3612,#3613,#3614,#3615,
#3616,#3617,#3618,#3619),.UNSPECIFIED.,.F.,.F.,(4,2,2,2,4),(0.,0.0554677370022387,
0.111041435628664,0.166750940925113,0.222585905072635),.UNSPECIFIED.);
#58=B_SPLINE_CURVE_WITH_KNOTS('',3,(#3621,#3622,#3623,#3624,#3625,#3626,
#3627,#3628,#3629,#3630),.UNSPECIFIED.,.F.,.F.,(4,2,2,2,4),(-0.222585905051446,
-0.16675094091827,-0.111041435630135,-0.0554677370055101,0.),
 .UNSPECIFIED.);
#59=B_SPLINE_CURVE_WITH_KNOTS('',3,(#3632,#3633,#3634,#3635,#3636,#3637,
#3638,#3639,#3640,#3641,#3642,#3643,#3644,#3645,#3646,#3647,#3648,#3649),
 .UNSPECIFIED.,.F.,.F.,(4,2,2,2,2,2,2,2,4),(0.,0.0924767578722604,0.184953515744521,
0.277551546922872,0.370149578101223,0.46291970919614,0.555689840291056,
0.648651806614499,0.741613772937941),.UNSPECIFIED.);
#60=B_SPLINE_CURVE_WITH_KNOTS('',3,(#3652,#3653,#3654,#3655,#3656,#3657,
#3658,#3659,#3660,#3661),.UNSPECIFIED.,.F.,.F.,(4,2,2,2,4),(0.,0.0554677370022384,
0.111041435628664,0.166750940925113,0.222585905072635),.UNSPECIFIED.);
#61=B_SPLINE_CURVE_WITH_KNOTS('',3,(#3662,#3663,#3664,#3665,#3666,#3667,
#3668,#3669,#3670,#3671,#3672,#3673,#3674,#3675,#3676,#3677,#3678,#3679),
 .UNSPECIFIED.,.F.,.F.,(4,2,2,2,2,2,2,2,4),(-0.741613772992209,-0.648651806649504,
-0.5556898403068,-0.462919709201833,-0.370149578096865,-0.277551546916705,
-0.184953515736544,-0.0924767578682717,0.),.UNSPECIFIED.);
#62=B_SPLINE_CURVE_WITH_KNOTS('',3,(#3684,#3685,#3686,#3687,#3688,#3689,
#3690,#3691,#3692,#3693,#3694,#3695,#3696,#3697,#3698,#3699,#3700,#3701),
 .UNSPECIFIED.,.F.,.F.,(4,2,2,2,2,2,2,2,4),(-0.741613772992208,-0.648651806649504,
-0.5556898403068,-0.462919709201832,-0.370149578096865,-0.277551546916705,
-0.184953515736544,-0.0924767578682721,0.),.UNSPECIFIED.);
#63=B_SPLINE_CURVE_WITH_KNOTS('',3,(#3703,#3704,#3705,#3706,#3707,#3708,
#3709,#3710,#3711,#3712),.UNSPECIFIED.,.F.,.F.,(4,2,2,2,4),(0.,0.0554677370022384,
0.111041435628664,0.166750940925113,0.222585905072635),.UNSPECIFIED.);
#64=B_SPLINE_CURVE_WITH_KNOTS('',3,(#3714,#3715,#3716,#3717,#3718,#3719,
#3720,#3721,#3722,#3723),.UNSPECIFIED.,.F.,.F.,(4,2,2,2,4),(-0.222585905051446,
-0.16675094091827,-0.111041435630135,-0.0554677370055109,0.),
 .UNSPECIFIED.);
#65=B_SPLINE_CURVE_WITH_KNOTS('',3,(#3725,#3726,#3727,#3728,#3729,#3730,
#3731,#3732,#3733,#3734,#3735,#3736,#3737,#3738,#3739,#3740,#3741,#3742),
 .UNSPECIFIED.,.F.,.F.,(4,2,2,2,2,2,2,2,4),(0.,0.0924767578722604,0.184953515744521,
0.277551546922872,0.370149578101223,0.46291970919614,0.555689840291056,
0.648651806614499,0.741613772937941),.UNSPECIFIED.);
#66=B_SPLINE_CURVE_WITH_KNOTS('',3,(#3748,#3749,#3750,#3751,#3752,#3753,
#3754,#3755,#3756,#3757,#3758,#3759,#3760,#3761,#3762,#3763,#3764,#3765),
 .UNSPECIFIED.,.F.,.F.,(4,2,2,2,2,2,2,2,4),(-0.741613772992209,-0.648651806649504,
-0.5556898403068,-0.462919709201833,-0.370149578096866,-0.277551546916705,
-0.184953515736545,-0.0924767578682721,0.),.UNSPECIFIED.);
#67=B_SPLINE_CURVE_WITH_KNOTS('',3,(#3767,#3768,#3769,#3770,#3771,#3772,
#3773,#3774,#3775,#3776),.UNSPECIFIED.,.F.,.F.,(4,2,2,2,4),(0.,0.0554677370022384,
0.111041435628664,0.166750940925112,0.222585905072635),.UNSPECIFIED.);
#68=B_SPLINE_CURVE_WITH_KNOTS('',3,(#3778,#3779,#3780,#3781,#3782,#3783,
#3784,#3785,#3786,#3787),.UNSPECIFIED.,.F.,.F.,(4,2,2,2,4),(-0.222585905051446,
-0.16675094091827,-0.111041435630135,-0.0554677370055109,0.),
 .UNSPECIFIED.);
#69=B_SPLINE_CURVE_WITH_KNOTS('',3,(#3789,#3790,#3791,#3792,#3793,#3794,
#3795,#3796,#3797,#3798,#3799,#3800,#3801,#3802,#3803,#3804,#3805,#3806),
 .UNSPECIFIED.,.F.,.F.,(4,2,2,2,2,2,2,2,4),(0.,0.0924767578722604,0.184953515744521,
0.277551546922872,0.370149578101223,0.46291970919614,0.555689840291056,
0.648651806614499,0.741613772937941),.UNSPECIFIED.);
#70=B_SPLINE_CURVE_WITH_KNOTS('',3,(#3812,#3813,#3814,#3815,#3816,#3817,
#3818,#3819,#3820,#3821,#3822,#3823,#3824,#3825,#3826,#3827,#3828,#3829),
 .UNSPECIFIED.,.F.,.F.,(4,2,2,2,2,2,2,2,4),(-0.741613772992209,-0.648651806649504,
-0.5556898403068,-0.462919709201833,-0.370149578096865,-0.277551546916705,
-0.184953515736544,-0.0924767578682717,0.),.UNSPECIFIED.);
#71=B_SPLINE_CURVE_WITH_KNOTS('',3,(#3831,#3832,#3833,#3834,#3835,#3836,
#3837,#3838,#3839,#3840),.UNSPECIFIED.,.F.,.F.,(4,2,2,2,4),(0.,0.0554677370022384,
0.111041435628664,0.166750940925113,0.222585905072635),.UNSPECIFIED.);
#72=B_SPLINE_CURVE_WITH_KNOTS('',3,(#3842,#3843,#3844,#3845,#3846,#3847,
#3848,#3849,#3850,#3851),.UNSPECIFIED.,.F.,.F.,(4,2,2,2,4),(-0.222585905051446,
-0.166750940918269,-0.111041435630135,-0.0554677370055107,0.),
 .UNSPECIFIED.);
#73=B_SPLINE_CURVE_WITH_KNOTS('',3,(#3853,#3854,#3855,#3856,#3857,#3858,
#3859,#3860,#3861,#3862,#3863,#3864,#3865,#3866,#3867,#3868,#3869,#3870),
 .UNSPECIFIED.,.F.,.F.,(4,2,2,2,2,2,2,2,4),(0.,0.0924767578722604,0.184953515744521,
0.277551546922872,0.370149578101223,0.462919709196139,0.555689840291056,
0.648651806614499,0.741613772937941),.UNSPECIFIED.);
#74=B_SPLINE_CURVE_WITH_KNOTS('',3,(#3873,#3874,#3875,#3876,#3877,#3878,
#3879,#3880,#3881,#3882),.UNSPECIFIED.,.F.,.F.,(4,2,2,2,4),(-0.222585905051446,
-0.16675094091827,-0.111041435630135,-0.0554677370055101,0.),
 .UNSPECIFIED.);
#75=B_SPLINE_CURVE_WITH_KNOTS('',3,(#3893,#3894,#3895,#3896,#3897,#3898,
#3899,#3900),.UNSPECIFIED.,.F.,.F.,(4,2,2,4),(0.,0.0924767578747533,0.184953515749507,
0.247640895852065),.UNSPECIFIED.);
#76=B_SPLINE_CURVE_WITH_KNOTS('',3,(#3901,#3902,#3903,#3904,#3905,#3906,
#3907,#3908,#3909,#3910,#3911,#3912,#3913,#3914),.UNSPECIFIED.,.F.,.F.,
(4,2,2,2,2,2,4),(0.247640895727718,0.277551546922872,0.370149578101223,
0.46291970919614,0.555689840291056,0.648651806614499,0.741613772937941),
 .UNSPECIFIED.);
#77=B_SPLINE_CURVE_WITH_KNOTS('',3,(#3916,#3917,#3918,#3919,#3920,#3921,
#3922,#3923,#3924,#3925,#3926,#3927,#3928,#3929,#3930,#3931,#3932,#3933),
 .UNSPECIFIED.,.F.,.F.,(4,2,2,2,2,2,2,2,4),(-1.78632882649323,-1.76650461440222,
-1.67055098197468,-1.6009887827903,-1.53010583451668,-1.42756661744192,
-1.24594673474105,-1.02999861305804,-0.952563823582736),.UNSPECIFIED.);
#78=B_SPLINE_CURVE_WITH_KNOTS('',3,(#3934,#3935,#3936,#3937,#3938,#3939,
#3940,#3941,#3942,#3943,#3944,#3945,#3946,#3947,#3948,#3949,#3950,#3951,
#3952,#3953,#3954,#3955,#3956,#3957),.UNSPECIFIED.,.F.,.F.,(4,2,2,2,2,2,
2,2,2,2,2,4),(-0.952563823582736,-0.912399817749939,-0.84060622396701,-0.773410437879744,
-0.704272189912731,-0.605452182582305,-0.443009824522749,-0.300247967089002,
-0.219912567840208,-0.159392113235549,-0.0943346993380294,0.),
 .UNSPECIFIED.);
#79=B_SPLINE_CURVE_WITH_KNOTS('',3,(#3960,#3961,#3962,#3963),
 .UNSPECIFIED.,.F.,.F.,(4,4),(-1.75899929457627,-1.74667410726641),
 .UNSPECIFIED.);
#80=B_SPLINE_CURVE_WITH_KNOTS('',3,(#3964,#3965,#3966,#3967,#3968,#3969,
#3970,#3971,#3972,#3973,#3974,#3975,#3976,#3977,#3978,#3979,#3980,#3981,
#3982,#3983,#3984,#3985,#3986,#3987,#3988,#3989,#3990,#3991,#3992,#3993,
#3994,#3995,#3996,#3997,#3998,#3999),.UNSPECIFIED.,.F.,.F.,(4,2,2,2,2,2,
2,2,2,2,2,2,2,2,2,2,2,4),(-1.74667410726641,-1.6986182831667,-1.61433037380192,
-1.53817042093433,-1.4413115856073,-1.28008680825858,-1.06184356176885,
-0.937869897763999,-0.866628045926953,-0.807168568346704,-0.744369685768912,
-0.646916880791385,-0.461123310897429,-0.335051401312276,-0.232412188072159,
-0.162109258706049,-0.0922352947921703,0.),.UNSPECIFIED.);
#81=B_SPLINE_CURVE_WITH_KNOTS('',3,(#4002,#4003,#4004,#4005,#4006,#4007,
#4008,#4009,#4010,#4011,#4012,#4013,#4014,#4015,#4016,#4017,#4018,#4019,
#4020,#4021,#4022,#4023,#4024,#4025,#4026,#4027,#4028,#4029,#4030,#4031,
#4032,#4033,#4034,#4035,#4036,#4037),.UNSPECIFIED.,.F.,.F.,(4,2,2,2,2,2,
2,2,2,2,2,2,2,2,2,2,2,4),(-1.7863288264892,-1.76650461439825,-1.67055098197105,
-1.60098878278694,-1.53010583451366,-1.42756661743951,-1.2459467347398,
-1.02999861305843,-0.912399817751122,-0.84060622396859,-0.773410437881725,
-0.704272189914713,-0.605452182583821,-0.443009824523596,-0.300247967089385,
-0.219912567840431,-0.15939211323567,-0.158417246903618),.UNSPECIFIED.);
#82=B_SPLINE_CURVE_WITH_KNOTS('',3,(#4038,#4039,#4040,#4041,#4042,#4043),
 .UNSPECIFIED.,.F.,.F.,(4,2,4),(-0.158417246903618,-0.0943346993380709,
0.),.UNSPECIFIED.);
#83=B_SPLINE_CURVE_WITH_KNOTS('',3,(#4045,#4046,#4047,#4048,#4049,#4050,
#4051,#4052,#4053,#4054,#4055,#4056,#4057,#4058,#4059,#4060,#4061,#4062,
#4063,#4064,#4065,#4066,#4067,#4068,#4069,#4070,#4071,#4072,#4073,#4074,
#4075,#4076,#4077,#4078,#4079,#4080,#4081,#4082),.UNSPECIFIED.,.F.,.F.,
(4,2,2,2,2,2,2,2,2,2,2,2,2,2,2,2,2,2,4),(-2.08723460864039,-2.06608500854887,
-1.97656494157776,-1.91114084833466,-1.8439442454212,-1.74580856832994,
-1.57339235991922,-1.37115310404826,-1.26118479644674,-1.19372947434211,
-1.13023530019148,-1.06491005848446,-0.971454345535666,-0.819774910370389,
-0.686199297378882,-0.611067013297352,-0.554245905675206,-0.492955643991564,
-0.404755140698574),.UNSPECIFIED.);
#84=B_SPLINE_CURVE_WITH_KNOTS('',3,(#4085,#4086,#4087,#4088,#4089,#4090,
#4091,#4092,#4093,#4094,#4095,#4096,#4097,#4098,#4099,#4100,#4101,#4102,
#4103,#4104,#4105,#4106,#4107,#4108,#4109,#4110,#4111,#4112,#4113,#4114,
#4115,#4116,#4117,#4118,#4119,#4120),.UNSPECIFIED.,.F.,.F.,(4,2,2,2,2,2,
2,2,2,2,2,2,2,2,2,2,2,4),(-1.75899929459017,-1.69861828317992,-1.61433037381403,
-1.53817042094521,-1.44131158561628,-1.2800868082639,-1.06184356176847,
-0.937869897760228,-0.866628045921174,-0.807168568339076,-0.744369685760672,
-0.646916880784536,-0.461123310893657,-0.335051401310212,-0.23241218807117,
-0.162109258705584,-0.0922352947920249,-0.0115748137866426),
 .UNSPECIFIED.);
#85=B_SPLINE_CURVE_WITH_KNOTS('',3,(#4121,#4122,#4123,#4124),
 .UNSPECIFIED.,.F.,.F.,(4,4),(-0.0115748137866426,0.),.UNSPECIFIED.);
#86=B_SPLINE_CURVE_WITH_KNOTS('',3,(#4127,#4128,#4129,#4130,#4131,#4132,
#4133,#4134),.UNSPECIFIED.,.F.,.F.,(4,2,2,4),(-1.78632882651129,-1.76650461442002,
-1.67055098199106,-1.61427702840559),.UNSPECIFIED.);
#87=B_SPLINE_CURVE_WITH_KNOTS('',3,(#4135,#4136,#4137,#4138,#4139,#4140,
#4141,#4142,#4143,#4144,#4145,#4146,#4147,#4148,#4149,#4150,#4151,#4152,
#4153,#4154,#4155,#4156,#4157,#4158,#4159,#4160,#4161,#4162,#4163,#4164,
#4165,#4166,#4167,#4168),.UNSPECIFIED.,.F.,.F.,(4,2,2,2,2,2,2,2,2,2,2,2,
2,2,2,2,4),(-1.61427702840559,-1.6009887828054,-1.53010583453025,-1.42756661745298,
-1.24594673474699,-1.02999861305725,-0.912399817745772,-0.840606223960807,
-0.773410437871406,-0.704272189904133,-0.605452182575657,-0.44300982451876,
-0.30024796708702,-0.219912567839209,-0.159392113235073,-0.0943346993378783,
0.),.UNSPECIFIED.);
#88=B_SPLINE_CURVE_WITH_KNOTS('',3,(#4171,#4172,#4173,#4174,#4175,#4176,
#4177,#4178,#4179,#4180,#4181,#4182,#4183,#4184),.UNSPECIFIED.,.F.,.F.,
(4,2,2,2,2,2,4),(-1.75899929458306,-1.6986182831732,-1.61433037380796,-1.53817042093987,
-1.44131158561208,-1.28008680826196,-1.20801973688487),.UNSPECIFIED.);
#89=B_SPLINE_CURVE_WITH_KNOTS('',3,(#4185,#4186,#4187,#4188,#4189,#4190,
#4191,#4192,#4193,#4194,#4195,#4196,#4197,#4198,#4199,#4200,#4201,#4202,
#4203,#4204,#4205,#4206,#4207,#4208,#4209,#4210),.UNSPECIFIED.,.F.,.F.,
(4,2,2,2,2,2,2,2,2,2,2,2,4),(-1.20801973688487,-1.06184356177007,-0.937869897763735,
-0.866628045925752,-0.807168568344627,-0.744369685766245,-0.646916880788775,
-0.461123310895991,-0.335051401311501,-0.232412188071799,-0.162109258705877,
-0.0922352947921153,0.),.UNSPECIFIED.);
#90=B_SPLINE_CURVE_WITH_KNOTS('',3,(#4213,#4214,#4215,#4216,#4217,#4218,
#4219,#4220,#4221,#4222,#4223,#4224),.UNSPECIFIED.,.F.,.F.,(4,2,2,2,2,4),
(-1.78632882650561,-1.76650461441444,-1.67055098198604,-1.60098878280088,
-1.53010583452633,-1.4343781243905),.UNSPECIFIED.);
#91=B_SPLINE_CURVE_WITH_KNOTS('',3,(#4225,#4226,#4227,#4228,#4229,#4230,
#4231,#4232,#4233,#4234,#4235,#4236,#4237,#4238,#4239,#4240,#4241,#4242,
#4243,#4244,#4245,#4246,#4247,#4248,#4249,#4250,#4251,#4252,#4253,#4254),
 .UNSPECIFIED.,.F.,.F.,(4,2,2,2,2,2,2,2,2,2,2,2,2,2,4),(-1.4343781243905,
-1.42756661745006,-1.24594673474614,-1.02999861305913,-0.912399817748439,
-0.840606223963679,-0.773410437874594,-0.704272189907164,-0.605452182577972,
-0.443009824520296,-0.300247967087846,-0.219912567839638,-0.159392113235288,
-0.0943346993379502,0.),.UNSPECIFIED.);
#92=B_SPLINE_CURVE_WITH_KNOTS('',3,(#4257,#4258,#4259,#4260,#4261,#4262,
#4263,#4264,#4265,#4266,#4267,#4268,#4269,#4270,#4271,#4272,#4273,#4274,
#4275,#4276,#4277,#4278,#4279,#4280,#4281,#4282,#4283,#4284,#4285,#4286),
 .UNSPECIFIED.,.F.,.F.,(4,2,2,2,2,2,2,2,2,2,2,2,2,2,4),(-1.78632882652134,
-1.76650461442998,-1.67055098200041,-1.60098878281422,-1.53010583453845,
-1.42756661746012,-1.245946734752,-1.02999861305945,-0.912399817745658,
-0.840606223958879,-0.773410437867687,-0.70427218989995,-0.605452182572447,
-0.443009824516956,-0.313502808114461),.UNSPECIFIED.);
#93=B_SPLINE_CURVE_WITH_KNOTS('',3,(#4287,#4288,#4289,#4290,#4291,#4292,
#4293,#4294,#4295,#4296,#4297,#4298),.UNSPECIFIED.,.F.,.F.,(4,2,2,2,2,4),
(-0.313502808114461,-0.300247967086189,-0.219912567838775,-0.159392113234856,
-0.0943346993378047,0.),.UNSPECIFIED.);
#94=B_SPLINE_CURVE_WITH_KNOTS('',3,(#4301,#4302,#4303,#4304,#4305,#4306,
#4307,#4308,#4309,#4310,#4311,#4312,#4313,#4314,#4315,#4316,#4317,#4318,
#4319,#4320,#4321,#4322,#4323,#4324,#4325,#4326),.UNSPECIFIED.,.F.,.F.,
(4,2,2,2,2,2,2,2,2,2,2,2,4),(-1.75899929459734,-1.69861828318674,-1.61433037382023,
-1.53817042095073,-1.4413115856208,-1.28008680826673,-1.06184356176899,
-0.937869897759083,-0.866628045918905,-0.807168568335754,-0.744369685756657,
-0.646916880780711,-0.486509071553198),.UNSPECIFIED.);
#95=B_SPLINE_CURVE_WITH_KNOTS('',3,(#4327,#4328,#4329,#4330,#4331,#4332,
#4333,#4334,#4335,#4336,#4337,#4338,#4339,#4340),.UNSPECIFIED.,.F.,.F.,
(4,2,2,2,2,2,4),(-0.486509071553198,-0.46112331089156,-0.33505140130905,
-0.232412188070598,-0.162109258705307,-0.0922352947919333,0.),
 .UNSPECIFIED.);
#96=FACE_BOUND('',#243,.T.);
#97=FACE_BOUND('',#251,.T.);
#98=FACE_BOUND('',#254,.T.);
#99=FACE_BOUND('',#255,.T.);
#100=FACE_BOUND('',#256,.T.);
#101=FACE_BOUND('',#257,.T.);
#102=FACE_BOUND('',#258,.T.);
#103=FACE_BOUND('',#262,.T.);
#104=FACE_BOUND('',#263,.T.);
#105=FACE_BOUND('',#264,.T.);
#106=FACE_BOUND('',#265,.T.);
#107=FACE_BOUND('',#266,.T.);
#108=FACE_BOUND('',#323,.T.);
#109=FACE_BOUND('',#327,.T.);
#110=FACE_BOUND('',#330,.T.);
#111=FACE_BOUND('',#334,.T.);
#112=FACE_BOUND('',#338,.T.);
#113=FACE_BOUND('',#342,.T.);
#114=PLANE('',#2069);
#115=PLANE('',#2104);
#116=PLANE('',#2105);
#117=PLANE('',#2157);
#118=PLANE('',#2183);
#119=PLANE('',#2198);
#120=PLANE('',#2199);
#121=PLANE('',#2200);
#122=PLANE('',#2202);
#123=PLANE('',#2203);
#124=PLANE('',#2204);
#125=PLANE('',#2206);
#126=PLANE('',#2207);
#127=PLANE('',#2208);
#128=PLANE('',#2210);
#129=PLANE('',#2211);
#130=PLANE('',#2212);
#131=PLANE('',#2214);
#132=PLANE('',#2215);
#133=PLANE('',#2216);
#134=PLANE('',#2217);
#135=PLANE('',#2219);
#136=PLANE('',#2220);
#137=PLANE('',#2221);
#138=PLANE('',#2222);
#139=PLANE('',#2224);
#140=PLANE('',#2225);
#141=PLANE('',#2226);
#142=PLANE('',#2228);
#143=PLANE('',#2229);
#144=PLANE('',#2230);
#145=PLANE('',#2253);
#146=PLANE('',#2257);
#147=PLANE('',#2260);
#148=PLANE('',#2265);
#149=PLANE('',#2269);
#150=PLANE('',#2274);
#151=PLANE('',#2276);
#152=FACE_OUTER_BOUND('',#241,.T.);
#153=FACE_OUTER_BOUND('',#242,.T.);
#154=FACE_OUTER_BOUND('',#244,.T.);
#155=FACE_OUTER_BOUND('',#245,.T.);
#156=FACE_OUTER_BOUND('',#246,.T.);
#157=FACE_OUTER_BOUND('',#247,.T.);
#158=FACE_OUTER_BOUND('',#248,.T.);
#159=FACE_OUTER_BOUND('',#249,.T.);
#160=FACE_OUTER_BOUND('',#250,.T.);
#161=FACE_OUTER_BOUND('',#252,.T.);
#162=FACE_OUTER_BOUND('',#253,.T.);
#163=FACE_OUTER_BOUND('',#259,.T.);
#164=FACE_OUTER_BOUND('',#260,.T.);
#165=FACE_OUTER_BOUND('',#261,.T.);
#166=FACE_OUTER_BOUND('',#267,.T.);
#167=FACE_OUTER_BOUND('',#268,.T.);
#168=FACE_OUTER_BOUND('',#269,.T.);
#169=FACE_OUTER_BOUND('',#270,.T.);
#170=FACE_OUTER_BOUND('',#271,.T.);
#171=FACE_OUTER_BOUND('',#272,.T.);
#172=FACE_OUTER_BOUND('',#273,.T.);
#173=FACE_OUTER_BOUND('',#274,.T.);
#174=FACE_OUTER_BOUND('',#275,.T.);
#175=FACE_OUTER_BOUND('',#276,.T.);
#176=FACE_OUTER_BOUND('',#277,.T.);
#177=FACE_OUTER_BOUND('',#278,.T.);
#178=FACE_OUTER_BOUND('',#279,.T.);
#179=FACE_OUTER_BOUND('',#280,.T.);
#180=FACE_OUTER_BOUND('',#281,.T.);
#181=FACE_OUTER_BOUND('',#282,.T.);
#182=FACE_OUTER_BOUND('',#283,.T.);
#183=FACE_OUTER_BOUND('',#284,.T.);
#184=FACE_OUTER_BOUND('',#285,.T.);
#185=FACE_OUTER_BOUND('',#286,.T.);
#186=FACE_OUTER_BOUND('',#287,.T.);
#187=FACE_OUTER_BOUND('',#288,.T.);
#188=FACE_OUTER_BOUND('',#289,.T.);
#189=FACE_OUTER_BOUND('',#290,.T.);
#190=FACE_OUTER_BOUND('',#291,.T.);
#191=FACE_OUTER_BOUND('',#292,.T.);
#192=FACE_OUTER_BOUND('',#293,.T.);
#193=FACE_OUTER_BOUND('',#294,.T.);
#194=FACE_OUTER_BOUND('',#295,.T.);
#195=FACE_OUTER_BOUND('',#296,.T.);
#196=FACE_OUTER_BOUND('',#297,.T.);
#197=FACE_OUTER_BOUND('',#298,.T.);
#198=FACE_OUTER_BOUND('',#299,.T.);
#199=FACE_OUTER_BOUND('',#300,.T.);
#200=FACE_OUTER_BOUND('',#301,.T.);
#201=FACE_OUTER_BOUND('',#302,.T.);
#202=FACE_OUTER_BOUND('',#303,.T.);
#203=FACE_OUTER_BOUND('',#304,.T.);
#204=FACE_OUTER_BOUND('',#305,.T.);
#205=FACE_OUTER_BOUND('',#306,.T.);
#206=FACE_OUTER_BOUND('',#307,.T.);
#207=FACE_OUTER_BOUND('',#308,.T.);
#208=FACE_OUTER_BOUND('',#309,.T.);
#209=FACE_OUTER_BOUND('',#310,.T.);
#210=FACE_OUTER_BOUND('',#311,.T.);
#211=FACE_OUTER_BOUND('',#312,.T.);
#212=FACE_OUTER_BOUND('',#313,.T.);
#213=FACE_OUTER_BOUND('',#314,.T.);
#214=FACE_OUTER_BOUND('',#315,.T.);
#215=FACE_OUTER_BOUND('',#316,.T.);
#216=FACE_OUTER_BOUND('',#317,.T.);
#217=FACE_OUTER_BOUND('',#318,.T.);
#218=FACE_OUTER_BOUND('',#319,.T.);
#219=FACE_OUTER_BOUND('',#320,.T.);
#220=FACE_OUTER_BOUND('',#321,.T.);
#221=FACE_OUTER_BOUND('',#322,.T.);
#222=FACE_OUTER_BOUND('',#324,.T.);
#223=FACE_OUTER_BOUND('',#325,.T.);
#224=FACE_OUTER_BOUND('',#326,.T.);
#225=FACE_OUTER_BOUND('',#328,.T.);
#226=FACE_OUTER_BOUND('',#329,.T.);
#227=FACE_OUTER_BOUND('',#331,.T.);
#228=FACE_OUTER_BOUND('',#332,.T.);
#229=FACE_OUTER_BOUND('',#333,.T.);
#230=FACE_OUTER_BOUND('',#335,.T.);
#231=FACE_OUTER_BOUND('',#336,.T.);
#232=FACE_OUTER_BOUND('',#337,.T.);
#233=FACE_OUTER_BOUND('',#339,.T.);
#234=FACE_OUTER_BOUND('',#340,.T.);
#235=FACE_OUTER_BOUND('',#341,.T.);
#236=FACE_OUTER_BOUND('',#343,.T.);
#237=FACE_OUTER_BOUND('',#344,.T.);
#238=FACE_OUTER_BOUND('',#345,.T.);
#239=FACE_OUTER_BOUND('',#346,.T.);
#240=FACE_OUTER_BOUND('',#347,.T.);
#241=EDGE_LOOP('',(#1286,#1287,#1288,#1289));
#242=EDGE_LOOP('',(#1290,#1291,#1292,#1293,#1294,#1295,#1296,#1297,#1298,
#1299,#1300,#1301,#1302,#1303,#1304,#1305,#1306,#1307,#1308,#1309,#1310,
#1311,#1312,#1313,#1314,#1315,#1316,#1317,#1318,#1319,#1320,#1321,#1322,
#1323,#1324,#1325,#1326,#1327,#1328,#1329));
#243=EDGE_LOOP('',(#1330));
#244=EDGE_LOOP('',(#1331,#1332,#1333,#1334));
#245=EDGE_LOOP('',(#1335,#1336,#1337,#1338));
#246=EDGE_LOOP('',(#1339,#1340,#1341,#1342));
#247=EDGE_LOOP('',(#1343,#1344,#1345,#1346));
#248=EDGE_LOOP('',(#1347,#1348,#1349,#1350));
#249=EDGE_LOOP('',(#1351,#1352,#1353,#1354,#1355,#1356,#1357,#1358,#1359));
#250=EDGE_LOOP('',(#1360,#1361,#1362,#1363,#1364,#1365,#1366,#1367,#1368,
#1369,#1370,#1371,#1372,#1373,#1374,#1375,#1376,#1377,#1378,#1379,#1380,
#1381,#1382,#1383,#1384,#1385,#1386,#1387,#1388,#1389,#1390,#1391,#1392,
#1393,#1394,#1395,#1396,#1397,#1398,#1399,#1400,#1401,#1402,#1403,#1404,
#1405,#1406,#1407,#1408,#1409,#1410,#1411,#1412,#1413,#1414,#1415,#1416,
#1417,#1418,#1419,#1420));
#251=EDGE_LOOP('',(#1421));
#252=EDGE_LOOP('',(#1422,#1423,#1424,#1425,#1426,#1427,#1428,#1429,#1430,
#1431,#1432,#1433,#1434,#1435,#1436,#1437,#1438,#1439,#1440,#1441));
#253=EDGE_LOOP('',(#1442,#1443,#1444,#1445));
#254=EDGE_LOOP('',(#1446));
#255=EDGE_LOOP('',(#1447));
#256=EDGE_LOOP('',(#1448));
#257=EDGE_LOOP('',(#1449));
#258=EDGE_LOOP('',(#1450));
#259=EDGE_LOOP('',(#1451,#1452,#1453,#1454,#1455,#1456,#1457,#1458,#1459,
#1460,#1461,#1462,#1463,#1464,#1465,#1466,#1467,#1468,#1469,#1470));
#260=EDGE_LOOP('',(#1471,#1472,#1473,#1474,#1475,#1476,#1477,#1478,#1479,
#1480,#1481,#1482,#1483,#1484,#1485,#1486,#1487,#1488,#1489,#1490));
#261=EDGE_LOOP('',(#1491,#1492,#1493,#1494));
#262=EDGE_LOOP('',(#1495));
#263=EDGE_LOOP('',(#1496));
#264=EDGE_LOOP('',(#1497));
#265=EDGE_LOOP('',(#1498));
#266=EDGE_LOOP('',(#1499));
#267=EDGE_LOOP('',(#1500,#1501,#1502,#1503,#1504,#1505,#1506,#1507,#1508,
#1509,#1510,#1511,#1512,#1513,#1514,#1515,#1516,#1517,#1518,#1519));
#268=EDGE_LOOP('',(#1520,#1521,#1522,#1523));
#269=EDGE_LOOP('',(#1524,#1525,#1526,#1527,#1528,#1529,#1530,#1531));
#270=EDGE_LOOP('',(#1532,#1533,#1534,#1535,#1536,#1537,#1538,#1539));
#271=EDGE_LOOP('',(#1540,#1541,#1542,#1543));
#272=EDGE_LOOP('',(#1544,#1545,#1546,#1547));
#273=EDGE_LOOP('',(#1548,#1549,#1550,#1551,#1552,#1553,#1554,#1555));
#274=EDGE_LOOP('',(#1556,#1557,#1558,#1559,#1560,#1561,#1562,#1563));
#275=EDGE_LOOP('',(#1564,#1565,#1566,#1567));
#276=EDGE_LOOP('',(#1568,#1569,#1570,#1571));
#277=EDGE_LOOP('',(#1572,#1573,#1574,#1575,#1576,#1577,#1578,#1579));
#278=EDGE_LOOP('',(#1580,#1581,#1582,#1583,#1584,#1585,#1586,#1587));
#279=EDGE_LOOP('',(#1588,#1589,#1590,#1591));
#280=EDGE_LOOP('',(#1592,#1593,#1594,#1595));
#281=EDGE_LOOP('',(#1596,#1597,#1598,#1599,#1600,#1601,#1602,#1603));
#282=EDGE_LOOP('',(#1604,#1605,#1606,#1607,#1608,#1609,#1610,#1611));
#283=EDGE_LOOP('',(#1612,#1613,#1614,#1615));
#284=EDGE_LOOP('',(#1616,#1617,#1618,#1619,#1620,#1621,#1622,#1623));
#285=EDGE_LOOP('',(#1624,#1625,#1626,#1627));
#286=EDGE_LOOP('',(#1628,#1629,#1630,#1631,#1632,#1633,#1634,#1635));
#287=EDGE_LOOP('',(#1636,#1637,#1638,#1639,#1640,#1641,#1642,#1643));
#288=EDGE_LOOP('',(#1644,#1645,#1646,#1647));
#289=EDGE_LOOP('',(#1648,#1649,#1650,#1651,#1652,#1653,#1654,#1655));
#290=EDGE_LOOP('',(#1656,#1657,#1658,#1659));
#291=EDGE_LOOP('',(#1660,#1661,#1662,#1663,#1664,#1665,#1666,#1667));
#292=EDGE_LOOP('',(#1668,#1669,#1670,#1671,#1672,#1673,#1674,#1675));
#293=EDGE_LOOP('',(#1676,#1677,#1678,#1679));
#294=EDGE_LOOP('',(#1680,#1681,#1682,#1683));
#295=EDGE_LOOP('',(#1684,#1685,#1686,#1687,#1688,#1689,#1690,#1691));
#296=EDGE_LOOP('',(#1692,#1693,#1694,#1695,#1696,#1697,#1698,#1699));
#297=EDGE_LOOP('',(#1700,#1701,#1702,#1703));
#298=EDGE_LOOP('',(#1704,#1705,#1706,#1707));
#299=EDGE_LOOP('',(#1708,#1709,#1710,#1711,#1712,#1713,#1714,#1715));
#300=EDGE_LOOP('',(#1716,#1717,#1718,#1719,#1720,#1721,#1722,#1723));
#301=EDGE_LOOP('',(#1724,#1725,#1726,#1727));
#302=EDGE_LOOP('',(#1728,#1729,#1730,#1731));
#303=EDGE_LOOP('',(#1732,#1733,#1734,#1735));
#304=EDGE_LOOP('',(#1736,#1737,#1738,#1739));
#305=EDGE_LOOP('',(#1740,#1741,#1742,#1743));
#306=EDGE_LOOP('',(#1744,#1745,#1746,#1747));
#307=EDGE_LOOP('',(#1748,#1749,#1750,#1751));
#308=EDGE_LOOP('',(#1752,#1753,#1754,#1755));
#309=EDGE_LOOP('',(#1756,#1757,#1758,#1759));
#310=EDGE_LOOP('',(#1760,#1761,#1762,#1763));
#311=EDGE_LOOP('',(#1764,#1765,#1766,#1767,#1768,#1769,#1770,#1771));
#312=EDGE_LOOP('',(#1772,#1773,#1774,#1775,#1776,#1777,#1778));
#313=EDGE_LOOP('',(#1779,#1780,#1781,#1782,#1783,#1784,#1785));
#314=EDGE_LOOP('',(#1786,#1787,#1788,#1789,#1790,#1791,#1792));
#315=EDGE_LOOP('',(#1793,#1794,#1795,#1796,#1797,#1798,#1799));
#316=EDGE_LOOP('',(#1800,#1801,#1802,#1803,#1804,#1805,#1806));
#317=EDGE_LOOP('',(#1807,#1808,#1809,#1810,#1811,#1812,#1813));
#318=EDGE_LOOP('',(#1814,#1815,#1816,#1817,#1818,#1819,#1820));
#319=EDGE_LOOP('',(#1821,#1822,#1823,#1824,#1825,#1826,#1827));
#320=EDGE_LOOP('',(#1828,#1829,#1830,#1831,#1832,#1833,#1834));
#321=EDGE_LOOP('',(#1835,#1836,#1837,#1838,#1839,#1840));
#322=EDGE_LOOP('',(#1841));
#323=EDGE_LOOP('',(#1842));
#324=EDGE_LOOP('',(#1843,#1844,#1845,#1846,#1847,#1848));
#325=EDGE_LOOP('',(#1849,#1850,#1851,#1852,#1853,#1854));
#326=EDGE_LOOP('',(#1855));
#327=EDGE_LOOP('',(#1856));
#328=EDGE_LOOP('',(#1857,#1858,#1859,#1860,#1861,#1862));
#329=EDGE_LOOP('',(#1863));
#330=EDGE_LOOP('',(#1864));
#331=EDGE_LOOP('',(#1865,#1866,#1867,#1868,#1869,#1870));
#332=EDGE_LOOP('',(#1871,#1872,#1873,#1874,#1875,#1876));
#333=EDGE_LOOP('',(#1877));
#334=EDGE_LOOP('',(#1878));
#335=EDGE_LOOP('',(#1879,#1880,#1881,#1882,#1883,#1884));
#336=EDGE_LOOP('',(#1885,#1886,#1887,#1888,#1889,#1890));
#337=EDGE_LOOP('',(#1891));
#338=EDGE_LOOP('',(#1892));
#339=EDGE_LOOP('',(#1893,#1894,#1895,#1896,#1897,#1898));
#340=EDGE_LOOP('',(#1899,#1900,#1901,#1902,#1903,#1904));
#341=EDGE_LOOP('',(#1905));
#342=EDGE_LOOP('',(#1906));
#343=EDGE_LOOP('',(#1907,#1908,#1909,#1910));
#344=EDGE_LOOP('',(#1911,#1912,#1913,#1914,#1915,#1916,#1917,#1918,#1919));
#345=EDGE_LOOP('',(#1920,#1921,#1922,#1923));
#346=EDGE_LOOP('',(#1924,#1925,#1926,#1927));
#347=EDGE_LOOP('',(#1928,#1929,#1930,#1931));
#348=CIRCLE('',#2067,9.46700529206796);
#349=CIRCLE('',#2068,9.46700529206796);
#350=CIRCLE('',#2070,27.5);
#351=CIRCLE('',#2071,2.50000001862646);
#352=CIRCLE('',#2072,27.5);
#353=CIRCLE('',#2073,2.50000001862646);
#354=CIRCLE('',#2074,27.5);
#355=CIRCLE('',#2075,2.50000001862646);
#356=CIRCLE('',#2076,27.5);
#357=CIRCLE('',#2077,2.50000001862646);
#358=CIRCLE('',#2078,27.5);
#359=CIRCLE('',#2079,29.);
#360=CIRCLE('',#2080,27.5);
#361=CIRCLE('',#2081,2.50000001862646);
#362=CIRCLE('',#2082,27.5);
#363=CIRCLE('',#2083,2.50000001862646);
#364=CIRCLE('',#2084,27.5);
#365=CIRCLE('',#2085,2.50000001862646);
#366=CIRCLE('',#2086,27.5);
#367=CIRCLE('',#2087,2.50000001862646);
#368=CIRCLE('',#2088,27.5);
#369=CIRCLE('',#2089,1.5);
#370=CIRCLE('',#2091,29.);
#371=CIRCLE('',#2093,2.);
#372=CIRCLE('',#2094,2.);
#373=CIRCLE('',#2096,2.);
#374=CIRCLE('',#2097,2.);
#375=CIRCLE('',#2099,2.);
#376=CIRCLE('',#2100,2.);
#377=CIRCLE('',#2102,2.);
#378=CIRCLE('',#2103,2.);
#379=CIRCLE('',#2106,30.);
#380=CIRCLE('',#2107,2.8);
#381=CIRCLE('',#2108,30.);
#382=CIRCLE('',#2109,2.50000001862646);
#383=CIRCLE('',#2110,30.);
#384=CIRCLE('',#2111,2.8);
#385=CIRCLE('',#2112,30.);
#386=CIRCLE('',#2113,2.50000001862646);
#387=CIRCLE('',#2114,30.);
#388=CIRCLE('',#2115,2.8);
#389=CIRCLE('',#2116,30.);
#390=CIRCLE('',#2117,2.50000001862646);
#391=CIRCLE('',#2118,30.);
#392=CIRCLE('',#2119,2.8);
#393=CIRCLE('',#2120,30.);
#394=CIRCLE('',#2121,2.50000001862646);
#395=CIRCLE('',#2122,30.);
#396=CIRCLE('',#2123,2.8);
#397=CIRCLE('',#2124,2.8);
#398=CIRCLE('',#2125,30.);
#399=CIRCLE('',#2126,30.);
#400=CIRCLE('',#2127,2.8);
#401=CIRCLE('',#2128,30.);
#402=CIRCLE('',#2129,2.50000001862646);
#403=CIRCLE('',#2130,30.);
#404=CIRCLE('',#2131,2.8);
#405=CIRCLE('',#2132,30.);
#406=CIRCLE('',#2133,2.50000001862646);
#407=CIRCLE('',#2134,30.);
#408=CIRCLE('',#2135,2.8);
#409=CIRCLE('',#2136,30.);
#410=CIRCLE('',#2137,2.50000001862646);
#411=CIRCLE('',#2138,30.);
#412=CIRCLE('',#2139,2.8);
#413=CIRCLE('',#2140,30.);
#414=CIRCLE('',#2141,2.50000001862646);
#415=CIRCLE('',#2142,30.);
#416=CIRCLE('',#2143,2.8);
#417=CIRCLE('',#2144,30.);
#418=CIRCLE('',#2145,1.5);
#419=CIRCLE('',#2147,35.);
#420=CIRCLE('',#2148,35.);
#421=CIRCLE('',#2149,35.);
#422=CIRCLE('',#2150,35.);
#423=CIRCLE('',#2151,35.);
#424=CIRCLE('',#2152,35.);
#425=CIRCLE('',#2153,35.);
#426=CIRCLE('',#2154,35.);
#427=CIRCLE('',#2155,35.);
#428=CIRCLE('',#2156,35.);
#429=CIRCLE('',#2158,29.);
#430=CIRCLE('',#2159,2.8);
#431=CIRCLE('',#2160,2.8);
#432=CIRCLE('',#2161,1.59999999999997);
#433=CIRCLE('',#2163,29.);
#434=CIRCLE('',#2164,29.);
#435=CIRCLE('',#2165,29.);
#436=CIRCLE('',#2166,29.);
#437=CIRCLE('',#2167,29.);
#438=CIRCLE('',#2168,29.);
#439=CIRCLE('',#2169,29.);
#440=CIRCLE('',#2170,29.);
#441=CIRCLE('',#2171,29.);
#442=CIRCLE('',#2173,29.);
#443=CIRCLE('',#2174,29.);
#444=CIRCLE('',#2175,29.);
#445=CIRCLE('',#2176,29.);
#446=CIRCLE('',#2177,29.);
#447=CIRCLE('',#2178,29.);
#448=CIRCLE('',#2179,29.);
#449=CIRCLE('',#2180,29.);
#450=CIRCLE('',#2181,29.);
#451=CIRCLE('',#2182,29.);
#452=CIRCLE('',#2184,35.);
#453=CIRCLE('',#2185,2.8);
#454=CIRCLE('',#2186,2.8);
#455=CIRCLE('',#2187,1.59999999999997);
#456=CIRCLE('',#2189,35.);
#457=CIRCLE('',#2190,35.);
#458=CIRCLE('',#2191,35.);
#459=CIRCLE('',#2192,35.);
#460=CIRCLE('',#2193,35.);
#461=CIRCLE('',#2194,35.);
#462=CIRCLE('',#2195,35.);
#463=CIRCLE('',#2196,35.);
#464=CIRCLE('',#2197,35.);
#465=CIRCLE('',#2252,2.8);
#466=CIRCLE('',#2256,2.8);
#467=CIRCLE('',#2259,2.8);
#468=CIRCLE('',#2261,1.59999999999997);
#469=CIRCLE('',#2264,2.8);
#470=CIRCLE('',#2268,2.8);
#471=CIRCLE('',#2270,1.59999999999997);
#472=CIRCLE('',#2273,2.8);
#473=LINE('',#2851,#610);
#474=LINE('',#2855,#611);
#475=LINE('',#2859,#612);
#476=LINE('',#2863,#613);
#477=LINE('',#2867,#614);
#478=LINE('',#2871,#615);
#479=LINE('',#2875,#616);
#480=LINE('',#2879,#617);
#481=LINE('',#2883,#618);
#482=LINE('',#2887,#619);
#483=LINE('',#2891,#620);
#484=LINE('',#2895,#621);
#485=LINE('',#2899,#622);
#486=LINE('',#2903,#623);
#487=LINE('',#2907,#624);
#488=LINE('',#2911,#625);
#489=LINE('',#2915,#626);
#490=LINE('',#2919,#627);
#491=LINE('',#2923,#628);
#492=LINE('',#2927,#629);
#493=LINE('',#2931,#630);
#494=LINE('',#2934,#631);
#495=LINE('',#2939,#632);
#496=LINE('',#2942,#633);
#497=LINE('',#2947,#634);
#498=LINE('',#2953,#635);
#499=LINE('',#2959,#636);
#500=LINE('',#2965,#637);
#501=LINE('',#2969,#638);
#502=LINE('',#2995,#639);
#503=LINE('',#2997,#640);
#504=LINE('',#2999,#641);
#505=LINE('',#3012,#642);
#506=LINE('',#3020,#643);
#507=LINE('',#3024,#644);
#508=LINE('',#3032,#645);
#509=LINE('',#3036,#646);
#510=LINE('',#3044,#647);
#511=LINE('',#3048,#648);
#512=LINE('',#3056,#649);
#513=LINE('',#3060,#650);
#514=LINE('',#3069,#651);
#515=LINE('',#3077,#652);
#516=LINE('',#3081,#653);
#517=LINE('',#3089,#654);
#518=LINE('',#3093,#655);
#519=LINE('',#3101,#656);
#520=LINE('',#3105,#657);
#521=LINE('',#3113,#658);
#522=LINE('',#3117,#659);
#523=LINE('',#3124,#660);
#524=LINE('',#3130,#661);
#525=LINE('',#3134,#662);
#526=LINE('',#3138,#663);
#527=LINE('',#3142,#664);
#528=LINE('',#3146,#665);
#529=LINE('',#3150,#666);
#530=LINE('',#3154,#667);
#531=LINE('',#3158,#668);
#532=LINE('',#3162,#669);
#533=LINE('',#3166,#670);
#534=LINE('',#3170,#671);
#535=LINE('',#3173,#672);
#536=LINE('',#3182,#673);
#537=LINE('',#3186,#674);
#538=LINE('',#3190,#675);
#539=LINE('',#3194,#676);
#540=LINE('',#3198,#677);
#541=LINE('',#3202,#678);
#542=LINE('',#3206,#679);
#543=LINE('',#3210,#680);
#544=LINE('',#3214,#681);
#545=LINE('',#3217,#682);
#546=LINE('',#3222,#683);
#547=LINE('',#3226,#684);
#548=LINE('',#3230,#685);
#549=LINE('',#3234,#686);
#550=LINE('',#3238,#687);
#551=LINE('',#3242,#688);
#552=LINE('',#3246,#689);
#553=LINE('',#3250,#690);
#554=LINE('',#3254,#691);
#555=LINE('',#3259,#692);
#556=LINE('',#3270,#693);
#557=LINE('',#3274,#694);
#558=LINE('',#3278,#695);
#559=LINE('',#3282,#696);
#560=LINE('',#3286,#697);
#561=LINE('',#3290,#698);
#562=LINE('',#3294,#699);
#563=LINE('',#3298,#700);
#564=LINE('',#3301,#701);
#565=LINE('',#3303,#702);
#566=LINE('',#3304,#703);
#567=LINE('',#3324,#704);
#568=LINE('',#3346,#705);
#569=LINE('',#3367,#706);
#570=LINE('',#3368,#707);
#571=LINE('',#3388,#708);
#572=LINE('',#3410,#709);
#573=LINE('',#3431,#710);
#574=LINE('',#3432,#711);
#575=LINE('',#3452,#712);
#576=LINE('',#3474,#713);
#577=LINE('',#3495,#714);
#578=LINE('',#3496,#715);
#579=LINE('',#3516,#716);
#580=LINE('',#3538,#717);
#581=LINE('',#3588,#718);
#582=LINE('',#3589,#719);
#583=LINE('',#3609,#720);
#584=LINE('',#3631,#721);
#585=LINE('',#3681,#722);
#586=LINE('',#3682,#723);
#587=LINE('',#3702,#724);
#588=LINE('',#3724,#725);
#589=LINE('',#3745,#726);
#590=LINE('',#3746,#727);
#591=LINE('',#3766,#728);
#592=LINE('',#3788,#729);
#593=LINE('',#3809,#730);
#594=LINE('',#3810,#731);
#595=LINE('',#3830,#732);
#596=LINE('',#3852,#733);
#597=LINE('',#4344,#734);
#598=LINE('',#4347,#735);
#599=LINE('',#4351,#736);
#600=LINE('',#4356,#737);
#601=LINE('',#4361,#738);
#602=LINE('',#4365,#739);
#603=LINE('',#4368,#740);
#604=LINE('',#4372,#741);
#605=LINE('',#4377,#742);
#606=LINE('',#4381,#743);
#607=LINE('',#4386,#744);
#608=LINE('',#4388,#745);
#609=LINE('',#4390,#746);
#610=VECTOR('',#2284,10.);
#611=VECTOR('',#2287,10.);
#612=VECTOR('',#2292,10.);
#613=VECTOR('',#2295,10.);
#614=VECTOR('',#2298,10.);
#615=VECTOR('',#2301,10.);
#616=VECTOR('',#2304,10.);
#617=VECTOR('',#2307,10.);
#618=VECTOR('',#2310,10.);
#619=VECTOR('',#2313,10.);
#620=VECTOR('',#2316,10.);
#621=VECTOR('',#2319,10.);
#622=VECTOR('',#2322,10.);
#623=VECTOR('',#2325,10.);
#624=VECTOR('',#2328,10.);
#625=VECTOR('',#2331,10.);
#626=VECTOR('',#2334,10.);
#627=VECTOR('',#2337,10.);
#628=VECTOR('',#2340,10.);
#629=VECTOR('',#2343,10.);
#630=VECTOR('',#2346,10.);
#631=VECTOR('',#2349,10.);
#632=VECTOR('',#2354,10.);
#633=VECTOR('',#2357,10.);
#634=VECTOR('',#2362,2.);
#635=VECTOR('',#2369,2.);
#636=VECTOR('',#2376,2.);
#637=VECTOR('',#2383,2.);
#638=VECTOR('',#2388,10.);
#639=VECTOR('',#2389,10.);
#640=VECTOR('',#2390,10.);
#641=VECTOR('',#2391,10.);
#642=VECTOR('',#2394,10.);
#643=VECTOR('',#2401,10.);
#644=VECTOR('',#2404,10.);
#645=VECTOR('',#2411,10.);
#646=VECTOR('',#2414,10.);
#647=VECTOR('',#2421,10.);
#648=VECTOR('',#2424,10.);
#649=VECTOR('',#2431,10.);
#650=VECTOR('',#2434,10.);
#651=VECTOR('',#2443,10.);
#652=VECTOR('',#2450,10.);
#653=VECTOR('',#2453,10.);
#654=VECTOR('',#2460,10.);
#655=VECTOR('',#2463,10.);
#656=VECTOR('',#2470,10.);
#657=VECTOR('',#2473,10.);
#658=VECTOR('',#2480,10.);
#659=VECTOR('',#2483,10.);
#660=VECTOR('',#2490,10.);
#661=VECTOR('',#2495,10.);
#662=VECTOR('',#2498,10.);
#663=VECTOR('',#2501,10.);
#664=VECTOR('',#2504,10.);
#665=VECTOR('',#2507,10.);
#666=VECTOR('',#2510,10.);
#667=VECTOR('',#2513,10.);
#668=VECTOR('',#2516,10.);
#669=VECTOR('',#2519,10.);
#670=VECTOR('',#2522,10.);
#671=VECTOR('',#2527,10.);
#672=VECTOR('',#2530,10.);
#673=VECTOR('',#2539,10.);
#674=VECTOR('',#2542,10.);
#675=VECTOR('',#2545,10.);
#676=VECTOR('',#2548,10.);
#677=VECTOR('',#2551,10.);
#678=VECTOR('',#2554,10.);
#679=VECTOR('',#2557,10.);
#680=VECTOR('',#2560,10.);
#681=VECTOR('',#2563,10.);
#682=VECTOR('',#2566,10.);
#683=VECTOR('',#2571,10.);
#684=VECTOR('',#2574,10.);
#685=VECTOR('',#2577,10.);
#686=VECTOR('',#2580,10.);
#687=VECTOR('',#2583,10.);
#688=VECTOR('',#2586,10.);
#689=VECTOR('',#2589,10.);
#690=VECTOR('',#2592,10.);
#691=VECTOR('',#2595,10.);
#692=VECTOR('',#2602,10.);
#693=VECTOR('',#2613,10.);
#694=VECTOR('',#2616,10.);
#695=VECTOR('',#2619,10.);
#696=VECTOR('',#2622,10.);
#697=VECTOR('',#2625,10.);
#698=VECTOR('',#2628,10.);
#699=VECTOR('',#2631,10.);
#700=VECTOR('',#2634,10.);
#701=VECTOR('',#2637,10.);
#702=VECTOR('',#2640,10.);
#703=VECTOR('',#2641,10.);
#704=VECTOR('',#2644,10.);
#705=VECTOR('',#2647,10.);
#706=VECTOR('',#2652,10.);
#707=VECTOR('',#2653,10.);
#708=VECTOR('',#2656,10.);
#709=VECTOR('',#2659,10.);
#710=VECTOR('',#2664,10.);
#711=VECTOR('',#2665,10.);
#712=VECTOR('',#2668,10.);
#713=VECTOR('',#2671,10.);
#714=VECTOR('',#2676,10.);
#715=VECTOR('',#2677,10.);
#716=VECTOR('',#2680,10.);
#717=VECTOR('',#2683,10.);
#718=VECTOR('',#2690,10.);
#719=VECTOR('',#2691,10.);
#720=VECTOR('',#2694,10.);
#721=VECTOR('',#2697,10.);
#722=VECTOR('',#2704,10.);
#723=VECTOR('',#2705,10.);
#724=VECTOR('',#2708,10.);
#725=VECTOR('',#2711,10.);
#726=VECTOR('',#2716,10.);
#727=VECTOR('',#2717,10.);
#728=VECTOR('',#2720,10.);
#729=VECTOR('',#2723,10.);
#730=VECTOR('',#2728,10.);
#731=VECTOR('',#2729,10.);
#732=VECTOR('',#2732,10.);
#733=VECTOR('',#2735,10.);
#734=VECTOR('',#2780,2.8);
#735=VECTOR('',#2785,2.8);
#736=VECTOR('',#2790,2.8);
#737=VECTOR('',#2797,2.8);
#738=VECTOR('',#2804,2.8);
#739=VECTOR('',#2809,2.8);
#740=VECTOR('',#2814,2.8);
#741=VECTOR('',#2819,2.8);
#742=VECTOR('',#2826,2.8);
#743=VECTOR('',#2831,2.8);
#744=VECTOR('',#2840,1.59999999999997);
#745=VECTOR('',#2843,1.59999999999997);
#746=VECTOR('',#2846,1.5);
#747=VERTEX_POINT('',#2849);
#748=VERTEX_POINT('',#2850);
#749=VERTEX_POINT('',#2852);
#750=VERTEX_POINT('',#2854);
#751=VERTEX_POINT('',#2858);
#752=VERTEX_POINT('',#2860);
#753=VERTEX_POINT('',#2862);
#754=VERTEX_POINT('',#2864);
#755=VERTEX_POINT('',#2866);
#756=VERTEX_POINT('',#2868);
#757=VERTEX_POINT('',#2870);
#758=VERTEX_POINT('',#2872);
#759=VERTEX_POINT('',#2874);
#760=VERTEX_POINT('',#2876);
#761=VERTEX_POINT('',#2878);
#762=VERTEX_POINT('',#2880);
#763=VERTEX_POINT('',#2882);
#764=VERTEX_POINT('',#2884);
#765=VERTEX_POINT('',#2886);
#766=VERTEX_POINT('',#2888);
#767=VERTEX_POINT('',#2890);
#768=VERTEX_POINT('',#2892);
#769=VERTEX_POINT('',#2894);
#770=VERTEX_POINT('',#2896);
#771=VERTEX_POINT('',#2898);
#772=VERTEX_POINT('',#2900);
#773=VERTEX_POINT('',#2902);
#774=VERTEX_POINT('',#2904);
#775=VERTEX_POINT('',#2906);
#776=VERTEX_POINT('',#2908);
#777=VERTEX_POINT('',#2910);
#778=VERTEX_POINT('',#2912);
#779=VERTEX_POINT('',#2914);
#780=VERTEX_POINT('',#2916);
#781=VERTEX_POINT('',#2918);
#782=VERTEX_POINT('',#2920);
#783=VERTEX_POINT('',#2922);
#784=VERTEX_POINT('',#2924);
#785=VERTEX_POINT('',#2926);
#786=VERTEX_POINT('',#2928);
#787=VERTEX_POINT('',#2930);
#788=VERTEX_POINT('',#2932);
#789=VERTEX_POINT('',#2935);
#790=VERTEX_POINT('',#2938);
#791=VERTEX_POINT('',#2940);
#792=VERTEX_POINT('',#2944);
#793=VERTEX_POINT('',#2946);
#794=VERTEX_POINT('',#2950);
#795=VERTEX_POINT('',#2952);
#796=VERTEX_POINT('',#2956);
#797=VERTEX_POINT('',#2958);
#798=VERTEX_POINT('',#2962);
#799=VERTEX_POINT('',#2964);
#800=VERTEX_POINT('',#2968);
#801=VERTEX_POINT('',#2970);
#802=VERTEX_POINT('',#2985);
#803=VERTEX_POINT('',#2994);
#804=VERTEX_POINT('',#2996);
#805=VERTEX_POINT('',#2998);
#806=VERTEX_POINT('',#3011);
#807=VERTEX_POINT('',#3013);
#808=VERTEX_POINT('',#3015);
#809=VERTEX_POINT('',#3017);
#810=VERTEX_POINT('',#3019);
#811=VERTEX_POINT('',#3021);
#812=VERTEX_POINT('',#3023);
#813=VERTEX_POINT('',#3025);
#814=VERTEX_POINT('',#3027);
#815=VERTEX_POINT('',#3029);
#816=VERTEX_POINT('',#3031);
#817=VERTEX_POINT('',#3033);
#818=VERTEX_POINT('',#3035);
#819=VERTEX_POINT('',#3037);
#820=VERTEX_POINT('',#3039);
#821=VERTEX_POINT('',#3041);
#822=VERTEX_POINT('',#3043);
#823=VERTEX_POINT('',#3045);
#824=VERTEX_POINT('',#3047);
#825=VERTEX_POINT('',#3049);
#826=VERTEX_POINT('',#3051);
#827=VERTEX_POINT('',#3053);
#828=VERTEX_POINT('',#3055);
#829=VERTEX_POINT('',#3057);
#830=VERTEX_POINT('',#3059);
#831=VERTEX_POINT('',#3061);
#832=VERTEX_POINT('',#3063);
#833=VERTEX_POINT('',#3065);
#834=VERTEX_POINT('',#3068);
#835=VERTEX_POINT('',#3070);
#836=VERTEX_POINT('',#3072);
#837=VERTEX_POINT('',#3074);
#838=VERTEX_POINT('',#3076);
#839=VERTEX_POINT('',#3078);
#840=VERTEX_POINT('',#3080);
#841=VERTEX_POINT('',#3082);
#842=VERTEX_POINT('',#3084);
#843=VERTEX_POINT('',#3086);
#844=VERTEX_POINT('',#3088);
#845=VERTEX_POINT('',#3090);
#846=VERTEX_POINT('',#3092);
#847=VERTEX_POINT('',#3094);
#848=VERTEX_POINT('',#3096);
#849=VERTEX_POINT('',#3098);
#850=VERTEX_POINT('',#3100);
#851=VERTEX_POINT('',#3102);
#852=VERTEX_POINT('',#3104);
#853=VERTEX_POINT('',#3106);
#854=VERTEX_POINT('',#3108);
#855=VERTEX_POINT('',#3110);
#856=VERTEX_POINT('',#3112);
#857=VERTEX_POINT('',#3114);
#858=VERTEX_POINT('',#3116);
#859=VERTEX_POINT('',#3118);
#860=VERTEX_POINT('',#3120);
#861=VERTEX_POINT('',#3122);
#862=VERTEX_POINT('',#3125);
#863=VERTEX_POINT('',#3128);
#864=VERTEX_POINT('',#3129);
#865=VERTEX_POINT('',#3131);
#866=VERTEX_POINT('',#3133);
#867=VERTEX_POINT('',#3135);
#868=VERTEX_POINT('',#3137);
#869=VERTEX_POINT('',#3139);
#870=VERTEX_POINT('',#3141);
#871=VERTEX_POINT('',#3143);
#872=VERTEX_POINT('',#3145);
#873=VERTEX_POINT('',#3147);
#874=VERTEX_POINT('',#3149);
#875=VERTEX_POINT('',#3151);
#876=VERTEX_POINT('',#3153);
#877=VERTEX_POINT('',#3155);
#878=VERTEX_POINT('',#3157);
#879=VERTEX_POINT('',#3159);
#880=VERTEX_POINT('',#3161);
#881=VERTEX_POINT('',#3163);
#882=VERTEX_POINT('',#3165);
#883=VERTEX_POINT('',#3169);
#884=VERTEX_POINT('',#3171);
#885=VERTEX_POINT('',#3174);
#886=VERTEX_POINT('',#3176);
#887=VERTEX_POINT('',#3178);
#888=VERTEX_POINT('',#3181);
#889=VERTEX_POINT('',#3183);
#890=VERTEX_POINT('',#3185);
#891=VERTEX_POINT('',#3187);
#892=VERTEX_POINT('',#3189);
#893=VERTEX_POINT('',#3191);
#894=VERTEX_POINT('',#3193);
#895=VERTEX_POINT('',#3195);
#896=VERTEX_POINT('',#3197);
#897=VERTEX_POINT('',#3199);
#898=VERTEX_POINT('',#3201);
#899=VERTEX_POINT('',#3203);
#900=VERTEX_POINT('',#3205);
#901=VERTEX_POINT('',#3207);
#902=VERTEX_POINT('',#3209);
#903=VERTEX_POINT('',#3211);
#904=VERTEX_POINT('',#3213);
#905=VERTEX_POINT('',#3215);
#906=VERTEX_POINT('',#3219);
#907=VERTEX_POINT('',#3221);
#908=VERTEX_POINT('',#3223);
#909=VERTEX_POINT('',#3225);
#910=VERTEX_POINT('',#3227);
#911=VERTEX_POINT('',#3229);
#912=VERTEX_POINT('',#3231);
#913=VERTEX_POINT('',#3233);
#914=VERTEX_POINT('',#3235);
#915=VERTEX_POINT('',#3237);
#916=VERTEX_POINT('',#3239);
#917=VERTEX_POINT('',#3241);
#918=VERTEX_POINT('',#3243);
#919=VERTEX_POINT('',#3245);
#920=VERTEX_POINT('',#3247);
#921=VERTEX_POINT('',#3249);
#922=VERTEX_POINT('',#3251);
#923=VERTEX_POINT('',#3253);
#924=VERTEX_POINT('',#3257);
#925=VERTEX_POINT('',#3260);
#926=VERTEX_POINT('',#3262);
#927=VERTEX_POINT('',#3264);
#928=VERTEX_POINT('',#3267);
#929=VERTEX_POINT('',#3269);
#930=VERTEX_POINT('',#3271);
#931=VERTEX_POINT('',#3273);
#932=VERTEX_POINT('',#3275);
#933=VERTEX_POINT('',#3277);
#934=VERTEX_POINT('',#3279);
#935=VERTEX_POINT('',#3281);
#936=VERTEX_POINT('',#3283);
#937=VERTEX_POINT('',#3285);
#938=VERTEX_POINT('',#3287);
#939=VERTEX_POINT('',#3289);
#940=VERTEX_POINT('',#3291);
#941=VERTEX_POINT('',#3293);
#942=VERTEX_POINT('',#3295);
#943=VERTEX_POINT('',#3297);
#944=VERTEX_POINT('',#3299);
#945=VERTEX_POINT('',#3892);
#946=VERTEX_POINT('',#3915);
#947=VERTEX_POINT('',#3959);
#948=VERTEX_POINT('',#4001);
#949=VERTEX_POINT('',#4084);
#950=VERTEX_POINT('',#4126);
#951=VERTEX_POINT('',#4170);
#952=VERTEX_POINT('',#4212);
#953=VERTEX_POINT('',#4256);
#954=VERTEX_POINT('',#4300);
#955=VERTEX_POINT('',#4342);
#956=VERTEX_POINT('',#4349);
#957=VERTEX_POINT('',#4354);
#958=VERTEX_POINT('',#4358);
#959=VERTEX_POINT('',#4363);
#960=VERTEX_POINT('',#4370);
#961=VERTEX_POINT('',#4374);
#962=VERTEX_POINT('',#4379);
#963=EDGE_CURVE('',#747,#748,#473,.T.);
#964=EDGE_CURVE('',#749,#747,#348,.T.);
#965=EDGE_CURVE('',#749,#750,#474,.T.);
#966=EDGE_CURVE('',#748,#750,#349,.T.);
#967=EDGE_CURVE('',#750,#751,#475,.T.);
#968=EDGE_CURVE('',#752,#751,#350,.T.);
#969=EDGE_CURVE('',#752,#753,#476,.T.);
#970=EDGE_CURVE('',#753,#754,#351,.T.);
#971=EDGE_CURVE('',#754,#755,#477,.T.);
#972=EDGE_CURVE('',#756,#755,#352,.T.);
#973=EDGE_CURVE('',#756,#757,#478,.T.);
#974=EDGE_CURVE('',#757,#758,#353,.T.);
#975=EDGE_CURVE('',#758,#759,#479,.T.);
#976=EDGE_CURVE('',#760,#759,#354,.T.);
#977=EDGE_CURVE('',#760,#761,#480,.T.);
#978=EDGE_CURVE('',#761,#762,#355,.T.);
#979=EDGE_CURVE('',#762,#763,#481,.T.);
#980=EDGE_CURVE('',#764,#763,#356,.T.);
#981=EDGE_CURVE('',#764,#765,#482,.T.);
#982=EDGE_CURVE('',#765,#766,#357,.T.);
#983=EDGE_CURVE('',#766,#767,#483,.T.);
#984=EDGE_CURVE('',#768,#767,#358,.T.);
#985=EDGE_CURVE('',#769,#768,#484,.T.);
#986=EDGE_CURVE('',#769,#770,#359,.T.);
#987=EDGE_CURVE('',#771,#770,#485,.T.);
#988=EDGE_CURVE('',#772,#771,#360,.T.);
#989=EDGE_CURVE('',#772,#773,#486,.T.);
#990=EDGE_CURVE('',#773,#774,#361,.T.);
#991=EDGE_CURVE('',#774,#775,#487,.T.);
#992=EDGE_CURVE('',#776,#775,#362,.T.);
#993=EDGE_CURVE('',#776,#777,#488,.T.);
#994=EDGE_CURVE('',#777,#778,#363,.T.);
#995=EDGE_CURVE('',#778,#779,#489,.T.);
#996=EDGE_CURVE('',#780,#779,#364,.T.);
#997=EDGE_CURVE('',#780,#781,#490,.T.);
#998=EDGE_CURVE('',#781,#782,#365,.T.);
#999=EDGE_CURVE('',#782,#783,#491,.T.);
#1000=EDGE_CURVE('',#784,#783,#366,.T.);
#1001=EDGE_CURVE('',#784,#785,#492,.T.);
#1002=EDGE_CURVE('',#785,#786,#367,.T.);
#1003=EDGE_CURVE('',#786,#787,#493,.T.);
#1004=EDGE_CURVE('',#788,#787,#368,.T.);
#1005=EDGE_CURVE('',#788,#748,#494,.T.);
#1006=EDGE_CURVE('',#789,#789,#369,.T.);
#1007=EDGE_CURVE('',#790,#769,#495,.T.);
#1008=EDGE_CURVE('',#791,#790,#370,.T.);
#1009=EDGE_CURVE('',#770,#791,#496,.T.);
#1010=EDGE_CURVE('',#792,#792,#371,.T.);
#1011=EDGE_CURVE('',#792,#793,#497,.T.);
#1012=EDGE_CURVE('',#793,#793,#372,.T.);
#1013=EDGE_CURVE('',#794,#794,#373,.T.);
#1014=EDGE_CURVE('',#794,#795,#498,.T.);
#1015=EDGE_CURVE('',#795,#795,#374,.T.);
#1016=EDGE_CURVE('',#796,#796,#375,.T.);
#1017=EDGE_CURVE('',#796,#797,#499,.T.);
#1018=EDGE_CURVE('',#797,#797,#376,.T.);
#1019=EDGE_CURVE('',#798,#798,#377,.T.);
#1020=EDGE_CURVE('',#798,#799,#500,.T.);
#1021=EDGE_CURVE('',#799,#799,#378,.T.);
#1022=EDGE_CURVE('',#800,#791,#501,.T.);
#1023=EDGE_CURVE('',#801,#800,#35,.T.);
#1024=EDGE_CURVE('',#802,#801,#36,.T.);
#1025=EDGE_CURVE('',#803,#802,#502,.T.);
#1026=EDGE_CURVE('',#804,#803,#503,.T.);
#1027=EDGE_CURVE('',#805,#804,#504,.T.);
#1028=EDGE_CURVE('',#771,#805,#37,.T.);
#1029=EDGE_CURVE('',#747,#806,#505,.T.);
#1030=EDGE_CURVE('',#807,#806,#379,.T.);
#1031=EDGE_CURVE('',#807,#808,#380,.T.);
#1032=EDGE_CURVE('',#809,#808,#381,.T.);
#1033=EDGE_CURVE('',#809,#810,#506,.T.);
#1034=EDGE_CURVE('',#810,#811,#382,.T.);
#1035=EDGE_CURVE('',#811,#812,#507,.T.);
#1036=EDGE_CURVE('',#813,#812,#383,.T.);
#1037=EDGE_CURVE('',#813,#814,#384,.T.);
#1038=EDGE_CURVE('',#815,#814,#385,.T.);
#1039=EDGE_CURVE('',#815,#816,#508,.T.);
#1040=EDGE_CURVE('',#816,#817,#386,.T.);
#1041=EDGE_CURVE('',#817,#818,#509,.T.);
#1042=EDGE_CURVE('',#819,#818,#387,.T.);
#1043=EDGE_CURVE('',#819,#820,#388,.T.);
#1044=EDGE_CURVE('',#821,#820,#389,.T.);
#1045=EDGE_CURVE('',#821,#822,#510,.T.);
#1046=EDGE_CURVE('',#822,#823,#390,.T.);
#1047=EDGE_CURVE('',#823,#824,#511,.T.);
#1048=EDGE_CURVE('',#825,#824,#391,.T.);
#1049=EDGE_CURVE('',#825,#826,#392,.T.);
#1050=EDGE_CURVE('',#827,#826,#393,.T.);
#1051=EDGE_CURVE('',#827,#828,#512,.T.);
#1052=EDGE_CURVE('',#828,#829,#394,.T.);
#1053=EDGE_CURVE('',#829,#830,#513,.T.);
#1054=EDGE_CURVE('',#831,#830,#395,.T.);
#1055=EDGE_CURVE('',#831,#832,#396,.T.);
#1056=EDGE_CURVE('',#832,#833,#397,.T.);
#1057=EDGE_CURVE('',#800,#833,#398,.T.);
#1058=EDGE_CURVE('',#790,#834,#514,.T.);
#1059=EDGE_CURVE('',#835,#834,#399,.T.);
#1060=EDGE_CURVE('',#835,#836,#400,.T.);
#1061=EDGE_CURVE('',#837,#836,#401,.T.);
#1062=EDGE_CURVE('',#837,#838,#515,.T.);
#1063=EDGE_CURVE('',#838,#839,#402,.T.);
#1064=EDGE_CURVE('',#839,#840,#516,.T.);
#1065=EDGE_CURVE('',#841,#840,#403,.T.);
#1066=EDGE_CURVE('',#841,#842,#404,.T.);
#1067=EDGE_CURVE('',#843,#842,#405,.T.);
#1068=EDGE_CURVE('',#843,#844,#517,.T.);
#1069=EDGE_CURVE('',#844,#845,#406,.T.);
#1070=EDGE_CURVE('',#845,#846,#518,.T.);
#1071=EDGE_CURVE('',#847,#846,#407,.T.);
#1072=EDGE_CURVE('',#847,#848,#408,.T.);
#1073=EDGE_CURVE('',#849,#848,#409,.T.);
#1074=EDGE_CURVE('',#849,#850,#519,.T.);
#1075=EDGE_CURVE('',#850,#851,#410,.T.);
#1076=EDGE_CURVE('',#851,#852,#520,.T.);
#1077=EDGE_CURVE('',#853,#852,#411,.T.);
#1078=EDGE_CURVE('',#853,#854,#412,.T.);
#1079=EDGE_CURVE('',#855,#854,#413,.T.);
#1080=EDGE_CURVE('',#855,#856,#521,.T.);
#1081=EDGE_CURVE('',#856,#857,#414,.T.);
#1082=EDGE_CURVE('',#857,#858,#522,.T.);
#1083=EDGE_CURVE('',#859,#858,#415,.T.);
#1084=EDGE_CURVE('',#859,#860,#416,.T.);
#1085=EDGE_CURVE('',#861,#860,#417,.T.);
#1086=EDGE_CURVE('',#861,#749,#523,.T.);
#1087=EDGE_CURVE('',#862,#862,#418,.T.);
#1088=EDGE_CURVE('',#863,#864,#524,.T.);
#1089=EDGE_CURVE('',#864,#865,#419,.T.);
#1090=EDGE_CURVE('',#865,#866,#525,.T.);
#1091=EDGE_CURVE('',#867,#866,#420,.T.);
#1092=EDGE_CURVE('',#867,#868,#526,.T.);
#1093=EDGE_CURVE('',#868,#869,#421,.T.);
#1094=EDGE_CURVE('',#869,#870,#527,.T.);
#1095=EDGE_CURVE('',#871,#870,#422,.T.);
#1096=EDGE_CURVE('',#871,#872,#528,.T.);
#1097=EDGE_CURVE('',#872,#873,#423,.T.);
#1098=EDGE_CURVE('',#873,#874,#529,.T.);
#1099=EDGE_CURVE('',#875,#874,#424,.T.);
#1100=EDGE_CURVE('',#875,#876,#530,.T.);
#1101=EDGE_CURVE('',#876,#877,#425,.T.);
#1102=EDGE_CURVE('',#877,#878,#531,.T.);
#1103=EDGE_CURVE('',#879,#878,#426,.T.);
#1104=EDGE_CURVE('',#879,#880,#532,.T.);
#1105=EDGE_CURVE('',#880,#881,#427,.T.);
#1106=EDGE_CURVE('',#881,#882,#533,.T.);
#1107=EDGE_CURVE('',#863,#882,#428,.T.);
#1108=EDGE_CURVE('',#864,#883,#534,.T.);
#1109=EDGE_CURVE('',#884,#883,#429,.T.);
#1110=EDGE_CURVE('',#884,#865,#535,.T.);
#1111=EDGE_CURVE('',#885,#885,#430,.T.);
#1112=EDGE_CURVE('',#886,#886,#431,.T.);
#1113=EDGE_CURVE('',#887,#887,#432,.T.);
#1114=EDGE_CURVE('',#883,#888,#536,.T.);
#1115=EDGE_CURVE('',#889,#888,#433,.T.);
#1116=EDGE_CURVE('',#889,#890,#537,.T.);
#1117=EDGE_CURVE('',#890,#891,#434,.T.);
#1118=EDGE_CURVE('',#891,#892,#538,.T.);
#1119=EDGE_CURVE('',#893,#892,#435,.T.);
#1120=EDGE_CURVE('',#893,#894,#539,.T.);
#1121=EDGE_CURVE('',#894,#895,#436,.T.);
#1122=EDGE_CURVE('',#895,#896,#540,.T.);
#1123=EDGE_CURVE('',#897,#896,#437,.T.);
#1124=EDGE_CURVE('',#897,#898,#541,.T.);
#1125=EDGE_CURVE('',#898,#899,#438,.T.);
#1126=EDGE_CURVE('',#899,#900,#542,.T.);
#1127=EDGE_CURVE('',#901,#900,#439,.T.);
#1128=EDGE_CURVE('',#901,#902,#543,.T.);
#1129=EDGE_CURVE('',#902,#903,#440,.T.);
#1130=EDGE_CURVE('',#903,#904,#544,.T.);
#1131=EDGE_CURVE('',#905,#904,#441,.T.);
#1132=EDGE_CURVE('',#905,#884,#545,.T.);
#1133=EDGE_CURVE('',#804,#906,#442,.T.);
#1134=EDGE_CURVE('',#906,#907,#546,.T.);
#1135=EDGE_CURVE('',#908,#907,#443,.T.);
#1136=EDGE_CURVE('',#908,#909,#547,.T.);
#1137=EDGE_CURVE('',#909,#910,#444,.T.);
#1138=EDGE_CURVE('',#910,#911,#548,.T.);
#1139=EDGE_CURVE('',#912,#911,#445,.T.);
#1140=EDGE_CURVE('',#912,#913,#549,.T.);
#1141=EDGE_CURVE('',#913,#914,#446,.T.);
#1142=EDGE_CURVE('',#914,#915,#550,.T.);
#1143=EDGE_CURVE('',#916,#915,#447,.T.);
#1144=EDGE_CURVE('',#916,#917,#551,.T.);
#1145=EDGE_CURVE('',#917,#918,#448,.T.);
#1146=EDGE_CURVE('',#918,#919,#552,.T.);
#1147=EDGE_CURVE('',#920,#919,#449,.T.);
#1148=EDGE_CURVE('',#920,#921,#553,.T.);
#1149=EDGE_CURVE('',#921,#922,#450,.T.);
#1150=EDGE_CURVE('',#922,#923,#554,.T.);
#1151=EDGE_CURVE('',#805,#923,#451,.T.);
#1152=EDGE_CURVE('',#924,#803,#452,.T.);
#1153=EDGE_CURVE('',#924,#906,#555,.T.);
#1154=EDGE_CURVE('',#925,#925,#453,.T.);
#1155=EDGE_CURVE('',#926,#926,#454,.T.);
#1156=EDGE_CURVE('',#927,#927,#455,.T.);
#1157=EDGE_CURVE('',#928,#802,#456,.T.);
#1158=EDGE_CURVE('',#928,#929,#556,.T.);
#1159=EDGE_CURVE('',#929,#930,#457,.T.);
#1160=EDGE_CURVE('',#930,#931,#557,.T.);
#1161=EDGE_CURVE('',#932,#931,#458,.T.);
#1162=EDGE_CURVE('',#932,#933,#558,.T.);
#1163=EDGE_CURVE('',#933,#934,#459,.T.);
#1164=EDGE_CURVE('',#934,#935,#559,.T.);
#1165=EDGE_CURVE('',#936,#935,#460,.T.);
#1166=EDGE_CURVE('',#936,#937,#560,.T.);
#1167=EDGE_CURVE('',#937,#938,#461,.T.);
#1168=EDGE_CURVE('',#938,#939,#561,.T.);
#1169=EDGE_CURVE('',#940,#939,#462,.T.);
#1170=EDGE_CURVE('',#940,#941,#562,.T.);
#1171=EDGE_CURVE('',#941,#942,#463,.T.);
#1172=EDGE_CURVE('',#942,#943,#563,.T.);
#1173=EDGE_CURVE('',#944,#943,#464,.T.);
#1174=EDGE_CURVE('',#944,#924,#564,.T.);
#1175=EDGE_CURVE('',#942,#909,#565,.T.);
#1176=EDGE_CURVE('',#910,#941,#566,.T.);
#1177=EDGE_CURVE('',#812,#940,#38,.T.);
#1178=EDGE_CURVE('',#811,#785,#567,.T.);
#1179=EDGE_CURVE('',#911,#784,#39,.T.);
#1180=EDGE_CURVE('',#787,#908,#40,.T.);
#1181=EDGE_CURVE('',#810,#786,#568,.T.);
#1182=EDGE_CURVE('',#943,#809,#41,.T.);
#1183=EDGE_CURVE('',#873,#898,#569,.T.);
#1184=EDGE_CURVE('',#899,#872,#570,.T.);
#1185=EDGE_CURVE('',#852,#871,#42,.T.);
#1186=EDGE_CURVE('',#851,#757,#571,.T.);
#1187=EDGE_CURVE('',#900,#756,#43,.T.);
#1188=EDGE_CURVE('',#759,#897,#44,.T.);
#1189=EDGE_CURVE('',#850,#758,#572,.T.);
#1190=EDGE_CURVE('',#874,#849,#45,.T.);
#1191=EDGE_CURVE('',#877,#894,#573,.T.);
#1192=EDGE_CURVE('',#895,#876,#574,.T.);
#1193=EDGE_CURVE('',#846,#875,#46,.T.);
#1194=EDGE_CURVE('',#845,#761,#575,.T.);
#1195=EDGE_CURVE('',#896,#760,#47,.T.);
#1196=EDGE_CURVE('',#763,#893,#48,.T.);
#1197=EDGE_CURVE('',#844,#762,#576,.T.);
#1198=EDGE_CURVE('',#878,#843,#49,.T.);
#1199=EDGE_CURVE('',#930,#921,#577,.T.);
#1200=EDGE_CURVE('',#922,#929,#578,.T.);
#1201=EDGE_CURVE('',#830,#928,#50,.T.);
#1202=EDGE_CURVE('',#829,#773,#579,.T.);
#1203=EDGE_CURVE('',#923,#772,#51,.T.);
#1204=EDGE_CURVE('',#775,#920,#52,.T.);
#1205=EDGE_CURVE('',#828,#774,#580,.T.);
#1206=EDGE_CURVE('',#931,#827,#53,.T.);
#1207=EDGE_CURVE('',#907,#788,#54,.T.);
#1208=EDGE_CURVE('',#806,#944,#55,.T.);
#1209=EDGE_CURVE('',#938,#913,#581,.T.);
#1210=EDGE_CURVE('',#914,#937,#582,.T.);
#1211=EDGE_CURVE('',#818,#936,#56,.T.);
#1212=EDGE_CURVE('',#817,#781,#583,.T.);
#1213=EDGE_CURVE('',#915,#780,#57,.T.);
#1214=EDGE_CURVE('',#783,#912,#58,.T.);
#1215=EDGE_CURVE('',#816,#782,#584,.T.);
#1216=EDGE_CURVE('',#939,#815,#59,.T.);
#1217=EDGE_CURVE('',#888,#768,#60,.T.);
#1218=EDGE_CURVE('',#834,#863,#61,.T.);
#1219=EDGE_CURVE('',#869,#902,#585,.T.);
#1220=EDGE_CURVE('',#903,#868,#586,.T.);
#1221=EDGE_CURVE('',#858,#867,#62,.T.);
#1222=EDGE_CURVE('',#857,#753,#587,.T.);
#1223=EDGE_CURVE('',#904,#752,#63,.T.);
#1224=EDGE_CURVE('',#755,#901,#64,.T.);
#1225=EDGE_CURVE('',#856,#754,#588,.T.);
#1226=EDGE_CURVE('',#870,#855,#65,.T.);
#1227=EDGE_CURVE('',#881,#890,#589,.T.);
#1228=EDGE_CURVE('',#891,#880,#590,.T.);
#1229=EDGE_CURVE('',#840,#879,#66,.T.);
#1230=EDGE_CURVE('',#839,#765,#591,.T.);
#1231=EDGE_CURVE('',#892,#764,#67,.T.);
#1232=EDGE_CURVE('',#767,#889,#68,.T.);
#1233=EDGE_CURVE('',#838,#766,#592,.T.);
#1234=EDGE_CURVE('',#882,#837,#69,.T.);
#1235=EDGE_CURVE('',#934,#917,#593,.T.);
#1236=EDGE_CURVE('',#918,#933,#594,.T.);
#1237=EDGE_CURVE('',#824,#932,#70,.T.);
#1238=EDGE_CURVE('',#823,#777,#595,.T.);
#1239=EDGE_CURVE('',#919,#776,#71,.T.);
#1240=EDGE_CURVE('',#779,#916,#72,.T.);
#1241=EDGE_CURVE('',#822,#778,#596,.T.);
#1242=EDGE_CURVE('',#935,#821,#73,.T.);
#1243=EDGE_CURVE('',#751,#905,#74,.T.);
#1244=EDGE_CURVE('',#866,#945,#75,.T.);
#1245=EDGE_CURVE('',#945,#861,#76,.T.);
#1246=EDGE_CURVE('',#860,#946,#77,.T.);
#1247=EDGE_CURVE('',#946,#859,#78,.T.);
#1248=EDGE_CURVE('',#836,#947,#79,.T.);
#1249=EDGE_CURVE('',#947,#835,#80,.T.);
#1250=EDGE_CURVE('',#820,#948,#81,.T.);
#1251=EDGE_CURVE('',#948,#819,#82,.T.);
#1252=EDGE_CURVE('',#833,#831,#83,.T.);
#1253=EDGE_CURVE('',#826,#949,#84,.T.);
#1254=EDGE_CURVE('',#949,#825,#85,.T.);
#1255=EDGE_CURVE('',#842,#950,#86,.T.);
#1256=EDGE_CURVE('',#950,#841,#87,.T.);
#1257=EDGE_CURVE('',#854,#951,#88,.T.);
#1258=EDGE_CURVE('',#951,#853,#89,.T.);
#1259=EDGE_CURVE('',#848,#952,#90,.T.);
#1260=EDGE_CURVE('',#952,#847,#91,.T.);
#1261=EDGE_CURVE('',#814,#953,#92,.T.);
#1262=EDGE_CURVE('',#953,#813,#93,.T.);
#1263=EDGE_CURVE('',#808,#954,#94,.T.);
#1264=EDGE_CURVE('',#954,#807,#95,.T.);
#1265=EDGE_CURVE('',#955,#955,#465,.T.);
#1266=EDGE_CURVE('',#955,#953,#597,.T.);
#1267=EDGE_CURVE('',#886,#951,#598,.T.);
#1268=EDGE_CURVE('',#956,#956,#466,.T.);
#1269=EDGE_CURVE('',#956,#946,#599,.T.);
#1270=EDGE_CURVE('',#957,#957,#467,.T.);
#1271=EDGE_CURVE('',#957,#948,#600,.T.);
#1272=EDGE_CURVE('',#958,#958,#468,.T.);
#1273=EDGE_CURVE('',#885,#947,#601,.T.);
#1274=EDGE_CURVE('',#959,#959,#469,.T.);
#1275=EDGE_CURVE('',#959,#832,#602,.T.);
#1276=EDGE_CURVE('',#926,#954,#603,.T.);
#1277=EDGE_CURVE('',#960,#960,#470,.T.);
#1278=EDGE_CURVE('',#960,#952,#604,.T.);
#1279=EDGE_CURVE('',#961,#961,#471,.T.);
#1280=EDGE_CURVE('',#925,#949,#605,.T.);
#1281=EDGE_CURVE('',#962,#962,#472,.T.);
#1282=EDGE_CURVE('',#962,#950,#606,.T.);
#1283=EDGE_CURVE('',#958,#927,#607,.T.);
#1284=EDGE_CURVE('',#961,#887,#608,.T.);
#1285=EDGE_CURVE('',#862,#789,#609,.T.);
#1286=ORIENTED_EDGE('',*,*,#963,.F.);
#1287=ORIENTED_EDGE('',*,*,#964,.F.);
#1288=ORIENTED_EDGE('',*,*,#965,.T.);
#1289=ORIENTED_EDGE('',*,*,#966,.F.);
#1290=ORIENTED_EDGE('',*,*,#966,.T.);
#1291=ORIENTED_EDGE('',*,*,#967,.T.);
#1292=ORIENTED_EDGE('',*,*,#968,.F.);
#1293=ORIENTED_EDGE('',*,*,#969,.T.);
#1294=ORIENTED_EDGE('',*,*,#970,.T.);
#1295=ORIENTED_EDGE('',*,*,#971,.T.);
#1296=ORIENTED_EDGE('',*,*,#972,.F.);
#1297=ORIENTED_EDGE('',*,*,#973,.T.);
#1298=ORIENTED_EDGE('',*,*,#974,.T.);
#1299=ORIENTED_EDGE('',*,*,#975,.T.);
#1300=ORIENTED_EDGE('',*,*,#976,.F.);
#1301=ORIENTED_EDGE('',*,*,#977,.T.);
#1302=ORIENTED_EDGE('',*,*,#978,.T.);
#1303=ORIENTED_EDGE('',*,*,#979,.T.);
#1304=ORIENTED_EDGE('',*,*,#980,.F.);
#1305=ORIENTED_EDGE('',*,*,#981,.T.);
#1306=ORIENTED_EDGE('',*,*,#982,.T.);
#1307=ORIENTED_EDGE('',*,*,#983,.T.);
#1308=ORIENTED_EDGE('',*,*,#984,.F.);
#1309=ORIENTED_EDGE('',*,*,#985,.F.);
#1310=ORIENTED_EDGE('',*,*,#986,.T.);
#1311=ORIENTED_EDGE('',*,*,#987,.F.);
#1312=ORIENTED_EDGE('',*,*,#988,.F.);
#1313=ORIENTED_EDGE('',*,*,#989,.T.);
#1314=ORIENTED_EDGE('',*,*,#990,.T.);
#1315=ORIENTED_EDGE('',*,*,#991,.T.);
#1316=ORIENTED_EDGE('',*,*,#992,.F.);
#1317=ORIENTED_EDGE('',*,*,#993,.T.);
#1318=ORIENTED_EDGE('',*,*,#994,.T.);
#1319=ORIENTED_EDGE('',*,*,#995,.T.);
#1320=ORIENTED_EDGE('',*,*,#996,.F.);
#1321=ORIENTED_EDGE('',*,*,#997,.T.);
#1322=ORIENTED_EDGE('',*,*,#998,.T.);
#1323=ORIENTED_EDGE('',*,*,#999,.T.);
#1324=ORIENTED_EDGE('',*,*,#1000,.F.);
#1325=ORIENTED_EDGE('',*,*,#1001,.T.);
#1326=ORIENTED_EDGE('',*,*,#1002,.T.);
#1327=ORIENTED_EDGE('',*,*,#1003,.T.);
#1328=ORIENTED_EDGE('',*,*,#1004,.F.);
#1329=ORIENTED_EDGE('',*,*,#1005,.T.);
#1330=ORIENTED_EDGE('',*,*,#1006,.T.);
#1331=ORIENTED_EDGE('',*,*,#986,.F.);
#1332=ORIENTED_EDGE('',*,*,#1007,.F.);
#1333=ORIENTED_EDGE('',*,*,#1008,.F.);
#1334=ORIENTED_EDGE('',*,*,#1009,.F.);
#1335=ORIENTED_EDGE('',*,*,#1010,.F.);
#1336=ORIENTED_EDGE('',*,*,#1011,.T.);
#1337=ORIENTED_EDGE('',*,*,#1012,.F.);
#1338=ORIENTED_EDGE('',*,*,#1011,.F.);
#1339=ORIENTED_EDGE('',*,*,#1013,.F.);
#1340=ORIENTED_EDGE('',*,*,#1014,.T.);
#1341=ORIENTED_EDGE('',*,*,#1015,.F.);
#1342=ORIENTED_EDGE('',*,*,#1014,.F.);
#1343=ORIENTED_EDGE('',*,*,#1016,.F.);
#1344=ORIENTED_EDGE('',*,*,#1017,.T.);
#1345=ORIENTED_EDGE('',*,*,#1018,.F.);
#1346=ORIENTED_EDGE('',*,*,#1017,.F.);
#1347=ORIENTED_EDGE('',*,*,#1019,.F.);
#1348=ORIENTED_EDGE('',*,*,#1020,.T.);
#1349=ORIENTED_EDGE('',*,*,#1021,.F.);
#1350=ORIENTED_EDGE('',*,*,#1020,.F.);
#1351=ORIENTED_EDGE('',*,*,#987,.T.);
#1352=ORIENTED_EDGE('',*,*,#1009,.T.);
#1353=ORIENTED_EDGE('',*,*,#1022,.F.);
#1354=ORIENTED_EDGE('',*,*,#1023,.F.);
#1355=ORIENTED_EDGE('',*,*,#1024,.F.);
#1356=ORIENTED_EDGE('',*,*,#1025,.F.);
#1357=ORIENTED_EDGE('',*,*,#1026,.F.);
#1358=ORIENTED_EDGE('',*,*,#1027,.F.);
#1359=ORIENTED_EDGE('',*,*,#1028,.F.);
#1360=ORIENTED_EDGE('',*,*,#964,.T.);
#1361=ORIENTED_EDGE('',*,*,#1029,.T.);
#1362=ORIENTED_EDGE('',*,*,#1030,.F.);
#1363=ORIENTED_EDGE('',*,*,#1031,.T.);
#1364=ORIENTED_EDGE('',*,*,#1032,.F.);
#1365=ORIENTED_EDGE('',*,*,#1033,.T.);
#1366=ORIENTED_EDGE('',*,*,#1034,.T.);
#1367=ORIENTED_EDGE('',*,*,#1035,.T.);
#1368=ORIENTED_EDGE('',*,*,#1036,.F.);
#1369=ORIENTED_EDGE('',*,*,#1037,.T.);
#1370=ORIENTED_EDGE('',*,*,#1038,.F.);
#1371=ORIENTED_EDGE('',*,*,#1039,.T.);
#1372=ORIENTED_EDGE('',*,*,#1040,.T.);
#1373=ORIENTED_EDGE('',*,*,#1041,.T.);
#1374=ORIENTED_EDGE('',*,*,#1042,.F.);
#1375=ORIENTED_EDGE('',*,*,#1043,.T.);
#1376=ORIENTED_EDGE('',*,*,#1044,.F.);
#1377=ORIENTED_EDGE('',*,*,#1045,.T.);
#1378=ORIENTED_EDGE('',*,*,#1046,.T.);
#1379=ORIENTED_EDGE('',*,*,#1047,.T.);
#1380=ORIENTED_EDGE('',*,*,#1048,.F.);
#1381=ORIENTED_EDGE('',*,*,#1049,.T.);
#1382=ORIENTED_EDGE('',*,*,#1050,.F.);
#1383=ORIENTED_EDGE('',*,*,#1051,.T.);
#1384=ORIENTED_EDGE('',*,*,#1052,.T.);
#1385=ORIENTED_EDGE('',*,*,#1053,.T.);
#1386=ORIENTED_EDGE('',*,*,#1054,.F.);
#1387=ORIENTED_EDGE('',*,*,#1055,.T.);
#1388=ORIENTED_EDGE('',*,*,#1056,.T.);
#1389=ORIENTED_EDGE('',*,*,#1057,.F.);
#1390=ORIENTED_EDGE('',*,*,#1022,.T.);
#1391=ORIENTED_EDGE('',*,*,#1008,.T.);
#1392=ORIENTED_EDGE('',*,*,#1058,.T.);
#1393=ORIENTED_EDGE('',*,*,#1059,.F.);
#1394=ORIENTED_EDGE('',*,*,#1060,.T.);
#1395=ORIENTED_EDGE('',*,*,#1061,.F.);
#1396=ORIENTED_EDGE('',*,*,#1062,.T.);
#1397=ORIENTED_EDGE('',*,*,#1063,.T.);
#1398=ORIENTED_EDGE('',*,*,#1064,.T.);
#1399=ORIENTED_EDGE('',*,*,#1065,.F.);
#1400=ORIENTED_EDGE('',*,*,#1066,.T.);
#1401=ORIENTED_EDGE('',*,*,#1067,.F.);
#1402=ORIENTED_EDGE('',*,*,#1068,.T.);
#1403=ORIENTED_EDGE('',*,*,#1069,.T.);
#1404=ORIENTED_EDGE('',*,*,#1070,.T.);
#1405=ORIENTED_EDGE('',*,*,#1071,.F.);
#1406=ORIENTED_EDGE('',*,*,#1072,.T.);
#1407=ORIENTED_EDGE('',*,*,#1073,.F.);
#1408=ORIENTED_EDGE('',*,*,#1074,.T.);
#1409=ORIENTED_EDGE('',*,*,#1075,.T.);
#1410=ORIENTED_EDGE('',*,*,#1076,.T.);
#1411=ORIENTED_EDGE('',*,*,#1077,.F.);
#1412=ORIENTED_EDGE('',*,*,#1078,.T.);
#1413=ORIENTED_EDGE('',*,*,#1079,.F.);
#1414=ORIENTED_EDGE('',*,*,#1080,.T.);
#1415=ORIENTED_EDGE('',*,*,#1081,.T.);
#1416=ORIENTED_EDGE('',*,*,#1082,.T.);
#1417=ORIENTED_EDGE('',*,*,#1083,.F.);
#1418=ORIENTED_EDGE('',*,*,#1084,.T.);
#1419=ORIENTED_EDGE('',*,*,#1085,.F.);
#1420=ORIENTED_EDGE('',*,*,#1086,.T.);
#1421=ORIENTED_EDGE('',*,*,#1087,.T.);
#1422=ORIENTED_EDGE('',*,*,#1088,.T.);
#1423=ORIENTED_EDGE('',*,*,#1089,.T.);
#1424=ORIENTED_EDGE('',*,*,#1090,.T.);
#1425=ORIENTED_EDGE('',*,*,#1091,.F.);
#1426=ORIENTED_EDGE('',*,*,#1092,.T.);
#1427=ORIENTED_EDGE('',*,*,#1093,.T.);
#1428=ORIENTED_EDGE('',*,*,#1094,.T.);
#1429=ORIENTED_EDGE('',*,*,#1095,.F.);
#1430=ORIENTED_EDGE('',*,*,#1096,.T.);
#1431=ORIENTED_EDGE('',*,*,#1097,.T.);
#1432=ORIENTED_EDGE('',*,*,#1098,.T.);
#1433=ORIENTED_EDGE('',*,*,#1099,.F.);
#1434=ORIENTED_EDGE('',*,*,#1100,.T.);
#1435=ORIENTED_EDGE('',*,*,#1101,.T.);
#1436=ORIENTED_EDGE('',*,*,#1102,.T.);
#1437=ORIENTED_EDGE('',*,*,#1103,.F.);
#1438=ORIENTED_EDGE('',*,*,#1104,.T.);
#1439=ORIENTED_EDGE('',*,*,#1105,.T.);
#1440=ORIENTED_EDGE('',*,*,#1106,.T.);
#1441=ORIENTED_EDGE('',*,*,#1107,.F.);
#1442=ORIENTED_EDGE('',*,*,#1108,.T.);
#1443=ORIENTED_EDGE('',*,*,#1109,.F.);
#1444=ORIENTED_EDGE('',*,*,#1110,.T.);
#1445=ORIENTED_EDGE('',*,*,#1089,.F.);
#1446=ORIENTED_EDGE('',*,*,#1111,.T.);
#1447=ORIENTED_EDGE('',*,*,#1112,.T.);
#1448=ORIENTED_EDGE('',*,*,#1012,.T.);
#1449=ORIENTED_EDGE('',*,*,#1015,.T.);
#1450=ORIENTED_EDGE('',*,*,#1113,.F.);
#1451=ORIENTED_EDGE('',*,*,#1114,.T.);
#1452=ORIENTED_EDGE('',*,*,#1115,.F.);
#1453=ORIENTED_EDGE('',*,*,#1116,.T.);
#1454=ORIENTED_EDGE('',*,*,#1117,.T.);
#1455=ORIENTED_EDGE('',*,*,#1118,.T.);
#1456=ORIENTED_EDGE('',*,*,#1119,.F.);
#1457=ORIENTED_EDGE('',*,*,#1120,.T.);
#1458=ORIENTED_EDGE('',*,*,#1121,.T.);
#1459=ORIENTED_EDGE('',*,*,#1122,.T.);
#1460=ORIENTED_EDGE('',*,*,#1123,.F.);
#1461=ORIENTED_EDGE('',*,*,#1124,.T.);
#1462=ORIENTED_EDGE('',*,*,#1125,.T.);
#1463=ORIENTED_EDGE('',*,*,#1126,.T.);
#1464=ORIENTED_EDGE('',*,*,#1127,.F.);
#1465=ORIENTED_EDGE('',*,*,#1128,.T.);
#1466=ORIENTED_EDGE('',*,*,#1129,.T.);
#1467=ORIENTED_EDGE('',*,*,#1130,.T.);
#1468=ORIENTED_EDGE('',*,*,#1131,.F.);
#1469=ORIENTED_EDGE('',*,*,#1132,.T.);
#1470=ORIENTED_EDGE('',*,*,#1109,.T.);
#1471=ORIENTED_EDGE('',*,*,#1027,.T.);
#1472=ORIENTED_EDGE('',*,*,#1133,.T.);
#1473=ORIENTED_EDGE('',*,*,#1134,.T.);
#1474=ORIENTED_EDGE('',*,*,#1135,.F.);
#1475=ORIENTED_EDGE('',*,*,#1136,.T.);
#1476=ORIENTED_EDGE('',*,*,#1137,.T.);
#1477=ORIENTED_EDGE('',*,*,#1138,.T.);
#1478=ORIENTED_EDGE('',*,*,#1139,.F.);
#1479=ORIENTED_EDGE('',*,*,#1140,.T.);
#1480=ORIENTED_EDGE('',*,*,#1141,.T.);
#1481=ORIENTED_EDGE('',*,*,#1142,.T.);
#1482=ORIENTED_EDGE('',*,*,#1143,.F.);
#1483=ORIENTED_EDGE('',*,*,#1144,.T.);
#1484=ORIENTED_EDGE('',*,*,#1145,.T.);
#1485=ORIENTED_EDGE('',*,*,#1146,.T.);
#1486=ORIENTED_EDGE('',*,*,#1147,.F.);
#1487=ORIENTED_EDGE('',*,*,#1148,.T.);
#1488=ORIENTED_EDGE('',*,*,#1149,.T.);
#1489=ORIENTED_EDGE('',*,*,#1150,.T.);
#1490=ORIENTED_EDGE('',*,*,#1151,.F.);
#1491=ORIENTED_EDGE('',*,*,#1026,.T.);
#1492=ORIENTED_EDGE('',*,*,#1152,.F.);
#1493=ORIENTED_EDGE('',*,*,#1153,.T.);
#1494=ORIENTED_EDGE('',*,*,#1133,.F.);
#1495=ORIENTED_EDGE('',*,*,#1154,.T.);
#1496=ORIENTED_EDGE('',*,*,#1155,.T.);
#1497=ORIENTED_EDGE('',*,*,#1018,.T.);
#1498=ORIENTED_EDGE('',*,*,#1021,.T.);
#1499=ORIENTED_EDGE('',*,*,#1156,.F.);
#1500=ORIENTED_EDGE('',*,*,#1025,.T.);
#1501=ORIENTED_EDGE('',*,*,#1157,.F.);
#1502=ORIENTED_EDGE('',*,*,#1158,.T.);
#1503=ORIENTED_EDGE('',*,*,#1159,.T.);
#1504=ORIENTED_EDGE('',*,*,#1160,.T.);
#1505=ORIENTED_EDGE('',*,*,#1161,.F.);
#1506=ORIENTED_EDGE('',*,*,#1162,.T.);
#1507=ORIENTED_EDGE('',*,*,#1163,.T.);
#1508=ORIENTED_EDGE('',*,*,#1164,.T.);
#1509=ORIENTED_EDGE('',*,*,#1165,.F.);
#1510=ORIENTED_EDGE('',*,*,#1166,.T.);
#1511=ORIENTED_EDGE('',*,*,#1167,.T.);
#1512=ORIENTED_EDGE('',*,*,#1168,.T.);
#1513=ORIENTED_EDGE('',*,*,#1169,.F.);
#1514=ORIENTED_EDGE('',*,*,#1170,.T.);
#1515=ORIENTED_EDGE('',*,*,#1171,.T.);
#1516=ORIENTED_EDGE('',*,*,#1172,.T.);
#1517=ORIENTED_EDGE('',*,*,#1173,.F.);
#1518=ORIENTED_EDGE('',*,*,#1174,.T.);
#1519=ORIENTED_EDGE('',*,*,#1152,.T.);
#1520=ORIENTED_EDGE('',*,*,#1137,.F.);
#1521=ORIENTED_EDGE('',*,*,#1175,.F.);
#1522=ORIENTED_EDGE('',*,*,#1171,.F.);
#1523=ORIENTED_EDGE('',*,*,#1176,.F.);
#1524=ORIENTED_EDGE('',*,*,#1138,.F.);
#1525=ORIENTED_EDGE('',*,*,#1176,.T.);
#1526=ORIENTED_EDGE('',*,*,#1170,.F.);
#1527=ORIENTED_EDGE('',*,*,#1177,.F.);
#1528=ORIENTED_EDGE('',*,*,#1035,.F.);
#1529=ORIENTED_EDGE('',*,*,#1178,.T.);
#1530=ORIENTED_EDGE('',*,*,#1001,.F.);
#1531=ORIENTED_EDGE('',*,*,#1179,.F.);
#1532=ORIENTED_EDGE('',*,*,#1136,.F.);
#1533=ORIENTED_EDGE('',*,*,#1180,.F.);
#1534=ORIENTED_EDGE('',*,*,#1003,.F.);
#1535=ORIENTED_EDGE('',*,*,#1181,.F.);
#1536=ORIENTED_EDGE('',*,*,#1033,.F.);
#1537=ORIENTED_EDGE('',*,*,#1182,.F.);
#1538=ORIENTED_EDGE('',*,*,#1172,.F.);
#1539=ORIENTED_EDGE('',*,*,#1175,.T.);
#1540=ORIENTED_EDGE('',*,*,#1002,.F.);
#1541=ORIENTED_EDGE('',*,*,#1178,.F.);
#1542=ORIENTED_EDGE('',*,*,#1034,.F.);
#1543=ORIENTED_EDGE('',*,*,#1181,.T.);
#1544=ORIENTED_EDGE('',*,*,#1125,.F.);
#1545=ORIENTED_EDGE('',*,*,#1183,.F.);
#1546=ORIENTED_EDGE('',*,*,#1097,.F.);
#1547=ORIENTED_EDGE('',*,*,#1184,.F.);
#1548=ORIENTED_EDGE('',*,*,#1126,.F.);
#1549=ORIENTED_EDGE('',*,*,#1184,.T.);
#1550=ORIENTED_EDGE('',*,*,#1096,.F.);
#1551=ORIENTED_EDGE('',*,*,#1185,.F.);
#1552=ORIENTED_EDGE('',*,*,#1076,.F.);
#1553=ORIENTED_EDGE('',*,*,#1186,.T.);
#1554=ORIENTED_EDGE('',*,*,#973,.F.);
#1555=ORIENTED_EDGE('',*,*,#1187,.F.);
#1556=ORIENTED_EDGE('',*,*,#1124,.F.);
#1557=ORIENTED_EDGE('',*,*,#1188,.F.);
#1558=ORIENTED_EDGE('',*,*,#975,.F.);
#1559=ORIENTED_EDGE('',*,*,#1189,.F.);
#1560=ORIENTED_EDGE('',*,*,#1074,.F.);
#1561=ORIENTED_EDGE('',*,*,#1190,.F.);
#1562=ORIENTED_EDGE('',*,*,#1098,.F.);
#1563=ORIENTED_EDGE('',*,*,#1183,.T.);
#1564=ORIENTED_EDGE('',*,*,#974,.F.);
#1565=ORIENTED_EDGE('',*,*,#1186,.F.);
#1566=ORIENTED_EDGE('',*,*,#1075,.F.);
#1567=ORIENTED_EDGE('',*,*,#1189,.T.);
#1568=ORIENTED_EDGE('',*,*,#1121,.F.);
#1569=ORIENTED_EDGE('',*,*,#1191,.F.);
#1570=ORIENTED_EDGE('',*,*,#1101,.F.);
#1571=ORIENTED_EDGE('',*,*,#1192,.F.);
#1572=ORIENTED_EDGE('',*,*,#1122,.F.);
#1573=ORIENTED_EDGE('',*,*,#1192,.T.);
#1574=ORIENTED_EDGE('',*,*,#1100,.F.);
#1575=ORIENTED_EDGE('',*,*,#1193,.F.);
#1576=ORIENTED_EDGE('',*,*,#1070,.F.);
#1577=ORIENTED_EDGE('',*,*,#1194,.T.);
#1578=ORIENTED_EDGE('',*,*,#977,.F.);
#1579=ORIENTED_EDGE('',*,*,#1195,.F.);
#1580=ORIENTED_EDGE('',*,*,#1120,.F.);
#1581=ORIENTED_EDGE('',*,*,#1196,.F.);
#1582=ORIENTED_EDGE('',*,*,#979,.F.);
#1583=ORIENTED_EDGE('',*,*,#1197,.F.);
#1584=ORIENTED_EDGE('',*,*,#1068,.F.);
#1585=ORIENTED_EDGE('',*,*,#1198,.F.);
#1586=ORIENTED_EDGE('',*,*,#1102,.F.);
#1587=ORIENTED_EDGE('',*,*,#1191,.T.);
#1588=ORIENTED_EDGE('',*,*,#978,.F.);
#1589=ORIENTED_EDGE('',*,*,#1194,.F.);
#1590=ORIENTED_EDGE('',*,*,#1069,.F.);
#1591=ORIENTED_EDGE('',*,*,#1197,.T.);
#1592=ORIENTED_EDGE('',*,*,#1149,.F.);
#1593=ORIENTED_EDGE('',*,*,#1199,.F.);
#1594=ORIENTED_EDGE('',*,*,#1159,.F.);
#1595=ORIENTED_EDGE('',*,*,#1200,.F.);
#1596=ORIENTED_EDGE('',*,*,#1150,.F.);
#1597=ORIENTED_EDGE('',*,*,#1200,.T.);
#1598=ORIENTED_EDGE('',*,*,#1158,.F.);
#1599=ORIENTED_EDGE('',*,*,#1201,.F.);
#1600=ORIENTED_EDGE('',*,*,#1053,.F.);
#1601=ORIENTED_EDGE('',*,*,#1202,.T.);
#1602=ORIENTED_EDGE('',*,*,#989,.F.);
#1603=ORIENTED_EDGE('',*,*,#1203,.F.);
#1604=ORIENTED_EDGE('',*,*,#1148,.F.);
#1605=ORIENTED_EDGE('',*,*,#1204,.F.);
#1606=ORIENTED_EDGE('',*,*,#991,.F.);
#1607=ORIENTED_EDGE('',*,*,#1205,.F.);
#1608=ORIENTED_EDGE('',*,*,#1051,.F.);
#1609=ORIENTED_EDGE('',*,*,#1206,.F.);
#1610=ORIENTED_EDGE('',*,*,#1160,.F.);
#1611=ORIENTED_EDGE('',*,*,#1199,.T.);
#1612=ORIENTED_EDGE('',*,*,#990,.F.);
#1613=ORIENTED_EDGE('',*,*,#1202,.F.);
#1614=ORIENTED_EDGE('',*,*,#1052,.F.);
#1615=ORIENTED_EDGE('',*,*,#1205,.T.);
#1616=ORIENTED_EDGE('',*,*,#1005,.F.);
#1617=ORIENTED_EDGE('',*,*,#1207,.F.);
#1618=ORIENTED_EDGE('',*,*,#1134,.F.);
#1619=ORIENTED_EDGE('',*,*,#1153,.F.);
#1620=ORIENTED_EDGE('',*,*,#1174,.F.);
#1621=ORIENTED_EDGE('',*,*,#1208,.F.);
#1622=ORIENTED_EDGE('',*,*,#1029,.F.);
#1623=ORIENTED_EDGE('',*,*,#963,.T.);
#1624=ORIENTED_EDGE('',*,*,#1141,.F.);
#1625=ORIENTED_EDGE('',*,*,#1209,.F.);
#1626=ORIENTED_EDGE('',*,*,#1167,.F.);
#1627=ORIENTED_EDGE('',*,*,#1210,.F.);
#1628=ORIENTED_EDGE('',*,*,#1142,.F.);
#1629=ORIENTED_EDGE('',*,*,#1210,.T.);
#1630=ORIENTED_EDGE('',*,*,#1166,.F.);
#1631=ORIENTED_EDGE('',*,*,#1211,.F.);
#1632=ORIENTED_EDGE('',*,*,#1041,.F.);
#1633=ORIENTED_EDGE('',*,*,#1212,.T.);
#1634=ORIENTED_EDGE('',*,*,#997,.F.);
#1635=ORIENTED_EDGE('',*,*,#1213,.F.);
#1636=ORIENTED_EDGE('',*,*,#1140,.F.);
#1637=ORIENTED_EDGE('',*,*,#1214,.F.);
#1638=ORIENTED_EDGE('',*,*,#999,.F.);
#1639=ORIENTED_EDGE('',*,*,#1215,.F.);
#1640=ORIENTED_EDGE('',*,*,#1039,.F.);
#1641=ORIENTED_EDGE('',*,*,#1216,.F.);
#1642=ORIENTED_EDGE('',*,*,#1168,.F.);
#1643=ORIENTED_EDGE('',*,*,#1209,.T.);
#1644=ORIENTED_EDGE('',*,*,#998,.F.);
#1645=ORIENTED_EDGE('',*,*,#1212,.F.);
#1646=ORIENTED_EDGE('',*,*,#1040,.F.);
#1647=ORIENTED_EDGE('',*,*,#1215,.T.);
#1648=ORIENTED_EDGE('',*,*,#985,.T.);
#1649=ORIENTED_EDGE('',*,*,#1217,.F.);
#1650=ORIENTED_EDGE('',*,*,#1114,.F.);
#1651=ORIENTED_EDGE('',*,*,#1108,.F.);
#1652=ORIENTED_EDGE('',*,*,#1088,.F.);
#1653=ORIENTED_EDGE('',*,*,#1218,.F.);
#1654=ORIENTED_EDGE('',*,*,#1058,.F.);
#1655=ORIENTED_EDGE('',*,*,#1007,.T.);
#1656=ORIENTED_EDGE('',*,*,#1129,.F.);
#1657=ORIENTED_EDGE('',*,*,#1219,.F.);
#1658=ORIENTED_EDGE('',*,*,#1093,.F.);
#1659=ORIENTED_EDGE('',*,*,#1220,.F.);
#1660=ORIENTED_EDGE('',*,*,#1130,.F.);
#1661=ORIENTED_EDGE('',*,*,#1220,.T.);
#1662=ORIENTED_EDGE('',*,*,#1092,.F.);
#1663=ORIENTED_EDGE('',*,*,#1221,.F.);
#1664=ORIENTED_EDGE('',*,*,#1082,.F.);
#1665=ORIENTED_EDGE('',*,*,#1222,.T.);
#1666=ORIENTED_EDGE('',*,*,#969,.F.);
#1667=ORIENTED_EDGE('',*,*,#1223,.F.);
#1668=ORIENTED_EDGE('',*,*,#1128,.F.);
#1669=ORIENTED_EDGE('',*,*,#1224,.F.);
#1670=ORIENTED_EDGE('',*,*,#971,.F.);
#1671=ORIENTED_EDGE('',*,*,#1225,.F.);
#1672=ORIENTED_EDGE('',*,*,#1080,.F.);
#1673=ORIENTED_EDGE('',*,*,#1226,.F.);
#1674=ORIENTED_EDGE('',*,*,#1094,.F.);
#1675=ORIENTED_EDGE('',*,*,#1219,.T.);
#1676=ORIENTED_EDGE('',*,*,#970,.F.);
#1677=ORIENTED_EDGE('',*,*,#1222,.F.);
#1678=ORIENTED_EDGE('',*,*,#1081,.F.);
#1679=ORIENTED_EDGE('',*,*,#1225,.T.);
#1680=ORIENTED_EDGE('',*,*,#1117,.F.);
#1681=ORIENTED_EDGE('',*,*,#1227,.F.);
#1682=ORIENTED_EDGE('',*,*,#1105,.F.);
#1683=ORIENTED_EDGE('',*,*,#1228,.F.);
#1684=ORIENTED_EDGE('',*,*,#1118,.F.);
#1685=ORIENTED_EDGE('',*,*,#1228,.T.);
#1686=ORIENTED_EDGE('',*,*,#1104,.F.);
#1687=ORIENTED_EDGE('',*,*,#1229,.F.);
#1688=ORIENTED_EDGE('',*,*,#1064,.F.);
#1689=ORIENTED_EDGE('',*,*,#1230,.T.);
#1690=ORIENTED_EDGE('',*,*,#981,.F.);
#1691=ORIENTED_EDGE('',*,*,#1231,.F.);
#1692=ORIENTED_EDGE('',*,*,#1116,.F.);
#1693=ORIENTED_EDGE('',*,*,#1232,.F.);
#1694=ORIENTED_EDGE('',*,*,#983,.F.);
#1695=ORIENTED_EDGE('',*,*,#1233,.F.);
#1696=ORIENTED_EDGE('',*,*,#1062,.F.);
#1697=ORIENTED_EDGE('',*,*,#1234,.F.);
#1698=ORIENTED_EDGE('',*,*,#1106,.F.);
#1699=ORIENTED_EDGE('',*,*,#1227,.T.);
#1700=ORIENTED_EDGE('',*,*,#982,.F.);
#1701=ORIENTED_EDGE('',*,*,#1230,.F.);
#1702=ORIENTED_EDGE('',*,*,#1063,.F.);
#1703=ORIENTED_EDGE('',*,*,#1233,.T.);
#1704=ORIENTED_EDGE('',*,*,#1145,.F.);
#1705=ORIENTED_EDGE('',*,*,#1235,.F.);
#1706=ORIENTED_EDGE('',*,*,#1163,.F.);
#1707=ORIENTED_EDGE('',*,*,#1236,.F.);
#1708=ORIENTED_EDGE('',*,*,#1146,.F.);
#1709=ORIENTED_EDGE('',*,*,#1236,.T.);
#1710=ORIENTED_EDGE('',*,*,#1162,.F.);
#1711=ORIENTED_EDGE('',*,*,#1237,.F.);
#1712=ORIENTED_EDGE('',*,*,#1047,.F.);
#1713=ORIENTED_EDGE('',*,*,#1238,.T.);
#1714=ORIENTED_EDGE('',*,*,#993,.F.);
#1715=ORIENTED_EDGE('',*,*,#1239,.F.);
#1716=ORIENTED_EDGE('',*,*,#1144,.F.);
#1717=ORIENTED_EDGE('',*,*,#1240,.F.);
#1718=ORIENTED_EDGE('',*,*,#995,.F.);
#1719=ORIENTED_EDGE('',*,*,#1241,.F.);
#1720=ORIENTED_EDGE('',*,*,#1045,.F.);
#1721=ORIENTED_EDGE('',*,*,#1242,.F.);
#1722=ORIENTED_EDGE('',*,*,#1164,.F.);
#1723=ORIENTED_EDGE('',*,*,#1235,.T.);
#1724=ORIENTED_EDGE('',*,*,#994,.F.);
#1725=ORIENTED_EDGE('',*,*,#1238,.F.);
#1726=ORIENTED_EDGE('',*,*,#1046,.F.);
#1727=ORIENTED_EDGE('',*,*,#1241,.T.);
#1728=ORIENTED_EDGE('',*,*,#1223,.T.);
#1729=ORIENTED_EDGE('',*,*,#968,.T.);
#1730=ORIENTED_EDGE('',*,*,#1243,.T.);
#1731=ORIENTED_EDGE('',*,*,#1131,.T.);
#1732=ORIENTED_EDGE('',*,*,#1187,.T.);
#1733=ORIENTED_EDGE('',*,*,#972,.T.);
#1734=ORIENTED_EDGE('',*,*,#1224,.T.);
#1735=ORIENTED_EDGE('',*,*,#1127,.T.);
#1736=ORIENTED_EDGE('',*,*,#1217,.T.);
#1737=ORIENTED_EDGE('',*,*,#984,.T.);
#1738=ORIENTED_EDGE('',*,*,#1232,.T.);
#1739=ORIENTED_EDGE('',*,*,#1115,.T.);
#1740=ORIENTED_EDGE('',*,*,#1196,.T.);
#1741=ORIENTED_EDGE('',*,*,#1119,.T.);
#1742=ORIENTED_EDGE('',*,*,#1231,.T.);
#1743=ORIENTED_EDGE('',*,*,#980,.T.);
#1744=ORIENTED_EDGE('',*,*,#1188,.T.);
#1745=ORIENTED_EDGE('',*,*,#1123,.T.);
#1746=ORIENTED_EDGE('',*,*,#1195,.T.);
#1747=ORIENTED_EDGE('',*,*,#976,.T.);
#1748=ORIENTED_EDGE('',*,*,#1213,.T.);
#1749=ORIENTED_EDGE('',*,*,#996,.T.);
#1750=ORIENTED_EDGE('',*,*,#1240,.T.);
#1751=ORIENTED_EDGE('',*,*,#1143,.T.);
#1752=ORIENTED_EDGE('',*,*,#1179,.T.);
#1753=ORIENTED_EDGE('',*,*,#1000,.T.);
#1754=ORIENTED_EDGE('',*,*,#1214,.T.);
#1755=ORIENTED_EDGE('',*,*,#1139,.T.);
#1756=ORIENTED_EDGE('',*,*,#1204,.T.);
#1757=ORIENTED_EDGE('',*,*,#1147,.T.);
#1758=ORIENTED_EDGE('',*,*,#1239,.T.);
#1759=ORIENTED_EDGE('',*,*,#992,.T.);
#1760=ORIENTED_EDGE('',*,*,#1028,.T.);
#1761=ORIENTED_EDGE('',*,*,#1151,.T.);
#1762=ORIENTED_EDGE('',*,*,#1203,.T.);
#1763=ORIENTED_EDGE('',*,*,#988,.T.);
#1764=ORIENTED_EDGE('',*,*,#1221,.T.);
#1765=ORIENTED_EDGE('',*,*,#1091,.T.);
#1766=ORIENTED_EDGE('',*,*,#1244,.T.);
#1767=ORIENTED_EDGE('',*,*,#1245,.T.);
#1768=ORIENTED_EDGE('',*,*,#1085,.T.);
#1769=ORIENTED_EDGE('',*,*,#1246,.T.);
#1770=ORIENTED_EDGE('',*,*,#1247,.T.);
#1771=ORIENTED_EDGE('',*,*,#1083,.T.);
#1772=ORIENTED_EDGE('',*,*,#1218,.T.);
#1773=ORIENTED_EDGE('',*,*,#1107,.T.);
#1774=ORIENTED_EDGE('',*,*,#1234,.T.);
#1775=ORIENTED_EDGE('',*,*,#1061,.T.);
#1776=ORIENTED_EDGE('',*,*,#1248,.T.);
#1777=ORIENTED_EDGE('',*,*,#1249,.T.);
#1778=ORIENTED_EDGE('',*,*,#1059,.T.);
#1779=ORIENTED_EDGE('',*,*,#1211,.T.);
#1780=ORIENTED_EDGE('',*,*,#1165,.T.);
#1781=ORIENTED_EDGE('',*,*,#1242,.T.);
#1782=ORIENTED_EDGE('',*,*,#1044,.T.);
#1783=ORIENTED_EDGE('',*,*,#1250,.T.);
#1784=ORIENTED_EDGE('',*,*,#1251,.T.);
#1785=ORIENTED_EDGE('',*,*,#1042,.T.);
#1786=ORIENTED_EDGE('',*,*,#1201,.T.);
#1787=ORIENTED_EDGE('',*,*,#1157,.T.);
#1788=ORIENTED_EDGE('',*,*,#1024,.T.);
#1789=ORIENTED_EDGE('',*,*,#1023,.T.);
#1790=ORIENTED_EDGE('',*,*,#1057,.T.);
#1791=ORIENTED_EDGE('',*,*,#1252,.T.);
#1792=ORIENTED_EDGE('',*,*,#1054,.T.);
#1793=ORIENTED_EDGE('',*,*,#1206,.T.);
#1794=ORIENTED_EDGE('',*,*,#1050,.T.);
#1795=ORIENTED_EDGE('',*,*,#1253,.T.);
#1796=ORIENTED_EDGE('',*,*,#1254,.T.);
#1797=ORIENTED_EDGE('',*,*,#1048,.T.);
#1798=ORIENTED_EDGE('',*,*,#1237,.T.);
#1799=ORIENTED_EDGE('',*,*,#1161,.T.);
#1800=ORIENTED_EDGE('',*,*,#1198,.T.);
#1801=ORIENTED_EDGE('',*,*,#1067,.T.);
#1802=ORIENTED_EDGE('',*,*,#1255,.T.);
#1803=ORIENTED_EDGE('',*,*,#1256,.T.);
#1804=ORIENTED_EDGE('',*,*,#1065,.T.);
#1805=ORIENTED_EDGE('',*,*,#1229,.T.);
#1806=ORIENTED_EDGE('',*,*,#1103,.T.);
#1807=ORIENTED_EDGE('',*,*,#1185,.T.);
#1808=ORIENTED_EDGE('',*,*,#1095,.T.);
#1809=ORIENTED_EDGE('',*,*,#1226,.T.);
#1810=ORIENTED_EDGE('',*,*,#1079,.T.);
#1811=ORIENTED_EDGE('',*,*,#1257,.T.);
#1812=ORIENTED_EDGE('',*,*,#1258,.T.);
#1813=ORIENTED_EDGE('',*,*,#1077,.T.);
#1814=ORIENTED_EDGE('',*,*,#1190,.T.);
#1815=ORIENTED_EDGE('',*,*,#1073,.T.);
#1816=ORIENTED_EDGE('',*,*,#1259,.T.);
#1817=ORIENTED_EDGE('',*,*,#1260,.T.);
#1818=ORIENTED_EDGE('',*,*,#1071,.T.);
#1819=ORIENTED_EDGE('',*,*,#1193,.T.);
#1820=ORIENTED_EDGE('',*,*,#1099,.T.);
#1821=ORIENTED_EDGE('',*,*,#1177,.T.);
#1822=ORIENTED_EDGE('',*,*,#1169,.T.);
#1823=ORIENTED_EDGE('',*,*,#1216,.T.);
#1824=ORIENTED_EDGE('',*,*,#1038,.T.);
#1825=ORIENTED_EDGE('',*,*,#1261,.T.);
#1826=ORIENTED_EDGE('',*,*,#1262,.T.);
#1827=ORIENTED_EDGE('',*,*,#1036,.T.);
#1828=ORIENTED_EDGE('',*,*,#1182,.T.);
#1829=ORIENTED_EDGE('',*,*,#1032,.T.);
#1830=ORIENTED_EDGE('',*,*,#1263,.T.);
#1831=ORIENTED_EDGE('',*,*,#1264,.T.);
#1832=ORIENTED_EDGE('',*,*,#1030,.T.);
#1833=ORIENTED_EDGE('',*,*,#1208,.T.);
#1834=ORIENTED_EDGE('',*,*,#1173,.T.);
#1835=ORIENTED_EDGE('',*,*,#1265,.T.);
#1836=ORIENTED_EDGE('',*,*,#1266,.T.);
#1837=ORIENTED_EDGE('',*,*,#1261,.F.);
#1838=ORIENTED_EDGE('',*,*,#1037,.F.);
#1839=ORIENTED_EDGE('',*,*,#1262,.F.);
#1840=ORIENTED_EDGE('',*,*,#1266,.F.);
#1841=ORIENTED_EDGE('',*,*,#1265,.F.);
#1842=ORIENTED_EDGE('',*,*,#1019,.T.);
#1843=ORIENTED_EDGE('',*,*,#1112,.F.);
#1844=ORIENTED_EDGE('',*,*,#1267,.T.);
#1845=ORIENTED_EDGE('',*,*,#1257,.F.);
#1846=ORIENTED_EDGE('',*,*,#1078,.F.);
#1847=ORIENTED_EDGE('',*,*,#1258,.F.);
#1848=ORIENTED_EDGE('',*,*,#1267,.F.);
#1849=ORIENTED_EDGE('',*,*,#1268,.T.);
#1850=ORIENTED_EDGE('',*,*,#1269,.T.);
#1851=ORIENTED_EDGE('',*,*,#1246,.F.);
#1852=ORIENTED_EDGE('',*,*,#1084,.F.);
#1853=ORIENTED_EDGE('',*,*,#1247,.F.);
#1854=ORIENTED_EDGE('',*,*,#1269,.F.);
#1855=ORIENTED_EDGE('',*,*,#1268,.F.);
#1856=ORIENTED_EDGE('',*,*,#1013,.T.);
#1857=ORIENTED_EDGE('',*,*,#1270,.T.);
#1858=ORIENTED_EDGE('',*,*,#1271,.T.);
#1859=ORIENTED_EDGE('',*,*,#1250,.F.);
#1860=ORIENTED_EDGE('',*,*,#1043,.F.);
#1861=ORIENTED_EDGE('',*,*,#1251,.F.);
#1862=ORIENTED_EDGE('',*,*,#1271,.F.);
#1863=ORIENTED_EDGE('',*,*,#1270,.F.);
#1864=ORIENTED_EDGE('',*,*,#1272,.F.);
#1865=ORIENTED_EDGE('',*,*,#1111,.F.);
#1866=ORIENTED_EDGE('',*,*,#1273,.T.);
#1867=ORIENTED_EDGE('',*,*,#1248,.F.);
#1868=ORIENTED_EDGE('',*,*,#1060,.F.);
#1869=ORIENTED_EDGE('',*,*,#1249,.F.);
#1870=ORIENTED_EDGE('',*,*,#1273,.F.);
#1871=ORIENTED_EDGE('',*,*,#1274,.T.);
#1872=ORIENTED_EDGE('',*,*,#1275,.T.);
#1873=ORIENTED_EDGE('',*,*,#1055,.F.);
#1874=ORIENTED_EDGE('',*,*,#1252,.F.);
#1875=ORIENTED_EDGE('',*,*,#1056,.F.);
#1876=ORIENTED_EDGE('',*,*,#1275,.F.);
#1877=ORIENTED_EDGE('',*,*,#1274,.F.);
#1878=ORIENTED_EDGE('',*,*,#1016,.T.);
#1879=ORIENTED_EDGE('',*,*,#1155,.F.);
#1880=ORIENTED_EDGE('',*,*,#1276,.T.);
#1881=ORIENTED_EDGE('',*,*,#1263,.F.);
#1882=ORIENTED_EDGE('',*,*,#1031,.F.);
#1883=ORIENTED_EDGE('',*,*,#1264,.F.);
#1884=ORIENTED_EDGE('',*,*,#1276,.F.);
#1885=ORIENTED_EDGE('',*,*,#1277,.T.);
#1886=ORIENTED_EDGE('',*,*,#1278,.T.);
#1887=ORIENTED_EDGE('',*,*,#1259,.F.);
#1888=ORIENTED_EDGE('',*,*,#1072,.F.);
#1889=ORIENTED_EDGE('',*,*,#1260,.F.);
#1890=ORIENTED_EDGE('',*,*,#1278,.F.);
#1891=ORIENTED_EDGE('',*,*,#1277,.F.);
#1892=ORIENTED_EDGE('',*,*,#1279,.F.);
#1893=ORIENTED_EDGE('',*,*,#1154,.F.);
#1894=ORIENTED_EDGE('',*,*,#1280,.T.);
#1895=ORIENTED_EDGE('',*,*,#1253,.F.);
#1896=ORIENTED_EDGE('',*,*,#1049,.F.);
#1897=ORIENTED_EDGE('',*,*,#1254,.F.);
#1898=ORIENTED_EDGE('',*,*,#1280,.F.);
#1899=ORIENTED_EDGE('',*,*,#1281,.T.);
#1900=ORIENTED_EDGE('',*,*,#1282,.T.);
#1901=ORIENTED_EDGE('',*,*,#1255,.F.);
#1902=ORIENTED_EDGE('',*,*,#1066,.F.);
#1903=ORIENTED_EDGE('',*,*,#1256,.F.);
#1904=ORIENTED_EDGE('',*,*,#1282,.F.);
#1905=ORIENTED_EDGE('',*,*,#1281,.F.);
#1906=ORIENTED_EDGE('',*,*,#1010,.T.);
#1907=ORIENTED_EDGE('',*,*,#1180,.T.);
#1908=ORIENTED_EDGE('',*,*,#1135,.T.);
#1909=ORIENTED_EDGE('',*,*,#1207,.T.);
#1910=ORIENTED_EDGE('',*,*,#1004,.T.);
#1911=ORIENTED_EDGE('',*,*,#967,.F.);
#1912=ORIENTED_EDGE('',*,*,#965,.F.);
#1913=ORIENTED_EDGE('',*,*,#1086,.F.);
#1914=ORIENTED_EDGE('',*,*,#1245,.F.);
#1915=ORIENTED_EDGE('',*,*,#1244,.F.);
#1916=ORIENTED_EDGE('',*,*,#1090,.F.);
#1917=ORIENTED_EDGE('',*,*,#1110,.F.);
#1918=ORIENTED_EDGE('',*,*,#1132,.F.);
#1919=ORIENTED_EDGE('',*,*,#1243,.F.);
#1920=ORIENTED_EDGE('',*,*,#1272,.T.);
#1921=ORIENTED_EDGE('',*,*,#1283,.T.);
#1922=ORIENTED_EDGE('',*,*,#1156,.T.);
#1923=ORIENTED_EDGE('',*,*,#1283,.F.);
#1924=ORIENTED_EDGE('',*,*,#1279,.T.);
#1925=ORIENTED_EDGE('',*,*,#1284,.T.);
#1926=ORIENTED_EDGE('',*,*,#1113,.T.);
#1927=ORIENTED_EDGE('',*,*,#1284,.F.);
#1928=ORIENTED_EDGE('',*,*,#1087,.F.);
#1929=ORIENTED_EDGE('',*,*,#1285,.T.);
#1930=ORIENTED_EDGE('',*,*,#1006,.F.);
#1931=ORIENTED_EDGE('',*,*,#1285,.F.);
#1932=CYLINDRICAL_SURFACE('',#2066,9.46700529206796);
#1933=CYLINDRICAL_SURFACE('',#2090,29.);
#1934=CYLINDRICAL_SURFACE('',#2092,2.);
#1935=CYLINDRICAL_SURFACE('',#2095,2.);
#1936=CYLINDRICAL_SURFACE('',#2098,2.);
#1937=CYLINDRICAL_SURFACE('',#2101,2.);
#1938=CYLINDRICAL_SURFACE('',#2146,35.);
#1939=CYLINDRICAL_SURFACE('',#2162,29.);
#1940=CYLINDRICAL_SURFACE('',#2172,29.);
#1941=CYLINDRICAL_SURFACE('',#2188,35.);
#1942=CYLINDRICAL_SURFACE('',#2201,2.50000001862646);
#1943=CYLINDRICAL_SURFACE('',#2205,2.50000001862646);
#1944=CYLINDRICAL_SURFACE('',#2209,2.50000001862646);
#1945=CYLINDRICAL_SURFACE('',#2213,2.50000001862646);
#1946=CYLINDRICAL_SURFACE('',#2218,2.50000001862646);
#1947=CYLINDRICAL_SURFACE('',#2223,2.50000001862646);
#1948=CYLINDRICAL_SURFACE('',#2227,2.50000001862646);
#1949=CYLINDRICAL_SURFACE('',#2231,2.50000001862646);
#1950=CYLINDRICAL_SURFACE('',#2251,2.8);
#1951=CYLINDRICAL_SURFACE('',#2254,2.8);
#1952=CYLINDRICAL_SURFACE('',#2255,2.8);
#1953=CYLINDRICAL_SURFACE('',#2258,2.8);
#1954=CYLINDRICAL_SURFACE('',#2262,2.8);
#1955=CYLINDRICAL_SURFACE('',#2263,2.8);
#1956=CYLINDRICAL_SURFACE('',#2266,2.8);
#1957=CYLINDRICAL_SURFACE('',#2267,2.8);
#1958=CYLINDRICAL_SURFACE('',#2271,2.8);
#1959=CYLINDRICAL_SURFACE('',#2272,2.8);
#1960=CYLINDRICAL_SURFACE('',#2277,1.59999999999997);
#1961=CYLINDRICAL_SURFACE('',#2278,1.59999999999997);
#1962=CYLINDRICAL_SURFACE('',#2279,1.5);
#1963=ADVANCED_FACE('',(#152),#1932,.F.);
#1964=ADVANCED_FACE('',(#153,#96),#114,.F.);
#1965=ADVANCED_FACE('',(#154),#1933,.T.);
#1966=ADVANCED_FACE('',(#155),#1934,.F.);
#1967=ADVANCED_FACE('',(#156),#1935,.F.);
#1968=ADVANCED_FACE('',(#157),#1936,.F.);
#1969=ADVANCED_FACE('',(#158),#1937,.F.);
#1970=ADVANCED_FACE('',(#159),#115,.T.);
#1971=ADVANCED_FACE('',(#160,#97),#116,.T.);
#1972=ADVANCED_FACE('',(#161),#1938,.T.);
#1973=ADVANCED_FACE('',(#162,#98,#99,#100,#101,#102),#117,.F.);
#1974=ADVANCED_FACE('',(#163),#1939,.F.);
#1975=ADVANCED_FACE('',(#164),#1940,.F.);
#1976=ADVANCED_FACE('',(#165,#103,#104,#105,#106,#107),#118,.F.);
#1977=ADVANCED_FACE('',(#166),#1941,.T.);
#1978=ADVANCED_FACE('',(#167),#119,.T.);
#1979=ADVANCED_FACE('',(#168),#120,.F.);
#1980=ADVANCED_FACE('',(#169),#121,.F.);
#1981=ADVANCED_FACE('',(#170),#1942,.F.);
#1982=ADVANCED_FACE('',(#171),#122,.T.);
#1983=ADVANCED_FACE('',(#172),#123,.F.);
#1984=ADVANCED_FACE('',(#173),#124,.F.);
#1985=ADVANCED_FACE('',(#174),#1943,.F.);
#1986=ADVANCED_FACE('',(#175),#125,.T.);
#1987=ADVANCED_FACE('',(#176),#126,.F.);
#1988=ADVANCED_FACE('',(#177),#127,.F.);
#1989=ADVANCED_FACE('',(#178),#1944,.F.);
#1990=ADVANCED_FACE('',(#179),#128,.T.);
#1991=ADVANCED_FACE('',(#180),#129,.F.);
#1992=ADVANCED_FACE('',(#181),#130,.F.);
#1993=ADVANCED_FACE('',(#182),#1945,.F.);
#1994=ADVANCED_FACE('',(#183),#131,.F.);
#1995=ADVANCED_FACE('',(#184),#132,.T.);
#1996=ADVANCED_FACE('',(#185),#133,.F.);
#1997=ADVANCED_FACE('',(#186),#134,.F.);
#1998=ADVANCED_FACE('',(#187),#1946,.F.);
#1999=ADVANCED_FACE('',(#188),#135,.F.);
#2000=ADVANCED_FACE('',(#189),#136,.T.);
#2001=ADVANCED_FACE('',(#190),#137,.F.);
#2002=ADVANCED_FACE('',(#191),#138,.F.);
#2003=ADVANCED_FACE('',(#192),#1947,.F.);
#2004=ADVANCED_FACE('',(#193),#139,.T.);
#2005=ADVANCED_FACE('',(#194),#140,.F.);
#2006=ADVANCED_FACE('',(#195),#141,.F.);
#2007=ADVANCED_FACE('',(#196),#1948,.F.);
#2008=ADVANCED_FACE('',(#197),#142,.T.);
#2009=ADVANCED_FACE('',(#198),#143,.F.);
#2010=ADVANCED_FACE('',(#199),#144,.F.);
#2011=ADVANCED_FACE('',(#200),#1949,.F.);
#2012=ADVANCED_FACE('',(#201),#15,.F.);
#2013=ADVANCED_FACE('',(#202),#16,.F.);
#2014=ADVANCED_FACE('',(#203),#17,.F.);
#2015=ADVANCED_FACE('',(#204),#18,.F.);
#2016=ADVANCED_FACE('',(#205),#19,.F.);
#2017=ADVANCED_FACE('',(#206),#20,.F.);
#2018=ADVANCED_FACE('',(#207),#21,.F.);
#2019=ADVANCED_FACE('',(#208),#22,.F.);
#2020=ADVANCED_FACE('',(#209),#23,.F.);
#2021=ADVANCED_FACE('',(#210),#24,.T.);
#2022=ADVANCED_FACE('',(#211),#25,.T.);
#2023=ADVANCED_FACE('',(#212),#26,.T.);
#2024=ADVANCED_FACE('',(#213),#27,.T.);
#2025=ADVANCED_FACE('',(#214),#28,.T.);
#2026=ADVANCED_FACE('',(#215),#29,.T.);
#2027=ADVANCED_FACE('',(#216),#30,.T.);
#2028=ADVANCED_FACE('',(#217),#31,.T.);
#2029=ADVANCED_FACE('',(#218),#32,.T.);
#2030=ADVANCED_FACE('',(#219),#33,.T.);
#2031=ADVANCED_FACE('',(#220),#1950,.F.);
#2032=ADVANCED_FACE('',(#221,#108),#145,.F.);
#2033=ADVANCED_FACE('',(#222),#1951,.F.);
#2034=ADVANCED_FACE('',(#223),#1952,.F.);
#2035=ADVANCED_FACE('',(#224,#109),#146,.F.);
#2036=ADVANCED_FACE('',(#225),#1953,.F.);
#2037=ADVANCED_FACE('',(#226,#110),#147,.F.);
#2038=ADVANCED_FACE('',(#227),#1954,.F.);
#2039=ADVANCED_FACE('',(#228),#1955,.F.);
#2040=ADVANCED_FACE('',(#229,#111),#148,.F.);
#2041=ADVANCED_FACE('',(#230),#1956,.F.);
#2042=ADVANCED_FACE('',(#231),#1957,.F.);
#2043=ADVANCED_FACE('',(#232,#112),#149,.F.);
#2044=ADVANCED_FACE('',(#233),#1958,.F.);
#2045=ADVANCED_FACE('',(#234),#1959,.F.);
#2046=ADVANCED_FACE('',(#235,#113),#150,.F.);
#2047=ADVANCED_FACE('',(#236),#34,.F.);
#2048=ADVANCED_FACE('',(#237),#151,.T.);
#2049=ADVANCED_FACE('',(#238),#1960,.F.);
#2050=ADVANCED_FACE('',(#239),#1961,.F.);
#2051=ADVANCED_FACE('',(#240),#1962,.F.);
#2052=CLOSED_SHELL('',(#1963,#1964,#1965,#1966,#1967,#1968,#1969,#1970,
#1971,#1972,#1973,#1974,#1975,#1976,#1977,#1978,#1979,#1980,#1981,#1982,
#1983,#1984,#1985,#1986,#1987,#1988,#1989,#1990,#1991,#1992,#1993,#1994,
#1995,#1996,#1997,#1998,#1999,#2000,#2001,#2002,#2003,#2004,#2005,#2006,
#2007,#2008,#2009,#2010,#2011,#2012,#2013,#2014,#2015,#2016,#2017,#2018,
#2019,#2020,#2021,#2022,#2023,#2024,#2025,#2026,#2027,#2028,#2029,#2030,
#2031,#2032,#2033,#2034,#2035,#2036,#2037,#2038,#2039,#2040,#2041,#2042,
#2043,#2044,#2045,#2046,#2047,#2048,#2049,#2050,#2051));
#2053=DERIVED_UNIT_ELEMENT(#2055,1.);
#2054=DERIVED_UNIT_ELEMENT(#4396,-3.);
#2055=(
MASS_UNIT()
NAMED_UNIT(*)
SI_UNIT(.KILO.,.GRAM.)
);
#2056=DERIVED_UNIT((#2053,#2054));
#2057=MEASURE_REPRESENTATION_ITEM('density measure',
POSITIVE_RATIO_MEASURE(7850.),#2056);
#2058=PROPERTY_DEFINITION_REPRESENTATION(#2063,#2060);
#2059=PROPERTY_DEFINITION_REPRESENTATION(#2064,#2061);
#2060=REPRESENTATION('material name',(#2062),#4393);
#2061=REPRESENTATION('density',(#2057),#4393);
#2062=DESCRIPTIVE_REPRESENTATION_ITEM('Steel','Steel');
#2063=PROPERTY_DEFINITION('material property','material name',#4403);
#2064=PROPERTY_DEFINITION('material property','density of part',#4403);
#2065=AXIS2_PLACEMENT_3D('',#2847,#2280,#2281);
#2066=AXIS2_PLACEMENT_3D('',#2848,#2282,#2283);
#2067=AXIS2_PLACEMENT_3D('',#2853,#2285,#2286);
#2068=AXIS2_PLACEMENT_3D('',#2856,#2288,#2289);
#2069=AXIS2_PLACEMENT_3D('',#2857,#2290,#2291);
#2070=AXIS2_PLACEMENT_3D('',#2861,#2293,#2294);
#2071=AXIS2_PLACEMENT_3D('',#2865,#2296,#2297);
#2072=AXIS2_PLACEMENT_3D('',#2869,#2299,#2300);
#2073=AXIS2_PLACEMENT_3D('',#2873,#2302,#2303);
#2074=AXIS2_PLACEMENT_3D('',#2877,#2305,#2306);
#2075=AXIS2_PLACEMENT_3D('',#2881,#2308,#2309);
#2076=AXIS2_PLACEMENT_3D('',#2885,#2311,#2312);
#2077=AXIS2_PLACEMENT_3D('',#2889,#2314,#2315);
#2078=AXIS2_PLACEMENT_3D('',#2893,#2317,#2318);
#2079=AXIS2_PLACEMENT_3D('',#2897,#2320,#2321);
#2080=AXIS2_PLACEMENT_3D('',#2901,#2323,#2324);
#2081=AXIS2_PLACEMENT_3D('',#2905,#2326,#2327);
#2082=AXIS2_PLACEMENT_3D('',#2909,#2329,#2330);
#2083=AXIS2_PLACEMENT_3D('',#2913,#2332,#2333);
#2084=AXIS2_PLACEMENT_3D('',#2917,#2335,#2336);
#2085=AXIS2_PLACEMENT_3D('',#2921,#2338,#2339);
#2086=AXIS2_PLACEMENT_3D('',#2925,#2341,#2342);
#2087=AXIS2_PLACEMENT_3D('',#2929,#2344,#2345);
#2088=AXIS2_PLACEMENT_3D('',#2933,#2347,#2348);
#2089=AXIS2_PLACEMENT_3D('',#2936,#2350,#2351);
#2090=AXIS2_PLACEMENT_3D('',#2937,#2352,#2353);
#2091=AXIS2_PLACEMENT_3D('',#2941,#2355,#2356);
#2092=AXIS2_PLACEMENT_3D('',#2943,#2358,#2359);
#2093=AXIS2_PLACEMENT_3D('',#2945,#2360,#2361);
#2094=AXIS2_PLACEMENT_3D('',#2948,#2363,#2364);
#2095=AXIS2_PLACEMENT_3D('',#2949,#2365,#2366);
#2096=AXIS2_PLACEMENT_3D('',#2951,#2367,#2368);
#2097=AXIS2_PLACEMENT_3D('',#2954,#2370,#2371);
#2098=AXIS2_PLACEMENT_3D('',#2955,#2372,#2373);
#2099=AXIS2_PLACEMENT_3D('',#2957,#2374,#2375);
#2100=AXIS2_PLACEMENT_3D('',#2960,#2377,#2378);
#2101=AXIS2_PLACEMENT_3D('',#2961,#2379,#2380);
#2102=AXIS2_PLACEMENT_3D('',#2963,#2381,#2382);
#2103=AXIS2_PLACEMENT_3D('',#2966,#2384,#2385);
#2104=AXIS2_PLACEMENT_3D('',#2967,#2386,#2387);
#2105=AXIS2_PLACEMENT_3D('',#3010,#2392,#2393);
#2106=AXIS2_PLACEMENT_3D('',#3014,#2395,#2396);
#2107=AXIS2_PLACEMENT_3D('',#3016,#2397,#2398);
#2108=AXIS2_PLACEMENT_3D('',#3018,#2399,#2400);
#2109=AXIS2_PLACEMENT_3D('',#3022,#2402,#2403);
#2110=AXIS2_PLACEMENT_3D('',#3026,#2405,#2406);
#2111=AXIS2_PLACEMENT_3D('',#3028,#2407,#2408);
#2112=AXIS2_PLACEMENT_3D('',#3030,#2409,#2410);
#2113=AXIS2_PLACEMENT_3D('',#3034,#2412,#2413);
#2114=AXIS2_PLACEMENT_3D('',#3038,#2415,#2416);
#2115=AXIS2_PLACEMENT_3D('',#3040,#2417,#2418);
#2116=AXIS2_PLACEMENT_3D('',#3042,#2419,#2420);
#2117=AXIS2_PLACEMENT_3D('',#3046,#2422,#2423);
#2118=AXIS2_PLACEMENT_3D('',#3050,#2425,#2426);
#2119=AXIS2_PLACEMENT_3D('',#3052,#2427,#2428);
#2120=AXIS2_PLACEMENT_3D('',#3054,#2429,#2430);
#2121=AXIS2_PLACEMENT_3D('',#3058,#2432,#2433);
#2122=AXIS2_PLACEMENT_3D('',#3062,#2435,#2436);
#2123=AXIS2_PLACEMENT_3D('',#3064,#2437,#2438);
#2124=AXIS2_PLACEMENT_3D('',#3066,#2439,#2440);
#2125=AXIS2_PLACEMENT_3D('',#3067,#2441,#2442);
#2126=AXIS2_PLACEMENT_3D('',#3071,#2444,#2445);
#2127=AXIS2_PLACEMENT_3D('',#3073,#2446,#2447);
#2128=AXIS2_PLACEMENT_3D('',#3075,#2448,#2449);
#2129=AXIS2_PLACEMENT_3D('',#3079,#2451,#2452);
#2130=AXIS2_PLACEMENT_3D('',#3083,#2454,#2455);
#2131=AXIS2_PLACEMENT_3D('',#3085,#2456,#2457);
#2132=AXIS2_PLACEMENT_3D('',#3087,#2458,#2459);
#2133=AXIS2_PLACEMENT_3D('',#3091,#2461,#2462);
#2134=AXIS2_PLACEMENT_3D('',#3095,#2464,#2465);
#2135=AXIS2_PLACEMENT_3D('',#3097,#2466,#2467);
#2136=AXIS2_PLACEMENT_3D('',#3099,#2468,#2469);
#2137=AXIS2_PLACEMENT_3D('',#3103,#2471,#2472);
#2138=AXIS2_PLACEMENT_3D('',#3107,#2474,#2475);
#2139=AXIS2_PLACEMENT_3D('',#3109,#2476,#2477);
#2140=AXIS2_PLACEMENT_3D('',#3111,#2478,#2479);
#2141=AXIS2_PLACEMENT_3D('',#3115,#2481,#2482);
#2142=AXIS2_PLACEMENT_3D('',#3119,#2484,#2485);
#2143=AXIS2_PLACEMENT_3D('',#3121,#2486,#2487);
#2144=AXIS2_PLACEMENT_3D('',#3123,#2488,#2489);
#2145=AXIS2_PLACEMENT_3D('',#3126,#2491,#2492);
#2146=AXIS2_PLACEMENT_3D('',#3127,#2493,#2494);
#2147=AXIS2_PLACEMENT_3D('',#3132,#2496,#2497);
#2148=AXIS2_PLACEMENT_3D('',#3136,#2499,#2500);
#2149=AXIS2_PLACEMENT_3D('',#3140,#2502,#2503);
#2150=AXIS2_PLACEMENT_3D('',#3144,#2505,#2506);
#2151=AXIS2_PLACEMENT_3D('',#3148,#2508,#2509);
#2152=AXIS2_PLACEMENT_3D('',#3152,#2511,#2512);
#2153=AXIS2_PLACEMENT_3D('',#3156,#2514,#2515);
#2154=AXIS2_PLACEMENT_3D('',#3160,#2517,#2518);
#2155=AXIS2_PLACEMENT_3D('',#3164,#2520,#2521);
#2156=AXIS2_PLACEMENT_3D('',#3167,#2523,#2524);
#2157=AXIS2_PLACEMENT_3D('',#3168,#2525,#2526);
#2158=AXIS2_PLACEMENT_3D('',#3172,#2528,#2529);
#2159=AXIS2_PLACEMENT_3D('',#3175,#2531,#2532);
#2160=AXIS2_PLACEMENT_3D('',#3177,#2533,#2534);
#2161=AXIS2_PLACEMENT_3D('',#3179,#2535,#2536);
#2162=AXIS2_PLACEMENT_3D('',#3180,#2537,#2538);
#2163=AXIS2_PLACEMENT_3D('',#3184,#2540,#2541);
#2164=AXIS2_PLACEMENT_3D('',#3188,#2543,#2544);
#2165=AXIS2_PLACEMENT_3D('',#3192,#2546,#2547);
#2166=AXIS2_PLACEMENT_3D('',#3196,#2549,#2550);
#2167=AXIS2_PLACEMENT_3D('',#3200,#2552,#2553);
#2168=AXIS2_PLACEMENT_3D('',#3204,#2555,#2556);
#2169=AXIS2_PLACEMENT_3D('',#3208,#2558,#2559);
#2170=AXIS2_PLACEMENT_3D('',#3212,#2561,#2562);
#2171=AXIS2_PLACEMENT_3D('',#3216,#2564,#2565);
#2172=AXIS2_PLACEMENT_3D('',#3218,#2567,#2568);
#2173=AXIS2_PLACEMENT_3D('',#3220,#2569,#2570);
#2174=AXIS2_PLACEMENT_3D('',#3224,#2572,#2573);
#2175=AXIS2_PLACEMENT_3D('',#3228,#2575,#2576);
#2176=AXIS2_PLACEMENT_3D('',#3232,#2578,#2579);
#2177=AXIS2_PLACEMENT_3D('',#3236,#2581,#2582);
#2178=AXIS2_PLACEMENT_3D('',#3240,#2584,#2585);
#2179=AXIS2_PLACEMENT_3D('',#3244,#2587,#2588);
#2180=AXIS2_PLACEMENT_3D('',#3248,#2590,#2591);
#2181=AXIS2_PLACEMENT_3D('',#3252,#2593,#2594);
#2182=AXIS2_PLACEMENT_3D('',#3255,#2596,#2597);
#2183=AXIS2_PLACEMENT_3D('',#3256,#2598,#2599);
#2184=AXIS2_PLACEMENT_3D('',#3258,#2600,#2601);
#2185=AXIS2_PLACEMENT_3D('',#3261,#2603,#2604);
#2186=AXIS2_PLACEMENT_3D('',#3263,#2605,#2606);
#2187=AXIS2_PLACEMENT_3D('',#3265,#2607,#2608);
#2188=AXIS2_PLACEMENT_3D('',#3266,#2609,#2610);
#2189=AXIS2_PLACEMENT_3D('',#3268,#2611,#2612);
#2190=AXIS2_PLACEMENT_3D('',#3272,#2614,#2615);
#2191=AXIS2_PLACEMENT_3D('',#3276,#2617,#2618);
#2192=AXIS2_PLACEMENT_3D('',#3280,#2620,#2621);
#2193=AXIS2_PLACEMENT_3D('',#3284,#2623,#2624);
#2194=AXIS2_PLACEMENT_3D('',#3288,#2626,#2627);
#2195=AXIS2_PLACEMENT_3D('',#3292,#2629,#2630);
#2196=AXIS2_PLACEMENT_3D('',#3296,#2632,#2633);
#2197=AXIS2_PLACEMENT_3D('',#3300,#2635,#2636);
#2198=AXIS2_PLACEMENT_3D('',#3302,#2638,#2639);
#2199=AXIS2_PLACEMENT_3D('',#3305,#2642,#2643);
#2200=AXIS2_PLACEMENT_3D('',#3335,#2645,#2646);
#2201=AXIS2_PLACEMENT_3D('',#3365,#2648,#2649);
#2202=AXIS2_PLACEMENT_3D('',#3366,#2650,#2651);
#2203=AXIS2_PLACEMENT_3D('',#3369,#2654,#2655);
#2204=AXIS2_PLACEMENT_3D('',#3399,#2657,#2658);
#2205=AXIS2_PLACEMENT_3D('',#3429,#2660,#2661);
#2206=AXIS2_PLACEMENT_3D('',#3430,#2662,#2663);
#2207=AXIS2_PLACEMENT_3D('',#3433,#2666,#2667);
#2208=AXIS2_PLACEMENT_3D('',#3463,#2669,#2670);
#2209=AXIS2_PLACEMENT_3D('',#3493,#2672,#2673);
#2210=AXIS2_PLACEMENT_3D('',#3494,#2674,#2675);
#2211=AXIS2_PLACEMENT_3D('',#3497,#2678,#2679);
#2212=AXIS2_PLACEMENT_3D('',#3527,#2681,#2682);
#2213=AXIS2_PLACEMENT_3D('',#3557,#2684,#2685);
#2214=AXIS2_PLACEMENT_3D('',#3558,#2686,#2687);
#2215=AXIS2_PLACEMENT_3D('',#3587,#2688,#2689);
#2216=AXIS2_PLACEMENT_3D('',#3590,#2692,#2693);
#2217=AXIS2_PLACEMENT_3D('',#3620,#2695,#2696);
#2218=AXIS2_PLACEMENT_3D('',#3650,#2698,#2699);
#2219=AXIS2_PLACEMENT_3D('',#3651,#2700,#2701);
#2220=AXIS2_PLACEMENT_3D('',#3680,#2702,#2703);
#2221=AXIS2_PLACEMENT_3D('',#3683,#2706,#2707);
#2222=AXIS2_PLACEMENT_3D('',#3713,#2709,#2710);
#2223=AXIS2_PLACEMENT_3D('',#3743,#2712,#2713);
#2224=AXIS2_PLACEMENT_3D('',#3744,#2714,#2715);
#2225=AXIS2_PLACEMENT_3D('',#3747,#2718,#2719);
#2226=AXIS2_PLACEMENT_3D('',#3777,#2721,#2722);
#2227=AXIS2_PLACEMENT_3D('',#3807,#2724,#2725);
#2228=AXIS2_PLACEMENT_3D('',#3808,#2726,#2727);
#2229=AXIS2_PLACEMENT_3D('',#3811,#2730,#2731);
#2230=AXIS2_PLACEMENT_3D('',#3841,#2733,#2734);
#2231=AXIS2_PLACEMENT_3D('',#3871,#2736,#2737);
#2232=AXIS2_PLACEMENT_3D('',#3872,#2738,#2739);
#2233=AXIS2_PLACEMENT_3D('',#3883,#2740,#2741);
#2234=AXIS2_PLACEMENT_3D('',#3884,#2742,#2743);
#2235=AXIS2_PLACEMENT_3D('',#3885,#2744,#2745);
#2236=AXIS2_PLACEMENT_3D('',#3886,#2746,#2747);
#2237=AXIS2_PLACEMENT_3D('',#3887,#2748,#2749);
#2238=AXIS2_PLACEMENT_3D('',#3888,#2750,#2751);
#2239=AXIS2_PLACEMENT_3D('',#3889,#2752,#2753);
#2240=AXIS2_PLACEMENT_3D('',#3890,#2754,#2755);
#2241=AXIS2_PLACEMENT_3D('',#3891,#2756,#2757);
#2242=AXIS2_PLACEMENT_3D('',#3958,#2758,#2759);
#2243=AXIS2_PLACEMENT_3D('',#4000,#2760,#2761);
#2244=AXIS2_PLACEMENT_3D('',#4044,#2762,#2763);
#2245=AXIS2_PLACEMENT_3D('',#4083,#2764,#2765);
#2246=AXIS2_PLACEMENT_3D('',#4125,#2766,#2767);
#2247=AXIS2_PLACEMENT_3D('',#4169,#2768,#2769);
#2248=AXIS2_PLACEMENT_3D('',#4211,#2770,#2771);
#2249=AXIS2_PLACEMENT_3D('',#4255,#2772,#2773);
#2250=AXIS2_PLACEMENT_3D('',#4299,#2774,#2775);
#2251=AXIS2_PLACEMENT_3D('',#4341,#2776,#2777);
#2252=AXIS2_PLACEMENT_3D('',#4343,#2778,#2779);
#2253=AXIS2_PLACEMENT_3D('',#4345,#2781,#2782);
#2254=AXIS2_PLACEMENT_3D('',#4346,#2783,#2784);
#2255=AXIS2_PLACEMENT_3D('',#4348,#2786,#2787);
#2256=AXIS2_PLACEMENT_3D('',#4350,#2788,#2789);
#2257=AXIS2_PLACEMENT_3D('',#4352,#2791,#2792);
#2258=AXIS2_PLACEMENT_3D('',#4353,#2793,#2794);
#2259=AXIS2_PLACEMENT_3D('',#4355,#2795,#2796);
#2260=AXIS2_PLACEMENT_3D('',#4357,#2798,#2799);
#2261=AXIS2_PLACEMENT_3D('',#4359,#2800,#2801);
#2262=AXIS2_PLACEMENT_3D('',#4360,#2802,#2803);
#2263=AXIS2_PLACEMENT_3D('',#4362,#2805,#2806);
#2264=AXIS2_PLACEMENT_3D('',#4364,#2807,#2808);
#2265=AXIS2_PLACEMENT_3D('',#4366,#2810,#2811);
#2266=AXIS2_PLACEMENT_3D('',#4367,#2812,#2813);
#2267=AXIS2_PLACEMENT_3D('',#4369,#2815,#2816);
#2268=AXIS2_PLACEMENT_3D('',#4371,#2817,#2818);
#2269=AXIS2_PLACEMENT_3D('',#4373,#2820,#2821);
#2270=AXIS2_PLACEMENT_3D('',#4375,#2822,#2823);
#2271=AXIS2_PLACEMENT_3D('',#4376,#2824,#2825);
#2272=AXIS2_PLACEMENT_3D('',#4378,#2827,#2828);
#2273=AXIS2_PLACEMENT_3D('',#4380,#2829,#2830);
#2274=AXIS2_PLACEMENT_3D('',#4382,#2832,#2833);
#2275=AXIS2_PLACEMENT_3D('',#4383,#2834,#2835);
#2276=AXIS2_PLACEMENT_3D('',#4384,#2836,#2837);
#2277=AXIS2_PLACEMENT_3D('',#4385,#2838,#2839);
#2278=AXIS2_PLACEMENT_3D('',#4387,#2841,#2842);
#2279=AXIS2_PLACEMENT_3D('',#4389,#2844,#2845);
#2280=DIRECTION('axis',(0.,0.,1.));
#2281=DIRECTION('refdir',(1.,0.,0.));
#2282=DIRECTION('center_axis',(0.,0.,-1.));
#2283=DIRECTION('ref_axis',(0.965925826289003,0.258819045102765,0.));
#2284=DIRECTION('',(0.,0.,-1.));
#2285=DIRECTION('center_axis',(0.,0.,-1.));
#2286=DIRECTION('ref_axis',(-1.,0.,0.));
#2287=DIRECTION('',(0.,0.,-1.));
#2288=DIRECTION('center_axis',(0.,0.,1.));
#2289=DIRECTION('ref_axis',(-1.,0.,0.));
#2290=DIRECTION('center_axis',(0.,0.,1.));
#2291=DIRECTION('ref_axis',(-1.,0.,0.));
#2292=DIRECTION('',(-1.,0.,0.));
#2293=DIRECTION('center_axis',(0.,0.,1.));
#2294=DIRECTION('ref_axis',(-6.12323399573677E-17,1.,0.));
#2295=DIRECTION('',(0.866025401921793,-0.500000003226198,0.));
#2296=DIRECTION('center_axis',(0.,0.,1.));
#2297=DIRECTION('ref_axis',(-1.,0.,0.));
#2298=DIRECTION('',(-0.866025403784438,0.5,0.));
#2299=DIRECTION('center_axis',(0.,0.,1.));
#2300=DIRECTION('ref_axis',(-6.12323399573677E-17,1.,0.));
#2301=DIRECTION('',(0.499999996773802,-0.866025405647085,0.));
#2302=DIRECTION('center_axis',(0.,0.,1.));
#2303=DIRECTION('ref_axis',(-1.,0.,0.));
#2304=DIRECTION('',(-0.499999999999999,0.866025403784439,0.));
#2305=DIRECTION('center_axis',(0.,0.,1.));
#2306=DIRECTION('ref_axis',(-6.12323399573677E-17,1.,0.));
#2307=DIRECTION('',(-3.72529193604088E-9,-1.,0.));
#2308=DIRECTION('center_axis',(0.,0.,1.));
#2309=DIRECTION('ref_axis',(-1.,0.,0.));
#2310=DIRECTION('',(2.22044604925031E-16,1.,0.));
#2311=DIRECTION('center_axis',(0.,0.,1.));
#2312=DIRECTION('ref_axis',(-6.12323399573677E-17,1.,0.));
#2313=DIRECTION('',(-0.500000003226198,-0.866025401921793,0.));
#2314=DIRECTION('center_axis',(0.,0.,1.));
#2315=DIRECTION('ref_axis',(-1.,0.,0.));
#2316=DIRECTION('',(0.5,0.866025403784438,0.));
#2317=DIRECTION('center_axis',(0.,0.,1.));
#2318=DIRECTION('ref_axis',(-6.12323399573677E-17,1.,0.));
#2319=DIRECTION('',(-0.866025405647085,-0.499999996773803,0.));
#2320=DIRECTION('center_axis',(0.,0.,-1.));
#2321=DIRECTION('ref_axis',(-1.,0.,0.));
#2322=DIRECTION('',(1.,0.,0.));
#2323=DIRECTION('center_axis',(0.,0.,1.));
#2324=DIRECTION('ref_axis',(-6.12323399573677E-17,-1.,0.));
#2325=DIRECTION('',(-0.866025401921793,0.500000003226198,0.));
#2326=DIRECTION('center_axis',(0.,0.,1.));
#2327=DIRECTION('ref_axis',(-1.,0.,0.));
#2328=DIRECTION('',(0.866025403784439,-0.5,0.));
#2329=DIRECTION('center_axis',(0.,0.,1.));
#2330=DIRECTION('ref_axis',(-6.12323399573677E-17,-1.,0.));
#2331=DIRECTION('',(-0.499999996773803,0.866025405647085,0.));
#2332=DIRECTION('center_axis',(0.,0.,1.));
#2333=DIRECTION('ref_axis',(-1.,0.,0.));
#2334=DIRECTION('',(0.5,-0.866025403784439,0.));
#2335=DIRECTION('center_axis',(0.,0.,1.));
#2336=DIRECTION('ref_axis',(-6.12323399573677E-17,-1.,0.));
#2337=DIRECTION('',(3.72529143644051E-9,1.,0.));
#2338=DIRECTION('center_axis',(0.,0.,1.));
#2339=DIRECTION('ref_axis',(-1.,0.,0.));
#2340=DIRECTION('',(2.22044604925031E-16,-1.,0.));
#2341=DIRECTION('center_axis',(0.,0.,1.));
#2342=DIRECTION('ref_axis',(-6.12323399573677E-17,-1.,0.));
#2343=DIRECTION('',(0.500000003226197,0.866025401921793,0.));
#2344=DIRECTION('center_axis',(0.,0.,1.));
#2345=DIRECTION('ref_axis',(-1.,0.,0.));
#2346=DIRECTION('',(-0.5,-0.866025403784439,0.));
#2347=DIRECTION('center_axis',(0.,0.,1.));
#2348=DIRECTION('ref_axis',(-6.12323399573677E-17,-1.,0.));
#2349=DIRECTION('',(0.866025405647085,0.499999996773803,0.));
#2350=DIRECTION('center_axis',(0.,0.,1.));
#2351=DIRECTION('ref_axis',(-1.,0.,0.));
#2352=DIRECTION('center_axis',(0.,0.,1.));
#2353=DIRECTION('ref_axis',(0.965925826380311,0.258819044761998,0.));
#2354=DIRECTION('',(0.,0.,-1.));
#2355=DIRECTION('center_axis',(0.,0.,1.));
#2356=DIRECTION('ref_axis',(-1.,0.,0.));
#2357=DIRECTION('',(0.,0.,1.));
#2358=DIRECTION('center_axis',(0.,0.,-1.));
#2359=DIRECTION('ref_axis',(-1.,0.,0.));
#2360=DIRECTION('center_axis',(0.,0.,-1.));
#2361=DIRECTION('ref_axis',(-1.,0.,0.));
#2362=DIRECTION('',(0.,0.,-1.));
#2363=DIRECTION('center_axis',(0.,0.,1.));
#2364=DIRECTION('ref_axis',(-1.,0.,0.));
#2365=DIRECTION('center_axis',(0.,0.,-1.));
#2366=DIRECTION('ref_axis',(-1.,0.,0.));
#2367=DIRECTION('center_axis',(0.,0.,-1.));
#2368=DIRECTION('ref_axis',(-1.,0.,0.));
#2369=DIRECTION('',(0.,0.,-1.));
#2370=DIRECTION('center_axis',(0.,0.,1.));
#2371=DIRECTION('ref_axis',(-1.,0.,0.));
#2372=DIRECTION('center_axis',(0.,0.,-1.));
#2373=DIRECTION('ref_axis',(-1.,0.,0.));
#2374=DIRECTION('center_axis',(0.,0.,-1.));
#2375=DIRECTION('ref_axis',(-1.,0.,0.));
#2376=DIRECTION('',(0.,0.,-1.));
#2377=DIRECTION('center_axis',(0.,0.,1.));
#2378=DIRECTION('ref_axis',(-1.,0.,0.));
#2379=DIRECTION('center_axis',(0.,0.,-1.));
#2380=DIRECTION('ref_axis',(-1.,0.,0.));
#2381=DIRECTION('center_axis',(0.,0.,-1.));
#2382=DIRECTION('ref_axis',(-1.,0.,0.));
#2383=DIRECTION('',(0.,0.,-1.));
#2384=DIRECTION('center_axis',(0.,0.,1.));
#2385=DIRECTION('ref_axis',(-1.,0.,0.));
#2386=DIRECTION('center_axis',(0.,1.,0.));
#2387=DIRECTION('ref_axis',(-1.,0.,0.));
#2388=DIRECTION('',(-1.,0.,0.));
#2389=DIRECTION('',(0.,0.,1.));
#2390=DIRECTION('',(1.,0.,0.));
#2391=DIRECTION('',(0.,0.,-1.));
#2392=DIRECTION('center_axis',(0.,0.,1.));
#2393=DIRECTION('ref_axis',(-1.,0.,0.));
#2394=DIRECTION('',(-0.866025405647085,-0.499999996773803,0.));
#2395=DIRECTION('center_axis',(0.,0.,-1.));
#2396=DIRECTION('ref_axis',(0.997445717412067,-0.0714285714285715,0.));
#2397=DIRECTION('center_axis',(0.,0.,-1.));
#2398=DIRECTION('ref_axis',(1.,0.,0.));
#2399=DIRECTION('center_axis',(0.,0.,-1.));
#2400=DIRECTION('ref_axis',(0.997445717412067,-0.0714285714285715,0.));
#2401=DIRECTION('',(0.5,0.866025403784439,0.));
#2402=DIRECTION('center_axis',(0.,0.,-1.));
#2403=DIRECTION('ref_axis',(-1.,0.,0.));
#2404=DIRECTION('',(-0.500000003226197,-0.866025401921793,0.));
#2405=DIRECTION('center_axis',(0.,0.,-1.));
#2406=DIRECTION('ref_axis',(0.997445717412067,-0.0714285714285715,0.));
#2407=DIRECTION('center_axis',(0.,0.,-1.));
#2408=DIRECTION('ref_axis',(1.,0.,0.));
#2409=DIRECTION('center_axis',(0.,0.,-1.));
#2410=DIRECTION('ref_axis',(0.997445717412067,-0.0714285714285715,0.));
#2411=DIRECTION('',(-2.22044604925031E-16,1.,0.));
#2412=DIRECTION('center_axis',(0.,0.,-1.));
#2413=DIRECTION('ref_axis',(-1.,0.,0.));
#2414=DIRECTION('',(-3.72529143644051E-9,-1.,0.));
#2415=DIRECTION('center_axis',(0.,0.,-1.));
#2416=DIRECTION('ref_axis',(0.997445717412067,-0.0714285714285715,0.));
#2417=DIRECTION('center_axis',(0.,0.,-1.));
#2418=DIRECTION('ref_axis',(1.,0.,0.));
#2419=DIRECTION('center_axis',(0.,0.,-1.));
#2420=DIRECTION('ref_axis',(0.997445717412067,-0.0714285714285715,0.));
#2421=DIRECTION('',(-0.5,0.866025403784439,0.));
#2422=DIRECTION('center_axis',(0.,0.,-1.));
#2423=DIRECTION('ref_axis',(-1.,0.,0.));
#2424=DIRECTION('',(0.499999996773803,-0.866025405647085,0.));
#2425=DIRECTION('center_axis',(0.,0.,-1.));
#2426=DIRECTION('ref_axis',(0.997445717412067,-0.0714285714285715,0.));
#2427=DIRECTION('center_axis',(0.,0.,-1.));
#2428=DIRECTION('ref_axis',(1.,0.,0.));
#2429=DIRECTION('center_axis',(0.,0.,-1.));
#2430=DIRECTION('ref_axis',(0.997445717412067,-0.0714285714285715,0.));
#2431=DIRECTION('',(-0.866025403784439,0.5,0.));
#2432=DIRECTION('center_axis',(0.,0.,-1.));
#2433=DIRECTION('ref_axis',(-1.,0.,0.));
#2434=DIRECTION('',(0.866025401921793,-0.500000003226198,0.));
#2435=DIRECTION('center_axis',(0.,0.,-1.));
#2436=DIRECTION('ref_axis',(0.997445717412067,-0.0714285714285715,0.));
#2437=DIRECTION('center_axis',(0.,0.,-1.));
#2438=DIRECTION('ref_axis',(1.,0.,0.));
#2439=DIRECTION('center_axis',(0.,0.,-1.));
#2440=DIRECTION('ref_axis',(1.,0.,0.));
#2441=DIRECTION('center_axis',(0.,0.,-1.));
#2442=DIRECTION('ref_axis',(0.997445717412067,-0.0714285714285715,0.));
#2443=DIRECTION('',(0.866025405647085,0.499999996773803,0.));
#2444=DIRECTION('center_axis',(0.,0.,-1.));
#2445=DIRECTION('ref_axis',(0.997445717412067,-0.0714285714285715,0.));
#2446=DIRECTION('center_axis',(0.,0.,-1.));
#2447=DIRECTION('ref_axis',(1.,0.,0.));
#2448=DIRECTION('center_axis',(0.,0.,-1.));
#2449=DIRECTION('ref_axis',(0.997445717412067,-0.0714285714285715,0.));
#2450=DIRECTION('',(-0.5,-0.866025403784438,0.));
#2451=DIRECTION('center_axis',(0.,0.,-1.));
#2452=DIRECTION('ref_axis',(-1.,0.,0.));
#2453=DIRECTION('',(0.500000003226198,0.866025401921793,0.));
#2454=DIRECTION('center_axis',(0.,0.,-1.));
#2455=DIRECTION('ref_axis',(0.997445717412067,-0.0714285714285715,0.));
#2456=DIRECTION('center_axis',(0.,0.,-1.));
#2457=DIRECTION('ref_axis',(1.,0.,0.));
#2458=DIRECTION('center_axis',(0.,0.,-1.));
#2459=DIRECTION('ref_axis',(0.997445717412067,-0.0714285714285715,0.));
#2460=DIRECTION('',(-2.22044604925031E-16,-1.,0.));
#2461=DIRECTION('center_axis',(0.,0.,-1.));
#2462=DIRECTION('ref_axis',(-1.,0.,0.));
#2463=DIRECTION('',(3.72529193604088E-9,1.,0.));
#2464=DIRECTION('center_axis',(0.,0.,-1.));
#2465=DIRECTION('ref_axis',(0.997445717412067,-0.0714285714285715,0.));
#2466=DIRECTION('center_axis',(0.,0.,-1.));
#2467=DIRECTION('ref_axis',(1.,0.,0.));
#2468=DIRECTION('center_axis',(0.,0.,-1.));
#2469=DIRECTION('ref_axis',(0.997445717412067,-0.0714285714285715,0.));
#2470=DIRECTION('',(0.499999999999999,-0.866025403784439,0.));
#2471=DIRECTION('center_axis',(0.,0.,-1.));
#2472=DIRECTION('ref_axis',(-1.,0.,0.));
#2473=DIRECTION('',(-0.499999996773802,0.866025405647085,0.));
#2474=DIRECTION('center_axis',(0.,0.,-1.));
#2475=DIRECTION('ref_axis',(0.997445717412067,-0.0714285714285715,0.));
#2476=DIRECTION('center_axis',(0.,0.,-1.));
#2477=DIRECTION('ref_axis',(1.,0.,0.));
#2478=DIRECTION('center_axis',(0.,0.,-1.));
#2479=DIRECTION('ref_axis',(0.997445717412067,-0.0714285714285715,0.));
#2480=DIRECTION('',(0.866025403784438,-0.5,0.));
#2481=DIRECTION('center_axis',(0.,0.,-1.));
#2482=DIRECTION('ref_axis',(-1.,0.,0.));
#2483=DIRECTION('',(-0.866025401921793,0.500000003226198,0.));
#2484=DIRECTION('center_axis',(0.,0.,-1.));
#2485=DIRECTION('ref_axis',(0.997445717412067,-0.0714285714285715,0.));
#2486=DIRECTION('center_axis',(0.,0.,-1.));
#2487=DIRECTION('ref_axis',(1.,0.,0.));
#2488=DIRECTION('center_axis',(0.,0.,-1.));
#2489=DIRECTION('ref_axis',(0.997445717412067,-0.0714285714285715,0.));
#2490=DIRECTION('',(1.,0.,0.));
#2491=DIRECTION('center_axis',(0.,0.,-1.));
#2492=DIRECTION('ref_axis',(-1.,0.,0.));
#2493=DIRECTION('center_axis',(0.,0.,1.));
#2494=DIRECTION('ref_axis',(-1.,0.,0.));
#2495=DIRECTION('',(0.,0.,-1.));
#2496=DIRECTION('center_axis',(0.,0.,1.));
#2497=DIRECTION('ref_axis',(-1.,0.,0.));
#2498=DIRECTION('',(0.,0.,1.));
#2499=DIRECTION('center_axis',(0.,0.,1.));
#2500=DIRECTION('ref_axis',(0.997445717412067,-0.0714285714285715,0.));
#2501=DIRECTION('',(0.,0.,-1.));
#2502=DIRECTION('center_axis',(0.,0.,-1.));
#2503=DIRECTION('ref_axis',(-1.,0.,0.));
#2504=DIRECTION('',(0.,0.,1.));
#2505=DIRECTION('center_axis',(0.,0.,1.));
#2506=DIRECTION('ref_axis',(0.997445717412067,-0.0714285714285715,0.));
#2507=DIRECTION('',(0.,0.,-1.));
#2508=DIRECTION('center_axis',(0.,0.,-1.));
#2509=DIRECTION('ref_axis',(-1.,0.,0.));
#2510=DIRECTION('',(0.,0.,1.));
#2511=DIRECTION('center_axis',(0.,0.,1.));
#2512=DIRECTION('ref_axis',(0.997445717412067,-0.0714285714285715,0.));
#2513=DIRECTION('',(0.,0.,-1.));
#2514=DIRECTION('center_axis',(0.,0.,-1.));
#2515=DIRECTION('ref_axis',(-1.,0.,0.));
#2516=DIRECTION('',(0.,0.,1.));
#2517=DIRECTION('center_axis',(0.,0.,1.));
#2518=DIRECTION('ref_axis',(0.997445717412067,-0.0714285714285715,0.));
#2519=DIRECTION('',(0.,0.,-1.));
#2520=DIRECTION('center_axis',(0.,0.,-1.));
#2521=DIRECTION('ref_axis',(-1.,0.,0.));
#2522=DIRECTION('',(0.,0.,1.));
#2523=DIRECTION('center_axis',(0.,0.,1.));
#2524=DIRECTION('ref_axis',(0.997445717412067,-0.0714285714285715,0.));
#2525=DIRECTION('center_axis',(0.,0.,1.));
#2526=DIRECTION('ref_axis',(-1.,0.,0.));
#2527=DIRECTION('',(-0.866025405647085,-0.499999996773803,0.));
#2528=DIRECTION('center_axis',(0.,0.,-1.));
#2529=DIRECTION('ref_axis',(-1.,0.,0.));
#2530=DIRECTION('',(-1.,0.,0.));
#2531=DIRECTION('center_axis',(0.,0.,1.));
#2532=DIRECTION('ref_axis',(1.,0.,0.));
#2533=DIRECTION('center_axis',(0.,0.,1.));
#2534=DIRECTION('ref_axis',(1.,0.,0.));
#2535=DIRECTION('center_axis',(0.,0.,-1.));
#2536=DIRECTION('ref_axis',(-1.,0.,0.));
#2537=DIRECTION('center_axis',(0.,0.,1.));
#2538=DIRECTION('ref_axis',(-1.,0.,0.));
#2539=DIRECTION('',(0.,0.,1.));
#2540=DIRECTION('center_axis',(0.,0.,-1.));
#2541=DIRECTION('ref_axis',(-6.12323399573676E-17,1.,0.));
#2542=DIRECTION('',(0.,0.,-1.));
#2543=DIRECTION('center_axis',(0.,0.,1.));
#2544=DIRECTION('ref_axis',(-1.,0.,0.));
#2545=DIRECTION('',(0.,0.,1.));
#2546=DIRECTION('center_axis',(0.,0.,-1.));
#2547=DIRECTION('ref_axis',(-6.12323399573676E-17,1.,0.));
#2548=DIRECTION('',(0.,0.,-1.));
#2549=DIRECTION('center_axis',(0.,0.,1.));
#2550=DIRECTION('ref_axis',(-1.,0.,0.));
#2551=DIRECTION('',(0.,0.,1.));
#2552=DIRECTION('center_axis',(0.,0.,-1.));
#2553=DIRECTION('ref_axis',(-6.12323399573676E-17,1.,0.));
#2554=DIRECTION('',(0.,0.,-1.));
#2555=DIRECTION('center_axis',(0.,0.,1.));
#2556=DIRECTION('ref_axis',(-1.,0.,0.));
#2557=DIRECTION('',(0.,0.,1.));
#2558=DIRECTION('center_axis',(0.,0.,-1.));
#2559=DIRECTION('ref_axis',(-6.12323399573676E-17,1.,0.));
#2560=DIRECTION('',(0.,0.,-1.));
#2561=DIRECTION('center_axis',(0.,0.,1.));
#2562=DIRECTION('ref_axis',(-1.,0.,0.));
#2563=DIRECTION('',(0.,0.,1.));
#2564=DIRECTION('center_axis',(0.,0.,-1.));
#2565=DIRECTION('ref_axis',(-6.12323399573676E-17,1.,0.));
#2566=DIRECTION('',(0.,0.,-1.));
#2567=DIRECTION('center_axis',(0.,0.,1.));
#2568=DIRECTION('ref_axis',(-1.,0.,0.));
#2569=DIRECTION('center_axis',(0.,0.,-1.));
#2570=DIRECTION('ref_axis',(-1.,0.,0.));
#2571=DIRECTION('',(0.,0.,1.));
#2572=DIRECTION('center_axis',(0.,0.,-1.));
#2573=DIRECTION('ref_axis',(-6.12323399573676E-17,-1.,0.));
#2574=DIRECTION('',(0.,0.,-1.));
#2575=DIRECTION('center_axis',(0.,0.,1.));
#2576=DIRECTION('ref_axis',(-1.,0.,0.));
#2577=DIRECTION('',(0.,0.,1.));
#2578=DIRECTION('center_axis',(0.,0.,-1.));
#2579=DIRECTION('ref_axis',(-6.12323399573676E-17,-1.,0.));
#2580=DIRECTION('',(0.,0.,-1.));
#2581=DIRECTION('center_axis',(0.,0.,1.));
#2582=DIRECTION('ref_axis',(-1.,0.,0.));
#2583=DIRECTION('',(0.,0.,1.));
#2584=DIRECTION('center_axis',(0.,0.,-1.));
#2585=DIRECTION('ref_axis',(-6.12323399573676E-17,-1.,0.));
#2586=DIRECTION('',(0.,0.,-1.));
#2587=DIRECTION('center_axis',(0.,0.,1.));
#2588=DIRECTION('ref_axis',(-1.,0.,0.));
#2589=DIRECTION('',(0.,0.,1.));
#2590=DIRECTION('center_axis',(0.,0.,-1.));
#2591=DIRECTION('ref_axis',(-6.12323399573676E-17,-1.,0.));
#2592=DIRECTION('',(0.,0.,-1.));
#2593=DIRECTION('center_axis',(0.,0.,1.));
#2594=DIRECTION('ref_axis',(-1.,0.,0.));
#2595=DIRECTION('',(0.,0.,1.));
#2596=DIRECTION('center_axis',(0.,0.,-1.));
#2597=DIRECTION('ref_axis',(-6.12323399573676E-17,-1.,0.));
#2598=DIRECTION('center_axis',(0.,0.,1.));
#2599=DIRECTION('ref_axis',(-1.,0.,0.));
#2600=DIRECTION('center_axis',(0.,0.,1.));
#2601=DIRECTION('ref_axis',(-1.,0.,0.));
#2602=DIRECTION('',(0.866025405647085,0.499999996773803,0.));
#2603=DIRECTION('center_axis',(0.,0.,1.));
#2604=DIRECTION('ref_axis',(1.,0.,0.));
#2605=DIRECTION('center_axis',(0.,0.,1.));
#2606=DIRECTION('ref_axis',(1.,0.,0.));
#2607=DIRECTION('center_axis',(0.,0.,-1.));
#2608=DIRECTION('ref_axis',(-1.,0.,0.));
#2609=DIRECTION('center_axis',(0.,0.,1.));
#2610=DIRECTION('ref_axis',(-1.,0.,0.));
#2611=DIRECTION('center_axis',(0.,0.,1.));
#2612=DIRECTION('ref_axis',(0.997445717412067,-0.0714285714285715,0.));
#2613=DIRECTION('',(0.,0.,-1.));
#2614=DIRECTION('center_axis',(0.,0.,-1.));
#2615=DIRECTION('ref_axis',(-1.,0.,0.));
#2616=DIRECTION('',(0.,0.,1.));
#2617=DIRECTION('center_axis',(0.,0.,1.));
#2618=DIRECTION('ref_axis',(0.997445717412067,-0.0714285714285715,0.));
#2619=DIRECTION('',(0.,0.,-1.));
#2620=DIRECTION('center_axis',(0.,0.,-1.));
#2621=DIRECTION('ref_axis',(-1.,0.,0.));
#2622=DIRECTION('',(0.,0.,1.));
#2623=DIRECTION('center_axis',(0.,0.,1.));
#2624=DIRECTION('ref_axis',(0.997445717412067,-0.0714285714285715,0.));
#2625=DIRECTION('',(0.,0.,-1.));
#2626=DIRECTION('center_axis',(0.,0.,-1.));
#2627=DIRECTION('ref_axis',(-1.,0.,0.));
#2628=DIRECTION('',(0.,0.,1.));
#2629=DIRECTION('center_axis',(0.,0.,1.));
#2630=DIRECTION('ref_axis',(0.997445717412067,-0.0714285714285715,0.));
#2631=DIRECTION('',(0.,0.,-1.));
#2632=DIRECTION('center_axis',(0.,0.,-1.));
#2633=DIRECTION('ref_axis',(-1.,0.,0.));
#2634=DIRECTION('',(0.,0.,1.));
#2635=DIRECTION('center_axis',(0.,0.,1.));
#2636=DIRECTION('ref_axis',(0.997445717412067,-0.0714285714285715,0.));
#2637=DIRECTION('',(0.,0.,-1.));
#2638=DIRECTION('center_axis',(0.,0.,1.));
#2639=DIRECTION('ref_axis',(-1.,0.,0.));
#2640=DIRECTION('',(0.5,0.866025403784439,0.));
#2641=DIRECTION('',(-0.500000003226197,-0.866025401921793,0.));
#2642=DIRECTION('center_axis',(0.866025401921793,-0.500000003226197,0.));
#2643=DIRECTION('ref_axis',(-0.500000003226197,-0.866025401921793,0.));
#2644=DIRECTION('',(0.,0.,-1.));
#2645=DIRECTION('center_axis',(-0.866025403784439,0.5,0.));
#2646=DIRECTION('ref_axis',(0.5,0.866025403784439,0.));
#2647=DIRECTION('',(0.,0.,-1.));
#2648=DIRECTION('center_axis',(0.,0.,-1.));
#2649=DIRECTION('ref_axis',(0.5,0.866025403784439,0.));
#2650=DIRECTION('center_axis',(0.,0.,1.));
#2651=DIRECTION('ref_axis',(-1.,0.,0.));
#2652=DIRECTION('',(0.499999999999999,-0.866025403784439,0.));
#2653=DIRECTION('',(-0.499999996773802,0.866025405647085,0.));
#2654=DIRECTION('center_axis',(-0.866025405647085,-0.499999996773802,0.));
#2655=DIRECTION('ref_axis',(-0.499999996773802,0.866025405647085,0.));
#2656=DIRECTION('',(0.,0.,-1.));
#2657=DIRECTION('center_axis',(0.866025403784439,0.499999999999999,0.));
#2658=DIRECTION('ref_axis',(0.499999999999999,-0.866025403784439,0.));
#2659=DIRECTION('',(0.,0.,-1.));
#2660=DIRECTION('center_axis',(0.,0.,-1.));
#2661=DIRECTION('ref_axis',(0.5,-0.866025403784439,0.));
#2662=DIRECTION('center_axis',(0.,0.,1.));
#2663=DIRECTION('ref_axis',(-1.,0.,0.));
#2664=DIRECTION('',(-2.22044604925031E-16,-1.,0.));
#2665=DIRECTION('',(3.72529193604088E-9,1.,0.));
#2666=DIRECTION('center_axis',(-1.,3.72529193604088E-9,0.));
#2667=DIRECTION('ref_axis',(3.72529193604088E-9,1.,0.));
#2668=DIRECTION('',(0.,0.,-1.));
#2669=DIRECTION('center_axis',(1.,-2.22044604925031E-16,0.));
#2670=DIRECTION('ref_axis',(-2.22044604925031E-16,-1.,0.));
#2671=DIRECTION('',(0.,0.,-1.));
#2672=DIRECTION('center_axis',(0.,0.,-1.));
#2673=DIRECTION('ref_axis',(-1.,0.,0.));
#2674=DIRECTION('center_axis',(0.,0.,1.));
#2675=DIRECTION('ref_axis',(-1.,0.,0.));
#2676=DIRECTION('',(-0.866025403784439,0.5,0.));
#2677=DIRECTION('',(0.866025401921793,-0.500000003226198,0.));
#2678=DIRECTION('center_axis',(0.500000003226198,0.866025401921793,0.));
#2679=DIRECTION('ref_axis',(0.866025401921793,-0.500000003226198,0.));
#2680=DIRECTION('',(0.,0.,-1.));
#2681=DIRECTION('center_axis',(-0.5,-0.866025403784439,0.));
#2682=DIRECTION('ref_axis',(-0.866025403784439,0.5,0.));
#2683=DIRECTION('',(0.,0.,-1.));
#2684=DIRECTION('center_axis',(0.,0.,-1.));
#2685=DIRECTION('ref_axis',(-1.,0.,0.));
#2686=DIRECTION('center_axis',(0.499999996773803,-0.866025405647085,0.));
#2687=DIRECTION('ref_axis',(-0.866025405647085,-0.499999996773803,0.));
#2688=DIRECTION('center_axis',(0.,0.,1.));
#2689=DIRECTION('ref_axis',(-1.,0.,0.));
#2690=DIRECTION('',(-2.22044604925031E-16,1.,0.));
#2691=DIRECTION('',(-3.72529143644051E-9,-1.,0.));
#2692=DIRECTION('center_axis',(1.,-3.72529143644051E-9,0.));
#2693=DIRECTION('ref_axis',(-3.72529143644051E-9,-1.,0.));
#2694=DIRECTION('',(0.,0.,-1.));
#2695=DIRECTION('center_axis',(-1.,-2.22044604925031E-16,0.));
#2696=DIRECTION('ref_axis',(-2.22044604925031E-16,1.,0.));
#2697=DIRECTION('',(0.,0.,-1.));
#2698=DIRECTION('center_axis',(0.,0.,-1.));
#2699=DIRECTION('ref_axis',(-1.,0.,0.));
#2700=DIRECTION('center_axis',(-0.499999996773803,0.866025405647085,0.));
#2701=DIRECTION('ref_axis',(0.866025405647085,0.499999996773803,0.));
#2702=DIRECTION('center_axis',(0.,0.,1.));
#2703=DIRECTION('ref_axis',(-1.,0.,0.));
#2704=DIRECTION('',(0.866025403784438,-0.5,0.));
#2705=DIRECTION('',(-0.866025401921792,0.500000003226198,0.));
#2706=DIRECTION('center_axis',(-0.500000003226198,-0.866025401921793,0.));
#2707=DIRECTION('ref_axis',(-0.866025401921793,0.500000003226198,0.));
#2708=DIRECTION('',(0.,0.,-1.));
#2709=DIRECTION('center_axis',(0.5,0.866025403784438,0.));
#2710=DIRECTION('ref_axis',(0.866025403784438,-0.5,0.));
#2711=DIRECTION('',(0.,0.,-1.));
#2712=DIRECTION('center_axis',(0.,0.,-1.));
#2713=DIRECTION('ref_axis',(0.866025403784438,-0.500000000000001,0.));
#2714=DIRECTION('center_axis',(0.,0.,1.));
#2715=DIRECTION('ref_axis',(-1.,0.,0.));
#2716=DIRECTION('',(-0.5,-0.866025403784438,0.));
#2717=DIRECTION('',(0.500000003226198,0.866025401921792,0.));
#2718=DIRECTION('center_axis',(-0.866025401921793,0.500000003226198,0.));
#2719=DIRECTION('ref_axis',(0.500000003226198,0.866025401921793,0.));
#2720=DIRECTION('',(0.,0.,-1.));
#2721=DIRECTION('center_axis',(0.866025403784438,-0.5,0.));
#2722=DIRECTION('ref_axis',(-0.5,-0.866025403784438,0.));
#2723=DIRECTION('',(0.,0.,-1.));
#2724=DIRECTION('center_axis',(0.,0.,-1.));
#2725=DIRECTION('ref_axis',(-1.,0.,0.));
#2726=DIRECTION('center_axis',(0.,0.,1.));
#2727=DIRECTION('ref_axis',(-1.,0.,0.));
#2728=DIRECTION('',(-0.5,0.866025403784439,0.));
#2729=DIRECTION('',(0.499999996773803,-0.866025405647085,0.));
#2730=DIRECTION('center_axis',(0.866025405647085,0.499999996773803,0.));
#2731=DIRECTION('ref_axis',(0.499999996773803,-0.866025405647085,0.));
#2732=DIRECTION('',(0.,0.,-1.));
#2733=DIRECTION('center_axis',(-0.866025403784439,-0.5,0.));
#2734=DIRECTION('ref_axis',(-0.5,0.866025403784439,0.));
#2735=DIRECTION('',(0.,0.,-1.));
#2736=DIRECTION('center_axis',(0.,0.,-1.));
#2737=DIRECTION('ref_axis',(-1.,0.,0.));
#2738=DIRECTION('center_axis',(0.,0.,1.));
#2739=DIRECTION('ref_axis',(1.,0.,0.));
#2740=DIRECTION('center_axis',(0.,0.,1.));
#2741=DIRECTION('ref_axis',(1.,0.,0.));
#2742=DIRECTION('center_axis',(0.,0.,1.));
#2743=DIRECTION('ref_axis',(1.,0.,0.));
#2744=DIRECTION('center_axis',(0.,0.,1.));
#2745=DIRECTION('ref_axis',(1.,0.,0.));
#2746=DIRECTION('center_axis',(0.,0.,1.));
#2747=DIRECTION('ref_axis',(1.,0.,0.));
#2748=DIRECTION('center_axis',(0.,0.,1.));
#2749=DIRECTION('ref_axis',(1.,0.,0.));
#2750=DIRECTION('center_axis',(0.,0.,1.));
#2751=DIRECTION('ref_axis',(1.,0.,0.));
#2752=DIRECTION('center_axis',(0.,0.,1.));
#2753=DIRECTION('ref_axis',(1.,0.,0.));
#2754=DIRECTION('center_axis',(0.,0.,1.));
#2755=DIRECTION('ref_axis',(1.,0.,0.));
#2756=DIRECTION('center_axis',(0.,0.,1.));
#2757=DIRECTION('ref_axis',(1.,0.,0.));
#2758=DIRECTION('center_axis',(0.,0.,1.));
#2759=DIRECTION('ref_axis',(1.,0.,0.));
#2760=DIRECTION('center_axis',(0.,0.,1.));
#2761=DIRECTION('ref_axis',(1.,0.,0.));
#2762=DIRECTION('center_axis',(0.,0.,1.));
#2763=DIRECTION('ref_axis',(1.,0.,0.));
#2764=DIRECTION('center_axis',(0.,0.,1.));
#2765=DIRECTION('ref_axis',(1.,0.,0.));
#2766=DIRECTION('center_axis',(0.,0.,1.));
#2767=DIRECTION('ref_axis',(1.,0.,0.));
#2768=DIRECTION('center_axis',(0.,0.,1.));
#2769=DIRECTION('ref_axis',(1.,0.,0.));
#2770=DIRECTION('center_axis',(0.,0.,1.));
#2771=DIRECTION('ref_axis',(1.,0.,0.));
#2772=DIRECTION('center_axis',(0.,0.,1.));
#2773=DIRECTION('ref_axis',(1.,0.,0.));
#2774=DIRECTION('center_axis',(0.,0.,1.));
#2775=DIRECTION('ref_axis',(1.,0.,0.));
#2776=DIRECTION('center_axis',(0.,0.,1.));
#2777=DIRECTION('ref_axis',(1.,0.,0.));
#2778=DIRECTION('center_axis',(0.,0.,-1.));
#2779=DIRECTION('ref_axis',(1.,0.,0.));
#2780=DIRECTION('',(0.,0.,1.));
#2781=DIRECTION('center_axis',(0.,0.,-1.));
#2782=DIRECTION('ref_axis',(1.,0.,0.));
#2783=DIRECTION('center_axis',(0.,0.,1.));
#2784=DIRECTION('ref_axis',(1.,0.,0.));
#2785=DIRECTION('',(0.,0.,1.));
#2786=DIRECTION('center_axis',(0.,0.,1.));
#2787=DIRECTION('ref_axis',(1.,0.,0.));
#2788=DIRECTION('center_axis',(0.,0.,-1.));
#2789=DIRECTION('ref_axis',(1.,0.,0.));
#2790=DIRECTION('',(0.,0.,1.));
#2791=DIRECTION('center_axis',(0.,0.,-1.));
#2792=DIRECTION('ref_axis',(1.,0.,0.));
#2793=DIRECTION('center_axis',(0.,0.,1.));
#2794=DIRECTION('ref_axis',(1.,0.,0.));
#2795=DIRECTION('center_axis',(0.,0.,-1.));
#2796=DIRECTION('ref_axis',(1.,0.,0.));
#2797=DIRECTION('',(0.,0.,1.));
#2798=DIRECTION('center_axis',(0.,0.,-1.));
#2799=DIRECTION('ref_axis',(1.,0.,0.));
#2800=DIRECTION('center_axis',(0.,0.,1.));
#2801=DIRECTION('ref_axis',(-1.,0.,0.));
#2802=DIRECTION('center_axis',(0.,0.,1.));
#2803=DIRECTION('ref_axis',(1.,0.,0.));
#2804=DIRECTION('',(0.,0.,1.));
#2805=DIRECTION('center_axis',(0.,0.,1.));
#2806=DIRECTION('ref_axis',(1.,0.,0.));
#2807=DIRECTION('center_axis',(0.,0.,-1.));
#2808=DIRECTION('ref_axis',(1.,0.,0.));
#2809=DIRECTION('',(0.,0.,1.));
#2810=DIRECTION('center_axis',(0.,0.,-1.));
#2811=DIRECTION('ref_axis',(1.,0.,0.));
#2812=DIRECTION('center_axis',(0.,0.,1.));
#2813=DIRECTION('ref_axis',(1.,0.,0.));
#2814=DIRECTION('',(0.,0.,1.));
#2815=DIRECTION('center_axis',(0.,0.,1.));
#2816=DIRECTION('ref_axis',(1.,0.,0.));
#2817=DIRECTION('center_axis',(0.,0.,-1.));
#2818=DIRECTION('ref_axis',(1.,0.,0.));
#2819=DIRECTION('',(0.,0.,1.));
#2820=DIRECTION('center_axis',(0.,0.,-1.));
#2821=DIRECTION('ref_axis',(1.,0.,0.));
#2822=DIRECTION('center_axis',(0.,0.,1.));
#2823=DIRECTION('ref_axis',(-1.,0.,0.));
#2824=DIRECTION('center_axis',(0.,0.,1.));
#2825=DIRECTION('ref_axis',(1.,0.,0.));
#2826=DIRECTION('',(0.,0.,1.));
#2827=DIRECTION('center_axis',(0.,0.,1.));
#2828=DIRECTION('ref_axis',(1.,0.,0.));
#2829=DIRECTION('center_axis',(0.,0.,-1.));
#2830=DIRECTION('ref_axis',(1.,0.,0.));
#2831=DIRECTION('',(0.,0.,1.));
#2832=DIRECTION('center_axis',(0.,0.,-1.));
#2833=DIRECTION('ref_axis',(1.,0.,0.));
#2834=DIRECTION('center_axis',(0.,0.,1.));
#2835=DIRECTION('ref_axis',(1.,0.,0.));
#2836=DIRECTION('center_axis',(0.,-1.,0.));
#2837=DIRECTION('ref_axis',(1.,0.,0.));
#2838=DIRECTION('center_axis',(0.,0.,1.));
#2839=DIRECTION('ref_axis',(-1.,0.,0.));
#2840=DIRECTION('',(0.,0.,-1.));
#2841=DIRECTION('center_axis',(0.,0.,1.));
#2842=DIRECTION('ref_axis',(-1.,0.,0.));
#2843=DIRECTION('',(0.,0.,-1.));
#2844=DIRECTION('center_axis',(0.,0.,-1.));
#2845=DIRECTION('ref_axis',(-1.,0.,0.));
#2846=DIRECTION('',(0.,0.,-1.));
#2847=CARTESIAN_POINT('',(0.,0.,0.));
#2848=CARTESIAN_POINT('Origin',(-26.0012174344554,-6.96700521378836,16.));
#2849=CARTESIAN_POINT('',(-21.2666604983954,-15.1650635094611,16.));
#2850=CARTESIAN_POINT('',(-21.2666604983954,-15.1650635094611,15.));
#2851=CARTESIAN_POINT('',(-21.2666604983954,-15.1650635094611,16.));
#2852=CARTESIAN_POINT('',(-26.,2.5000000372529,16.));
#2853=CARTESIAN_POINT('Origin',(-26.0012174344554,-6.96700521378836,16.));
#2854=CARTESIAN_POINT('',(-26.,2.5000000372529,15.));
#2855=CARTESIAN_POINT('',(-26.,2.5000000372529,16.));
#2856=CARTESIAN_POINT('Origin',(-26.0012174344554,-6.96700521378836,15.));
#2857=CARTESIAN_POINT('Origin',(0.,0.,15.));
#2858=CARTESIAN_POINT('',(-27.3861278718576,2.5000000372529,15.));
#2859=CARTESIAN_POINT('',(-18.,2.5000000372529,15.));
#2860=CARTESIAN_POINT('',(-24.9670824490892,11.5280004328757,15.));
#2861=CARTESIAN_POINT('Origin',(0.,0.,15.));
#2862=CARTESIAN_POINT('',(-23.7666604983954,10.8349364905389,15.));
#2863=CARTESIAN_POINT('',(-12.5083302774449,4.33493645092664,15.));
#2864=CARTESIAN_POINT('',(-21.2666604797689,15.1650635417231,15.));
#2865=CARTESIAN_POINT('Origin',(-22.5166604890822,13.000000016131,15.));
#2866=CARTESIAN_POINT('',(-22.4670824296913,15.8581274776519,15.));
#2867=CARTESIAN_POINT('',(-14.3384572494934,11.1650635417231,15.));
#2868=CARTESIAN_POINT('',(-15.858127442854,22.467082454253,15.));
#2869=CARTESIAN_POINT('Origin',(0.,0.,15.));
#2870=CARTESIAN_POINT('',(-15.1650635094611,21.2666604983954,15.));
#2871=CARTESIAN_POINT('',(-8.66506355372997,10.0083302290161,15.));
#2872=CARTESIAN_POINT('',(-10.8349364582769,23.7666605170219,15.));
#2873=CARTESIAN_POINT('Origin',(-12.999999983869,22.5166605077086,15.));
#2874=CARTESIAN_POINT('',(-11.5280003942057,24.9670824669442,15.));
#2875=CARTESIAN_POINT('',(-6.83493645827693,16.8384572867464,15.));
#2876=CARTESIAN_POINT('',(-2.49999999483628,27.3861278757297,15.));
#2877=CARTESIAN_POINT('Origin',(0.,0.,15.));
#2878=CARTESIAN_POINT('',(-2.50000000000001,26.,15.));
#2879=CARTESIAN_POINT('',(-2.5000000484288,13.0000000046566,15.));
#2880=CARTESIAN_POINT('',(2.50000003725291,26.,15.));
#2881=CARTESIAN_POINT('Origin',(1.86264511592427E-8,26.,15.));
#2882=CARTESIAN_POINT('',(2.50000003725291,27.3861278718576,15.));
#2883=CARTESIAN_POINT('',(2.50000003725291,18.,15.));
#2884=CARTESIAN_POINT('',(11.5280004328757,24.9670824490892,15.));
#2885=CARTESIAN_POINT('Origin',(0.,0.,15.));
#2886=CARTESIAN_POINT('',(10.8349364905389,23.7666604983954,15.));
#2887=CARTESIAN_POINT('',(4.33493645092664,12.5083302774449,15.));
#2888=CARTESIAN_POINT('',(15.1650635417231,21.2666604797689,15.));
#2889=CARTESIAN_POINT('Origin',(13.000000016131,22.5166604890822,15.));
#2890=CARTESIAN_POINT('',(15.8581274776519,22.4670824296913,15.));
#2891=CARTESIAN_POINT('',(11.1650635417231,14.3384572494934,15.));
#2892=CARTESIAN_POINT('',(22.467082454253,15.858127442854,15.));
#2893=CARTESIAN_POINT('Origin',(0.,0.,15.));
#2894=CARTESIAN_POINT('',(23.7712409826126,16.6110837137906,15.));
#2895=CARTESIAN_POINT('',(21.6221726802464,15.3703185615871,15.));
#2896=CARTESIAN_POINT('',(28.8920404255569,-2.50000000959723,15.));
#2897=CARTESIAN_POINT('Origin',(0.,0.,15.));
#2898=CARTESIAN_POINT('',(27.3861278718576,-2.50000003725291,15.));
#2899=CARTESIAN_POINT('',(30.5803000500546,-2.5,15.));
#2900=CARTESIAN_POINT('',(24.9670824490892,-11.5280004328757,15.));
#2901=CARTESIAN_POINT('Origin',(0.,0.,15.));
#2902=CARTESIAN_POINT('',(23.7666604983954,-10.8349364905389,15.));
#2903=CARTESIAN_POINT('',(12.5083302774448,-4.33493645092664,15.));
#2904=CARTESIAN_POINT('',(21.2666604797689,-15.1650635417231,15.));
#2905=CARTESIAN_POINT('Origin',(22.5166604890822,-13.000000016131,15.));
#2906=CARTESIAN_POINT('',(22.4670824296913,-15.8581274776519,15.));
#2907=CARTESIAN_POINT('',(14.3384572494934,-11.1650635417231,15.));
#2908=CARTESIAN_POINT('',(15.858127442854,-22.467082454253,15.));
#2909=CARTESIAN_POINT('Origin',(0.,0.,15.));
#2910=CARTESIAN_POINT('',(15.1650635094611,-21.2666604983954,15.));
#2911=CARTESIAN_POINT('',(8.66506355372997,-10.0083302290161,15.));
#2912=CARTESIAN_POINT('',(10.8349364582769,-23.7666605170219,15.));
#2913=CARTESIAN_POINT('Origin',(12.999999983869,-22.5166605077086,15.));
#2914=CARTESIAN_POINT('',(11.5280003942057,-24.9670824669442,15.));
#2915=CARTESIAN_POINT('',(6.83493645827694,-16.8384572867464,15.));
#2916=CARTESIAN_POINT('',(2.49999999483629,-27.3861278757297,15.));
#2917=CARTESIAN_POINT('Origin',(0.,0.,15.));
#2918=CARTESIAN_POINT('',(2.50000000000002,-26.,15.));
#2919=CARTESIAN_POINT('',(2.50000004842881,-13.0000000046566,15.));
#2920=CARTESIAN_POINT('',(-2.5000000372529,-26.,15.));
#2921=CARTESIAN_POINT('Origin',(-1.86264396129232E-8,-26.,15.));
#2922=CARTESIAN_POINT('',(-2.5000000372529,-27.3861278718576,15.));
#2923=CARTESIAN_POINT('',(-2.5000000372529,-18.,15.));
#2924=CARTESIAN_POINT('',(-11.5280004328757,-24.9670824490892,15.));
#2925=CARTESIAN_POINT('Origin',(0.,0.,15.));
#2926=CARTESIAN_POINT('',(-10.8349364905389,-23.7666604983954,15.));
#2927=CARTESIAN_POINT('',(-4.33493645092664,-12.5083302774449,15.));
#2928=CARTESIAN_POINT('',(-15.1650635417231,-21.266660479769,15.));
#2929=CARTESIAN_POINT('Origin',(-13.000000016131,-22.5166604890822,15.));
#2930=CARTESIAN_POINT('',(-15.8581274776519,-22.4670824296913,15.));
#2931=CARTESIAN_POINT('',(-11.1650635417231,-14.3384572494934,15.));
#2932=CARTESIAN_POINT('',(-22.4670824542529,-15.858127442854,15.));
#2933=CARTESIAN_POINT('Origin',(0.,0.,15.));
#2934=CARTESIAN_POINT('',(-10.008330229016,-8.66506355372998,15.));
#2935=CARTESIAN_POINT('',(-13.5000002235174,15.0000002235174,15.));
#2936=CARTESIAN_POINT('Origin',(-15.0000002235174,15.0000002235174,15.));
#2937=CARTESIAN_POINT('Origin',(0.,0.,5.));
#2938=CARTESIAN_POINT('',(23.7712409826126,16.6110837137906,16.));
#2939=CARTESIAN_POINT('',(23.7712409826126,16.6110837137906,16.));
#2940=CARTESIAN_POINT('',(28.8920404255569,-2.50000000959723,16.));
#2941=CARTESIAN_POINT('Origin',(0.,0.,16.));
#2942=CARTESIAN_POINT('',(28.8920404263874,-2.5,16.));
#2943=CARTESIAN_POINT('Origin',(8.28220944328067,30.9096264412502,16.));
#2944=CARTESIAN_POINT('',(10.2822094432807,30.9096264412502,12.));
#2945=CARTESIAN_POINT('Origin',(8.28220944328067,30.9096264412502,12.));
#2946=CARTESIAN_POINT('',(10.2822094432807,30.9096264412502,5.));
#2947=CARTESIAN_POINT('',(10.2822094432807,30.9096264412502,16.));
#2948=CARTESIAN_POINT('Origin',(8.28220944328067,30.9096264412502,5.));
#2949=CARTESIAN_POINT('Origin',(-30.9096264412502,8.28220944328066,16.));
#2950=CARTESIAN_POINT('',(-28.9096264412502,8.28220944328066,12.));
#2951=CARTESIAN_POINT('Origin',(-30.9096264412502,8.28220944328066,12.));
#2952=CARTESIAN_POINT('',(-28.9096264412502,8.28220944328066,5.));
#2953=CARTESIAN_POINT('',(-28.9096264412502,8.28220944328066,16.));
#2954=CARTESIAN_POINT('Origin',(-30.9096264412502,8.28220944328066,5.));
#2955=CARTESIAN_POINT('Origin',(30.9096264412502,-8.28220944328067,16.));
#2956=CARTESIAN_POINT('',(32.9096264412502,-8.28220944328067,12.));
#2957=CARTESIAN_POINT('Origin',(30.9096264412502,-8.28220944328067,12.));
#2958=CARTESIAN_POINT('',(32.9096264412502,-8.28220944328067,5.));
#2959=CARTESIAN_POINT('',(32.9096264412502,-8.28220944328067,16.));
#2960=CARTESIAN_POINT('Origin',(30.9096264412502,-8.28220944328067,5.));
#2961=CARTESIAN_POINT('Origin',(-8.28220944328067,-30.9096264412502,16.));
#2962=CARTESIAN_POINT('',(-6.28220944328067,-30.9096264412502,12.));
#2963=CARTESIAN_POINT('Origin',(-8.28220944328067,-30.9096264412502,12.));
#2964=CARTESIAN_POINT('',(-6.28220944328067,-30.9096264412502,5.));
#2965=CARTESIAN_POINT('',(-6.28220944328067,-30.9096264412502,16.));
#2966=CARTESIAN_POINT('Origin',(-8.28220944328067,-30.9096264412502,5.));
#2967=CARTESIAN_POINT('Origin',(34.9106001094224,-2.5,8.));
#2968=CARTESIAN_POINT('',(29.8956518577535,-2.5,16.));
#2969=CARTESIAN_POINT('',(14.4460202131937,-2.5,16.));
#2970=CARTESIAN_POINT('',(34.2389780975311,-2.5,13.4999999996483));
#2971=CARTESIAN_POINT('Ctrl Pts',(34.2389780973786,-2.5,13.4999999995601));
#2972=CARTESIAN_POINT('Ctrl Pts',(34.1849673544278,-2.5,13.5933009703664));
#2973=CARTESIAN_POINT('Ctrl Pts',(34.1274571214366,-2.5,13.685639210914));
#2974=CARTESIAN_POINT('Ctrl Pts',(33.879785788694,-2.5,14.055671281533));
#2975=CARTESIAN_POINT('Ctrl Pts',(33.6627285244202,-2.5,14.3153815098485));
#2976=CARTESIAN_POINT('Ctrl Pts',(33.2254591677767,-2.5,14.7519457657589));
#2977=CARTESIAN_POINT('Ctrl Pts',(32.9648829494686,-2.5,14.9689376869738));
#2978=CARTESIAN_POINT('Ctrl Pts',(32.4038314081922,-2.5,15.3431136759927));
#2979=CARTESIAN_POINT('Ctrl Pts',(32.1033591656313,-2.5,15.5003023626385));
#2980=CARTESIAN_POINT('Ctrl Pts',(31.5312361956094,-2.5,15.7368795675659));
#2981=CARTESIAN_POINT('Ctrl Pts',(31.2068165907732,-2.5,15.8379513318518));
#2982=CARTESIAN_POINT('Ctrl Pts',(30.54396061263,-2.5,15.969509433254));
#2983=CARTESIAN_POINT('Ctrl Pts',(30.2055250787915,-2.5,16.));
#2984=CARTESIAN_POINT('Ctrl Pts',(29.8956518577535,-2.5,16.));
#2985=CARTESIAN_POINT('',(34.9106001094224,-2.5,11.));
#2986=CARTESIAN_POINT('Ctrl Pts',(34.9106001094224,-2.5,11.));
#2987=CARTESIAN_POINT('Ctrl Pts',(34.9106001094224,-2.5,11.3082558595825));
#2988=CARTESIAN_POINT('Ctrl Pts',(34.8801351817592,-2.5,11.6449026955593));
#2989=CARTESIAN_POINT('Ctrl Pts',(34.7487892292596,-2.5,12.3041703548369));
#2990=CARTESIAN_POINT('Ctrl Pts',(34.6479097382093,-2.5,12.6267914837131));
#2991=CARTESIAN_POINT('Ctrl Pts',(34.4497349469229,-2.5,13.1045328991615));
#2992=CARTESIAN_POINT('Ctrl Pts',(34.3521749637567,-2.5,13.3044578361255));
#2993=CARTESIAN_POINT('Ctrl Pts',(34.2389780973786,-2.5,13.4999999995601));
#2994=CARTESIAN_POINT('',(34.9106001094224,-2.5,5.));
#2995=CARTESIAN_POINT('',(34.9106001094224,-2.5,5.));
#2996=CARTESIAN_POINT('',(28.8920404263873,-2.5,5.));
#2997=CARTESIAN_POINT('',(17.4553000547112,-2.5,5.));
#2998=CARTESIAN_POINT('',(28.8920404263873,-2.5,13.5));
#2999=CARTESIAN_POINT('',(28.8920404263873,-2.5,5.));
#3000=CARTESIAN_POINT('Ctrl Pts',(27.3861278718576,-2.50000003725291,15.));
#3001=CARTESIAN_POINT('Ctrl Pts',(27.5722444189682,-2.50000003725291,15.));
#3002=CARTESIAN_POINT('Ctrl Pts',(27.7913188732494,-2.50000003725291,14.9565595235127));
#3003=CARTESIAN_POINT('Ctrl Pts',(28.1349457547938,-2.50000003725291,14.8145493664547));
#3004=CARTESIAN_POINT('Ctrl Pts',(28.320396133443,-2.50000003725291,14.690997997664));
#3005=CARTESIAN_POINT('Ctrl Pts',(28.582994718013,-2.50000003725291,14.4290028752019));
#3006=CARTESIAN_POINT('Ctrl Pts',(28.7067355226685,-2.50000003725291,14.2443323877809));
#3007=CARTESIAN_POINT('Ctrl Pts',(28.84864255949,-2.50000003725291,13.9024777112515));
#3008=CARTESIAN_POINT('Ctrl Pts',(28.8920404231639,-2.50000003725291,13.684892456685));
#3009=CARTESIAN_POINT('Ctrl Pts',(28.8920404231639,-2.50000003725291,13.5));
#3010=CARTESIAN_POINT('Origin',(0.,18.75,16.));
#3011=CARTESIAN_POINT('',(-24.6403939798172,-17.1128894263765,16.));
#3012=CARTESIAN_POINT('',(-5.9488361662388,-6.32131358397558,16.));
#3013=CARTESIAN_POINT('',(-22.5117468270428,-19.8298072304076,16.));
#3014=CARTESIAN_POINT('Origin',(0.,0.,16.));
#3015=CARTESIAN_POINT('',(-19.8298072304076,-22.5117468270429,16.));
#3016=CARTESIAN_POINT('Origin',(-22.6274169979695,-22.6274169979695,16.));
#3017=CARTESIAN_POINT('',(-17.1128894690422,-24.6403939501856,16.));
#3018=CARTESIAN_POINT('Origin',(0.,0.,16.));
#3019=CARTESIAN_POINT('',(-15.1650635417231,-21.266660479769,16.));
#3020=CARTESIAN_POINT('',(-7.1055694614835,-7.30720724949344,16.));
#3021=CARTESIAN_POINT('',(-10.8349364905389,-23.7666604983954,16.));
#3022=CARTESIAN_POINT('Origin',(-13.000000016131,-22.5166604890822,16.));
#3023=CARTESIAN_POINT('',(-12.7827624325906,-27.1403939653048,16.));
#3024=CARTESIAN_POINT('',(-0.275442353224777,-5.47708030769045,16.));
#3025=CARTESIAN_POINT('',(-9.58084102057903,-28.4289902272028,16.));
#3026=CARTESIAN_POINT('Origin',(0.,0.,16.));
#3027=CARTESIAN_POINT('',(-5.9172434001599,-29.4106482509866,16.));
#3028=CARTESIAN_POINT('Origin',(-8.28220944328066,-30.9096264412502,16.));
#3029=CARTESIAN_POINT('',(-2.5000000372529,-29.8956518546382,16.));
#3030=CARTESIAN_POINT('Origin',(0.,0.,16.));
#3031=CARTESIAN_POINT('',(-2.5000000372529,-26.,16.));
#3032=CARTESIAN_POINT('',(-2.5000000372529,-8.62500000000001,16.));
#3033=CARTESIAN_POINT('',(2.50000000000002,-26.,16.));
#3034=CARTESIAN_POINT('Origin',(-1.86264396129232E-8,-26.,16.));
#3035=CARTESIAN_POINT('',(2.49999998548758,-29.8956518589671,16.));
#3036=CARTESIAN_POINT('',(2.50000008335342,-3.62500000465662,16.));
#3037=CARTESIAN_POINT('',(5.91724340015991,-29.4106482509866,16.));
#3038=CARTESIAN_POINT('Origin',(0.,0.,16.));
#3039=CARTESIAN_POINT('',(9.58084102057903,-28.4289902272028,16.));
#3040=CARTESIAN_POINT('Origin',(8.28220944328066,-30.9096264412502,16.));
#3041=CARTESIAN_POINT('',(12.7827623855961,-27.1403939874385,16.));
#3042=CARTESIAN_POINT('Origin',(0.,0.,16.));
#3043=CARTESIAN_POINT('',(10.8349364582769,-23.7666605170219,16.));
#3044=CARTESIAN_POINT('',(2.77544237803738,-9.80720728674635,16.));
#3045=CARTESIAN_POINT('',(15.1650635094611,-21.2666604983954,16.));
#3046=CARTESIAN_POINT('Origin',(12.999999983869,-22.5166605077086,16.));
#3047=CARTESIAN_POINT('',(17.1128894263765,-24.6403939798172,16.));
#3048=CARTESIAN_POINT('',(4.60556949095272,-2.97708019877045,16.));
#3049=CARTESIAN_POINT('',(19.8298072304076,-22.5117468270428,16.));
#3050=CARTESIAN_POINT('Origin',(0.,0.,16.));
#3051=CARTESIAN_POINT('',(22.5117468270429,-19.8298072304076,16.));
#3052=CARTESIAN_POINT('Origin',(22.6274169979695,-22.6274169979695,16.));
#3053=CARTESIAN_POINT('',(24.6403939501856,-17.1128894690422,16.));
#3054=CARTESIAN_POINT('Origin',(0.,0.,16.));
#3055=CARTESIAN_POINT('',(21.2666604797689,-15.1650635417231,16.));
#3056=CARTESIAN_POINT('',(10.2789631692539,-8.82131354172307,16.));
#3057=CARTESIAN_POINT('',(23.7666604983954,-10.8349364905389,16.));
#3058=CARTESIAN_POINT('Origin',(22.5166604890822,-13.000000016131,16.));
#3059=CARTESIAN_POINT('',(27.1403939653048,-12.7827624325906,16.));
#3060=CARTESIAN_POINT('',(8.44883617974298,-1.99118642068104,16.));
#3061=CARTESIAN_POINT('',(28.4289902272028,-9.58084102057904,16.));
#3062=CARTESIAN_POINT('Origin',(0.,0.,16.));
#3063=CARTESIAN_POINT('',(28.1096264412502,-8.28220944328066,16.));
#3064=CARTESIAN_POINT('Origin',(30.9096264412502,-8.28220944328066,16.));
#3065=CARTESIAN_POINT('',(29.4106482509867,-5.9172434001599,16.));
#3066=CARTESIAN_POINT('Origin',(30.9096264412502,-8.28220944328066,16.));
#3067=CARTESIAN_POINT('Origin',(0.,0.,16.));
#3068=CARTESIAN_POINT('',(24.6403939798172,17.1128894263765,16.));
#3069=CARTESIAN_POINT('',(14.0678242917933,11.0088135234844,16.));
#3070=CARTESIAN_POINT('',(22.5117468270428,19.8298072304076,16.));
#3071=CARTESIAN_POINT('Origin',(0.,0.,16.));
#3072=CARTESIAN_POINT('',(19.8298072304076,22.5117468270428,16.));
#3073=CARTESIAN_POINT('Origin',(22.6274169979695,22.6274169979695,16.));
#3074=CARTESIAN_POINT('',(17.1128894690422,24.6403939501856,16.));
#3075=CARTESIAN_POINT('Origin',(0.,0.,16.));
#3076=CARTESIAN_POINT('',(15.1650635417231,21.2666604797689,16.));
#3077=CARTESIAN_POINT('',(15.2245576219626,21.3697072494934,16.));
#3078=CARTESIAN_POINT('',(10.8349364905389,23.7666604983954,16.));
#3079=CARTESIAN_POINT('Origin',(13.000000016131,22.5166604890822,16.));
#3080=CARTESIAN_POINT('',(12.7827624325906,27.1403939653048,16.));
#3081=CARTESIAN_POINT('',(8.3944305486285,19.5395802471992,16.));
#3082=CARTESIAN_POINT('',(9.58084102057904,28.4289902272028,16.));
#3083=CARTESIAN_POINT('Origin',(0.,0.,16.));
#3084=CARTESIAN_POINT('',(5.91724340015991,29.4106482509866,16.));
#3085=CARTESIAN_POINT('Origin',(8.28220944328067,30.9096264412502,16.));
#3086=CARTESIAN_POINT('',(2.50000003725291,29.8956518546382,16.));
#3087=CARTESIAN_POINT('Origin',(0.,0.,16.));
#3088=CARTESIAN_POINT('',(2.50000003725291,26.,16.));
#3089=CARTESIAN_POINT('',(2.50000003725291,27.375,16.));
#3090=CARTESIAN_POINT('',(-2.50000000000001,26.,16.));
#3091=CARTESIAN_POINT('Origin',(1.86264511592427E-8,26.,16.));
#3092=CARTESIAN_POINT('',(-2.49999998548757,29.8956518589671,16.));
#3093=CARTESIAN_POINT('',(-2.50000001350419,22.3750000046566,16.));
#3094=CARTESIAN_POINT('',(-5.9172434001599,29.4106482509866,16.));
#3095=CARTESIAN_POINT('Origin',(0.,0.,16.));
#3096=CARTESIAN_POINT('',(-9.58084102057903,28.4289902272028,16.));
#3097=CARTESIAN_POINT('Origin',(-8.28220944328066,30.9096264412502,16.));
#3098=CARTESIAN_POINT('',(-12.782762385596,27.1403939874386,16.));
#3099=CARTESIAN_POINT('Origin',(0.,0.,16.));
#3100=CARTESIAN_POINT('',(-10.8349364582769,23.7666605170219,16.));
#3101=CARTESIAN_POINT('',(-10.8944305385165,23.8697072867464,16.));
#3102=CARTESIAN_POINT('',(-15.1650635094611,21.2666604983954,16.));
#3103=CARTESIAN_POINT('Origin',(-12.999999983869,22.5166605077086,16.));
#3104=CARTESIAN_POINT('',(-17.1128894263765,24.6403939798172,16.));
#3105=CARTESIAN_POINT('',(-12.7245576165072,17.0395802592617,16.));
#3106=CARTESIAN_POINT('',(-19.8298072304076,22.5117468270428,16.));
#3107=CARTESIAN_POINT('Origin',(0.,0.,16.));
#3108=CARTESIAN_POINT('',(-22.5117468270429,19.8298072304076,16.));
#3109=CARTESIAN_POINT('Origin',(-22.6274169979695,22.6274169979695,16.));
#3110=CARTESIAN_POINT('',(-24.6403939501856,17.1128894690422,16.));
#3111=CARTESIAN_POINT('Origin',(0.,0.,16.));
#3112=CARTESIAN_POINT('',(-21.2666604797689,15.1650635417231,16.));
#3113=CARTESIAN_POINT('',(-18.397951329733,13.5088135417231,16.));
#3114=CARTESIAN_POINT('',(-23.7666604983954,10.8349364905389,16.));
#3115=CARTESIAN_POINT('Origin',(-22.5166604890822,13.000000016131,16.));
#3116=CARTESIAN_POINT('',(-27.1403939653048,12.7827624325906,16.));
#3117=CARTESIAN_POINT('',(-16.5678243751467,6.67868648117224,16.));
#3118=CARTESIAN_POINT('',(-28.4289902272028,9.58084102057901,16.));
#3119=CARTESIAN_POINT('Origin',(0.,0.,16.));
#3120=CARTESIAN_POINT('',(-29.4106482509866,5.9172434001599,16.));
#3121=CARTESIAN_POINT('Origin',(-30.9096264412502,8.28220944328064,16.));
#3122=CARTESIAN_POINT('',(-29.8956518546382,2.5000000372529,16.));
#3123=CARTESIAN_POINT('Origin',(0.,0.,16.));
#3124=CARTESIAN_POINT('',(-18.,2.5000000372529,16.));
#3125=CARTESIAN_POINT('',(-13.5000002235174,15.0000002235174,16.));
#3126=CARTESIAN_POINT('Origin',(-15.0000002235174,15.0000002235174,16.));
#3127=CARTESIAN_POINT('Origin',(0.,0.,5.));
#3128=CARTESIAN_POINT('',(28.9834665747755,19.6203635366135,11.));
#3129=CARTESIAN_POINT('',(28.9834665747755,19.6203635366135,5.));
#3130=CARTESIAN_POINT('',(28.9834665747755,19.6203635366135,5.));
#3131=CARTESIAN_POINT('',(-34.9106001094224,2.5,5.));
#3132=CARTESIAN_POINT('Origin',(0.,0.,5.));
#3133=CARTESIAN_POINT('',(-34.9106001094224,2.5,11.));
#3134=CARTESIAN_POINT('',(-34.9106001094224,2.5,5.));
#3135=CARTESIAN_POINT('',(-31.4834665415809,15.290236575186,11.));
#3136=CARTESIAN_POINT('Origin',(0.,0.,11.));
#3137=CARTESIAN_POINT('',(-31.4834665415809,15.290236575186,8.));
#3138=CARTESIAN_POINT('',(-31.4834665415809,15.290236575186,5.));
#3139=CARTESIAN_POINT('',(-28.9834665351828,19.6203635951004,8.));
#3140=CARTESIAN_POINT('Origin',(0.,0.,8.));
#3141=CARTESIAN_POINT('',(-28.9834665351828,19.6203635951004,11.));
#3142=CARTESIAN_POINT('',(-28.9834665351828,19.6203635951004,5.));
#3143=CARTESIAN_POINT('',(-19.6203635366135,28.9834665747755,11.));
#3144=CARTESIAN_POINT('Origin',(0.,0.,11.));
#3145=CARTESIAN_POINT('',(-19.6203635366135,28.9834665747755,8.));
#3146=CARTESIAN_POINT('',(-19.6203635366135,28.9834665747755,5.));
#3147=CARTESIAN_POINT('',(-15.2902365116542,31.4834665724357,8.));
#3148=CARTESIAN_POINT('Origin',(0.,0.,8.));
#3149=CARTESIAN_POINT('',(-15.2902365116542,31.4834665724357,11.));
#3150=CARTESIAN_POINT('',(-15.2902365116542,31.4834665724357,5.));
#3151=CARTESIAN_POINT('',(-2.49999996680542,34.9106001117995,11.));
#3152=CARTESIAN_POINT('Origin',(0.,0.,11.));
#3153=CARTESIAN_POINT('',(-2.49999996680542,34.9106001117995,8.));
#3154=CARTESIAN_POINT('',(-2.49999996680542,34.9106001117995,5.));
#3155=CARTESIAN_POINT('',(2.50000003725291,34.9106001067546,8.));
#3156=CARTESIAN_POINT('Origin',(0.,0.,8.));
#3157=CARTESIAN_POINT('',(2.50000003725291,34.9106001067546,11.));
#3158=CARTESIAN_POINT('',(2.50000003725291,34.9106001067546,5.));
#3159=CARTESIAN_POINT('',(15.290236575186,31.4834665415809,11.));
#3160=CARTESIAN_POINT('Origin',(0.,0.,11.));
#3161=CARTESIAN_POINT('',(15.290236575186,31.4834665415809,8.));
#3162=CARTESIAN_POINT('',(15.290236575186,31.4834665415809,5.));
#3163=CARTESIAN_POINT('',(19.6203635951004,28.9834665351828,8.));
#3164=CARTESIAN_POINT('Origin',(0.,0.,8.));
#3165=CARTESIAN_POINT('',(19.6203635951004,28.9834665351828,11.));
#3166=CARTESIAN_POINT('',(19.6203635951004,28.9834665351828,5.));
#3167=CARTESIAN_POINT('Origin',(0.,0.,11.));
#3168=CARTESIAN_POINT('Origin',(0.,0.,5.));
#3169=CARTESIAN_POINT('',(23.7712409826126,16.6110837137906,5.));
#3170=CARTESIAN_POINT('',(11.2606204711247,9.38807365589472,5.));
#3171=CARTESIAN_POINT('',(-28.8920404263873,2.5,5.));
#3172=CARTESIAN_POINT('Origin',(0.,0.,5.));
#3173=CARTESIAN_POINT('',(-17.4553000547112,2.5,5.));
#3174=CARTESIAN_POINT('',(19.8274169979695,22.6274169979695,5.));
#3175=CARTESIAN_POINT('Origin',(22.6274169979695,22.6274169979695,5.));
#3176=CARTESIAN_POINT('',(-25.4274169979695,22.6274169979695,5.));
#3177=CARTESIAN_POINT('Origin',(-22.6274169979695,22.6274169979695,5.));
#3178=CARTESIAN_POINT('',(-6.68220944328069,30.9096264412502,5.));
#3179=CARTESIAN_POINT('Origin',(-8.28220944328066,30.9096264412502,5.));
#3180=CARTESIAN_POINT('Origin',(0.,0.,5.));
#3181=CARTESIAN_POINT('',(23.7712409826126,16.6110837137906,13.5));
#3182=CARTESIAN_POINT('',(23.7712409826126,16.6110837137906,5.));
#3183=CARTESIAN_POINT('',(16.611083753305,23.7712409550004,13.5));
#3184=CARTESIAN_POINT('Origin',(0.,0.,13.5));
#3185=CARTESIAN_POINT('',(16.611083753305,23.7712409550004,8.));
#3186=CARTESIAN_POINT('',(16.611083753305,23.7712409550004,5.));
#3187=CARTESIAN_POINT('',(12.280956713529,26.2712409718389,8.));
#3188=CARTESIAN_POINT('Origin',(0.,0.,8.));
#3189=CARTESIAN_POINT('',(12.280956713529,26.2712409718389,13.5));
#3190=CARTESIAN_POINT('',(12.280956713529,26.2712409718389,5.));
#3191=CARTESIAN_POINT('',(2.50000003725291,28.8920404231639,13.5));
#3192=CARTESIAN_POINT('Origin',(0.,0.,13.5));
#3193=CARTESIAN_POINT('',(2.50000003725291,28.8920404231639,8.));
#3194=CARTESIAN_POINT('',(2.50000003725291,28.8920404231639,5.));
#3195=CARTESIAN_POINT('',(-2.49999998922631,28.8920404273196,8.));
#3196=CARTESIAN_POINT('Origin',(0.,0.,8.));
#3197=CARTESIAN_POINT('',(-2.49999998922631,28.8920404273196,13.5));
#3198=CARTESIAN_POINT('',(-2.49999998922631,28.8920404273196,5.));
#3199=CARTESIAN_POINT('',(-12.2809566698589,26.2712409922533,13.5));
#3200=CARTESIAN_POINT('Origin',(0.,0.,13.5));
#3201=CARTESIAN_POINT('',(-12.2809566698589,26.2712409922533,8.));
#3202=CARTESIAN_POINT('',(-12.2809566698589,26.2712409922533,5.));
#3203=CARTESIAN_POINT('',(-16.6110837137906,23.7712409826126,8.));
#3204=CARTESIAN_POINT('Origin',(0.,0.,8.));
#3205=CARTESIAN_POINT('',(-16.6110837137906,23.7712409826126,13.5));
#3206=CARTESIAN_POINT('',(-16.6110837137906,23.7712409826126,5.));
#3207=CARTESIAN_POINT('',(-23.7712409550004,16.611083753305,13.5));
#3208=CARTESIAN_POINT('Origin',(0.,0.,13.5));
#3209=CARTESIAN_POINT('',(-23.7712409550004,16.611083753305,8.));
#3210=CARTESIAN_POINT('',(-23.7712409550004,16.611083753305,5.));
#3211=CARTESIAN_POINT('',(-26.2712409718389,12.280956713529,8.));
#3212=CARTESIAN_POINT('Origin',(0.,0.,8.));
#3213=CARTESIAN_POINT('',(-26.2712409718389,12.280956713529,13.5));
#3214=CARTESIAN_POINT('',(-26.2712409718389,12.280956713529,5.));
#3215=CARTESIAN_POINT('',(-28.8920404263873,2.5,13.5));
#3216=CARTESIAN_POINT('Origin',(0.,0.,13.5));
#3217=CARTESIAN_POINT('',(-28.8920404263873,2.5,5.));
#3218=CARTESIAN_POINT('Origin',(0.,0.,5.));
#3219=CARTESIAN_POINT('',(-23.7712409826126,-16.6110837137906,5.));
#3220=CARTESIAN_POINT('Origin',(0.,0.,5.));
#3221=CARTESIAN_POINT('',(-23.7712409826126,-16.6110837137906,13.5));
#3222=CARTESIAN_POINT('',(-23.7712409826126,-16.6110837137906,5.));
#3223=CARTESIAN_POINT('',(-16.611083753305,-23.7712409550004,13.5));
#3224=CARTESIAN_POINT('Origin',(0.,0.,13.5));
#3225=CARTESIAN_POINT('',(-16.611083753305,-23.7712409550004,8.));
#3226=CARTESIAN_POINT('',(-16.611083753305,-23.7712409550004,5.));
#3227=CARTESIAN_POINT('',(-12.280956713529,-26.2712409718389,8.));
#3228=CARTESIAN_POINT('Origin',(0.,0.,8.));
#3229=CARTESIAN_POINT('',(-12.280956713529,-26.2712409718389,13.5));
#3230=CARTESIAN_POINT('',(-12.280956713529,-26.2712409718389,5.));
#3231=CARTESIAN_POINT('',(-2.5000000372529,-28.8920404231639,13.5));
#3232=CARTESIAN_POINT('Origin',(0.,0.,13.5));
#3233=CARTESIAN_POINT('',(-2.5000000372529,-28.8920404231639,8.));
#3234=CARTESIAN_POINT('',(-2.5000000372529,-28.8920404231639,5.));
#3235=CARTESIAN_POINT('',(2.49999998922633,-28.8920404273196,8.));
#3236=CARTESIAN_POINT('Origin',(0.,0.,8.));
#3237=CARTESIAN_POINT('',(2.49999998922633,-28.8920404273196,13.5));
#3238=CARTESIAN_POINT('',(2.49999998922633,-28.8920404273196,5.));
#3239=CARTESIAN_POINT('',(12.2809566698589,-26.2712409922533,13.5));
#3240=CARTESIAN_POINT('Origin',(0.,0.,13.5));
#3241=CARTESIAN_POINT('',(12.2809566698589,-26.2712409922533,8.));
#3242=CARTESIAN_POINT('',(12.2809566698589,-26.2712409922533,5.));
#3243=CARTESIAN_POINT('',(16.6110837137906,-23.7712409826126,8.));
#3244=CARTESIAN_POINT('Origin',(0.,0.,8.));
#3245=CARTESIAN_POINT('',(16.6110837137906,-23.7712409826126,13.5));
#3246=CARTESIAN_POINT('',(16.6110837137906,-23.7712409826126,5.));
#3247=CARTESIAN_POINT('',(23.7712409550004,-16.611083753305,13.5));
#3248=CARTESIAN_POINT('Origin',(0.,0.,13.5));
#3249=CARTESIAN_POINT('',(23.7712409550004,-16.611083753305,8.));
#3250=CARTESIAN_POINT('',(23.7712409550004,-16.611083753305,5.));
#3251=CARTESIAN_POINT('',(26.2712409718389,-12.280956713529,8.));
#3252=CARTESIAN_POINT('Origin',(0.,0.,8.));
#3253=CARTESIAN_POINT('',(26.2712409718389,-12.280956713529,13.5));
#3254=CARTESIAN_POINT('',(26.2712409718389,-12.280956713529,5.));
#3255=CARTESIAN_POINT('Origin',(0.,0.,13.5));
#3256=CARTESIAN_POINT('Origin',(0.,0.,5.));
#3257=CARTESIAN_POINT('',(-28.9834665747755,-19.6203635366135,5.));
#3258=CARTESIAN_POINT('Origin',(0.,0.,5.));
#3259=CARTESIAN_POINT('',(-11.2606204711247,-9.38807365589473,5.));
#3260=CARTESIAN_POINT('',(19.8274169979695,-22.6274169979695,5.));
#3261=CARTESIAN_POINT('Origin',(22.6274169979695,-22.6274169979695,5.));
#3262=CARTESIAN_POINT('',(-25.4274169979695,-22.6274169979695,5.));
#3263=CARTESIAN_POINT('Origin',(-22.6274169979695,-22.6274169979695,5.));
#3264=CARTESIAN_POINT('',(9.88220944328063,-30.9096264412502,5.));
#3265=CARTESIAN_POINT('Origin',(8.28220944328066,-30.9096264412502,5.));
#3266=CARTESIAN_POINT('Origin',(0.,0.,5.));
#3267=CARTESIAN_POINT('',(31.4834665415809,-15.290236575186,11.));
#3268=CARTESIAN_POINT('Origin',(0.,0.,11.));
#3269=CARTESIAN_POINT('',(31.4834665415809,-15.290236575186,8.));
#3270=CARTESIAN_POINT('',(31.4834665415809,-15.290236575186,5.));
#3271=CARTESIAN_POINT('',(28.9834665351828,-19.6203635951004,8.));
#3272=CARTESIAN_POINT('Origin',(0.,0.,8.));
#3273=CARTESIAN_POINT('',(28.9834665351828,-19.6203635951004,11.));
#3274=CARTESIAN_POINT('',(28.9834665351828,-19.6203635951004,5.));
#3275=CARTESIAN_POINT('',(19.6203635366135,-28.9834665747755,11.));
#3276=CARTESIAN_POINT('Origin',(0.,0.,11.));
#3277=CARTESIAN_POINT('',(19.6203635366135,-28.9834665747755,8.));
#3278=CARTESIAN_POINT('',(19.6203635366135,-28.9834665747755,5.));
#3279=CARTESIAN_POINT('',(15.2902365116542,-31.4834665724357,8.));
#3280=CARTESIAN_POINT('Origin',(0.,0.,8.));
#3281=CARTESIAN_POINT('',(15.2902365116542,-31.4834665724357,11.));
#3282=CARTESIAN_POINT('',(15.2902365116542,-31.4834665724357,5.));
#3283=CARTESIAN_POINT('',(2.49999996680544,-34.9106001117995,11.));
#3284=CARTESIAN_POINT('Origin',(0.,0.,11.));
#3285=CARTESIAN_POINT('',(2.49999996680544,-34.9106001117995,8.));
#3286=CARTESIAN_POINT('',(2.49999996680544,-34.9106001117995,5.));
#3287=CARTESIAN_POINT('',(-2.5000000372529,-34.9106001067546,8.));
#3288=CARTESIAN_POINT('Origin',(0.,0.,8.));
#3289=CARTESIAN_POINT('',(-2.5000000372529,-34.9106001067546,11.));
#3290=CARTESIAN_POINT('',(-2.5000000372529,-34.9106001067546,5.));
#3291=CARTESIAN_POINT('',(-15.290236575186,-31.4834665415809,11.));
#3292=CARTESIAN_POINT('Origin',(0.,0.,11.));
#3293=CARTESIAN_POINT('',(-15.290236575186,-31.4834665415809,8.));
#3294=CARTESIAN_POINT('',(-15.290236575186,-31.4834665415809,5.));
#3295=CARTESIAN_POINT('',(-19.6203635951004,-28.9834665351828,8.));
#3296=CARTESIAN_POINT('Origin',(0.,0.,8.));
#3297=CARTESIAN_POINT('',(-19.6203635951004,-28.9834665351828,11.));
#3298=CARTESIAN_POINT('',(-19.6203635951004,-28.9834665351828,5.));
#3299=CARTESIAN_POINT('',(-28.9834665747755,-19.6203635366135,11.));
#3300=CARTESIAN_POINT('Origin',(0.,0.,11.));
#3301=CARTESIAN_POINT('',(-28.9834665747755,-19.6203635366135,5.));
#3302=CARTESIAN_POINT('Origin',(-15.3325317696138,-26.2217874940345,8.));
#3303=CARTESIAN_POINT('',(-20.1650635417231,-29.9269145176133,8.));
#3304=CARTESIAN_POINT('',(-10.8349364905389,-23.7666604983954,8.));
#3305=CARTESIAN_POINT('Origin',(-10.8349364905389,-23.7666604983954,16.));
#3306=CARTESIAN_POINT('Ctrl Pts',(-12.7827624325906,-27.1403939653048,16.));
#3307=CARTESIAN_POINT('Ctrl Pts',(-12.9376990441615,-27.4087520461894,16.));
#3308=CARTESIAN_POINT('Ctrl Pts',(-13.1069168122301,-27.7018458155061,15.9695094332502));
#3309=CARTESIAN_POINT('Ctrl Pts',(-13.4383448035546,-28.275895930592,15.8379513318252));
#3310=CARTESIAN_POINT('Ctrl Pts',(-13.6005546070763,-28.5568515493602,15.7368795675201));
#3311=CARTESIAN_POINT('Ctrl Pts',(-13.8866160940119,-29.0523245745588,15.5003023625588));
#3312=CARTESIAN_POINT('Ctrl Pts',(-14.0368522162933,-29.3125411692435,15.343113675904));
#3313=CARTESIAN_POINT('Ctrl Pts',(-14.3173779888038,-29.7984260558841,14.9689376868568));
#3314=CARTESIAN_POINT('Ctrl Pts',(-14.4476660988291,-30.0240916801286,14.7519457656225));
#3315=CARTESIAN_POINT('Ctrl Pts',(-14.666300778598,-30.402778050527,14.3153815096941));
#3316=CARTESIAN_POINT('Ctrl Pts',(-14.7748294114475,-30.590755155081,14.0556712813849));
#3317=CARTESIAN_POINT('Ctrl Pts',(-14.96203147354,-30.9149986351174,13.4962947444477));
#3318=CARTESIAN_POINT('Ctrl Pts',(-15.0407031320502,-31.0512619436005,13.19662606544));
#3319=CARTESIAN_POINT('Ctrl Pts',(-15.1588913887258,-31.2559700072595,12.6267914835905));
#3320=CARTESIAN_POINT('Ctrl Pts',(-15.2093311345785,-31.3433342090456,12.3041703547406));
#3321=CARTESIAN_POINT('Ctrl Pts',(-15.2750041112552,-31.4570831403553,11.6449026955135));
#3322=CARTESIAN_POINT('Ctrl Pts',(-15.290236575186,-31.4834665415809,11.3082558595609));
#3323=CARTESIAN_POINT('Ctrl Pts',(-15.290236575186,-31.4834665415809,11.));
#3324=CARTESIAN_POINT('',(-10.8349364905389,-23.7666604983954,16.));
#3325=CARTESIAN_POINT('Ctrl Pts',(-12.280956713529,-26.2712409718389,13.5));
#3326=CARTESIAN_POINT('Ctrl Pts',(-12.280956713529,-26.2712409718389,13.6848924566741));
#3327=CARTESIAN_POINT('Ctrl Pts',(-12.2592577815506,-26.2336573195057,13.9024777112267));
#3328=CARTESIAN_POINT('Ctrl Pts',(-12.1883042626767,-26.1107622208977,14.2443323877463));
#3329=CARTESIAN_POINT('Ctrl Pts',(-12.126433859942,-26.0035995407983,14.4290028751656));
#3330=CARTESIAN_POINT('Ctrl Pts',(-11.9951345667907,-25.7761824960188,14.6909979976371));
#3331=CARTESIAN_POINT('Ctrl Pts',(-11.9024093768499,-25.6155777572817,14.8145493664342));
#3332=CARTESIAN_POINT('Ctrl Pts',(-11.7305959349315,-25.3179881490159,14.9565595235078));
#3333=CARTESIAN_POINT('Ctrl Pts',(-11.6210587070553,-25.1282641066464,15.));
#3334=CARTESIAN_POINT('Ctrl Pts',(-11.5280004328757,-24.9670824490892,15.));
#3335=CARTESIAN_POINT('Origin',(-20.1650635417231,-29.9269145176133,16.));
#3336=CARTESIAN_POINT('Ctrl Pts',(-15.8581274776519,-22.4670824296913,15.));
#3337=CARTESIAN_POINT('Ctrl Pts',(-15.9511857512072,-22.6282640875537,15.));
#3338=CARTESIAN_POINT('Ctrl Pts',(-16.0607229783478,-22.8179881302814,14.9565595235127));
#3339=CARTESIAN_POINT('Ctrl Pts',(-16.23253641912,-23.1155777391221,14.8145493664547));
#3340=CARTESIAN_POINT('Ctrl Pts',(-16.3252616084446,-23.2761824781738,14.690997997664));
#3341=CARTESIAN_POINT('Ctrl Pts',(-16.4565609007296,-23.5035995234092,14.4290028752019));
#3342=CARTESIAN_POINT('Ctrl Pts',(-16.5184313030573,-23.6107622037257,14.2443323877809));
#3343=CARTESIAN_POINT('Ctrl Pts',(-16.5893848214681,-23.7336573025888,13.9024777112515));
#3344=CARTESIAN_POINT('Ctrl Pts',(-16.611083753305,-23.7712409550004,13.684892456685));
#3345=CARTESIAN_POINT('Ctrl Pts',(-16.611083753305,-23.7712409550004,13.5));
#3346=CARTESIAN_POINT('',(-15.1650635417231,-21.266660479769,16.));
#3347=CARTESIAN_POINT('Ctrl Pts',(-19.6203635951004,-28.9834665351828,11.));
#3348=CARTESIAN_POINT('Ctrl Pts',(-19.6203635951004,-28.9834665351828,11.3082558595742));
#3349=CARTESIAN_POINT('Ctrl Pts',(-19.6051311312684,-28.9570831339014,11.6449026955417));
#3350=CARTESIAN_POINT('Ctrl Pts',(-19.5394581550174,-28.8433342023504,12.3041703547999));
#3351=CARTESIAN_POINT('Ctrl Pts',(-19.4890184094915,-28.7559700003786,12.6267914836659));
#3352=CARTESIAN_POINT('Ctrl Pts',(-19.3708301535841,-28.551261936289,13.196626065528));
#3353=CARTESIAN_POINT('Ctrl Pts',(-19.292158495588,-28.4149986275241,13.4962947445353));
#3354=CARTESIAN_POINT('Ctrl Pts',(-19.1049564347175,-28.0907551468148,14.055671281476));
#3355=CARTESIAN_POINT('Ctrl Pts',(-18.9964278025758,-27.9027780418695,14.3153815097891));
#3356=CARTESIAN_POINT('Ctrl Pts',(-18.7777931242401,-27.5240916706955,14.7519457657064));
#3357=CARTESIAN_POINT('Ctrl Pts',(-18.6475050150743,-27.2984260459982,14.9689376869288));
#3358=CARTESIAN_POINT('Ctrl Pts',(-18.3669792444121,-26.812541158379,15.3431136759586));
#3359=CARTESIAN_POINT('Ctrl Pts',(-18.2167431231195,-26.5523245631682,15.5003023626078));
#3360=CARTESIAN_POINT('Ctrl Pts',(-17.9306816380782,-26.056851536988,15.7368795675483));
#3361=CARTESIAN_POINT('Ctrl Pts',(-17.7684718356382,-25.7758959176762,15.8379513318416));
#3362=CARTESIAN_POINT('Ctrl Pts',(-17.4370438465226,-25.2018458014776,15.9695094332526));
#3363=CARTESIAN_POINT('Ctrl Pts',(-17.2678260795813,-24.9087520315918,16.));
#3364=CARTESIAN_POINT('Ctrl Pts',(-17.1128894690422,-24.6403939501856,16.));
#3365=CARTESIAN_POINT('Origin',(-13.000000016131,-22.5166604890822,16.));
#3366=CARTESIAN_POINT('Origin',(-15.3325317212208,26.2217875219742,8.));
#3367=CARTESIAN_POINT('',(-15.8349364582769,32.4269145548663,8.));
#3368=CARTESIAN_POINT('',(-15.1650635094611,21.2666604983954,8.));
#3369=CARTESIAN_POINT('Origin',(-15.1650635094611,21.2666604983954,16.));
#3370=CARTESIAN_POINT('Ctrl Pts',(-17.1128894263765,24.6403939798172,16.));
#3371=CARTESIAN_POINT('Ctrl Pts',(-17.267826035948,24.9087520618562,16.));
#3372=CARTESIAN_POINT('Ctrl Pts',(-17.4370438018328,25.2018458324336,15.9695094332502));
#3373=CARTESIAN_POINT('Ctrl Pts',(-17.7684717888804,25.7758959499889,15.8379513318252));
#3374=CARTESIAN_POINT('Ctrl Pts',(-17.9306815903088,26.0568515699657,15.7368795675201));
#3375=CARTESIAN_POINT('Ctrl Pts',(-18.2167430735528,26.5523245972956,15.5003023625588));
#3376=CARTESIAN_POINT('Ctrl Pts',(-18.3669791938955,26.8125411930997,15.343113675904));
#3377=CARTESIAN_POINT('Ctrl Pts',(-18.6475049627859,27.2984260818304,14.9689376868569));
#3378=CARTESIAN_POINT('Ctrl Pts',(-18.7777930711298,27.5240917070456,14.7519457656225));
#3379=CARTESIAN_POINT('Ctrl Pts',(-18.9964277480772,27.9027780790729,14.3153815096941));
#3380=CARTESIAN_POINT('Ctrl Pts',(-19.1049563795262,28.0907551844355,14.0556712813849));
#3381=CARTESIAN_POINT('Ctrl Pts',(-19.2921584392029,28.4149986658667,13.4962947444477));
#3382=CARTESIAN_POINT('Ctrl Pts',(-19.3708300966978,28.5512619749359,13.19662606544));
#3383=CARTESIAN_POINT('Ctrl Pts',(-19.4890183518483,28.7559700394755,12.6267914835905));
#3384=CARTESIAN_POINT('Ctrl Pts',(-19.5394580970501,28.8433342416374,12.3041703547406));
#3385=CARTESIAN_POINT('Ctrl Pts',(-19.6051310728792,28.9570831734364,11.6449026955135));
#3386=CARTESIAN_POINT('Ctrl Pts',(-19.6203635366135,28.9834665747755,11.3082558595609));
#3387=CARTESIAN_POINT('Ctrl Pts',(-19.6203635366135,28.9834665747755,11.));
#3388=CARTESIAN_POINT('',(-15.1650635094611,21.2666604983954,16.));
#3389=CARTESIAN_POINT('Ctrl Pts',(-16.6110837137906,23.7712409826126,13.5));
#3390=CARTESIAN_POINT('Ctrl Pts',(-16.6110837137906,23.7712409826126,13.6848924566741));
#3391=CARTESIAN_POINT('Ctrl Pts',(-16.5893847820922,23.7336573301178,13.9024777112267));
#3392=CARTESIAN_POINT('Ctrl Pts',(-16.518431264134,23.6107622309811,14.2443323877463));
#3393=CARTESIAN_POINT('Ctrl Pts',(-16.4565608621977,23.5035995504207,14.4290028751656));
#3394=CARTESIAN_POINT('Ctrl Pts',(-16.3252615707407,23.276182504663,14.6909979976371));
#3395=CARTESIAN_POINT('Ctrl Pts',(-16.2325363819966,23.115577765235,14.8145493664342));
#3396=CARTESIAN_POINT('Ctrl Pts',(-16.0607229422954,22.8179881556891,14.9565595235078));
#3397=CARTESIAN_POINT('Ctrl Pts',(-15.9511857158328,22.6282641125035,15.));
#3398=CARTESIAN_POINT('Ctrl Pts',(-15.858127442854,22.467082454253,15.));
#3399=CARTESIAN_POINT('Origin',(-15.8349364582769,32.4269145548663,16.));
#3400=CARTESIAN_POINT('Ctrl Pts',(-11.5280003942057,24.9670824669442,15.));
#3401=CARTESIAN_POINT('Ctrl Pts',(-11.621058667761,25.1282641248066,15.));
#3402=CARTESIAN_POINT('Ctrl Pts',(-11.7305958949016,25.3179881675344,14.9565595235127));
#3403=CARTESIAN_POINT('Ctrl Pts',(-11.9024093356738,25.615577776375,14.8145493664547));
#3404=CARTESIAN_POINT('Ctrl Pts',(-11.9951345249984,25.7761825154267,14.690997997664));
#3405=CARTESIAN_POINT('Ctrl Pts',(-12.1264338172834,26.0035995606621,14.4290028752019));
#3406=CARTESIAN_POINT('Ctrl Pts',(-12.1883042196112,26.1107622409786,14.2443323877809));
#3407=CARTESIAN_POINT('Ctrl Pts',(-12.2592577380219,26.2336573398417,13.9024777112515));
#3408=CARTESIAN_POINT('Ctrl Pts',(-12.2809566698589,26.2712409922533,13.684892456685));
#3409=CARTESIAN_POINT('Ctrl Pts',(-12.2809566698589,26.2712409922533,13.5));
#3410=CARTESIAN_POINT('',(-10.8349364582769,23.7666605170219,16.));
#3411=CARTESIAN_POINT('Ctrl Pts',(-15.2902365116542,31.4834665724357,11.));
#3412=CARTESIAN_POINT('Ctrl Pts',(-15.2902365116542,31.4834665724357,11.3082558595742));
#3413=CARTESIAN_POINT('Ctrl Pts',(-15.2750040478223,31.4570831711543,11.6449026955417));
#3414=CARTESIAN_POINT('Ctrl Pts',(-15.2093310715713,31.3433342396033,12.3041703547999));
#3415=CARTESIAN_POINT('Ctrl Pts',(-15.1588913260453,31.2559700376316,12.6267914836659));
#3416=CARTESIAN_POINT('Ctrl Pts',(-15.0407030701379,31.0512619735419,13.196626065528));
#3417=CARTESIAN_POINT('Ctrl Pts',(-14.9620314121418,30.914998664777,13.4962947445353));
#3418=CARTESIAN_POINT('Ctrl Pts',(-14.7748293512713,30.5907551840677,14.055671281476));
#3419=CARTESIAN_POINT('Ctrl Pts',(-14.6663007191297,30.4027780791225,14.3153815097891));
#3420=CARTESIAN_POINT('Ctrl Pts',(-14.4476660407939,30.0240917079485,14.7519457657064));
#3421=CARTESIAN_POINT('Ctrl Pts',(-14.3173779316281,29.7984260832512,14.9689376869288));
#3422=CARTESIAN_POINT('Ctrl Pts',(-14.036852160966,29.3125411956319,15.3431136759586));
#3423=CARTESIAN_POINT('Ctrl Pts',(-13.8866160396734,29.0523246004211,15.5003023626078));
#3424=CARTESIAN_POINT('Ctrl Pts',(-13.6005545546321,28.556851574241,15.7368795675483));
#3425=CARTESIAN_POINT('Ctrl Pts',(-13.4383447521921,28.2758959549292,15.8379513318416));
#3426=CARTESIAN_POINT('Ctrl Pts',(-13.1069167630765,27.7018458387305,15.9695094332526));
#3427=CARTESIAN_POINT('Ctrl Pts',(-12.9376989961351,27.4087520688447,16.));
#3428=CARTESIAN_POINT('Ctrl Pts',(-12.782762385596,27.1403939874386,16.));
#3429=CARTESIAN_POINT('Origin',(-12.999999983869,22.5166605077086,16.));
#3430=CARTESIAN_POINT('Origin',(1.86264520474211E-8,29.7499999906868,8.));
#3431=CARTESIAN_POINT('',(2.50000003725291,36.,8.));
#3432=CARTESIAN_POINT('',(-2.50000000000001,26.,8.));
#3433=CARTESIAN_POINT('Origin',(-2.50000000000001,26.,16.));
#3434=CARTESIAN_POINT('Ctrl Pts',(-2.49999998548757,29.8956518589671,16.));
#3435=CARTESIAN_POINT('Ctrl Pts',(-2.4999999843332,30.2055250801094,16.));
#3436=CARTESIAN_POINT('Ctrl Pts',(-2.49999998307243,30.5439606140629,15.9695094332502));
#3437=CARTESIAN_POINT('Ctrl Pts',(-2.4999999806031,31.206816592435,15.8379513318252));
#3438=CARTESIAN_POINT('Ctrl Pts',(-2.49999997939454,31.5312361973851,15.7368795675201));
#3439=CARTESIAN_POINT('Ctrl Pts',(-2.49999997726321,32.1033591675648,15.5003023625588));
#3440=CARTESIAN_POINT('Ctrl Pts',(-2.49999997614387,32.4038314101888,15.343113675904));
#3441=CARTESIAN_POINT('Ctrl Pts',(-2.49999997405379,32.9648829515897,14.9689376868569));
#3442=CARTESIAN_POINT('Ctrl Pts',(-2.49999997308306,33.2254591699589,14.7519457656225));
#3443=CARTESIAN_POINT('Ctrl Pts',(-2.49999997145411,33.6627285266753,14.3153815096941));
#3444=CARTESIAN_POINT('Ctrl Pts',(-2.49999997064551,33.8797857909736,14.0556712813849));
#3445=CARTESIAN_POINT('Ctrl Pts',(-2.49999996925074,34.2541899127429,13.4962947444477));
#3446=CARTESIAN_POINT('Ctrl Pts',(-2.49999996866459,34.4115332287481,13.19662606544));
#3447=CARTESIAN_POINT('Ctrl Pts',(-2.49999996778402,34.6479097405741,12.6267914835905));
#3448=CARTESIAN_POINT('Ctrl Pts',(-2.49999996740821,34.7487892316286,12.3041703547406));
#3449=CARTESIAN_POINT('Ctrl Pts',(-2.49999996691891,34.8801351841344,11.6449026955135));
#3450=CARTESIAN_POINT('Ctrl Pts',(-2.49999996680542,34.9106001117995,11.3082558595609));
#3451=CARTESIAN_POINT('Ctrl Pts',(-2.49999996680542,34.9106001117995,11.));
#3452=CARTESIAN_POINT('',(-2.50000000000001,26.,16.));
#3453=CARTESIAN_POINT('Ctrl Pts',(-2.49999998922631,28.8920404273196,13.5));
#3454=CARTESIAN_POINT('Ctrl Pts',(-2.49999998922631,28.8920404273196,13.6848924566741));
#3455=CARTESIAN_POINT('Ctrl Pts',(-2.49999998938798,28.8486425636429,13.9024777112267));
#3456=CARTESIAN_POINT('Ctrl Pts',(-2.49999998991663,28.7067355268108,14.2443323877463));
#3457=CARTESIAN_POINT('Ctrl Pts',(-2.4999999903776,28.5829947221397,14.4290028751656));
#3458=CARTESIAN_POINT('Ctrl Pts',(-2.49999999135586,28.3203961375314,14.6909979976371));
#3459=CARTESIAN_POINT('Ctrl Pts',(-2.49999999204671,28.1349457588465,14.8145493664342));
#3460=CARTESIAN_POINT('Ctrl Pts',(-2.49999999332682,27.7913188772268,14.9565595235078));
#3461=CARTESIAN_POINT('Ctrl Pts',(-2.49999999414294,27.5722444228881,15.));
#3462=CARTESIAN_POINT('Ctrl Pts',(-2.49999999483628,27.3861278757297,15.));
#3463=CARTESIAN_POINT('Origin',(2.50000003725291,36.,16.));
#3464=CARTESIAN_POINT('Ctrl Pts',(2.50000003725291,27.3861278718576,15.));
#3465=CARTESIAN_POINT('Ctrl Pts',(2.50000003725291,27.5722444189682,15.));
#3466=CARTESIAN_POINT('Ctrl Pts',(2.50000003725291,27.7913188732494,14.9565595235127));
#3467=CARTESIAN_POINT('Ctrl Pts',(2.50000003725291,28.1349457547938,14.8145493664547));
#3468=CARTESIAN_POINT('Ctrl Pts',(2.50000003725291,28.320396133443,14.690997997664));
#3469=CARTESIAN_POINT('Ctrl Pts',(2.50000003725291,28.582994718013,14.4290028752019));
#3470=CARTESIAN_POINT('Ctrl Pts',(2.50000003725291,28.7067355226685,14.2443323877809));
#3471=CARTESIAN_POINT('Ctrl Pts',(2.50000003725291,28.84864255949,13.9024777112515));
#3472=CARTESIAN_POINT('Ctrl Pts',(2.50000003725291,28.8920404231639,13.684892456685));
#3473=CARTESIAN_POINT('Ctrl Pts',(2.50000003725291,28.8920404231639,13.5));
#3474=CARTESIAN_POINT('',(2.50000003725291,26.,16.));
#3475=CARTESIAN_POINT('Ctrl Pts',(2.50000003725291,34.9106001067546,11.));
#3476=CARTESIAN_POINT('Ctrl Pts',(2.50000003725291,34.9106001067546,11.3082558595742));
#3477=CARTESIAN_POINT('Ctrl Pts',(2.50000003725291,34.8801351790907,11.6449026955417));
#3478=CARTESIAN_POINT('Ctrl Pts',(2.50000003725291,34.7487892265887,12.3041703547999));
#3479=CARTESIAN_POINT('Ctrl Pts',(2.50000003725291,34.6479097355369,12.6267914836659));
#3480=CARTESIAN_POINT('Ctrl Pts',(2.50000003725291,34.411533223722,13.196626065528));
#3481=CARTESIAN_POINT('Ctrl Pts',(2.50000003725291,34.2541899077298,13.4962947445353));
#3482=CARTESIAN_POINT('Ctrl Pts',(2.50000003725291,33.8797857859888,14.055671281476));
#3483=CARTESIAN_POINT('Ctrl Pts',(2.50000003725291,33.6627285217056,14.3153815097891));
#3484=CARTESIAN_POINT('Ctrl Pts',(2.50000003725291,33.225459165034,14.7519457657064));
#3485=CARTESIAN_POINT('Ctrl Pts',(2.50000003725291,32.9648829467024,14.9689376869288));
#3486=CARTESIAN_POINT('Ctrl Pts',(2.50000003725291,32.4038314053781,15.3431136759586));
#3487=CARTESIAN_POINT('Ctrl Pts',(2.50000003725291,32.103359162793,15.5003023626078));
#3488=CARTESIAN_POINT('Ctrl Pts',(2.50000003725291,31.5312361927104,15.7368795675483));
#3489=CARTESIAN_POINT('Ctrl Pts',(2.50000003725291,31.2068165878303,15.8379513318416));
#3490=CARTESIAN_POINT('Ctrl Pts',(2.50000003725291,30.5439606095991,15.9695094332526));
#3491=CARTESIAN_POINT('Ctrl Pts',(2.50000003725291,30.2055250757164,16.));
#3492=CARTESIAN_POINT('Ctrl Pts',(2.50000003725291,29.8956518546383,16.));
#3493=CARTESIAN_POINT('Origin',(1.86264511592427E-8,26.,16.));
#3494=CARTESIAN_POINT('Origin',(26.2217874940345,-15.3325317696138,8.));
#3495=CARTESIAN_POINT('',(29.9269145176133,-20.1650635417231,8.));
#3496=CARTESIAN_POINT('',(23.7666604983954,-10.8349364905389,8.));
#3497=CARTESIAN_POINT('Origin',(23.7666604983954,-10.8349364905389,16.));
#3498=CARTESIAN_POINT('Ctrl Pts',(27.1403939653048,-12.7827624325906,16.));
#3499=CARTESIAN_POINT('Ctrl Pts',(27.4087520461894,-12.9376990441615,16.));
#3500=CARTESIAN_POINT('Ctrl Pts',(27.7018458155061,-13.1069168122301,15.9695094332502));
#3501=CARTESIAN_POINT('Ctrl Pts',(28.275895930592,-13.4383448035546,15.8379513318252));
#3502=CARTESIAN_POINT('Ctrl Pts',(28.5568515493602,-13.6005546070763,15.7368795675201));
#3503=CARTESIAN_POINT('Ctrl Pts',(29.0523245745588,-13.8866160940119,15.5003023625588));
#3504=CARTESIAN_POINT('Ctrl Pts',(29.3125411692435,-14.0368522162933,15.343113675904));
#3505=CARTESIAN_POINT('Ctrl Pts',(29.7984260558841,-14.3173779888038,14.9689376868569));
#3506=CARTESIAN_POINT('Ctrl Pts',(30.0240916801286,-14.4476660988291,14.7519457656225));
#3507=CARTESIAN_POINT('Ctrl Pts',(30.402778050527,-14.666300778598,14.3153815096941));
#3508=CARTESIAN_POINT('Ctrl Pts',(30.590755155081,-14.7748294114475,14.0556712813849));
#3509=CARTESIAN_POINT('Ctrl Pts',(30.9149986351174,-14.96203147354,13.4962947444477));
#3510=CARTESIAN_POINT('Ctrl Pts',(31.0512619436005,-15.0407031320502,13.19662606544));
#3511=CARTESIAN_POINT('Ctrl Pts',(31.2559700072595,-15.1588913887258,12.6267914835905));
#3512=CARTESIAN_POINT('Ctrl Pts',(31.3433342090456,-15.2093311345785,12.3041703547406));
#3513=CARTESIAN_POINT('Ctrl Pts',(31.4570831403553,-15.2750041112552,11.6449026955135));
#3514=CARTESIAN_POINT('Ctrl Pts',(31.4834665415809,-15.290236575186,11.3082558595609));
#3515=CARTESIAN_POINT('Ctrl Pts',(31.4834665415809,-15.290236575186,11.));
#3516=CARTESIAN_POINT('',(23.7666604983954,-10.8349364905389,16.));
#3517=CARTESIAN_POINT('Ctrl Pts',(26.2712409718389,-12.280956713529,13.5));
#3518=CARTESIAN_POINT('Ctrl Pts',(26.2712409718389,-12.280956713529,13.6848924566741));
#3519=CARTESIAN_POINT('Ctrl Pts',(26.2336573195057,-12.2592577815506,13.9024777112267));
#3520=CARTESIAN_POINT('Ctrl Pts',(26.1107622208977,-12.1883042626767,14.2443323877463));
#3521=CARTESIAN_POINT('Ctrl Pts',(26.0035995407983,-12.126433859942,14.4290028751656));
#3522=CARTESIAN_POINT('Ctrl Pts',(25.7761824960188,-11.9951345667907,14.6909979976371));
#3523=CARTESIAN_POINT('Ctrl Pts',(25.6155777572817,-11.9024093768499,14.8145493664342));
#3524=CARTESIAN_POINT('Ctrl Pts',(25.3179881490159,-11.7305959349315,14.9565595235078));
#3525=CARTESIAN_POINT('Ctrl Pts',(25.1282641066464,-11.6210587070553,15.));
#3526=CARTESIAN_POINT('Ctrl Pts',(24.9670824490892,-11.5280004328757,15.));
#3527=CARTESIAN_POINT('Origin',(29.9269145176133,-20.1650635417231,16.));
#3528=CARTESIAN_POINT('Ctrl Pts',(22.4670824296913,-15.8581274776519,15.));
#3529=CARTESIAN_POINT('Ctrl Pts',(22.6282640875537,-15.9511857512072,15.));
#3530=CARTESIAN_POINT('Ctrl Pts',(22.8179881302814,-16.0607229783478,14.9565595235127));
#3531=CARTESIAN_POINT('Ctrl Pts',(23.1155777391221,-16.23253641912,14.8145493664547));
#3532=CARTESIAN_POINT('Ctrl Pts',(23.2761824781738,-16.3252616084446,14.690997997664));
#3533=CARTESIAN_POINT('Ctrl Pts',(23.5035995234092,-16.4565609007296,14.4290028752019));
#3534=CARTESIAN_POINT('Ctrl Pts',(23.6107622037257,-16.5184313030573,14.2443323877809));
#3535=CARTESIAN_POINT('Ctrl Pts',(23.7336573025888,-16.5893848214681,13.9024777112515));
#3536=CARTESIAN_POINT('Ctrl Pts',(23.7712409550004,-16.611083753305,13.684892456685));
#3537=CARTESIAN_POINT('Ctrl Pts',(23.7712409550004,-16.611083753305,13.5));
#3538=CARTESIAN_POINT('',(21.2666604797689,-15.1650635417231,16.));
#3539=CARTESIAN_POINT('Ctrl Pts',(28.9834665351828,-19.6203635951004,11.));
#3540=CARTESIAN_POINT('Ctrl Pts',(28.9834665351828,-19.6203635951004,11.3082558595742));
#3541=CARTESIAN_POINT('Ctrl Pts',(28.9570831339014,-19.6051311312684,11.6449026955417));
#3542=CARTESIAN_POINT('Ctrl Pts',(28.8433342023504,-19.5394581550174,12.3041703547999));
#3543=CARTESIAN_POINT('Ctrl Pts',(28.7559700003786,-19.4890184094915,12.6267914836659));
#3544=CARTESIAN_POINT('Ctrl Pts',(28.551261936289,-19.3708301535841,13.196626065528));
#3545=CARTESIAN_POINT('Ctrl Pts',(28.4149986275241,-19.292158495588,13.4962947445353));
#3546=CARTESIAN_POINT('Ctrl Pts',(28.0907551468148,-19.1049564347175,14.055671281476));
#3547=CARTESIAN_POINT('Ctrl Pts',(27.9027780418695,-18.9964278025758,14.3153815097891));
#3548=CARTESIAN_POINT('Ctrl Pts',(27.5240916706955,-18.7777931242401,14.7519457657064));
#3549=CARTESIAN_POINT('Ctrl Pts',(27.2984260459982,-18.6475050150743,14.9689376869288));
#3550=CARTESIAN_POINT('Ctrl Pts',(26.812541158379,-18.3669792444121,15.3431136759586));
#3551=CARTESIAN_POINT('Ctrl Pts',(26.5523245631682,-18.2167431231196,15.5003023626078));
#3552=CARTESIAN_POINT('Ctrl Pts',(26.056851536988,-17.9306816380782,15.7368795675483));
#3553=CARTESIAN_POINT('Ctrl Pts',(25.7758959176762,-17.7684718356382,15.8379513318416));
#3554=CARTESIAN_POINT('Ctrl Pts',(25.2018458014776,-17.4370438465226,15.9695094332526));
#3555=CARTESIAN_POINT('Ctrl Pts',(24.9087520315918,-17.2678260795813,16.));
#3556=CARTESIAN_POINT('Ctrl Pts',(24.6403939501856,-17.1128894690422,16.));
#3557=CARTESIAN_POINT('Origin',(22.5166604890822,-13.000000016131,16.));
#3558=CARTESIAN_POINT('Origin',(-21.2666604983954,-15.1650635094611,16.));
#3559=CARTESIAN_POINT('Ctrl Pts',(-23.7712409826126,-16.6110837137906,13.5));
#3560=CARTESIAN_POINT('Ctrl Pts',(-23.7712409826126,-16.6110837137906,13.6848924566741));
#3561=CARTESIAN_POINT('Ctrl Pts',(-23.7336573301178,-16.5893847820922,13.9024777112267));
#3562=CARTESIAN_POINT('Ctrl Pts',(-23.6107622309811,-16.518431264134,14.2443323877463));
#3563=CARTESIAN_POINT('Ctrl Pts',(-23.5035995504207,-16.4565608621977,14.4290028751656));
#3564=CARTESIAN_POINT('Ctrl Pts',(-23.276182504663,-16.3252615707408,14.6909979976371));
#3565=CARTESIAN_POINT('Ctrl Pts',(-23.115577765235,-16.2325363819966,14.8145493664342));
#3566=CARTESIAN_POINT('Ctrl Pts',(-22.8179881556891,-16.0607229422954,14.9565595235078));
#3567=CARTESIAN_POINT('Ctrl Pts',(-22.6282641125034,-15.9511857158328,15.));
#3568=CARTESIAN_POINT('Ctrl Pts',(-22.4670824542529,-15.858127442854,15.));
#3569=CARTESIAN_POINT('Ctrl Pts',(-24.6403939798172,-17.1128894263765,16.));
#3570=CARTESIAN_POINT('Ctrl Pts',(-24.9087520618562,-17.267826035948,16.));
#3571=CARTESIAN_POINT('Ctrl Pts',(-25.2018458324336,-17.4370438018329,15.9695094332502));
#3572=CARTESIAN_POINT('Ctrl Pts',(-25.7758959499889,-17.7684717888804,15.8379513318252));
#3573=CARTESIAN_POINT('Ctrl Pts',(-26.0568515699657,-17.9306815903088,15.7368795675201));
#3574=CARTESIAN_POINT('Ctrl Pts',(-26.5523245972956,-18.2167430735529,15.5003023625588));
#3575=CARTESIAN_POINT('Ctrl Pts',(-26.8125411930997,-18.3669791938955,15.343113675904));
#3576=CARTESIAN_POINT('Ctrl Pts',(-27.2984260818303,-18.6475049627859,14.9689376868568));
#3577=CARTESIAN_POINT('Ctrl Pts',(-27.5240917070455,-18.7777930711298,14.7519457656225));
#3578=CARTESIAN_POINT('Ctrl Pts',(-27.9027780790728,-18.9964277480773,14.3153815096941));
#3579=CARTESIAN_POINT('Ctrl Pts',(-28.0907551844355,-19.1049563795262,14.0556712813849));
#3580=CARTESIAN_POINT('Ctrl Pts',(-28.4149986658667,-19.2921584392029,13.4962947444477));
#3581=CARTESIAN_POINT('Ctrl Pts',(-28.5512619749359,-19.3708300966979,13.19662606544));
#3582=CARTESIAN_POINT('Ctrl Pts',(-28.7559700394755,-19.4890183518483,12.6267914835905));
#3583=CARTESIAN_POINT('Ctrl Pts',(-28.8433342416374,-19.5394580970501,12.3041703547406));
#3584=CARTESIAN_POINT('Ctrl Pts',(-28.9570831734364,-19.6051310728793,11.6449026955135));
#3585=CARTESIAN_POINT('Ctrl Pts',(-28.9834665747755,-19.6203635366135,11.3082558595609));
#3586=CARTESIAN_POINT('Ctrl Pts',(-28.9834665747755,-19.6203635366135,11.));
#3587=CARTESIAN_POINT('Origin',(-1.86264398349678E-8,-29.7499999906868,
8.));
#3588=CARTESIAN_POINT('',(-2.5000000372529,-36.,8.));
#3589=CARTESIAN_POINT('',(2.50000000000002,-26.,8.));
#3590=CARTESIAN_POINT('Origin',(2.50000000000002,-26.,16.));
#3591=CARTESIAN_POINT('Ctrl Pts',(2.49999998548758,-29.8956518589671,16.));
#3592=CARTESIAN_POINT('Ctrl Pts',(2.49999998433321,-30.2055250801094,16.));
#3593=CARTESIAN_POINT('Ctrl Pts',(2.49999998307244,-30.5439606140629,15.9695094332502));
#3594=CARTESIAN_POINT('Ctrl Pts',(2.49999998060311,-31.206816592435,15.8379513318252));
#3595=CARTESIAN_POINT('Ctrl Pts',(2.49999997939455,-31.5312361973851,15.7368795675201));
#3596=CARTESIAN_POINT('Ctrl Pts',(2.49999997726323,-32.1033591675648,15.5003023625588));
#3597=CARTESIAN_POINT('Ctrl Pts',(2.49999997614388,-32.4038314101888,15.343113675904));
#3598=CARTESIAN_POINT('Ctrl Pts',(2.4999999740538,-32.9648829515897,14.9689376868569));
#3599=CARTESIAN_POINT('Ctrl Pts',(2.49999997308308,-33.2254591699589,14.7519457656225));
#3600=CARTESIAN_POINT('Ctrl Pts',(2.49999997145412,-33.6627285266753,14.3153815096941));
#3601=CARTESIAN_POINT('Ctrl Pts',(2.49999997064552,-33.8797857909736,14.0556712813849));
#3602=CARTESIAN_POINT('Ctrl Pts',(2.49999996925076,-34.2541899127429,13.4962947444477));
#3603=CARTESIAN_POINT('Ctrl Pts',(2.49999996866461,-34.4115332287481,13.19662606544));
#3604=CARTESIAN_POINT('Ctrl Pts',(2.49999996778404,-34.6479097405741,12.6267914835905));
#3605=CARTESIAN_POINT('Ctrl Pts',(2.49999996740823,-34.7487892316286,12.3041703547406));
#3606=CARTESIAN_POINT('Ctrl Pts',(2.49999996691893,-34.8801351841344,11.6449026955135));
#3607=CARTESIAN_POINT('Ctrl Pts',(2.49999996680544,-34.9106001117995,11.3082558595609));
#3608=CARTESIAN_POINT('Ctrl Pts',(2.49999996680544,-34.9106001117995,11.));
#3609=CARTESIAN_POINT('',(2.50000000000002,-26.,16.));
#3610=CARTESIAN_POINT('Ctrl Pts',(2.49999998922633,-28.8920404273196,13.5));
#3611=CARTESIAN_POINT('Ctrl Pts',(2.49999998922633,-28.8920404273196,13.6848924566741));
#3612=CARTESIAN_POINT('Ctrl Pts',(2.499999989388,-28.8486425636429,13.9024777112267));
#3613=CARTESIAN_POINT('Ctrl Pts',(2.49999998991664,-28.7067355268108,14.2443323877463));
#3614=CARTESIAN_POINT('Ctrl Pts',(2.49999999037761,-28.5829947221397,14.4290028751656));
#3615=CARTESIAN_POINT('Ctrl Pts',(2.49999999135587,-28.3203961375314,14.6909979976371));
#3616=CARTESIAN_POINT('Ctrl Pts',(2.49999999204672,-28.1349457588465,14.8145493664342));
#3617=CARTESIAN_POINT('Ctrl Pts',(2.49999999332683,-27.7913188772268,14.9565595235078));
#3618=CARTESIAN_POINT('Ctrl Pts',(2.49999999414295,-27.5722444228881,15.));
#3619=CARTESIAN_POINT('Ctrl Pts',(2.49999999483629,-27.3861278757297,15.));
#3620=CARTESIAN_POINT('Origin',(-2.5000000372529,-36.,16.));
#3621=CARTESIAN_POINT('Ctrl Pts',(-2.5000000372529,-27.3861278718576,15.));
#3622=CARTESIAN_POINT('Ctrl Pts',(-2.5000000372529,-27.5722444189682,15.));
#3623=CARTESIAN_POINT('Ctrl Pts',(-2.5000000372529,-27.7913188732494,14.9565595235127));
#3624=CARTESIAN_POINT('Ctrl Pts',(-2.5000000372529,-28.1349457547938,14.8145493664547));
#3625=CARTESIAN_POINT('Ctrl Pts',(-2.5000000372529,-28.320396133443,14.690997997664));
#3626=CARTESIAN_POINT('Ctrl Pts',(-2.5000000372529,-28.582994718013,14.4290028752019));
#3627=CARTESIAN_POINT('Ctrl Pts',(-2.5000000372529,-28.7067355226685,14.2443323877809));
#3628=CARTESIAN_POINT('Ctrl Pts',(-2.5000000372529,-28.84864255949,13.9024777112515));
#3629=CARTESIAN_POINT('Ctrl Pts',(-2.5000000372529,-28.8920404231639,13.684892456685));
#3630=CARTESIAN_POINT('Ctrl Pts',(-2.5000000372529,-28.8920404231639,13.5));
#3631=CARTESIAN_POINT('',(-2.5000000372529,-26.,16.));
#3632=CARTESIAN_POINT('Ctrl Pts',(-2.5000000372529,-34.9106001067546,11.));
#3633=CARTESIAN_POINT('Ctrl Pts',(-2.5000000372529,-34.9106001067546,11.3082558595742));
#3634=CARTESIAN_POINT('Ctrl Pts',(-2.5000000372529,-34.8801351790908,11.6449026955417));
#3635=CARTESIAN_POINT('Ctrl Pts',(-2.5000000372529,-34.7487892265887,12.3041703547999));
#3636=CARTESIAN_POINT('Ctrl Pts',(-2.5000000372529,-34.6479097355369,12.6267914836659));
#3637=CARTESIAN_POINT('Ctrl Pts',(-2.5000000372529,-34.411533223722,13.196626065528));
#3638=CARTESIAN_POINT('Ctrl Pts',(-2.5000000372529,-34.2541899077298,13.4962947445353));
#3639=CARTESIAN_POINT('Ctrl Pts',(-2.5000000372529,-33.8797857859888,14.055671281476));
#3640=CARTESIAN_POINT('Ctrl Pts',(-2.5000000372529,-33.6627285217056,14.3153815097891));
#3641=CARTESIAN_POINT('Ctrl Pts',(-2.5000000372529,-33.225459165034,14.7519457657064));
#3642=CARTESIAN_POINT('Ctrl Pts',(-2.5000000372529,-32.9648829467024,14.9689376869288));
#3643=CARTESIAN_POINT('Ctrl Pts',(-2.5000000372529,-32.4038314053781,15.3431136759586));
#3644=CARTESIAN_POINT('Ctrl Pts',(-2.5000000372529,-32.103359162793,15.5003023626078));
#3645=CARTESIAN_POINT('Ctrl Pts',(-2.5000000372529,-31.5312361927104,15.7368795675483));
#3646=CARTESIAN_POINT('Ctrl Pts',(-2.5000000372529,-31.2068165878303,15.8379513318416));
#3647=CARTESIAN_POINT('Ctrl Pts',(-2.5000000372529,-30.5439606095991,15.9695094332526));
#3648=CARTESIAN_POINT('Ctrl Pts',(-2.5000000372529,-30.2055250757164,16.));
#3649=CARTESIAN_POINT('Ctrl Pts',(-2.5000000372529,-29.8956518546383,16.));
#3650=CARTESIAN_POINT('Origin',(-1.86264396129232E-8,-26.,16.));
#3651=CARTESIAN_POINT('Origin',(21.2666604983954,15.1650635094611,16.));
#3652=CARTESIAN_POINT('Ctrl Pts',(23.7712409826126,16.6110837137906,13.5));
#3653=CARTESIAN_POINT('Ctrl Pts',(23.7712409826126,16.6110837137906,13.6848924566741));
#3654=CARTESIAN_POINT('Ctrl Pts',(23.7336573301178,16.5893847820922,13.9024777112267));
#3655=CARTESIAN_POINT('Ctrl Pts',(23.6107622309811,16.518431264134,14.2443323877463));
#3656=CARTESIAN_POINT('Ctrl Pts',(23.5035995504207,16.4565608621977,14.4290028751656));
#3657=CARTESIAN_POINT('Ctrl Pts',(23.276182504663,16.3252615707408,14.6909979976371));
#3658=CARTESIAN_POINT('Ctrl Pts',(23.115577765235,16.2325363819966,14.8145493664342));
#3659=CARTESIAN_POINT('Ctrl Pts',(22.8179881556891,16.0607229422954,14.9565595235078));
#3660=CARTESIAN_POINT('Ctrl Pts',(22.6282641125034,15.9511857158328,15.));
#3661=CARTESIAN_POINT('Ctrl Pts',(22.467082454253,15.858127442854,15.));
#3662=CARTESIAN_POINT('Ctrl Pts',(24.6403939798172,17.1128894263765,16.));
#3663=CARTESIAN_POINT('Ctrl Pts',(24.9087520618562,17.267826035948,16.));
#3664=CARTESIAN_POINT('Ctrl Pts',(25.2018458324336,17.4370438018329,15.9695094332502));
#3665=CARTESIAN_POINT('Ctrl Pts',(25.7758959499889,17.7684717888804,15.8379513318252));
#3666=CARTESIAN_POINT('Ctrl Pts',(26.0568515699657,17.9306815903088,15.7368795675201));
#3667=CARTESIAN_POINT('Ctrl Pts',(26.5523245972956,18.2167430735529,15.5003023625588));
#3668=CARTESIAN_POINT('Ctrl Pts',(26.8125411930997,18.3669791938955,15.343113675904));
#3669=CARTESIAN_POINT('Ctrl Pts',(27.2984260818303,18.6475049627859,14.9689376868568));
#3670=CARTESIAN_POINT('Ctrl Pts',(27.5240917070455,18.7777930711298,14.7519457656225));
#3671=CARTESIAN_POINT('Ctrl Pts',(27.9027780790728,18.9964277480773,14.3153815096941));
#3672=CARTESIAN_POINT('Ctrl Pts',(28.0907551844355,19.1049563795262,14.0556712813849));
#3673=CARTESIAN_POINT('Ctrl Pts',(28.4149986658666,19.2921584392029,13.4962947444477));
#3674=CARTESIAN_POINT('Ctrl Pts',(28.5512619749359,19.3708300966979,13.19662606544));
#3675=CARTESIAN_POINT('Ctrl Pts',(28.7559700394755,19.4890183518483,12.6267914835905));
#3676=CARTESIAN_POINT('Ctrl Pts',(28.8433342416374,19.5394580970501,12.3041703547406));
#3677=CARTESIAN_POINT('Ctrl Pts',(28.9570831734364,19.6051310728792,11.6449026955135));
#3678=CARTESIAN_POINT('Ctrl Pts',(28.9834665747755,19.6203635366135,11.3082558595609));
#3679=CARTESIAN_POINT('Ctrl Pts',(28.9834665747755,19.6203635366135,11.));
#3680=CARTESIAN_POINT('Origin',(-26.2217874940345,15.3325317696138,8.));
#3681=CARTESIAN_POINT('',(-29.9269145176133,20.1650635417231,8.));
#3682=CARTESIAN_POINT('',(-23.7666604983954,10.8349364905389,8.));
#3683=CARTESIAN_POINT('Origin',(-23.7666604983954,10.8349364905389,16.));
#3684=CARTESIAN_POINT('Ctrl Pts',(-27.1403939653048,12.7827624325906,16.));
#3685=CARTESIAN_POINT('Ctrl Pts',(-27.4087520461894,12.9376990441615,16.));
#3686=CARTESIAN_POINT('Ctrl Pts',(-27.7018458155061,13.1069168122301,15.9695094332502));
#3687=CARTESIAN_POINT('Ctrl Pts',(-28.275895930592,13.4383448035546,15.8379513318252));
#3688=CARTESIAN_POINT('Ctrl Pts',(-28.5568515493602,13.6005546070763,15.7368795675201));
#3689=CARTESIAN_POINT('Ctrl Pts',(-29.0523245745588,13.886616094012,15.5003023625588));
#3690=CARTESIAN_POINT('Ctrl Pts',(-29.3125411692435,14.0368522162933,15.343113675904));
#3691=CARTESIAN_POINT('Ctrl Pts',(-29.7984260558841,14.3173779888039,14.9689376868568));
#3692=CARTESIAN_POINT('Ctrl Pts',(-30.0240916801286,14.4476660988291,14.7519457656225));
#3693=CARTESIAN_POINT('Ctrl Pts',(-30.402778050527,14.666300778598,14.3153815096941));
#3694=CARTESIAN_POINT('Ctrl Pts',(-30.590755155081,14.7748294114475,14.0556712813849));
#3695=CARTESIAN_POINT('Ctrl Pts',(-30.9149986351174,14.96203147354,13.4962947444477));
#3696=CARTESIAN_POINT('Ctrl Pts',(-31.0512619436005,15.0407031320502,13.19662606544));
#3697=CARTESIAN_POINT('Ctrl Pts',(-31.2559700072595,15.1588913887258,12.6267914835905));
#3698=CARTESIAN_POINT('Ctrl Pts',(-31.3433342090456,15.2093311345785,12.3041703547406));
#3699=CARTESIAN_POINT('Ctrl Pts',(-31.4570831403553,15.2750041112552,11.6449026955135));
#3700=CARTESIAN_POINT('Ctrl Pts',(-31.4834665415809,15.290236575186,11.3082558595609));
#3701=CARTESIAN_POINT('Ctrl Pts',(-31.4834665415809,15.290236575186,11.));
#3702=CARTESIAN_POINT('',(-23.7666604983954,10.8349364905389,16.));
#3703=CARTESIAN_POINT('Ctrl Pts',(-26.2712409718389,12.280956713529,13.5));
#3704=CARTESIAN_POINT('Ctrl Pts',(-26.2712409718389,12.280956713529,13.6848924566741));
#3705=CARTESIAN_POINT('Ctrl Pts',(-26.2336573195057,12.2592577815506,13.9024777112267));
#3706=CARTESIAN_POINT('Ctrl Pts',(-26.1107622208977,12.1883042626767,14.2443323877463));
#3707=CARTESIAN_POINT('Ctrl Pts',(-26.0035995407983,12.126433859942,14.4290028751656));
#3708=CARTESIAN_POINT('Ctrl Pts',(-25.7761824960188,11.9951345667907,14.6909979976371));
#3709=CARTESIAN_POINT('Ctrl Pts',(-25.6155777572817,11.9024093768499,14.8145493664342));
#3710=CARTESIAN_POINT('Ctrl Pts',(-25.3179881490159,11.7305959349315,14.9565595235078));
#3711=CARTESIAN_POINT('Ctrl Pts',(-25.1282641066464,11.6210587070553,15.));
#3712=CARTESIAN_POINT('Ctrl Pts',(-24.9670824490892,11.5280004328757,15.));
#3713=CARTESIAN_POINT('Origin',(-29.9269145176133,20.1650635417231,16.));
#3714=CARTESIAN_POINT('Ctrl Pts',(-22.4670824296913,15.8581274776519,15.));
#3715=CARTESIAN_POINT('Ctrl Pts',(-22.6282640875537,15.9511857512072,15.));
#3716=CARTESIAN_POINT('Ctrl Pts',(-22.8179881302814,16.0607229783478,14.9565595235127));
#3717=CARTESIAN_POINT('Ctrl Pts',(-23.1155777391221,16.23253641912,14.8145493664547));
#3718=CARTESIAN_POINT('Ctrl Pts',(-23.2761824781738,16.3252616084446,14.690997997664));
#3719=CARTESIAN_POINT('Ctrl Pts',(-23.5035995234092,16.4565609007296,14.4290028752019));
#3720=CARTESIAN_POINT('Ctrl Pts',(-23.6107622037257,16.5184313030573,14.2443323877809));
#3721=CARTESIAN_POINT('Ctrl Pts',(-23.7336573025888,16.5893848214681,13.9024777112515));
#3722=CARTESIAN_POINT('Ctrl Pts',(-23.7712409550004,16.611083753305,13.684892456685));
#3723=CARTESIAN_POINT('Ctrl Pts',(-23.7712409550004,16.611083753305,13.5));
#3724=CARTESIAN_POINT('',(-21.2666604797689,15.1650635417231,16.));
#3725=CARTESIAN_POINT('Ctrl Pts',(-28.9834665351828,19.6203635951004,11.));
#3726=CARTESIAN_POINT('Ctrl Pts',(-28.9834665351828,19.6203635951004,11.3082558595742));
#3727=CARTESIAN_POINT('Ctrl Pts',(-28.9570831339014,19.6051311312684,11.6449026955417));
#3728=CARTESIAN_POINT('Ctrl Pts',(-28.8433342023504,19.5394581550174,12.3041703547999));
#3729=CARTESIAN_POINT('Ctrl Pts',(-28.7559700003786,19.4890184094915,12.6267914836659));
#3730=CARTESIAN_POINT('Ctrl Pts',(-28.551261936289,19.3708301535841,13.196626065528));
#3731=CARTESIAN_POINT('Ctrl Pts',(-28.4149986275241,19.292158495588,13.4962947445353));
#3732=CARTESIAN_POINT('Ctrl Pts',(-28.0907551468148,19.1049564347175,14.055671281476));
#3733=CARTESIAN_POINT('Ctrl Pts',(-27.9027780418695,18.9964278025758,14.3153815097891));
#3734=CARTESIAN_POINT('Ctrl Pts',(-27.5240916706955,18.7777931242401,14.7519457657064));
#3735=CARTESIAN_POINT('Ctrl Pts',(-27.2984260459982,18.6475050150743,14.9689376869288));
#3736=CARTESIAN_POINT('Ctrl Pts',(-26.812541158379,18.3669792444121,15.3431136759586));
#3737=CARTESIAN_POINT('Ctrl Pts',(-26.5523245631682,18.2167431231196,15.5003023626078));
#3738=CARTESIAN_POINT('Ctrl Pts',(-26.056851536988,17.9306816380782,15.7368795675483));
#3739=CARTESIAN_POINT('Ctrl Pts',(-25.7758959176762,17.7684718356382,15.8379513318416));
#3740=CARTESIAN_POINT('Ctrl Pts',(-25.2018458014776,17.4370438465226,15.9695094332526));
#3741=CARTESIAN_POINT('Ctrl Pts',(-24.9087520315918,17.2678260795813,16.));
#3742=CARTESIAN_POINT('Ctrl Pts',(-24.6403939501856,17.1128894690422,16.));
#3743=CARTESIAN_POINT('Origin',(-22.5166604890822,13.000000016131,16.));
#3744=CARTESIAN_POINT('Origin',(15.3325317696138,26.2217874940345,8.));
#3745=CARTESIAN_POINT('',(20.1650635417231,29.9269145176133,8.));
#3746=CARTESIAN_POINT('',(10.8349364905389,23.7666604983954,8.));
#3747=CARTESIAN_POINT('Origin',(10.8349364905389,23.7666604983954,16.));
#3748=CARTESIAN_POINT('Ctrl Pts',(12.7827624325906,27.1403939653048,16.));
#3749=CARTESIAN_POINT('Ctrl Pts',(12.9376990441615,27.4087520461894,16.));
#3750=CARTESIAN_POINT('Ctrl Pts',(13.1069168122301,27.7018458155061,15.9695094332502));
#3751=CARTESIAN_POINT('Ctrl Pts',(13.4383448035546,28.275895930592,15.8379513318252));
#3752=CARTESIAN_POINT('Ctrl Pts',(13.6005546070763,28.5568515493602,15.7368795675201));
#3753=CARTESIAN_POINT('Ctrl Pts',(13.8866160940119,29.0523245745588,15.5003023625588));
#3754=CARTESIAN_POINT('Ctrl Pts',(14.0368522162933,29.3125411692435,15.343113675904));
#3755=CARTESIAN_POINT('Ctrl Pts',(14.3173779888038,29.7984260558841,14.9689376868569));
#3756=CARTESIAN_POINT('Ctrl Pts',(14.4476660988291,30.0240916801286,14.7519457656225));
#3757=CARTESIAN_POINT('Ctrl Pts',(14.666300778598,30.4027780505269,14.3153815096941));
#3758=CARTESIAN_POINT('Ctrl Pts',(14.7748294114475,30.590755155081,14.0556712813849));
#3759=CARTESIAN_POINT('Ctrl Pts',(14.96203147354,30.9149986351174,13.4962947444477));
#3760=CARTESIAN_POINT('Ctrl Pts',(15.0407031320502,31.0512619436005,13.19662606544));
#3761=CARTESIAN_POINT('Ctrl Pts',(15.1588913887258,31.2559700072595,12.6267914835905));
#3762=CARTESIAN_POINT('Ctrl Pts',(15.2093311345785,31.3433342090456,12.3041703547406));
#3763=CARTESIAN_POINT('Ctrl Pts',(15.2750041112552,31.4570831403553,11.6449026955135));
#3764=CARTESIAN_POINT('Ctrl Pts',(15.290236575186,31.4834665415809,11.3082558595609));
#3765=CARTESIAN_POINT('Ctrl Pts',(15.290236575186,31.4834665415809,11.));
#3766=CARTESIAN_POINT('',(10.8349364905389,23.7666604983954,16.));
#3767=CARTESIAN_POINT('Ctrl Pts',(12.280956713529,26.2712409718389,13.5));
#3768=CARTESIAN_POINT('Ctrl Pts',(12.280956713529,26.2712409718389,13.6848924566741));
#3769=CARTESIAN_POINT('Ctrl Pts',(12.2592577815506,26.2336573195057,13.9024777112267));
#3770=CARTESIAN_POINT('Ctrl Pts',(12.1883042626767,26.1107622208977,14.2443323877463));
#3771=CARTESIAN_POINT('Ctrl Pts',(12.126433859942,26.0035995407983,14.4290028751656));
#3772=CARTESIAN_POINT('Ctrl Pts',(11.9951345667907,25.7761824960188,14.6909979976371));
#3773=CARTESIAN_POINT('Ctrl Pts',(11.9024093768499,25.6155777572817,14.8145493664342));
#3774=CARTESIAN_POINT('Ctrl Pts',(11.7305959349315,25.3179881490159,14.9565595235078));
#3775=CARTESIAN_POINT('Ctrl Pts',(11.6210587070553,25.1282641066464,15.));
#3776=CARTESIAN_POINT('Ctrl Pts',(11.5280004328757,24.9670824490892,15.));
#3777=CARTESIAN_POINT('Origin',(20.1650635417231,29.9269145176133,16.));
#3778=CARTESIAN_POINT('Ctrl Pts',(15.8581274776519,22.4670824296913,15.));
#3779=CARTESIAN_POINT('Ctrl Pts',(15.9511857512072,22.6282640875537,15.));
#3780=CARTESIAN_POINT('Ctrl Pts',(16.0607229783478,22.8179881302814,14.9565595235127));
#3781=CARTESIAN_POINT('Ctrl Pts',(16.23253641912,23.1155777391221,14.8145493664547));
#3782=CARTESIAN_POINT('Ctrl Pts',(16.3252616084446,23.2761824781738,14.690997997664));
#3783=CARTESIAN_POINT('Ctrl Pts',(16.4565609007296,23.5035995234092,14.4290028752019));
#3784=CARTESIAN_POINT('Ctrl Pts',(16.5184313030573,23.6107622037257,14.2443323877809));
#3785=CARTESIAN_POINT('Ctrl Pts',(16.5893848214681,23.7336573025888,13.9024777112515));
#3786=CARTESIAN_POINT('Ctrl Pts',(16.611083753305,23.7712409550004,13.684892456685));
#3787=CARTESIAN_POINT('Ctrl Pts',(16.611083753305,23.7712409550004,13.5));
#3788=CARTESIAN_POINT('',(15.1650635417231,21.2666604797689,16.));
#3789=CARTESIAN_POINT('Ctrl Pts',(19.6203635951004,28.9834665351828,11.));
#3790=CARTESIAN_POINT('Ctrl Pts',(19.6203635951004,28.9834665351828,11.3082558595742));
#3791=CARTESIAN_POINT('Ctrl Pts',(19.6051311312684,28.9570831339014,11.6449026955417));
#3792=CARTESIAN_POINT('Ctrl Pts',(19.5394581550174,28.8433342023504,12.3041703547999));
#3793=CARTESIAN_POINT('Ctrl Pts',(19.4890184094915,28.7559700003786,12.6267914836659));
#3794=CARTESIAN_POINT('Ctrl Pts',(19.3708301535841,28.551261936289,13.196626065528));
#3795=CARTESIAN_POINT('Ctrl Pts',(19.292158495588,28.4149986275241,13.4962947445353));
#3796=CARTESIAN_POINT('Ctrl Pts',(19.1049564347175,28.0907551468148,14.055671281476));
#3797=CARTESIAN_POINT('Ctrl Pts',(18.9964278025758,27.9027780418695,14.3153815097891));
#3798=CARTESIAN_POINT('Ctrl Pts',(18.7777931242401,27.5240916706955,14.7519457657064));
#3799=CARTESIAN_POINT('Ctrl Pts',(18.6475050150743,27.2984260459982,14.9689376869288));
#3800=CARTESIAN_POINT('Ctrl Pts',(18.3669792444121,26.812541158379,15.3431136759586));
#3801=CARTESIAN_POINT('Ctrl Pts',(18.2167431231196,26.5523245631682,15.5003023626078));
#3802=CARTESIAN_POINT('Ctrl Pts',(17.9306816380782,26.056851536988,15.7368795675483));
#3803=CARTESIAN_POINT('Ctrl Pts',(17.7684718356382,25.7758959176762,15.8379513318416));
#3804=CARTESIAN_POINT('Ctrl Pts',(17.4370438465226,25.2018458014776,15.9695094332526));
#3805=CARTESIAN_POINT('Ctrl Pts',(17.2678260795813,24.9087520315918,16.));
#3806=CARTESIAN_POINT('Ctrl Pts',(17.1128894690422,24.6403939501856,16.));
#3807=CARTESIAN_POINT('Origin',(13.000000016131,22.5166604890822,16.));
#3808=CARTESIAN_POINT('Origin',(15.3325317212208,-26.2217875219742,8.));
#3809=CARTESIAN_POINT('',(15.8349364582769,-32.4269145548663,8.));
#3810=CARTESIAN_POINT('',(15.1650635094611,-21.2666604983954,8.));
#3811=CARTESIAN_POINT('Origin',(15.1650635094611,-21.2666604983954,16.));
#3812=CARTESIAN_POINT('Ctrl Pts',(17.1128894263765,-24.6403939798172,16.));
#3813=CARTESIAN_POINT('Ctrl Pts',(17.267826035948,-24.9087520618562,16.));
#3814=CARTESIAN_POINT('Ctrl Pts',(17.4370438018329,-25.2018458324336,15.9695094332502));
#3815=CARTESIAN_POINT('Ctrl Pts',(17.7684717888804,-25.7758959499889,15.8379513318252));
#3816=CARTESIAN_POINT('Ctrl Pts',(17.9306815903088,-26.0568515699657,15.7368795675201));
#3817=CARTESIAN_POINT('Ctrl Pts',(18.2167430735529,-26.5523245972956,15.5003023625588));
#3818=CARTESIAN_POINT('Ctrl Pts',(18.3669791938955,-26.8125411930997,15.343113675904));
#3819=CARTESIAN_POINT('Ctrl Pts',(18.6475049627859,-27.2984260818303,14.9689376868568));
#3820=CARTESIAN_POINT('Ctrl Pts',(18.7777930711298,-27.5240917070455,14.7519457656225));
#3821=CARTESIAN_POINT('Ctrl Pts',(18.9964277480773,-27.9027780790728,14.3153815096941));
#3822=CARTESIAN_POINT('Ctrl Pts',(19.1049563795262,-28.0907551844355,14.0556712813849));
#3823=CARTESIAN_POINT('Ctrl Pts',(19.2921584392029,-28.4149986658666,13.4962947444477));
#3824=CARTESIAN_POINT('Ctrl Pts',(19.3708300966979,-28.5512619749359,13.19662606544));
#3825=CARTESIAN_POINT('Ctrl Pts',(19.4890183518483,-28.7559700394755,12.6267914835905));
#3826=CARTESIAN_POINT('Ctrl Pts',(19.5394580970501,-28.8433342416374,12.3041703547406));
#3827=CARTESIAN_POINT('Ctrl Pts',(19.6051310728792,-28.9570831734364,11.6449026955135));
#3828=CARTESIAN_POINT('Ctrl Pts',(19.6203635366135,-28.9834665747755,11.3082558595609));
#3829=CARTESIAN_POINT('Ctrl Pts',(19.6203635366135,-28.9834665747755,11.));
#3830=CARTESIAN_POINT('',(15.1650635094611,-21.2666604983954,16.));
#3831=CARTESIAN_POINT('Ctrl Pts',(16.6110837137906,-23.7712409826126,13.5));
#3832=CARTESIAN_POINT('Ctrl Pts',(16.6110837137906,-23.7712409826126,13.6848924566741));
#3833=CARTESIAN_POINT('Ctrl Pts',(16.5893847820922,-23.7336573301178,13.9024777112267));
#3834=CARTESIAN_POINT('Ctrl Pts',(16.518431264134,-23.6107622309811,14.2443323877463));
#3835=CARTESIAN_POINT('Ctrl Pts',(16.4565608621977,-23.5035995504207,14.4290028751656));
#3836=CARTESIAN_POINT('Ctrl Pts',(16.3252615707408,-23.276182504663,14.6909979976371));
#3837=CARTESIAN_POINT('Ctrl Pts',(16.2325363819966,-23.115577765235,14.8145493664342));
#3838=CARTESIAN_POINT('Ctrl Pts',(16.0607229422954,-22.8179881556891,14.9565595235078));
#3839=CARTESIAN_POINT('Ctrl Pts',(15.9511857158328,-22.6282641125034,15.));
#3840=CARTESIAN_POINT('Ctrl Pts',(15.858127442854,-22.467082454253,15.));
#3841=CARTESIAN_POINT('Origin',(15.8349364582769,-32.4269145548663,16.));
#3842=CARTESIAN_POINT('Ctrl Pts',(11.5280003942057,-24.9670824669442,15.));
#3843=CARTESIAN_POINT('Ctrl Pts',(11.621058667761,-25.1282641248066,15.));
#3844=CARTESIAN_POINT('Ctrl Pts',(11.7305958949016,-25.3179881675344,14.9565595235127));
#3845=CARTESIAN_POINT('Ctrl Pts',(11.9024093356738,-25.615577776375,14.8145493664547));
#3846=CARTESIAN_POINT('Ctrl Pts',(11.9951345249984,-25.7761825154267,14.690997997664));
#3847=CARTESIAN_POINT('Ctrl Pts',(12.1264338172834,-26.0035995606621,14.4290028752019));
#3848=CARTESIAN_POINT('Ctrl Pts',(12.1883042196112,-26.1107622409786,14.2443323877809));
#3849=CARTESIAN_POINT('Ctrl Pts',(12.2592577380219,-26.2336573398417,13.9024777112515));
#3850=CARTESIAN_POINT('Ctrl Pts',(12.2809566698589,-26.2712409922533,13.684892456685));
#3851=CARTESIAN_POINT('Ctrl Pts',(12.2809566698589,-26.2712409922533,13.5));
#3852=CARTESIAN_POINT('',(10.8349364582769,-23.7666605170219,16.));
#3853=CARTESIAN_POINT('Ctrl Pts',(15.2902365116542,-31.4834665724357,11.));
#3854=CARTESIAN_POINT('Ctrl Pts',(15.2902365116542,-31.4834665724357,11.3082558595742));
#3855=CARTESIAN_POINT('Ctrl Pts',(15.2750040478223,-31.4570831711543,11.6449026955417));
#3856=CARTESIAN_POINT('Ctrl Pts',(15.2093310715713,-31.3433342396033,12.3041703547999));
#3857=CARTESIAN_POINT('Ctrl Pts',(15.1588913260454,-31.2559700376315,12.6267914836659));
#3858=CARTESIAN_POINT('Ctrl Pts',(15.0407030701379,-31.0512619735419,13.196626065528));
#3859=CARTESIAN_POINT('Ctrl Pts',(14.9620314121418,-30.914998664777,13.4962947445353));
#3860=CARTESIAN_POINT('Ctrl Pts',(14.7748293512713,-30.5907551840677,14.055671281476));
#3861=CARTESIAN_POINT('Ctrl Pts',(14.6663007191297,-30.4027780791224,14.3153815097891));
#3862=CARTESIAN_POINT('Ctrl Pts',(14.447666040794,-30.0240917079484,14.7519457657064));
#3863=CARTESIAN_POINT('Ctrl Pts',(14.3173779316281,-29.7984260832512,14.9689376869288));
#3864=CARTESIAN_POINT('Ctrl Pts',(14.036852160966,-29.3125411956319,15.3431136759586));
#3865=CARTESIAN_POINT('Ctrl Pts',(13.8866160396734,-29.0523246004211,15.5003023626078));
#3866=CARTESIAN_POINT('Ctrl Pts',(13.6005545546321,-28.556851574241,15.7368795675483));
#3867=CARTESIAN_POINT('Ctrl Pts',(13.4383447521921,-28.2758959549291,15.8379513318416));
#3868=CARTESIAN_POINT('Ctrl Pts',(13.1069167630765,-27.7018458387305,15.9695094332526));
#3869=CARTESIAN_POINT('Ctrl Pts',(12.9376989961351,-27.4087520688447,16.));
#3870=CARTESIAN_POINT('Ctrl Pts',(12.7827623855961,-27.1403939874385,16.));
#3871=CARTESIAN_POINT('Origin',(12.999999983869,-22.5166605077086,16.));
#3872=CARTESIAN_POINT('Origin',(0.,0.,13.5));
#3873=CARTESIAN_POINT('Ctrl Pts',(-27.3861278718576,2.5000000372529,15.));
#3874=CARTESIAN_POINT('Ctrl Pts',(-27.5722444189682,2.5000000372529,15.));
#3875=CARTESIAN_POINT('Ctrl Pts',(-27.7913188732494,2.5000000372529,14.9565595235127));
#3876=CARTESIAN_POINT('Ctrl Pts',(-28.1349457547938,2.5000000372529,14.8145493664547));
#3877=CARTESIAN_POINT('Ctrl Pts',(-28.320396133443,2.5000000372529,14.690997997664));
#3878=CARTESIAN_POINT('Ctrl Pts',(-28.582994718013,2.5000000372529,14.4290028752019));
#3879=CARTESIAN_POINT('Ctrl Pts',(-28.7067355226685,2.5000000372529,14.2443323877809));
#3880=CARTESIAN_POINT('Ctrl Pts',(-28.84864255949,2.5000000372529,13.9024777112515));
#3881=CARTESIAN_POINT('Ctrl Pts',(-28.8920404231639,2.5000000372529,13.684892456685));
#3882=CARTESIAN_POINT('Ctrl Pts',(-28.8920404231639,2.5000000372529,13.5));
#3883=CARTESIAN_POINT('Origin',(0.,0.,13.5));
#3884=CARTESIAN_POINT('Origin',(0.,0.,13.5));
#3885=CARTESIAN_POINT('Origin',(0.,0.,13.5));
#3886=CARTESIAN_POINT('Origin',(0.,0.,13.5));
#3887=CARTESIAN_POINT('Origin',(0.,0.,13.5));
#3888=CARTESIAN_POINT('Origin',(0.,0.,13.5));
#3889=CARTESIAN_POINT('Origin',(0.,0.,13.5));
#3890=CARTESIAN_POINT('Origin',(0.,0.,13.5));
#3891=CARTESIAN_POINT('Origin',(0.,0.,11.));
#3892=CARTESIAN_POINT('',(-34.2389780975311,2.5,13.4999999996483));
#3893=CARTESIAN_POINT('Ctrl Pts',(-34.9106001094224,2.5,11.));
#3894=CARTESIAN_POINT('Ctrl Pts',(-34.9106001094224,2.5,11.3082558595825));
#3895=CARTESIAN_POINT('Ctrl Pts',(-34.8801351817592,2.5,11.6449026955593));
#3896=CARTESIAN_POINT('Ctrl Pts',(-34.7487892292596,2.5,12.3041703548369));
#3897=CARTESIAN_POINT('Ctrl Pts',(-34.6479097382093,2.5,12.6267914837131));
#3898=CARTESIAN_POINT('Ctrl Pts',(-34.4497349469229,2.5,13.1045328991615));
#3899=CARTESIAN_POINT('Ctrl Pts',(-34.3521749637567,2.5,13.3044578361255));
#3900=CARTESIAN_POINT('Ctrl Pts',(-34.2389780973786,2.5,13.4999999995601));
#3901=CARTESIAN_POINT('Ctrl Pts',(-34.2389780953413,2.5000000372529,13.4999999983807));
#3902=CARTESIAN_POINT('Ctrl Pts',(-34.1849673521988,2.5000000372529,13.5933009695693));
#3903=CARTESIAN_POINT('Ctrl Pts',(-34.1274571189859,2.5000000372529,13.6856392104956));
#3904=CARTESIAN_POINT('Ctrl Pts',(-33.8797857859888,2.5000000372529,14.055671281476));
#3905=CARTESIAN_POINT('Ctrl Pts',(-33.6627285217056,2.5000000372529,14.3153815097891));
#3906=CARTESIAN_POINT('Ctrl Pts',(-33.225459165034,2.5000000372529,14.7519457657064));
#3907=CARTESIAN_POINT('Ctrl Pts',(-32.9648829467024,2.5000000372529,14.9689376869288));
#3908=CARTESIAN_POINT('Ctrl Pts',(-32.4038314053781,2.5000000372529,15.3431136759586));
#3909=CARTESIAN_POINT('Ctrl Pts',(-32.103359162793,2.5000000372529,15.5003023626078));
#3910=CARTESIAN_POINT('Ctrl Pts',(-31.5312361927104,2.5000000372529,15.7368795675483));
#3911=CARTESIAN_POINT('Ctrl Pts',(-31.2068165878303,2.5000000372529,15.8379513318416));
#3912=CARTESIAN_POINT('Ctrl Pts',(-30.5439606095991,2.5000000372529,15.9695094332526));
#3913=CARTESIAN_POINT('Ctrl Pts',(-30.2055250757164,2.5000000372529,16.));
#3914=CARTESIAN_POINT('Ctrl Pts',(-29.8956518546383,2.5000000372529,16.));
#3915=CARTESIAN_POINT('',(-33.7096264412502,8.28220944326958,12.6719951119838));
#3916=CARTESIAN_POINT('Ctrl Pts',(-29.4106482509866,5.91724340015989,16.));
#3917=CARTESIAN_POINT('Ctrl Pts',(-29.4632908155643,5.88387714680035,16.));
#3918=CARTESIAN_POINT('Ctrl Pts',(-29.517013866908,5.85228994349513,15.9993915873796));
#3919=CARTESIAN_POINT('Ctrl Pts',(-29.836524096195,5.67849722466473,15.9915796187904));
#3920=CARTESIAN_POINT('Ctrl Pts',(-30.1186907182122,5.5802952069696,15.9678465155061));
#3921=CARTESIAN_POINT('Ctrl Pts',(-30.6160999876946,5.48954075294944,15.8807266802043));
#3922=CARTESIAN_POINT('Ctrl Pts',(-30.8235838583149,5.4761874073944,15.8309618099121));
#3923=CARTESIAN_POINT('Ctrl Pts',(-31.2328535409065,5.49325530906824,15.7025964702317));
#3924=CARTESIAN_POINT('Ctrl Pts',(-31.4309068075729,5.52433820366747,15.6246076742169));
#3925=CARTESIAN_POINT('Ctrl Pts',(-31.8897867466038,5.64441828912098,15.4050663202925));
#3926=CARTESIAN_POINT('Ctrl Pts',(-32.1353864765144,5.75193566757893,15.2524950572582));
#3927=CARTESIAN_POINT('Ctrl Pts',(-32.7396798357955,6.11561933196742,14.7867481468367));
#3928=CARTESIAN_POINT('Ctrl Pts',(-33.039109161505,6.42109337002663,14.4406169713879));
#3929=CARTESIAN_POINT('Ctrl Pts',(-33.514466036814,7.15136079785961,13.6607925716741));
#3930=CARTESIAN_POINT('Ctrl Pts',(-33.6373218581557,7.55777181013053,13.2547581287789));
#3931=CARTESIAN_POINT('Ctrl Pts',(-33.7014910402484,8.0340531335784,12.8523163584958));
#3932=CARTESIAN_POINT('Ctrl Pts',(-33.7096264412492,8.15913914243966,12.7547517219637));
#3933=CARTESIAN_POINT('Ctrl Pts',(-33.7096264412502,8.28220944325851,12.6719951119838));
#3934=CARTESIAN_POINT('Ctrl Pts',(-33.7096264412502,8.28220944325851,12.6719951119838));
#3935=CARTESIAN_POINT('Ctrl Pts',(-33.7096264412507,8.34604375227421,12.6290707754103));
#3936=CARTESIAN_POINT('Ctrl Pts',(-33.7074423495385,8.40934903561861,12.5901499724647));
#3937=CARTESIAN_POINT('Ctrl Pts',(-33.6955873964138,8.58388028422233,12.4953356053149));
#3938=CARTESIAN_POINT('Ctrl Pts',(-33.6807392909068,8.70200105161917,12.4456754664548));
#3939=CARTESIAN_POINT('Ctrl Pts',(-33.6344740839267,8.93688560206004,12.3956667763409));
#3940=CARTESIAN_POINT('Ctrl Pts',(-33.6057000811064,9.04665697179299,12.3936392133785));
#3941=CARTESIAN_POINT('Ctrl Pts',(-33.5329927878507,9.26806738959477,12.4339684125152));
#3942=CARTESIAN_POINT('Ctrl Pts',(-33.4853506528355,9.39070708031984,12.4795926912938));
#3943=CARTESIAN_POINT('Ctrl Pts',(-33.321137914134,9.72160148645381,12.6837077545627));
#3944=CARTESIAN_POINT('Ctrl Pts',(-33.1985813040708,9.91071561396673,12.8612026839627));
#3945=CARTESIAN_POINT('Ctrl Pts',(-32.8130392267101,10.3692566586874,13.3814419804439));
#3946=CARTESIAN_POINT('Ctrl Pts',(-32.4748718733888,10.65364004398,13.8046281589221));
#3947=CARTESIAN_POINT('Ctrl Pts',(-31.642797468599,11.0177066601895,14.5989913386218));
#3948=CARTESIAN_POINT('Ctrl Pts',(-31.2197074674678,11.0980040645643,14.927021663323));
#3949=CARTESIAN_POINT('Ctrl Pts',(-30.548439985503,11.069336695646,15.343453657301));
#3950=CARTESIAN_POINT('Ctrl Pts',(-30.3015608021278,11.0274564220445,15.4760444879932));
#3951=CARTESIAN_POINT('Ctrl Pts',(-29.8721228690196,10.890104050738,15.6713576416497));
#3952=CARTESIAN_POINT('Ctrl Pts',(-29.6914387404515,10.8112345556518,15.7420445595105));
#3953=CARTESIAN_POINT('Ctrl Pts',(-29.3315588017636,10.6051097818324,15.8613646132694));
#3954=CARTESIAN_POINT('Ctrl Pts',(-29.1569102382708,10.4766323198497,15.9068180388272));
#3955=CARTESIAN_POINT('Ctrl Pts',(-28.7667844686975,10.1119942387871,15.9843811085885));
#3956=CARTESIAN_POINT('Ctrl Pts',(-28.5748307264829,9.85942443893519,16.));
#3957=CARTESIAN_POINT('Ctrl Pts',(-28.4289902272028,9.58084102057901,16.));
#3958=CARTESIAN_POINT('Origin',(0.,0.,11.));
#3959=CARTESIAN_POINT('',(19.8274169979695,22.627417012385,15.9992720005579));
#3960=CARTESIAN_POINT('Ctrl Pts',(19.8298072304076,22.5117468270428,16.));
#3961=CARTESIAN_POINT('Ctrl Pts',(19.8282124619031,22.5503180499383,16.));
#3962=CARTESIAN_POINT('Ctrl Pts',(19.8274169977711,22.5888830808985,15.9997666149247));
#3963=CARTESIAN_POINT('Ctrl Pts',(19.8274169979695,22.6274170123874,15.9992720007429));
#3964=CARTESIAN_POINT('Ctrl Pts',(19.8274169979695,22.6274170123874,15.9992720007429));
#3965=CARTESIAN_POINT('Ctrl Pts',(19.8274169987432,22.7776605573287,15.9973435033077));
#3966=CARTESIAN_POINT('Ctrl Pts',(19.8395115788541,22.927431180006,15.9914325622349));
#3967=CARTESIAN_POINT('Ctrl Pts',(19.9054724606021,23.3345279788094,15.9598709838369));
#3968=CARTESIAN_POINT('Ctrl Pts',(19.9827637107977,23.5812057627618,15.9230273997779));
#3969=CARTESIAN_POINT('Ctrl Pts',(20.1860592741915,24.0173616298104,15.8129376337757));
#3970=CARTESIAN_POINT('Ctrl Pts',(20.3043010356663,24.2051911171946,15.7448487638733));
#3971=CARTESIAN_POINT('Ctrl Pts',(20.6089000295665,24.5871050974228,15.5553724094624));
#3972=CARTESIAN_POINT('Ctrl Pts',(20.8014226503946,24.7646957990227,15.4267412785536));
#3973=CARTESIAN_POINT('Ctrl Pts',(21.3430475026293,25.1498712001932,15.0383681758076));
#3974=CARTESIAN_POINT('Ctrl Pts',(21.7223652322057,25.3073016023938,14.7399585719792));
#3975=CARTESIAN_POINT('Ctrl Pts',(22.6506393052833,25.479485146392,13.9430103813691));
#3976=CARTESIAN_POINT('Ctrl Pts',(23.1329856605738,25.4107461119714,13.4764498615555));
#3977=CARTESIAN_POINT('Ctrl Pts',(23.7325029105382,25.2102890254431,12.9179369758958));
#3978=CARTESIAN_POINT('Ctrl Pts',(23.9305642758977,25.1142809602483,12.7398206164338));
#3979=CARTESIAN_POINT('Ctrl Pts',(24.2068344480912,24.9424842298033,12.5401219555978));
#3980=CARTESIAN_POINT('Ctrl Pts',(24.3110898604571,24.8685711014509,12.4762792951627));
#3981=CARTESIAN_POINT('Ctrl Pts',(24.4981683136114,24.7136810786366,12.4065738317926));
#3982=CARTESIAN_POINT('Ctrl Pts',(24.5789379752337,24.6384645807863,12.3938398795853));
#3983=CARTESIAN_POINT('Ctrl Pts',(24.7388854343442,24.4702190788413,12.4122988458527));
#3984=CARTESIAN_POINT('Ctrl Pts',(24.8191215232132,24.3751790936369,12.4460408515041));
#3985=CARTESIAN_POINT('Ctrl Pts',(25.0207692482295,24.0956786810909,12.6061279288866));
#3986=CARTESIAN_POINT('Ctrl Pts',(25.1227892120508,23.9132637042509,12.7591322806945));
#3987=CARTESIAN_POINT('Ctrl Pts',(25.3522407835109,23.3769220634031,13.2401454838947));
#3988=CARTESIAN_POINT('Ctrl Pts',(25.4567777290456,22.9281289553235,13.6833680819117));
#3989=CARTESIAN_POINT('Ctrl Pts',(25.3950490555846,22.0815667997217,14.4375997395339));
#3990=CARTESIAN_POINT('Ctrl Pts',(25.3065230206603,21.7332708804627,14.7292450043686));
#3991=CARTESIAN_POINT('Ctrl Pts',(25.0121640788553,21.1294660581105,15.195316900672));
#3992=CARTESIAN_POINT('Ctrl Pts',(24.8317617939506,20.8702656049854,15.3804293268004));
#3993=CARTESIAN_POINT('Ctrl Pts',(24.4410957489978,20.4825075251538,15.636020924034));
#3994=CARTESIAN_POINT('Ctrl Pts',(24.2610026560767,20.3414789540471,15.7223968039328));
#3995=CARTESIAN_POINT('Ctrl Pts',(23.8625942252061,20.1039682283374,15.8591033711967));
#3996=CARTESIAN_POINT('Ctrl Pts',(23.6489635270591,20.0098796112283,15.9081479655914));
#3997=CARTESIAN_POINT('Ctrl Pts',(23.1270725549893,19.8550023327797,15.9850933255838));
#3998=CARTESIAN_POINT('Ctrl Pts',(22.8189353527863,19.8171061919385,16.));
#3999=CARTESIAN_POINT('Ctrl Pts',(22.5117468270428,19.8298072304076,16.));
#4000=CARTESIAN_POINT('Origin',(0.,0.,11.));
#4001=CARTESIAN_POINT('',(5.48220944328066,-30.909626446924,15.8023170364315));
#4002=CARTESIAN_POINT('Ctrl Pts',(9.58084102057904,-28.4289902272028,16.));
#4003=CARTESIAN_POINT('Ctrl Pts',(9.63605832590634,-28.4578968987676,16.));
#4004=CARTESIAN_POINT('Ctrl Pts',(9.69027517207499,-28.4886288243474,15.9993915873796));
#4005=CARTESIAN_POINT('Ctrl Pts',(10.0005391962183,-28.6784364402638,15.9915796187904));
#4006=CARTESIAN_POINT('Ctrl Pts',(10.2266679492538,-28.873698894183,15.9678465155061));
#4007=CARTESIAN_POINT('Ctrl Pts',(10.5539682466831,-29.2590907306226,15.8807266802043));
#4008=CARTESIAN_POINT('Ctrl Pts',(10.6692745184694,-29.4321003606778,15.8309618099121));
#4009=CARTESIAN_POINT('Ctrl Pts',(10.8591281233263,-29.7950722536378,15.7025964702318));
#4010=CARTESIAN_POINT('Ctrl Pts',(10.9312361803135,-29.982132861173,15.624607674217));
#4011=CARTESIAN_POINT('Ctrl Pts',(11.0566837453376,-30.4395745883876,15.4050663202926));
#4012=CARTESIAN_POINT('Ctrl Pts',(11.0863708292,-30.7060288828818,15.2524950572583));
#4013=CARTESIAN_POINT('Ctrl Pts',(11.0735582165387,-31.4112041155516,14.7867481468368));
#4014=CARTESIAN_POINT('Ctrl Pts',(10.9587246022377,-31.8232545372837,14.4406169713881));
#4015=CARTESIAN_POINT('Ctrl Pts',(10.5639728958326,-32.6000593810812,13.6607925716744));
#4016=CARTESIAN_POINT('Ctrl Pts',(10.2734385454992,-32.9096611495015,13.2547581287792));
#4017=CARTESIAN_POINT('Ctrl Pts',(9.8409765611117,-33.2435831210313,12.7972222374876));
#4018=CARTESIAN_POINT('Ctrl Pts',(9.6796519163273,-33.3429200472184,12.6557277499864));
#4019=CARTESIAN_POINT('Ctrl Pts',(9.41393530902598,-33.4731748228443,12.4953356053149));
#4020=CARTESIAN_POINT('Ctrl Pts',(9.30421567099232,-33.5193763699755,12.4456754664548));
#4021=CARTESIAN_POINT('Ctrl Pts',(9.07766707986396,-33.5967518006399,12.3956667763409));
#4022=CARTESIAN_POINT('Ctrl Pts',(8.96821528365689,-33.6267184680954,12.3936392133785));
#4023=CARTESIAN_POINT('Ctrl Pts',(8.74011459054941,-33.6744573139966,12.4339684125153));
#4024=CARTESIAN_POINT('Ctrl Pts',(8.6100844353616,-33.6945178601454,12.4795926912943));
#4025=CARTESIAN_POINT('Ctrl Pts',(8.24141510432951,-33.7177526598717,12.6837077545627));
#4026=CARTESIAN_POINT('Ctrl Pts',(8.01635916065722,-33.7061725859118,12.8612026839626));
#4027=CARTESIAN_POINT('Ctrl Pts',(7.42647992857087,-33.6015538750499,13.3814419804438));
#4028=CARTESIAN_POINT('Ctrl Pts',(7.01111301583271,-33.4508840489895,13.8046281589219));
#4029=CARTESIAN_POINT('Ctrl Pts',(6.27978487513063,-32.9123197847076,14.5989913386215));
#4030=CARTESIAN_POINT('Ctrl Pts',(5.99870028251838,-32.5860617978282,14.9270216633228));
#4031=CARTESIAN_POINT('Ctrl Pts',(5.68789321127883,-31.9903934212531,15.3434536573009));
#4032=CARTESIAN_POINT('Ctrl Pts',(5.60072300044754,-31.7556496399838,15.4760444879931));
#4033=CARTESIAN_POINT('Ctrl Pts',(5.50495467671486,-31.31506929491,15.6713576416497));
#4034=CARTESIAN_POINT('Ctrl Pts',(5.48291559875913,-31.1191575019663,15.7420445595105));
#4035=CARTESIAN_POINT('Ctrl Pts',(5.48221499715524,-30.9160659503303,15.8004754366038));
#4036=CARTESIAN_POINT('Ctrl Pts',(5.48220944329371,-30.9128462643745,15.8013980629288));
#4037=CARTESIAN_POINT('Ctrl Pts',(5.48220944328066,-30.9096264525978,15.8023170364315));
#4038=CARTESIAN_POINT('Ctrl Pts',(5.48220944328066,-30.9096264525978,15.8023170364315));
#4039=CARTESIAN_POINT('Ctrl Pts',(5.48220944242289,-30.6979730858288,15.8627254855306));
#4040=CARTESIAN_POINT('Ctrl Pts',(5.50616374394338,-30.4857596354206,15.9072924263222));
#4041=CARTESIAN_POINT('Ctrl Pts',(5.6261483406372,-29.9687632544774,15.9843811085885));
#4042=CARTESIAN_POINT('Ctrl Pts',(5.74890333243034,-29.6762415374421,16.));
#4043=CARTESIAN_POINT('Ctrl Pts',(5.91724340015991,-29.4106482509866,16.));
#4044=CARTESIAN_POINT('Origin',(0.,0.,11.));
#4045=CARTESIAN_POINT('Ctrl Pts',(29.4106482509867,-5.9172434001599,16.));
#4046=CARTESIAN_POINT('Ctrl Pts',(29.4701935915129,-5.87950198436229,16.));
#4047=CARTESIAN_POINT('Ctrl Pts',(29.5311332417038,-5.8440290538108,15.9992215990049));
#4048=CARTESIAN_POINT('Ctrl Pts',(29.8566310254567,-5.67065999720985,15.9901538403885));
#4049=CARTESIAN_POINT('Ctrl Pts',(30.1363444942105,-5.57555452556357,15.9655813234063));
#4050=CARTESIAN_POINT('Ctrl Pts',(30.6301507942283,-5.48815681930491,15.877623922618));
#4051=CARTESIAN_POINT('Ctrl Pts',(30.8368469474224,-5.4758793256699,15.8273969407598));
#4052=CARTESIAN_POINT('Ctrl Pts',(31.24579280445,-5.49473430023314,15.6978891099317));
#4053=CARTESIAN_POINT('Ctrl Pts',(31.4442301776083,-5.52686104780212,15.6190075128094));
#4054=CARTESIAN_POINT('Ctrl Pts',(31.9060701511192,-5.6501748411255,15.3960745097355));
#4055=CARTESIAN_POINT('Ctrl Pts',(32.1535815084264,-5.76057518000462,15.2405598310094));
#4056=CARTESIAN_POINT('Ctrl Pts',(32.7577507904621,-6.13084742891079,14.7688873374561));
#4057=CARTESIAN_POINT('Ctrl Pts',(33.0551351011775,-6.43942159874856,14.4201308371685));
#4058=CARTESIAN_POINT('Ctrl Pts',(33.5214675448969,-7.16993678351062,13.6420920305142));
#4059=CARTESIAN_POINT('Ctrl Pts',(33.640676626859,-7.57231183470277,13.2411363841186));
#4060=CARTESIAN_POINT('Ctrl Pts',(33.7106959804642,-8.10826898258185,12.7903664091093));
#4061=CARTESIAN_POINT('Ctrl Pts',(33.7155264314683,-8.29594674852045,12.6509372002945));
#4062=CARTESIAN_POINT('Ctrl Pts',(33.6949626427687,-8.58948493114774,12.4928149207814));
#4063=CARTESIAN_POINT('Ctrl Pts',(33.679937900332,-8.70709890597335,12.4439997358556));
#4064=CARTESIAN_POINT('Ctrl Pts',(33.6333644508457,-8.94151216869584,12.3952592968527));
#4065=CARTESIAN_POINT('Ctrl Pts',(33.6043973126447,-9.05121290912698,12.3938986159534));
#4066=CARTESIAN_POINT('Ctrl Pts',(33.5314325869454,-9.27218857054503,12.4353295273904));
#4067=CARTESIAN_POINT('Ctrl Pts',(33.4835294636773,-9.39507841498197,12.4815373216936));
#4068=CARTESIAN_POINT('Ctrl Pts',(33.3173612859408,-9.72817485028641,12.6888736120715));
#4069=CARTESIAN_POINT('Ctrl Pts',(33.193044211895,-9.91885551274542,12.8690653025747));
#4070=CARTESIAN_POINT('Ctrl Pts',(32.8038100446794,-10.3775957503962,13.3932322631924));
#4071=CARTESIAN_POINT('Ctrl Pts',(32.4651074202521,-10.6597404704433,13.8152366339937));
#4072=CARTESIAN_POINT('Ctrl Pts',(31.6336464632285,-11.0200652739681,14.6065696585604));
#4073=CARTESIAN_POINT('Ctrl Pts',(31.211071523106,-11.098782345478,14.933123227234));
#4074=CARTESIAN_POINT('Ctrl Pts',(30.5416236539786,-11.0683844795977,15.3472534177855));
#4075=CARTESIAN_POINT('Ctrl Pts',(30.2956904913613,-11.0260547921794,15.478971746778));
#4076=CARTESIAN_POINT('Ctrl Pts',(29.8674748482544,-10.8882492242199,15.6732725039551));
#4077=CARTESIAN_POINT('Ctrl Pts',(29.6870253061339,-10.8090890033072,15.7436737273772));
#4078=CARTESIAN_POINT('Ctrl Pts',(29.3271937380333,-10.602187817787,15.8626288419334));
#4079=CARTESIAN_POINT('Ctrl Pts',(29.1524434172499,-10.4730925265229,15.9078999959719));
#4080=CARTESIAN_POINT('Ctrl Pts',(28.7642143273397,-10.1086562002531,15.9846064494122));
#4081=CARTESIAN_POINT('Ctrl Pts',(28.573819511446,-9.85749282362218,16.));
#4082=CARTESIAN_POINT('Ctrl Pts',(28.4289902272028,-9.58084102057903,16.));
#4083=CARTESIAN_POINT('Origin',(0.,0.,11.));
#4084=CARTESIAN_POINT('',(19.8274169979695,-22.6274170227838,15.999272000291));
#4085=CARTESIAN_POINT('Ctrl Pts',(22.5117468270429,-19.8298072304076,16.));
#4086=CARTESIAN_POINT('Ctrl Pts',(22.7007069938283,-19.8219944700134,16.));
#4087=CARTESIAN_POINT('Ctrl Pts',(22.8895182077244,-19.8333686342553,15.9943718957067));
#4088=CARTESIAN_POINT('Ctrl Pts',(23.3345279788097,-19.9054724606022,15.9598709838369));
#4089=CARTESIAN_POINT('Ctrl Pts',(23.5812057627621,-19.9827637107979,15.9230273997778));
#4090=CARTESIAN_POINT('Ctrl Pts',(24.0173616298107,-20.1860592741917,15.8129376337756));
#4091=CARTESIAN_POINT('Ctrl Pts',(24.2051911171949,-20.3043010356665,15.7448487638732));
#4092=CARTESIAN_POINT('Ctrl Pts',(24.5871050974231,-20.6089000295668,15.5553724094623));
#4093=CARTESIAN_POINT('Ctrl Pts',(24.7646957990229,-20.8014226503948,15.4267412785534));
#4094=CARTESIAN_POINT('Ctrl Pts',(25.1498712001936,-21.3430475026299,15.0383681758072));
#4095=CARTESIAN_POINT('Ctrl Pts',(25.3073016023939,-21.7223652322064,14.7399585719786));
#4096=CARTESIAN_POINT('Ctrl Pts',(25.4794851463922,-22.6506393052841,13.9430103813684));
#4097=CARTESIAN_POINT('Ctrl Pts',(25.4107461119712,-23.1329856605744,13.476449861555));
#4098=CARTESIAN_POINT('Ctrl Pts',(25.2102890254431,-23.7325029105381,12.9179369758959));
#4099=CARTESIAN_POINT('Ctrl Pts',(25.1142809602483,-23.9305642758976,12.7398206164339));
#4100=CARTESIAN_POINT('Ctrl Pts',(24.9424842298033,-24.2068344480912,12.5401219555977));
#4101=CARTESIAN_POINT('Ctrl Pts',(24.8685711014508,-24.3110898604572,12.4762792951627));
#4102=CARTESIAN_POINT('Ctrl Pts',(24.7136810786366,-24.4981683136115,12.4065738317926));
#4103=CARTESIAN_POINT('Ctrl Pts',(24.6384645807862,-24.5789379752338,12.3938398795854));
#4104=CARTESIAN_POINT('Ctrl Pts',(24.4702190788433,-24.7388854343423,12.4122988458525));
#4105=CARTESIAN_POINT('Ctrl Pts',(24.3751790936393,-24.8191215232114,12.4460408515028));
#4106=CARTESIAN_POINT('Ctrl Pts',(24.0956786810913,-25.0207692482292,12.6061279288864));
#4107=CARTESIAN_POINT('Ctrl Pts',(23.9132637042516,-25.1227892120505,12.7591322806939));
#4108=CARTESIAN_POINT('Ctrl Pts',(23.3769220634025,-25.3522407835111,13.2401454838952));
#4109=CARTESIAN_POINT('Ctrl Pts',(22.9281289553227,-25.4567777290455,13.6833680819124));
#4110=CARTESIAN_POINT('Ctrl Pts',(22.0815667997212,-25.3950490555845,14.4375997395344));
#4111=CARTESIAN_POINT('Ctrl Pts',(21.7332708804622,-25.30652302066,14.729245004369));
#4112=CARTESIAN_POINT('Ctrl Pts',(21.1294660581101,-25.0121640788551,15.1953169006723));
#4113=CARTESIAN_POINT('Ctrl Pts',(20.870265604985,-24.8317617939502,15.3804293268007));
#4114=CARTESIAN_POINT('Ctrl Pts',(20.4825075251536,-24.4410957489975,15.6360209240341));
#4115=CARTESIAN_POINT('Ctrl Pts',(20.341478954047,-24.2610026560764,15.7223968039329));
#4116=CARTESIAN_POINT('Ctrl Pts',(20.1039682283373,-23.8625942252058,15.8591033711968));
#4117=CARTESIAN_POINT('Ctrl Pts',(20.0098796112282,-23.6489635270588,15.9081479655915));
#4118=CARTESIAN_POINT('Ctrl Pts',(19.8660607736863,-23.1643362552048,15.9795993259149));
#4119=CARTESIAN_POINT('Ctrl Pts',(19.827417000351,-22.8960969246581,15.9958232763986));
#4120=CARTESIAN_POINT('Ctrl Pts',(19.8274169979695,-22.6274170227879,15.9992720006094));
#4121=CARTESIAN_POINT('Ctrl Pts',(19.8274169979695,-22.6274170227879,15.9992720006094));
#4122=CARTESIAN_POINT('Ctrl Pts',(19.8274169976278,-22.5888613410761,15.99976689402));
#4123=CARTESIAN_POINT('Ctrl Pts',(19.8282133486348,-22.550296603361,16.));
#4124=CARTESIAN_POINT('Ctrl Pts',(19.8298072304076,-22.5117468270428,16.));
#4125=CARTESIAN_POINT('Origin',(0.,0.,11.));
#4126=CARTESIAN_POINT('',(5.48220944328067,30.9096264412501,15.8023170396703));
#4127=CARTESIAN_POINT('Ctrl Pts',(5.91724340015991,29.4106482509866,16.));
#4128=CARTESIAN_POINT('Ctrl Pts',(5.88387714680036,29.4632908155643,16.));
#4129=CARTESIAN_POINT('Ctrl Pts',(5.85228994349513,29.517013866908,15.9993915873796));
#4130=CARTESIAN_POINT('Ctrl Pts',(5.67849722466453,29.8365240961955,15.9915796187904));
#4131=CARTESIAN_POINT('Ctrl Pts',(5.58029520696953,30.1186907182126,15.967846515506));
#4132=CARTESIAN_POINT('Ctrl Pts',(5.49682686849836,30.5761660643221,15.8877209946263));
#4133=CARTESIAN_POINT('Ctrl Pts',(5.48220944328067,30.7442622664048,15.8495139890845));
#4134=CARTESIAN_POINT('Ctrl Pts',(5.48220944328067,30.9096264412501,15.8023170396703));
#4135=CARTESIAN_POINT('Ctrl Pts',(5.48220944328067,30.9096264412501,15.8023170396703));
#4136=CARTESIAN_POINT('Ctrl Pts',(5.48220944328066,30.9486746976602,15.7911721917356));
#4137=CARTESIAN_POINT('Ctrl Pts',(5.48302622186372,30.9875711767701,15.7795280274157));
#4138=CARTESIAN_POINT('Ctrl Pts',(5.49325530906828,31.2328535409068,15.7025964702316));
#4139=CARTESIAN_POINT('Ctrl Pts',(5.52433820366753,31.4309068075731,15.6246076742168));
#4140=CARTESIAN_POINT('Ctrl Pts',(5.64441828912112,31.8897867466043,15.4050663202923));
#4141=CARTESIAN_POINT('Ctrl Pts',(5.75193566757922,32.1353864765148,15.2524950572579));
#4142=CARTESIAN_POINT('Ctrl Pts',(6.11561933196784,32.7396798357962,14.7867481468362));
#4143=CARTESIAN_POINT('Ctrl Pts',(6.42109337002722,33.0391091615054,14.4406169713873));
#4144=CARTESIAN_POINT('Ctrl Pts',(7.15136079786021,33.5144660368144,13.6607925716735));
#4145=CARTESIAN_POINT('Ctrl Pts',(7.55777181013102,33.6373218581558,13.2547581287785));
#4146=CARTESIAN_POINT('Ctrl Pts',(8.09925586054464,33.7102757761884,12.7972222374885));
#4147=CARTESIAN_POINT('Ctrl Pts',(8.28863556427832,33.7156417554082,12.6557277499868));
#4148=CARTESIAN_POINT('Ctrl Pts',(8.58388028422259,33.6955873964138,12.4953356053148));
#4149=CARTESIAN_POINT('Ctrl Pts',(8.7020010516194,33.6807392909067,12.4456754664547));
#4150=CARTESIAN_POINT('Ctrl Pts',(8.93688560206024,33.6344740839266,12.3956667763408));
#4151=CARTESIAN_POINT('Ctrl Pts',(9.04665697179318,33.6057000811063,12.3936392133785));
#4152=CARTESIAN_POINT('Ctrl Pts',(9.26806738959145,33.5329927878517,12.4339684125145));
#4153=CARTESIAN_POINT('Ctrl Pts',(9.3907070803165,33.4853506528372,12.4795926912918));
#4154=CARTESIAN_POINT('Ctrl Pts',(9.72160148645404,33.3211379141339,12.6837077545629));
#4155=CARTESIAN_POINT('Ctrl Pts',(9.91071561396691,33.1985813040707,12.8612026839629));
#4156=CARTESIAN_POINT('Ctrl Pts',(10.3692566586881,32.8130392267095,13.3814419804446));
#4157=CARTESIAN_POINT('Ctrl Pts',(10.6536400439804,32.4748718733879,13.8046281589229));
#4158=CARTESIAN_POINT('Ctrl Pts',(11.0177066601895,31.6427974685989,14.5989913386218));
#4159=CARTESIAN_POINT('Ctrl Pts',(11.0980040645643,31.2197074674676,14.927021663323));
#4160=CARTESIAN_POINT('Ctrl Pts',(11.069336695646,30.5484399855027,15.3434536573012));
#4161=CARTESIAN_POINT('Ctrl Pts',(11.0274564220444,30.3015608021274,15.4760444879934));
#4162=CARTESIAN_POINT('Ctrl Pts',(10.8901040507379,29.8721228690192,15.6713576416498));
#4163=CARTESIAN_POINT('Ctrl Pts',(10.8112345556516,29.6914387404512,15.7420445595106));
#4164=CARTESIAN_POINT('Ctrl Pts',(10.6051097818322,29.3315588017633,15.8613646132695));
#4165=CARTESIAN_POINT('Ctrl Pts',(10.4766323198495,29.1569102382705,15.9068180388272));
#4166=CARTESIAN_POINT('Ctrl Pts',(10.1119942387868,28.7667844686972,15.9843811085886));
#4167=CARTESIAN_POINT('Ctrl Pts',(9.85942443893477,28.5748307264827,16.));
#4168=CARTESIAN_POINT('Ctrl Pts',(9.58084102057904,28.4289902272028,16.));
#4169=CARTESIAN_POINT('Origin',(0.,0.,11.));
#4170=CARTESIAN_POINT('',(-25.4274169979695,22.6274169913915,13.9492950491309));
#4171=CARTESIAN_POINT('Ctrl Pts',(-22.5117468270429,19.8298072304076,16.));
#4172=CARTESIAN_POINT('Ctrl Pts',(-22.7007069938282,19.8219944700134,16.));
#4173=CARTESIAN_POINT('Ctrl Pts',(-22.8895182077243,19.8333686342553,15.9943718957067));
#4174=CARTESIAN_POINT('Ctrl Pts',(-23.3345279788095,19.9054724606021,15.9598709838369));
#4175=CARTESIAN_POINT('Ctrl Pts',(-23.5812057627618,19.9827637107978,15.9230273997779));
#4176=CARTESIAN_POINT('Ctrl Pts',(-24.0173616298105,20.1860592741915,15.8129376337757));
#4177=CARTESIAN_POINT('Ctrl Pts',(-24.2051911171946,20.3043010356663,15.7448487638733));
#4178=CARTESIAN_POINT('Ctrl Pts',(-24.5871050974228,20.6089000295666,15.5553724094624));
#4179=CARTESIAN_POINT('Ctrl Pts',(-24.7646957990228,20.8014226503946,15.4267412785535));
#4180=CARTESIAN_POINT('Ctrl Pts',(-25.1498712001933,21.3430475026294,15.0383681758076));
#4181=CARTESIAN_POINT('Ctrl Pts',(-25.3073016023938,21.7223652322058,14.7399585719791));
#4182=CARTESIAN_POINT('Ctrl Pts',(-25.4131577345998,22.293055675214,14.2500055191636));
#4183=CARTESIAN_POINT('Ctrl Pts',(-25.4274169972016,22.4639820017703,14.0980322582178));
#4184=CARTESIAN_POINT('Ctrl Pts',(-25.4274169979695,22.6274169848135,13.9492950491309));
#4185=CARTESIAN_POINT('Ctrl Pts',(-25.4274169979695,22.6274169848135,13.9492950491309));
#4186=CARTESIAN_POINT('Ctrl Pts',(-25.4274169995271,22.9589179081158,13.6476061375917));
#4187=CARTESIAN_POINT('Ctrl Pts',(-25.36853208128,23.2592373188632,13.3588332658784));
#4188=CARTESIAN_POINT('Ctrl Pts',(-25.210289025443,23.7325029105384,12.9179369758956));
#4189=CARTESIAN_POINT('Ctrl Pts',(-25.1142809602481,23.9305642758979,12.7398206164337));
#4190=CARTESIAN_POINT('Ctrl Pts',(-24.9424842298034,24.2068344480911,12.5401219555978));
#4191=CARTESIAN_POINT('Ctrl Pts',(-24.8685711014509,24.3110898604571,12.4762792951627));
#4192=CARTESIAN_POINT('Ctrl Pts',(-24.7136810786366,24.4981683136115,12.4065738317926));
#4193=CARTESIAN_POINT('Ctrl Pts',(-24.6384645807862,24.5789379752337,12.3938398795854));
#4194=CARTESIAN_POINT('Ctrl Pts',(-24.4702190788419,24.7388854343437,12.4122988458526));
#4195=CARTESIAN_POINT('Ctrl Pts',(-24.3751790936376,24.8191215232127,12.4460408515038));
#4196=CARTESIAN_POINT('Ctrl Pts',(-24.0956786810916,25.020769248229,12.6061279288862));
#4197=CARTESIAN_POINT('Ctrl Pts',(-23.9132637042521,25.1227892120503,12.7591322806935));
#4198=CARTESIAN_POINT('Ctrl Pts',(-23.376922063403,25.352240783511,13.2401454838948));
#4199=CARTESIAN_POINT('Ctrl Pts',(-22.9281289553233,25.4567777290456,13.6833680819119));
#4200=CARTESIAN_POINT('Ctrl Pts',(-22.0815667997215,25.3950490555845,14.4375997395341));
#4201=CARTESIAN_POINT('Ctrl Pts',(-21.7332708804625,25.3065230206602,14.7292450043687));
#4202=CARTESIAN_POINT('Ctrl Pts',(-21.1294660581103,25.0121640788553,15.1953169006721));
#4203=CARTESIAN_POINT('Ctrl Pts',(-20.8702656049853,24.8317617939505,15.3804293268005));
#4204=CARTESIAN_POINT('Ctrl Pts',(-20.4825075251537,24.4410957489977,15.6360209240341));
#4205=CARTESIAN_POINT('Ctrl Pts',(-20.3414789540471,24.2610026560766,15.7223968039328));
#4206=CARTESIAN_POINT('Ctrl Pts',(-20.1039682283374,23.8625942252061,15.8591033711967));
#4207=CARTESIAN_POINT('Ctrl Pts',(-20.0098796112283,23.648963527059,15.9081479655914));
#4208=CARTESIAN_POINT('Ctrl Pts',(-19.8550023327796,23.1270725549891,15.9850933255838));
#4209=CARTESIAN_POINT('Ctrl Pts',(-19.8171061919385,22.8189353527862,16.));
#4210=CARTESIAN_POINT('Ctrl Pts',(-19.8298072304076,22.5117468270429,16.));
#4211=CARTESIAN_POINT('Origin',(0.,0.,11.));
#4212=CARTESIAN_POINT('',(-11.0822094432807,30.9096264412501,15.1177171443759));
#4213=CARTESIAN_POINT('Ctrl Pts',(-9.58084102057903,28.4289902272028,16.));
#4214=CARTESIAN_POINT('Ctrl Pts',(-9.63605832590638,28.4578968987676,16.));
#4215=CARTESIAN_POINT('Ctrl Pts',(-9.69027517207508,28.4886288243475,15.9993915873796));
#4216=CARTESIAN_POINT('Ctrl Pts',(-10.0005391962187,28.678436440264,15.9915796187904));
#4217=CARTESIAN_POINT('Ctrl Pts',(-10.2266679492541,28.8736988941834,15.967846515506));
#4218=CARTESIAN_POINT('Ctrl Pts',(-10.5539682466833,29.2590907306229,15.8807266802042));
#4219=CARTESIAN_POINT('Ctrl Pts',(-10.6692745184696,29.4321003606781,15.830961809912));
#4220=CARTESIAN_POINT('Ctrl Pts',(-10.8591281233265,29.7950722536381,15.7025964702317));
#4221=CARTESIAN_POINT('Ctrl Pts',(-10.9312361803136,29.9821328611733,15.6246076742169));
#4222=CARTESIAN_POINT('Ctrl Pts',(-11.0517565380335,30.4216076376614,15.4136892518129));
#4223=CARTESIAN_POINT('Ctrl Pts',(-11.0822094432807,30.6706226267272,15.2726827397247));
#4224=CARTESIAN_POINT('Ctrl Pts',(-11.0822094432807,30.9096264412501,15.1177171443759));
#4225=CARTESIAN_POINT('Ctrl Pts',(-11.0822094432807,30.9096264412501,15.1177171443759));
#4226=CARTESIAN_POINT('Ctrl Pts',(-11.0822094432807,30.9266327619811,15.1066905646452));
#4227=CARTESIAN_POINT('Ctrl Pts',(-11.0820545075623,30.943588793229,15.0955939223938));
#4228=CARTESIAN_POINT('Ctrl Pts',(-11.0735582165387,31.4112041155523,14.7867481468363));
#4229=CARTESIAN_POINT('Ctrl Pts',(-10.9587246022374,31.8232545372843,14.4406169713875));
#4230=CARTESIAN_POINT('Ctrl Pts',(-10.5639728958322,32.6000593810819,13.6607925716736));
#4231=CARTESIAN_POINT('Ctrl Pts',(-10.2734385454987,32.9096611495019,13.2547581287786));
#4232=CARTESIAN_POINT('Ctrl Pts',(-9.8409765611115,33.2435831210314,12.7972222374874));
#4233=CARTESIAN_POINT('Ctrl Pts',(-9.67965191632708,33.3429200472185,12.6557277499863));
#4234=CARTESIAN_POINT('Ctrl Pts',(-9.41393530902584,33.4731748228444,12.4953356053149));
#4235=CARTESIAN_POINT('Ctrl Pts',(-9.30421567099214,33.5193763699756,12.4456754664547));
#4236=CARTESIAN_POINT('Ctrl Pts',(-9.07766707986385,33.5967518006399,12.3956667763408));
#4237=CARTESIAN_POINT('Ctrl Pts',(-8.96821528365675,33.6267184680954,12.3936392133785));
#4238=CARTESIAN_POINT('Ctrl Pts',(-8.74011459055262,33.6744573139959,12.4339684125147));
#4239=CARTESIAN_POINT('Ctrl Pts',(-8.6100844353651,33.6945178601451,12.4795926912923));
#4240=CARTESIAN_POINT('Ctrl Pts',(-8.24141510432946,33.7177526598718,12.6837077545627));
#4241=CARTESIAN_POINT('Ctrl Pts',(-8.01635916065721,33.7061725859118,12.8612026839626));
#4242=CARTESIAN_POINT('Ctrl Pts',(-7.42647992857019,33.6015538750498,13.3814419804444));
#4243=CARTESIAN_POINT('Ctrl Pts',(-7.01111301583204,33.4508840489891,13.8046281589227));
#4244=CARTESIAN_POINT('Ctrl Pts',(-6.27978487512999,32.9123197847071,14.5989913386222));
#4245=CARTESIAN_POINT('Ctrl Pts',(-5.99870028251801,32.5860617978275,14.9270216633233));
#4246=CARTESIAN_POINT('Ctrl Pts',(-5.68789321127867,31.9903934212528,15.3434536573011));
#4247=CARTESIAN_POINT('Ctrl Pts',(-5.60072300044746,31.7556496399835,15.4760444879933));
#4248=CARTESIAN_POINT('Ctrl Pts',(-5.50495467671481,31.3150692949098,15.6713576416498));
#4249=CARTESIAN_POINT('Ctrl Pts',(-5.48291559875913,31.1191575019661,15.7420445595106));
#4250=CARTESIAN_POINT('Ctrl Pts',(-5.48148491989208,30.7044299458403,15.8613646132695));
#4251=CARTESIAN_POINT('Ctrl Pts',(-5.50542538403651,30.4889411221297,15.9068180388272));
#4252=CARTESIAN_POINT('Ctrl Pts',(-5.62614834063729,29.968763254477,15.9843811085886));
#4253=CARTESIAN_POINT('Ctrl Pts',(-5.74890333243055,29.6762415374417,16.));
#4254=CARTESIAN_POINT('Ctrl Pts',(-5.9172434001599,29.4106482509866,16.));
#4255=CARTESIAN_POINT('Origin',(0.,0.,11.));
#4256=CARTESIAN_POINT('',(-11.0822094432807,-30.909626441249,15.1177171443773));
#4257=CARTESIAN_POINT('Ctrl Pts',(-5.9172434001599,-29.4106482509866,16.));
#4258=CARTESIAN_POINT('Ctrl Pts',(-5.88387714680036,-29.4632908155643,16.));
#4259=CARTESIAN_POINT('Ctrl Pts',(-5.85228994349515,-29.517013866908,15.9993915873796));
#4260=CARTESIAN_POINT('Ctrl Pts',(-5.67849722466443,-29.8365240961956,15.9915796187904));
#4261=CARTESIAN_POINT('Ctrl Pts',(-5.58029520696951,-30.1186907182128,15.967846515506));
#4262=CARTESIAN_POINT('Ctrl Pts',(-5.48954075294937,-30.616099987695,15.8807266802042));
#4263=CARTESIAN_POINT('Ctrl Pts',(-5.47618740739443,-30.8235838583153,15.830961809912));
#4264=CARTESIAN_POINT('Ctrl Pts',(-5.49325530906827,-31.2328535409069,15.7025964702316));
#4265=CARTESIAN_POINT('Ctrl Pts',(-5.52433820366756,-31.4309068075733,15.6246076742168));
#4266=CARTESIAN_POINT('Ctrl Pts',(-5.64441828912115,-31.8897867466044,15.4050663202922));
#4267=CARTESIAN_POINT('Ctrl Pts',(-5.75193566757927,-32.1353864765149,15.2524950572578));
#4268=CARTESIAN_POINT('Ctrl Pts',(-6.11561933196795,-32.7396798357964,14.7867481468361));
#4269=CARTESIAN_POINT('Ctrl Pts',(-6.42109337002737,-33.0391091615055,14.4406169713872));
#4270=CARTESIAN_POINT('Ctrl Pts',(-7.15136079786035,-33.5144660368145,13.6607925716733));
#4271=CARTESIAN_POINT('Ctrl Pts',(-7.55777181013112,-33.6373218581558,13.2547581287784));
#4272=CARTESIAN_POINT('Ctrl Pts',(-8.09925586054579,-33.7102757761885,12.7972222374875));
#4273=CARTESIAN_POINT('Ctrl Pts',(-8.28863556427921,-33.7156417554082,12.6557277499863));
#4274=CARTESIAN_POINT('Ctrl Pts',(-8.58388028422265,-33.6955873964138,12.4953356053148));
#4275=CARTESIAN_POINT('Ctrl Pts',(-8.70200105161947,-33.6807392909067,12.4456754664547));
#4276=CARTESIAN_POINT('Ctrl Pts',(-8.9368856020603,-33.6344740839266,12.3956667763408));
#4277=CARTESIAN_POINT('Ctrl Pts',(-9.04665697179324,-33.6057000811063,12.3936392133785));
#4278=CARTESIAN_POINT('Ctrl Pts',(-9.26806738958911,-33.5329927878525,12.4339684125141));
#4279=CARTESIAN_POINT('Ctrl Pts',(-9.39070708031413,-33.4853506528383,12.4795926912903));
#4280=CARTESIAN_POINT('Ctrl Pts',(-9.72160148645415,-33.3211379141338,12.683707754563));
#4281=CARTESIAN_POINT('Ctrl Pts',(-9.91071561396701,-33.1985813040706,12.861202683963));
#4282=CARTESIAN_POINT('Ctrl Pts',(-10.3692566586882,-32.8130392267094,13.3814419804447));
#4283=CARTESIAN_POINT('Ctrl Pts',(-10.6536400439805,-32.4748718733877,13.8046281589232));
#4284=CARTESIAN_POINT('Ctrl Pts',(-11.0018954594372,-31.6789339745822,14.5644926091442));
#4285=CARTESIAN_POINT('Ctrl Pts',(-11.0822094432807,-31.2980629420271,14.8658621950388));
#4286=CARTESIAN_POINT('Ctrl Pts',(-11.0822094432807,-30.9096264412479,15.1177171443773));
#4287=CARTESIAN_POINT('Ctrl Pts',(-11.0822094432807,-30.9096264412479,15.1177171443773));
#4288=CARTESIAN_POINT('Ctrl Pts',(-11.0822094432807,-30.8698705715627,15.1434941054131));
#4289=CARTESIAN_POINT('Ctrl Pts',(-11.0813627778358,-30.8300395258184,15.1687586791775));
#4290=CARTESIAN_POINT('Ctrl Pts',(-11.069336695646,-30.5484399855025,15.3434536573013));
#4291=CARTESIAN_POINT('Ctrl Pts',(-11.0274564220443,-30.3015608021272,15.4760444879934));
#4292=CARTESIAN_POINT('Ctrl Pts',(-10.8901040507378,-29.8721228690191,15.6713576416499));
#4293=CARTESIAN_POINT('Ctrl Pts',(-10.8112345556515,-29.691438740451,15.7420445595106));
#4294=CARTESIAN_POINT('Ctrl Pts',(-10.6051097818321,-29.3315588017631,15.8613646132696));
#4295=CARTESIAN_POINT('Ctrl Pts',(-10.4766323198494,-29.1569102382704,15.9068180388273));
#4296=CARTESIAN_POINT('Ctrl Pts',(-10.1119942387866,-28.766784468697,15.9843811085886));
#4297=CARTESIAN_POINT('Ctrl Pts',(-9.85942443893456,-28.5748307264826,16.));
#4298=CARTESIAN_POINT('Ctrl Pts',(-9.58084102057904,-28.4289902272028,16.));
#4299=CARTESIAN_POINT('Origin',(0.,0.,11.));
#4300=CARTESIAN_POINT('',(-25.4274169979695,-22.6274169974266,13.9492950381462));
#4301=CARTESIAN_POINT('Ctrl Pts',(-19.8298072304076,-22.5117468270429,16.));
#4302=CARTESIAN_POINT('Ctrl Pts',(-19.8219944700134,-22.7007069938283,16.));
#4303=CARTESIAN_POINT('Ctrl Pts',(-19.8333686342554,-22.8895182077244,15.9943718957067));
#4304=CARTESIAN_POINT('Ctrl Pts',(-19.9054724606022,-23.3345279788099,15.9598709838369));
#4305=CARTESIAN_POINT('Ctrl Pts',(-19.9827637107979,-23.5812057627622,15.9230273997778));
#4306=CARTESIAN_POINT('Ctrl Pts',(-20.1860592741917,-24.0173616298108,15.8129376337756));
#4307=CARTESIAN_POINT('Ctrl Pts',(-20.3043010356666,-24.2051911171949,15.7448487638732));
#4308=CARTESIAN_POINT('Ctrl Pts',(-20.6089000295669,-24.5871050974232,15.5553724094622));
#4309=CARTESIAN_POINT('Ctrl Pts',(-20.801422650395,-24.764695799023,15.4267412785533));
#4310=CARTESIAN_POINT('Ctrl Pts',(-21.3430475026295,-25.1498712001934,15.0383681758075));
#4311=CARTESIAN_POINT('Ctrl Pts',(-21.7223652322059,-25.3073016023938,14.739958571979));
#4312=CARTESIAN_POINT('Ctrl Pts',(-22.6506393052846,-25.4794851463923,13.943010381368));
#4313=CARTESIAN_POINT('Ctrl Pts',(-23.1329856605748,-25.4107461119711,13.4764498615546));
#4314=CARTESIAN_POINT('Ctrl Pts',(-23.7325029105384,-25.210289025443,12.9179369758956));
#4315=CARTESIAN_POINT('Ctrl Pts',(-23.9305642758979,-25.1142809602481,12.7398206164337));
#4316=CARTESIAN_POINT('Ctrl Pts',(-24.2068344480913,-24.9424842298032,12.5401219555977));
#4317=CARTESIAN_POINT('Ctrl Pts',(-24.3110898604573,-24.8685711014507,12.4762792951627));
#4318=CARTESIAN_POINT('Ctrl Pts',(-24.4981683136116,-24.7136810786365,12.4065738317926));
#4319=CARTESIAN_POINT('Ctrl Pts',(-24.5789379752338,-24.6384645807861,12.3938398795854));
#4320=CARTESIAN_POINT('Ctrl Pts',(-24.7388854343417,-24.4702190788439,12.4122988458524));
#4321=CARTESIAN_POINT('Ctrl Pts',(-24.8191215232108,-24.3751790936401,12.4460408515023));
#4322=CARTESIAN_POINT('Ctrl Pts',(-25.0207692482285,-24.0956786810922,12.6061279288859));
#4323=CARTESIAN_POINT('Ctrl Pts',(-25.1227892120498,-23.9132637042532,12.7591322806925));
#4324=CARTESIAN_POINT('Ctrl Pts',(-25.3316763449397,-23.4249913124225,13.1970350078747));
#4325=CARTESIAN_POINT('Ctrl Pts',(-25.4274169981332,-23.0494718063327,13.5651957875241));
#4326=CARTESIAN_POINT('Ctrl Pts',(-25.4274169979695,-22.6274169968836,13.9492950381462));
#4327=CARTESIAN_POINT('Ctrl Pts',(-25.4274169979695,-22.6274169968836,13.9492950381462));
#4328=CARTESIAN_POINT('Ctrl Pts',(-25.4274169979436,-22.5606236005374,14.0100816774848));
#4329=CARTESIAN_POINT('Ctrl Pts',(-25.425027625465,-22.4927002538674,14.0713066509847));
#4330=CARTESIAN_POINT('Ctrl Pts',(-25.3950490555845,-22.0815667997209,14.4375997395346));
#4331=CARTESIAN_POINT('Ctrl Pts',(-25.3065230206599,-21.7332708804619,14.7292450043692));
#4332=CARTESIAN_POINT('Ctrl Pts',(-25.012164078855,-21.1294660581098,15.1953169006725));
#4333=CARTESIAN_POINT('Ctrl Pts',(-24.8317617939501,-20.8702656049849,15.3804293268008));
#4334=CARTESIAN_POINT('Ctrl Pts',(-24.4410957489974,-20.4825075251535,15.6360209240342));
#4335=CARTESIAN_POINT('Ctrl Pts',(-24.2610026560763,-20.3414789540469,15.722396803933));
#4336=CARTESIAN_POINT('Ctrl Pts',(-23.8625942252057,-20.1039682283372,15.8591033711968));
#4337=CARTESIAN_POINT('Ctrl Pts',(-23.6489635270586,-20.0098796112282,15.9081479655915));
#4338=CARTESIAN_POINT('Ctrl Pts',(-23.1270725549885,-19.8550023327795,15.9850933255839));
#4339=CARTESIAN_POINT('Ctrl Pts',(-22.8189353527855,-19.8171061919385,16.));
#4340=CARTESIAN_POINT('Ctrl Pts',(-22.5117468270428,-19.8298072304076,16.));
#4341=CARTESIAN_POINT('Origin',(-8.28220944328066,-30.9096264412502,12.));
#4342=CARTESIAN_POINT('',(-11.0822094432807,-30.9096264412502,12.));
#4343=CARTESIAN_POINT('Origin',(-8.28220944328066,-30.9096264412502,12.));
#4344=CARTESIAN_POINT('',(-11.0822094432807,-30.9096264412502,12.));
#4345=CARTESIAN_POINT('Origin',(-8.28220944328066,-30.9096264412502,12.));
#4346=CARTESIAN_POINT('Origin',(-22.6274169979695,22.6274169979695,12.));
#4347=CARTESIAN_POINT('',(-25.4274169979695,22.6274169979695,12.));
#4348=CARTESIAN_POINT('Origin',(-30.9096264412502,8.28220944328064,12.));
#4349=CARTESIAN_POINT('',(-33.7096264412502,8.28220944328064,12.));
#4350=CARTESIAN_POINT('Origin',(-30.9096264412502,8.28220944328064,12.));
#4351=CARTESIAN_POINT('',(-33.7096264412502,8.28220944328064,12.));
#4352=CARTESIAN_POINT('Origin',(-30.9096264412502,8.28220944328065,12.));
#4353=CARTESIAN_POINT('Origin',(8.28220944328066,-30.9096264412502,12.));
#4354=CARTESIAN_POINT('',(5.48220944328066,-30.9096264412502,12.));
#4355=CARTESIAN_POINT('Origin',(8.28220944328066,-30.9096264412502,12.));
#4356=CARTESIAN_POINT('',(5.48220944328066,-30.9096264412502,12.));
#4357=CARTESIAN_POINT('Origin',(8.28220944328066,-30.9096264412502,12.));
#4358=CARTESIAN_POINT('',(9.88220944328063,-30.9096264412502,12.));
#4359=CARTESIAN_POINT('Origin',(8.28220944328066,-30.9096264412502,12.));
#4360=CARTESIAN_POINT('Origin',(22.6274169979695,22.6274169979695,12.));
#4361=CARTESIAN_POINT('',(19.8274169979695,22.6274169979695,12.));
#4362=CARTESIAN_POINT('Origin',(30.9096264412502,-8.28220944328066,12.));
#4363=CARTESIAN_POINT('',(28.1096264412502,-8.28220944328066,12.));
#4364=CARTESIAN_POINT('Origin',(30.9096264412502,-8.28220944328066,12.));
#4365=CARTESIAN_POINT('',(28.1096264412502,-8.28220944328066,12.));
#4366=CARTESIAN_POINT('Origin',(30.9096264412502,-8.28220944328066,12.));
#4367=CARTESIAN_POINT('Origin',(-22.6274169979695,-22.6274169979695,12.));
#4368=CARTESIAN_POINT('',(-25.4274169979695,-22.6274169979695,12.));
#4369=CARTESIAN_POINT('Origin',(-8.28220944328066,30.9096264412502,12.));
#4370=CARTESIAN_POINT('',(-11.0822094432807,30.9096264412502,12.));
#4371=CARTESIAN_POINT('Origin',(-8.28220944328066,30.9096264412502,12.));
#4372=CARTESIAN_POINT('',(-11.0822094432807,30.9096264412502,12.));
#4373=CARTESIAN_POINT('Origin',(-8.28220944328066,30.9096264412502,12.));
#4374=CARTESIAN_POINT('',(-6.68220944328069,30.9096264412502,12.));
#4375=CARTESIAN_POINT('Origin',(-8.28220944328066,30.9096264412502,12.));
#4376=CARTESIAN_POINT('Origin',(22.6274169979695,-22.6274169979695,12.));
#4377=CARTESIAN_POINT('',(19.8274169979695,-22.6274169979695,12.));
#4378=CARTESIAN_POINT('Origin',(8.28220944328067,30.9096264412502,12.));
#4379=CARTESIAN_POINT('',(5.48220944328067,30.9096264412502,12.));
#4380=CARTESIAN_POINT('Origin',(8.28220944328067,30.9096264412502,12.));
#4381=CARTESIAN_POINT('',(5.48220944328067,30.9096264412502,12.));
#4382=CARTESIAN_POINT('Origin',(8.28220944328067,30.9096264412502,12.));
#4383=CARTESIAN_POINT('Origin',(0.,0.,13.5));
#4384=CARTESIAN_POINT('Origin',(-34.9106001094224,2.5,8.));
#4385=CARTESIAN_POINT('Origin',(8.28220944328066,-30.9096264412502,5.));
#4386=CARTESIAN_POINT('',(9.88220944328063,-30.9096264412502,5.));
#4387=CARTESIAN_POINT('Origin',(-8.28220944328066,30.9096264412502,5.));
#4388=CARTESIAN_POINT('',(-6.68220944328069,30.9096264412502,5.));
#4389=CARTESIAN_POINT('Origin',(-15.0000002235174,15.0000002235174,16.));
#4390=CARTESIAN_POINT('',(-13.5000002235174,15.0000002235174,16.));
#4391=UNCERTAINTY_MEASURE_WITH_UNIT(LENGTH_MEASURE(0.01),#4395,
'DISTANCE_ACCURACY_VALUE',
'Maximum model space distance between geometric entities at asserted c
onnectivities');
#4392=UNCERTAINTY_MEASURE_WITH_UNIT(LENGTH_MEASURE(0.01),#4395,
'DISTANCE_ACCURACY_VALUE',
'Maximum model space distance between geometric entities at asserted c
onnectivities');
#4393=(
GEOMETRIC_REPRESENTATION_CONTEXT(3)
GLOBAL_UNCERTAINTY_ASSIGNED_CONTEXT((#4391))
GLOBAL_UNIT_ASSIGNED_CONTEXT((#4395,#4397,#4398))
REPRESENTATION_CONTEXT('','3D')
);
#4394=(
GEOMETRIC_REPRESENTATION_CONTEXT(3)
GLOBAL_UNCERTAINTY_ASSIGNED_CONTEXT((#4392))
GLOBAL_UNIT_ASSIGNED_CONTEXT((#4395,#4397,#4398))
REPRESENTATION_CONTEXT('','3D')
);
#4395=(
LENGTH_UNIT()
NAMED_UNIT(*)
SI_UNIT(.MILLI.,.METRE.)
);
#4396=(
LENGTH_UNIT()
NAMED_UNIT(*)
SI_UNIT($,.METRE.)
);
#4397=(
NAMED_UNIT(*)
PLANE_ANGLE_UNIT()
SI_UNIT($,.RADIAN.)
);
#4398=(
NAMED_UNIT(*)
SI_UNIT($,.STERADIAN.)
SOLID_ANGLE_UNIT()
);
#4399=SHAPE_DEFINITION_REPRESENTATION(#4400,#4401);
#4400=PRODUCT_DEFINITION_SHAPE('',$,#4403);
#4401=SHAPE_REPRESENTATION('',(#2065),#4393);
#4402=PRODUCT_DEFINITION_CONTEXT('part definition',#4407,'design');
#4403=PRODUCT_DEFINITION('5010-260KV','5010-260KV v6',#4404,#4402);
#4404=PRODUCT_DEFINITION_FORMATION('',$,#4409);
#4405=PRODUCT_RELATED_PRODUCT_CATEGORY('5010-260KV v6','5010-260KV v6',
(#4409));
#4406=APPLICATION_PROTOCOL_DEFINITION('international standard',
'automotive_design',2009,#4407);
#4407=APPLICATION_CONTEXT(
'Core Data for Automotive Mechanical Design Process');
#4408=PRODUCT_CONTEXT('part definition',#4407,'mechanical');
#4409=PRODUCT('5010-260KV','5010-260KV v6',$,(#4408));
#4410=PRESENTATION_STYLE_ASSIGNMENT((#4411));
#4411=SURFACE_STYLE_USAGE(.BOTH.,#4412);
#4412=SURFACE_SIDE_STYLE('',(#4413));
#4413=SURFACE_STYLE_FILL_AREA(#4414);
#4414=FILL_AREA_STYLE('Steel - Satin',(#4415));
#4415=FILL_AREA_STYLE_COLOUR('Steel - Satin',#4416);
#4416=COLOUR_RGB('Steel - Satin',0.627450980392157,0.627450980392157,0.627450980392157);
ENDSEC;
END-ISO-10303-21;
