ISO-10303-21;
HEADER;
/* Generated by software containing ST-Developer
 * from STEP Tools, Inc. (www.steptools.com) 
 */

FILE_DESCRIPTION(
/* description */ (''),
/* implementation_level */ '2;1');

FILE_NAME(
/* name */ 'odrive-cap-2.step',
/* time_stamp */ '2026-10-05T20:59:40+11:00',
/* author */ (''),
/* organization */ (''),
/* preprocessor_version */ 'ST-DEVELOPER v20.2',
/* originating_system */ 'Autodesk Translation Framework v15.15.0.0',
/* authorisation */ '');

FILE_SCHEMA (('AUTOMOTIVE_DESIGN { 1 0 10303 214 3 1 1 }'));
ENDSEC;

DATA;
#10=MECHANICAL_DESIGN_GEOMETRIC_PRESENTATION_REPRESENTATION('',(#13),#3414);
#11=SHAPE_REPRESENTATION_RELATIONSHIP('SRR','None',#3420,#12);
#12=ADVANCED_BREP_SHAPE_REPRESENTATION('',(#14),#3413);
#13=STYLED_ITEM('',(#3429),#14);
#14=MANIFOLD_SOLID_BREP('spacer-1',#1964);
#15=FACE_BOUND('',#225,.T.);
#16=FACE_BOUND('',#228,.T.);
#17=FACE_BOUND('',#231,.T.);
#18=FACE_BOUND('',#234,.T.);
#19=FACE_BOUND('',#237,.T.);
#20=FACE_BOUND('',#240,.T.);
#21=FACE_BOUND('',#243,.T.);
#22=FACE_BOUND('',#246,.T.);
#23=FACE_BOUND('',#248,.T.);
#24=FACE_BOUND('',#251,.T.);
#25=FACE_BOUND('',#254,.T.);
#26=FACE_BOUND('',#257,.T.);
#27=FACE_BOUND('',#260,.T.);
#28=FACE_BOUND('',#298,.T.);
#29=FACE_BOUND('',#300,.T.);
#30=FACE_BOUND('',#302,.T.);
#31=FACE_BOUND('',#303,.T.);
#32=FACE_BOUND('',#305,.T.);
#33=FACE_BOUND('',#306,.T.);
#34=FACE_BOUND('',#308,.T.);
#35=FACE_BOUND('',#309,.T.);
#36=FACE_BOUND('',#317,.T.);
#37=FACE_BOUND('',#321,.T.);
#38=FACE_BOUND('',#325,.T.);
#39=FACE_BOUND('',#329,.T.);
#40=FACE_BOUND('',#333,.T.);
#41=FACE_BOUND('',#337,.T.);
#42=FACE_BOUND('',#341,.T.);
#43=FACE_BOUND('',#345,.T.);
#44=FACE_BOUND('',#347,.T.);
#45=FACE_BOUND('',#348,.T.);
#46=FACE_BOUND('',#350,.T.);
#47=FACE_BOUND('',#351,.T.);
#48=FACE_BOUND('',#352,.T.);
#49=FACE_BOUND('',#353,.T.);
#50=FACE_BOUND('',#354,.T.);
#51=FACE_BOUND('',#355,.T.);
#52=FACE_BOUND('',#357,.T.);
#53=FACE_BOUND('',#358,.T.);
#54=FACE_BOUND('',#359,.T.);
#55=FACE_BOUND('',#360,.T.);
#56=FACE_BOUND('',#361,.T.);
#57=FACE_BOUND('',#362,.T.);
#58=FACE_BOUND('',#363,.T.);
#59=FACE_BOUND('',#364,.T.);
#60=PLANE('',#1969);
#61=PLANE('',#1974);
#62=PLANE('',#1979);
#63=PLANE('',#1984);
#64=PLANE('',#1986);
#65=PLANE('',#1991);
#66=PLANE('',#1997);
#67=PLANE('',#2002);
#68=PLANE('',#2008);
#69=PLANE('',#2013);
#70=PLANE('',#2019);
#71=PLANE('',#2024);
#72=PLANE('',#2030);
#73=PLANE('',#2036);
#74=PLANE('',#2041);
#75=PLANE('',#2046);
#76=PLANE('',#2051);
#77=PLANE('',#2055);
#78=PLANE('',#2059);
#79=PLANE('',#2063);
#80=PLANE('',#2067);
#81=PLANE('',#2071);
#82=PLANE('',#2075);
#83=PLANE('',#2079);
#84=PLANE('',#2083);
#85=PLANE('',#2087);
#86=PLANE('',#2088);
#87=PLANE('',#2089);
#88=PLANE('',#2090);
#89=PLANE('',#2091);
#90=PLANE('',#2092);
#91=PLANE('',#2093);
#92=PLANE('',#2094);
#93=PLANE('',#2095);
#94=PLANE('',#2096);
#95=PLANE('',#2097);
#96=PLANE('',#2098);
#97=PLANE('',#2131);
#98=PLANE('',#2133);
#99=PLANE('',#2135);
#100=PLANE('',#2138);
#101=PLANE('',#2141);
#102=PLANE('',#2152);
#103=PLANE('',#2158);
#104=PLANE('',#2164);
#105=PLANE('',#2170);
#106=PLANE('',#2176);
#107=PLANE('',#2182);
#108=PLANE('',#2188);
#109=PLANE('',#2194);
#110=PLANE('',#2196);
#111=PLANE('',#2199);
#112=PLANE('',#2200);
#113=FACE_OUTER_BOUND('',#223,.T.);
#114=FACE_OUTER_BOUND('',#224,.T.);
#115=FACE_OUTER_BOUND('',#226,.T.);
#116=FACE_OUTER_BOUND('',#227,.T.);
#117=FACE_OUTER_BOUND('',#229,.T.);
#118=FACE_OUTER_BOUND('',#230,.T.);
#119=FACE_OUTER_BOUND('',#232,.T.);
#120=FACE_OUTER_BOUND('',#233,.T.);
#121=FACE_OUTER_BOUND('',#235,.T.);
#122=FACE_OUTER_BOUND('',#236,.T.);
#123=FACE_OUTER_BOUND('',#238,.T.);
#124=FACE_OUTER_BOUND('',#239,.T.);
#125=FACE_OUTER_BOUND('',#241,.T.);
#126=FACE_OUTER_BOUND('',#242,.T.);
#127=FACE_OUTER_BOUND('',#244,.T.);
#128=FACE_OUTER_BOUND('',#245,.T.);
#129=FACE_OUTER_BOUND('',#247,.T.);
#130=FACE_OUTER_BOUND('',#249,.T.);
#131=FACE_OUTER_BOUND('',#250,.T.);
#132=FACE_OUTER_BOUND('',#252,.T.);
#133=FACE_OUTER_BOUND('',#253,.T.);
#134=FACE_OUTER_BOUND('',#255,.T.);
#135=FACE_OUTER_BOUND('',#256,.T.);
#136=FACE_OUTER_BOUND('',#258,.T.);
#137=FACE_OUTER_BOUND('',#259,.T.);
#138=FACE_OUTER_BOUND('',#261,.T.);
#139=FACE_OUTER_BOUND('',#262,.T.);
#140=FACE_OUTER_BOUND('',#263,.T.);
#141=FACE_OUTER_BOUND('',#264,.T.);
#142=FACE_OUTER_BOUND('',#265,.T.);
#143=FACE_OUTER_BOUND('',#266,.T.);
#144=FACE_OUTER_BOUND('',#267,.T.);
#145=FACE_OUTER_BOUND('',#268,.T.);
#146=FACE_OUTER_BOUND('',#269,.T.);
#147=FACE_OUTER_BOUND('',#270,.T.);
#148=FACE_OUTER_BOUND('',#271,.T.);
#149=FACE_OUTER_BOUND('',#272,.T.);
#150=FACE_OUTER_BOUND('',#273,.T.);
#151=FACE_OUTER_BOUND('',#274,.T.);
#152=FACE_OUTER_BOUND('',#275,.T.);
#153=FACE_OUTER_BOUND('',#276,.T.);
#154=FACE_OUTER_BOUND('',#277,.T.);
#155=FACE_OUTER_BOUND('',#278,.T.);
#156=FACE_OUTER_BOUND('',#279,.T.);
#157=FACE_OUTER_BOUND('',#280,.T.);
#158=FACE_OUTER_BOUND('',#281,.T.);
#159=FACE_OUTER_BOUND('',#282,.T.);
#160=FACE_OUTER_BOUND('',#283,.T.);
#161=FACE_OUTER_BOUND('',#284,.T.);
#162=FACE_OUTER_BOUND('',#285,.T.);
#163=FACE_OUTER_BOUND('',#286,.T.);
#164=FACE_OUTER_BOUND('',#287,.T.);
#165=FACE_OUTER_BOUND('',#288,.T.);
#166=FACE_OUTER_BOUND('',#289,.T.);
#167=FACE_OUTER_BOUND('',#290,.T.);
#168=FACE_OUTER_BOUND('',#291,.T.);
#169=FACE_OUTER_BOUND('',#292,.T.);
#170=FACE_OUTER_BOUND('',#293,.T.);
#171=FACE_OUTER_BOUND('',#294,.T.);
#172=FACE_OUTER_BOUND('',#295,.T.);
#173=FACE_OUTER_BOUND('',#296,.T.);
#174=FACE_OUTER_BOUND('',#297,.T.);
#175=FACE_OUTER_BOUND('',#299,.T.);
#176=FACE_OUTER_BOUND('',#301,.T.);
#177=FACE_OUTER_BOUND('',#304,.T.);
#178=FACE_OUTER_BOUND('',#307,.T.);
#179=FACE_OUTER_BOUND('',#310,.T.);
#180=FACE_OUTER_BOUND('',#311,.T.);
#181=FACE_OUTER_BOUND('',#312,.T.);
#182=FACE_OUTER_BOUND('',#313,.T.);
#183=FACE_OUTER_BOUND('',#314,.T.);
#184=FACE_OUTER_BOUND('',#315,.T.);
#185=FACE_OUTER_BOUND('',#316,.T.);
#186=FACE_OUTER_BOUND('',#318,.T.);
#187=FACE_OUTER_BOUND('',#319,.T.);
#188=FACE_OUTER_BOUND('',#320,.T.);
#189=FACE_OUTER_BOUND('',#322,.T.);
#190=FACE_OUTER_BOUND('',#323,.T.);
#191=FACE_OUTER_BOUND('',#324,.T.);
#192=FACE_OUTER_BOUND('',#326,.T.);
#193=FACE_OUTER_BOUND('',#327,.T.);
#194=FACE_OUTER_BOUND('',#328,.T.);
#195=FACE_OUTER_BOUND('',#330,.T.);
#196=FACE_OUTER_BOUND('',#331,.T.);
#197=FACE_OUTER_BOUND('',#332,.T.);
#198=FACE_OUTER_BOUND('',#334,.T.);
#199=FACE_OUTER_BOUND('',#335,.T.);
#200=FACE_OUTER_BOUND('',#336,.T.);
#201=FACE_OUTER_BOUND('',#338,.T.);
#202=FACE_OUTER_BOUND('',#339,.T.);
#203=FACE_OUTER_BOUND('',#340,.T.);
#204=FACE_OUTER_BOUND('',#342,.T.);
#205=FACE_OUTER_BOUND('',#343,.T.);
#206=FACE_OUTER_BOUND('',#344,.T.);
#207=FACE_OUTER_BOUND('',#346,.T.);
#208=FACE_OUTER_BOUND('',#349,.T.);
#209=FACE_OUTER_BOUND('',#356,.T.);
#210=FACE_OUTER_BOUND('',#365,.T.);
#211=FACE_OUTER_BOUND('',#366,.T.);
#212=FACE_OUTER_BOUND('',#367,.T.);
#213=FACE_OUTER_BOUND('',#368,.T.);
#214=FACE_OUTER_BOUND('',#369,.T.);
#215=FACE_OUTER_BOUND('',#370,.T.);
#216=FACE_OUTER_BOUND('',#371,.T.);
#217=FACE_OUTER_BOUND('',#372,.T.);
#218=FACE_OUTER_BOUND('',#373,.T.);
#219=FACE_OUTER_BOUND('',#374,.T.);
#220=FACE_OUTER_BOUND('',#375,.T.);
#221=FACE_OUTER_BOUND('',#376,.T.);
#222=FACE_OUTER_BOUND('',#377,.T.);
#223=EDGE_LOOP('',(#1239,#1240,#1241,#1242));
#224=EDGE_LOOP('',(#1243));
#225=EDGE_LOOP('',(#1244));
#226=EDGE_LOOP('',(#1245,#1246,#1247,#1248));
#227=EDGE_LOOP('',(#1249));
#228=EDGE_LOOP('',(#1250));
#229=EDGE_LOOP('',(#1251,#1252,#1253,#1254));
#230=EDGE_LOOP('',(#1255));
#231=EDGE_LOOP('',(#1256));
#232=EDGE_LOOP('',(#1257,#1258,#1259,#1260));
#233=EDGE_LOOP('',(#1261));
#234=EDGE_LOOP('',(#1262));
#235=EDGE_LOOP('',(#1263,#1264,#1265,#1266));
#236=EDGE_LOOP('',(#1267,#1268,#1269,#1270));
#237=EDGE_LOOP('',(#1271));
#238=EDGE_LOOP('',(#1272,#1273,#1274,#1275));
#239=EDGE_LOOP('',(#1276,#1277,#1278,#1279));
#240=EDGE_LOOP('',(#1280));
#241=EDGE_LOOP('',(#1281,#1282,#1283,#1284));
#242=EDGE_LOOP('',(#1285,#1286,#1287,#1288));
#243=EDGE_LOOP('',(#1289));
#244=EDGE_LOOP('',(#1290,#1291,#1292,#1293));
#245=EDGE_LOOP('',(#1294,#1295,#1296,#1297));
#246=EDGE_LOOP('',(#1298));
#247=EDGE_LOOP('',(#1299));
#248=EDGE_LOOP('',(#1300));
#249=EDGE_LOOP('',(#1301,#1302,#1303,#1304));
#250=EDGE_LOOP('',(#1305));
#251=EDGE_LOOP('',(#1306));
#252=EDGE_LOOP('',(#1307,#1308,#1309,#1310));
#253=EDGE_LOOP('',(#1311));
#254=EDGE_LOOP('',(#1312));
#255=EDGE_LOOP('',(#1313,#1314,#1315,#1316));
#256=EDGE_LOOP('',(#1317));
#257=EDGE_LOOP('',(#1318));
#258=EDGE_LOOP('',(#1319,#1320,#1321,#1322));
#259=EDGE_LOOP('',(#1323));
#260=EDGE_LOOP('',(#1324));
#261=EDGE_LOOP('',(#1325,#1326,#1327,#1328));
#262=EDGE_LOOP('',(#1329,#1330,#1331,#1332));
#263=EDGE_LOOP('',(#1333,#1334,#1335,#1336));
#264=EDGE_LOOP('',(#1337,#1338,#1339,#1340));
#265=EDGE_LOOP('',(#1341,#1342,#1343,#1344));
#266=EDGE_LOOP('',(#1345,#1346,#1347,#1348));
#267=EDGE_LOOP('',(#1349,#1350,#1351,#1352));
#268=EDGE_LOOP('',(#1353,#1354,#1355,#1356));
#269=EDGE_LOOP('',(#1357,#1358,#1359,#1360));
#270=EDGE_LOOP('',(#1361,#1362,#1363,#1364));
#271=EDGE_LOOP('',(#1365,#1366,#1367,#1368));
#272=EDGE_LOOP('',(#1369,#1370,#1371,#1372));
#273=EDGE_LOOP('',(#1373,#1374,#1375,#1376));
#274=EDGE_LOOP('',(#1377,#1378,#1379,#1380));
#275=EDGE_LOOP('',(#1381,#1382,#1383,#1384));
#276=EDGE_LOOP('',(#1385,#1386,#1387,#1388));
#277=EDGE_LOOP('',(#1389,#1390,#1391,#1392));
#278=EDGE_LOOP('',(#1393,#1394,#1395,#1396));
#279=EDGE_LOOP('',(#1397,#1398,#1399,#1400));
#280=EDGE_LOOP('',(#1401,#1402,#1403,#1404));
#281=EDGE_LOOP('',(#1405,#1406,#1407,#1408));
#282=EDGE_LOOP('',(#1409,#1410,#1411,#1412));
#283=EDGE_LOOP('',(#1413,#1414,#1415,#1416));
#284=EDGE_LOOP('',(#1417,#1418,#1419,#1420));
#285=EDGE_LOOP('',(#1421,#1422,#1423,#1424));
#286=EDGE_LOOP('',(#1425,#1426,#1427,#1428));
#287=EDGE_LOOP('',(#1429,#1430,#1431,#1432));
#288=EDGE_LOOP('',(#1433,#1434,#1435,#1436));
#289=EDGE_LOOP('',(#1437,#1438,#1439,#1440));
#290=EDGE_LOOP('',(#1441,#1442,#1443,#1444));
#291=EDGE_LOOP('',(#1445,#1446,#1447,#1448));
#292=EDGE_LOOP('',(#1449,#1450,#1451,#1452));
#293=EDGE_LOOP('',(#1453,#1454,#1455,#1456));
#294=EDGE_LOOP('',(#1457,#1458,#1459,#1460));
#295=EDGE_LOOP('',(#1461,#1462,#1463,#1464));
#296=EDGE_LOOP('',(#1465,#1466,#1467,#1468,#1469,#1470,#1471,#1472,#1473,
#1474,#1475,#1476,#1477,#1478,#1479,#1480,#1481,#1482,#1483,#1484,#1485,
#1486,#1487,#1488,#1489,#1490,#1491,#1492,#1493,#1494,#1495,#1496,#1497,
#1498,#1499,#1500,#1501,#1502,#1503,#1504,#1505,#1506,#1507,#1508,#1509,
#1510,#1511,#1512,#1513,#1514,#1515));
#297=EDGE_LOOP('',(#1516,#1517,#1518,#1519));
#298=EDGE_LOOP('',(#1520));
#299=EDGE_LOOP('',(#1521,#1522,#1523,#1524));
#300=EDGE_LOOP('',(#1525));
#301=EDGE_LOOP('',(#1526,#1527,#1528,#1529));
#302=EDGE_LOOP('',(#1530));
#303=EDGE_LOOP('',(#1531));
#304=EDGE_LOOP('',(#1532,#1533,#1534,#1535,#1536));
#305=EDGE_LOOP('',(#1537));
#306=EDGE_LOOP('',(#1538));
#307=EDGE_LOOP('',(#1539,#1540,#1541,#1542));
#308=EDGE_LOOP('',(#1543));
#309=EDGE_LOOP('',(#1544));
#310=EDGE_LOOP('',(#1545,#1546,#1547,#1548));
#311=EDGE_LOOP('',(#1549,#1550,#1551,#1552));
#312=EDGE_LOOP('',(#1553,#1554,#1555,#1556));
#313=EDGE_LOOP('',(#1557,#1558,#1559,#1560));
#314=EDGE_LOOP('',(#1561,#1562,#1563,#1564));
#315=EDGE_LOOP('',(#1565,#1566,#1567,#1568));
#316=EDGE_LOOP('',(#1569,#1570));
#317=EDGE_LOOP('',(#1571));
#318=EDGE_LOOP('',(#1572,#1573,#1574,#1575));
#319=EDGE_LOOP('',(#1576,#1577,#1578,#1579));
#320=EDGE_LOOP('',(#1580,#1581));
#321=EDGE_LOOP('',(#1582));
#322=EDGE_LOOP('',(#1583,#1584,#1585,#1586));
#323=EDGE_LOOP('',(#1587,#1588,#1589,#1590));
#324=EDGE_LOOP('',(#1591,#1592));
#325=EDGE_LOOP('',(#1593));
#326=EDGE_LOOP('',(#1594,#1595,#1596,#1597));
#327=EDGE_LOOP('',(#1598,#1599,#1600,#1601));
#328=EDGE_LOOP('',(#1602,#1603));
#329=EDGE_LOOP('',(#1604));
#330=EDGE_LOOP('',(#1605,#1606,#1607,#1608));
#331=EDGE_LOOP('',(#1609,#1610,#1611,#1612));
#332=EDGE_LOOP('',(#1613,#1614));
#333=EDGE_LOOP('',(#1615));
#334=EDGE_LOOP('',(#1616,#1617,#1618,#1619));
#335=EDGE_LOOP('',(#1620,#1621,#1622,#1623));
#336=EDGE_LOOP('',(#1624,#1625));
#337=EDGE_LOOP('',(#1626));
#338=EDGE_LOOP('',(#1627,#1628,#1629,#1630));
#339=EDGE_LOOP('',(#1631,#1632,#1633,#1634));
#340=EDGE_LOOP('',(#1635,#1636));
#341=EDGE_LOOP('',(#1637));
#342=EDGE_LOOP('',(#1638,#1639,#1640,#1641));
#343=EDGE_LOOP('',(#1642,#1643,#1644,#1645));
#344=EDGE_LOOP('',(#1646,#1647));
#345=EDGE_LOOP('',(#1648));
#346=EDGE_LOOP('',(#1649,#1650,#1651,#1652));
#347=EDGE_LOOP('',(#1653));
#348=EDGE_LOOP('',(#1654));
#349=EDGE_LOOP('',(#1655));
#350=EDGE_LOOP('',(#1656));
#351=EDGE_LOOP('',(#1657));
#352=EDGE_LOOP('',(#1658));
#353=EDGE_LOOP('',(#1659));
#354=EDGE_LOOP('',(#1660,#1661,#1662,#1663,#1664,#1665,#1666,#1667));
#355=EDGE_LOOP('',(#1668,#1669,#1670,#1671,#1672,#1673,#1674,#1675));
#356=EDGE_LOOP('',(#1676,#1677,#1678,#1679,#1680,#1681,#1682,#1683,#1684,
#1685,#1686,#1687,#1688,#1689,#1690,#1691,#1692,#1693,#1694,#1695,#1696,
#1697,#1698,#1699));
#357=EDGE_LOOP('',(#1700));
#358=EDGE_LOOP('',(#1701));
#359=EDGE_LOOP('',(#1702));
#360=EDGE_LOOP('',(#1703));
#361=EDGE_LOOP('',(#1704,#1705,#1706,#1707,#1708,#1709,#1710,#1711));
#362=EDGE_LOOP('',(#1712,#1713,#1714,#1715,#1716,#1717,#1718,#1719));
#363=EDGE_LOOP('',(#1720));
#364=EDGE_LOOP('',(#1721));
#365=EDGE_LOOP('',(#1722,#1723,#1724,#1725));
#366=EDGE_LOOP('',(#1726,#1727,#1728,#1729));
#367=EDGE_LOOP('',(#1730,#1731,#1732,#1733));
#368=EDGE_LOOP('',(#1734,#1735,#1736,#1737,#1738,#1739,#1740,#1741,#1742,
#1743,#1744,#1745,#1746,#1747,#1748,#1749,#1750,#1751,#1752,#1753,#1754,
#1755,#1756,#1757,#1758,#1759,#1760));
#369=EDGE_LOOP('',(#1761,#1762,#1763,#1764));
#370=EDGE_LOOP('',(#1765,#1766,#1767,#1768));
#371=EDGE_LOOP('',(#1769,#1770,#1771,#1772));
#372=EDGE_LOOP('',(#1773,#1774,#1775,#1776));
#373=EDGE_LOOP('',(#1777,#1778,#1779,#1780));
#374=EDGE_LOOP('',(#1781,#1782,#1783,#1784));
#375=EDGE_LOOP('',(#1785,#1786,#1787,#1788));
#376=EDGE_LOOP('',(#1789,#1790,#1791,#1792));
#377=EDGE_LOOP('',(#1793,#1794,#1795,#1796));
#378=LINE('',#2862,#517);
#379=LINE('',#2871,#518);
#380=LINE('',#2880,#519);
#381=LINE('',#2889,#520);
#382=LINE('',#2967,#521);
#383=LINE('',#2976,#522);
#384=LINE('',#2985,#523);
#385=LINE('',#2994,#524);
#386=LINE('',#3001,#525);
#387=LINE('',#3006,#526);
#388=LINE('',#3008,#527);
#389=LINE('',#3010,#528);
#390=LINE('',#3011,#529);
#391=LINE('',#3016,#530);
#392=LINE('',#3020,#531);
#393=LINE('',#3022,#532);
#394=LINE('',#3023,#533);
#395=LINE('',#3028,#534);
#396=LINE('',#3032,#535);
#397=LINE('',#3034,#536);
#398=LINE('',#3035,#537);
#399=LINE('',#3040,#538);
#400=LINE('',#3044,#539);
#401=LINE('',#3046,#540);
#402=LINE('',#3047,#541);
#403=LINE('',#3054,#542);
#404=LINE('',#3056,#543);
#405=LINE('',#3058,#544);
#406=LINE('',#3059,#545);
#407=LINE('',#3064,#546);
#408=LINE('',#3068,#547);
#409=LINE('',#3070,#548);
#410=LINE('',#3071,#549);
#411=LINE('',#3076,#550);
#412=LINE('',#3080,#551);
#413=LINE('',#3082,#552);
#414=LINE('',#3083,#553);
#415=LINE('',#3088,#554);
#416=LINE('',#3092,#555);
#417=LINE('',#3094,#556);
#418=LINE('',#3095,#557);
#419=LINE('',#3102,#558);
#420=LINE('',#3104,#559);
#421=LINE('',#3106,#560);
#422=LINE('',#3107,#561);
#423=LINE('',#3111,#562);
#424=LINE('',#3113,#563);
#425=LINE('',#3115,#564);
#426=LINE('',#3116,#565);
#427=LINE('',#3120,#566);
#428=LINE('',#3122,#567);
#429=LINE('',#3124,#568);
#430=LINE('',#3125,#569);
#431=LINE('',#3129,#570);
#432=LINE('',#3131,#571);
#433=LINE('',#3133,#572);
#434=LINE('',#3134,#573);
#435=LINE('',#3138,#574);
#436=LINE('',#3140,#575);
#437=LINE('',#3142,#576);
#438=LINE('',#3143,#577);
#439=LINE('',#3147,#578);
#440=LINE('',#3149,#579);
#441=LINE('',#3151,#580);
#442=LINE('',#3152,#581);
#443=LINE('',#3156,#582);
#444=LINE('',#3158,#583);
#445=LINE('',#3160,#584);
#446=LINE('',#3161,#585);
#447=LINE('',#3165,#586);
#448=LINE('',#3167,#587);
#449=LINE('',#3169,#588);
#450=LINE('',#3170,#589);
#451=LINE('',#3174,#590);
#452=LINE('',#3176,#591);
#453=LINE('',#3178,#592);
#454=LINE('',#3179,#593);
#455=LINE('',#3183,#594);
#456=LINE('',#3185,#595);
#457=LINE('',#3187,#596);
#458=LINE('',#3188,#597);
#459=LINE('',#3192,#598);
#460=LINE('',#3194,#599);
#461=LINE('',#3196,#600);
#462=LINE('',#3197,#601);
#463=LINE('',#3201,#602);
#464=LINE('',#3203,#603);
#465=LINE('',#3205,#604);
#466=LINE('',#3206,#605);
#467=LINE('',#3227,#606);
#468=LINE('',#3229,#607);
#469=LINE('',#3243,#608);
#470=LINE('',#3245,#609);
#471=LINE('',#3246,#610);
#472=LINE('',#3248,#611);
#473=LINE('',#3249,#612);
#474=LINE('',#3251,#613);
#475=LINE('',#3252,#614);
#476=LINE('',#3254,#615);
#477=LINE('',#3255,#616);
#478=LINE('',#3257,#617);
#479=LINE('',#3258,#618);
#480=LINE('',#3260,#619);
#481=LINE('',#3261,#620);
#482=LINE('',#3263,#621);
#483=LINE('',#3264,#622);
#484=LINE('',#3287,#623);
#485=LINE('',#3289,#624);
#486=LINE('',#3291,#625);
#487=LINE('',#3293,#626);
#488=LINE('',#3297,#627);
#489=LINE('',#3299,#628);
#490=LINE('',#3306,#629);
#491=LINE('',#3309,#630);
#492=LINE('',#3317,#631);
#493=LINE('',#3319,#632);
#494=LINE('',#3326,#633);
#495=LINE('',#3329,#634);
#496=LINE('',#3337,#635);
#497=LINE('',#3339,#636);
#498=LINE('',#3346,#637);
#499=LINE('',#3349,#638);
#500=LINE('',#3357,#639);
#501=LINE('',#3359,#640);
#502=LINE('',#3366,#641);
#503=LINE('',#3369,#642);
#504=LINE('',#3386,#643);
#505=LINE('',#3388,#644);
#506=LINE('',#3390,#645);
#507=LINE('',#3392,#646);
#508=LINE('',#3394,#647);
#509=LINE('',#3396,#648);
#510=LINE('',#3398,#649);
#511=LINE('',#3400,#650);
#512=LINE('',#3402,#651);
#513=LINE('',#3404,#652);
#514=LINE('',#3406,#653);
#515=LINE('',#3408,#654);
#516=LINE('',#3410,#655);
#517=VECTOR('',#2222,2.5);
#518=VECTOR('',#2233,2.5);
#519=VECTOR('',#2244,2.5);
#520=VECTOR('',#2255,2.5);
#521=VECTOR('',#2360,2.5);
#522=VECTOR('',#2371,2.5);
#523=VECTOR('',#2382,2.5);
#524=VECTOR('',#2393,2.5);
#525=VECTOR('',#2402,25.);
#526=VECTOR('',#2407,10.);
#527=VECTOR('',#2408,10.);
#528=VECTOR('',#2409,10.);
#529=VECTOR('',#2410,10.);
#530=VECTOR('',#2415,10.);
#531=VECTOR('',#2420,10.);
#532=VECTOR('',#2421,10.);
#533=VECTOR('',#2422,10.);
#534=VECTOR('',#2427,10.);
#535=VECTOR('',#2432,10.);
#536=VECTOR('',#2433,10.);
#537=VECTOR('',#2434,10.);
#538=VECTOR('',#2439,10.);
#539=VECTOR('',#2444,10.);
#540=VECTOR('',#2445,10.);
#541=VECTOR('',#2446,10.);
#542=VECTOR('',#2455,10.);
#543=VECTOR('',#2456,10.);
#544=VECTOR('',#2457,10.);
#545=VECTOR('',#2458,10.);
#546=VECTOR('',#2463,10.);
#547=VECTOR('',#2468,10.);
#548=VECTOR('',#2469,10.);
#549=VECTOR('',#2470,10.);
#550=VECTOR('',#2475,10.);
#551=VECTOR('',#2480,10.);
#552=VECTOR('',#2481,10.);
#553=VECTOR('',#2482,10.);
#554=VECTOR('',#2487,10.);
#555=VECTOR('',#2492,10.);
#556=VECTOR('',#2493,10.);
#557=VECTOR('',#2494,10.);
#558=VECTOR('',#2503,10.);
#559=VECTOR('',#2504,10.);
#560=VECTOR('',#2505,10.);
#561=VECTOR('',#2506,10.);
#562=VECTOR('',#2509,10.);
#563=VECTOR('',#2510,10.);
#564=VECTOR('',#2511,10.);
#565=VECTOR('',#2512,10.);
#566=VECTOR('',#2515,10.);
#567=VECTOR('',#2516,10.);
#568=VECTOR('',#2517,10.);
#569=VECTOR('',#2518,10.);
#570=VECTOR('',#2521,10.);
#571=VECTOR('',#2522,10.);
#572=VECTOR('',#2523,10.);
#573=VECTOR('',#2524,10.);
#574=VECTOR('',#2527,10.);
#575=VECTOR('',#2528,10.);
#576=VECTOR('',#2529,10.);
#577=VECTOR('',#2530,10.);
#578=VECTOR('',#2533,10.);
#579=VECTOR('',#2534,10.);
#580=VECTOR('',#2535,10.);
#581=VECTOR('',#2536,10.);
#582=VECTOR('',#2539,10.);
#583=VECTOR('',#2540,10.);
#584=VECTOR('',#2541,10.);
#585=VECTOR('',#2542,10.);
#586=VECTOR('',#2545,10.);
#587=VECTOR('',#2546,10.);
#588=VECTOR('',#2547,10.);
#589=VECTOR('',#2548,10.);
#590=VECTOR('',#2551,10.);
#591=VECTOR('',#2552,10.);
#592=VECTOR('',#2553,10.);
#593=VECTOR('',#2554,10.);
#594=VECTOR('',#2557,10.);
#595=VECTOR('',#2558,10.);
#596=VECTOR('',#2559,10.);
#597=VECTOR('',#2560,10.);
#598=VECTOR('',#2563,10.);
#599=VECTOR('',#2564,10.);
#600=VECTOR('',#2565,10.);
#601=VECTOR('',#2566,10.);
#602=VECTOR('',#2569,10.);
#603=VECTOR('',#2570,10.);
#604=VECTOR('',#2571,10.);
#605=VECTOR('',#2572,10.);
#606=VECTOR('',#2611,10.);
#607=VECTOR('',#2612,35.);
#608=VECTOR('',#2639,10.);
#609=VECTOR('',#2640,10.);
#610=VECTOR('',#2641,10.);
#611=VECTOR('',#2642,10.);
#612=VECTOR('',#2643,10.);
#613=VECTOR('',#2644,10.);
#614=VECTOR('',#2645,10.);
#615=VECTOR('',#2646,10.);
#616=VECTOR('',#2647,10.);
#617=VECTOR('',#2648,10.);
#618=VECTOR('',#2649,10.);
#619=VECTOR('',#2650,10.);
#620=VECTOR('',#2651,10.);
#621=VECTOR('',#2652,10.);
#622=VECTOR('',#2653,10.);
#623=VECTOR('',#2682,0.5);
#624=VECTOR('',#2685,0.5);
#625=VECTOR('',#2688,0.5);
#626=VECTOR('',#2691,0.499999999999999);
#627=VECTOR('',#2696,10.);
#628=VECTOR('',#2699,10.);
#629=VECTOR('',#2708,10.);
#630=VECTOR('',#2713,10.);
#631=VECTOR('',#2724,10.);
#632=VECTOR('',#2727,10.);
#633=VECTOR('',#2736,10.);
#634=VECTOR('',#2741,10.);
#635=VECTOR('',#2752,10.);
#636=VECTOR('',#2755,10.);
#637=VECTOR('',#2764,10.);
#638=VECTOR('',#2769,10.);
#639=VECTOR('',#2780,10.);
#640=VECTOR('',#2783,10.);
#641=VECTOR('',#2792,10.);
#642=VECTOR('',#2797,10.);
#643=VECTOR('',#2820,1.6);
#644=VECTOR('',#2823,1.6);
#645=VECTOR('',#2826,1.6);
#646=VECTOR('',#2829,29.);
#647=VECTOR('',#2832,1.6);
#648=VECTOR('',#2835,1.6);
#649=VECTOR('',#2838,1.6);
#650=VECTOR('',#2841,1.6);
#651=VECTOR('',#2844,1.6);
#652=VECTOR('',#2847,1.6);
#653=VECTOR('',#2850,1.6);
#654=VECTOR('',#2853,1.6);
#655=VECTOR('',#2856,1.6);
#656=CIRCLE('',#1967,2.5);
#657=CIRCLE('',#1968,2.5);
#658=CIRCLE('',#1970,0.5);
#659=CIRCLE('',#1972,2.5);
#660=CIRCLE('',#1973,2.5);
#661=CIRCLE('',#1975,0.5);
#662=CIRCLE('',#1977,2.5);
#663=CIRCLE('',#1978,2.5);
#664=CIRCLE('',#1980,0.5);
#665=CIRCLE('',#1982,2.5);
#666=CIRCLE('',#1983,2.5);
#667=CIRCLE('',#1985,0.499999999999999);
#668=CIRCLE('',#1987,3.);
#669=CIRCLE('',#1988,29.);
#670=CIRCLE('',#1989,3.);
#671=CIRCLE('',#1990,35.);
#672=CIRCLE('',#1992,3.);
#673=CIRCLE('',#1993,35.);
#674=CIRCLE('',#1994,3.);
#675=CIRCLE('',#1995,29.);
#676=CIRCLE('',#1996,1.6);
#677=CIRCLE('',#1998,3.);
#678=CIRCLE('',#1999,35.);
#679=CIRCLE('',#2000,3.);
#680=CIRCLE('',#2001,29.);
#681=CIRCLE('',#2003,3.);
#682=CIRCLE('',#2004,29.);
#683=CIRCLE('',#2005,3.);
#684=CIRCLE('',#2006,35.);
#685=CIRCLE('',#2007,1.6);
#686=CIRCLE('',#2009,3.);
#687=CIRCLE('',#2010,29.);
#688=CIRCLE('',#2011,3.);
#689=CIRCLE('',#2012,35.);
#690=CIRCLE('',#2014,3.);
#691=CIRCLE('',#2015,35.);
#692=CIRCLE('',#2016,3.);
#693=CIRCLE('',#2017,29.);
#694=CIRCLE('',#2018,1.6);
#695=CIRCLE('',#2020,3.);
#696=CIRCLE('',#2021,35.);
#697=CIRCLE('',#2022,3.);
#698=CIRCLE('',#2023,29.);
#699=CIRCLE('',#2025,3.);
#700=CIRCLE('',#2026,29.);
#701=CIRCLE('',#2027,3.);
#702=CIRCLE('',#2028,35.);
#703=CIRCLE('',#2029,1.6);
#704=CIRCLE('',#2031,29.);
#705=CIRCLE('',#2032,25.);
#706=CIRCLE('',#2034,2.5);
#707=CIRCLE('',#2035,2.5);
#708=CIRCLE('',#2037,0.5);
#709=CIRCLE('',#2039,2.5);
#710=CIRCLE('',#2040,2.5);
#711=CIRCLE('',#2042,0.499999999999999);
#712=CIRCLE('',#2044,2.5);
#713=CIRCLE('',#2045,2.5);
#714=CIRCLE('',#2047,0.5);
#715=CIRCLE('',#2049,2.5);
#716=CIRCLE('',#2050,2.5);
#717=CIRCLE('',#2052,0.5);
#718=CIRCLE('',#2054,25.);
#719=CIRCLE('',#2057,2.);
#720=CIRCLE('',#2058,2.);
#721=CIRCLE('',#2061,2.);
#722=CIRCLE('',#2062,2.);
#723=CIRCLE('',#2065,2.);
#724=CIRCLE('',#2066,2.);
#725=CIRCLE('',#2069,2.);
#726=CIRCLE('',#2070,2.);
#727=CIRCLE('',#2073,2.);
#728=CIRCLE('',#2074,2.);
#729=CIRCLE('',#2077,2.);
#730=CIRCLE('',#2078,2.);
#731=CIRCLE('',#2081,2.);
#732=CIRCLE('',#2082,2.);
#733=CIRCLE('',#2085,2.);
#734=CIRCLE('',#2086,2.);
#735=CIRCLE('',#2100,29.);
#736=CIRCLE('',#2101,29.);
#737=CIRCLE('',#2103,29.);
#738=CIRCLE('',#2104,29.);
#739=CIRCLE('',#2106,29.);
#740=CIRCLE('',#2107,29.);
#741=CIRCLE('',#2109,29.);
#742=CIRCLE('',#2110,29.);
#743=CIRCLE('',#2112,29.);
#744=CIRCLE('',#2113,29.);
#745=CIRCLE('',#2115,29.);
#746=CIRCLE('',#2116,29.);
#747=CIRCLE('',#2118,35.);
#748=CIRCLE('',#2119,35.);
#749=CIRCLE('',#2120,35.);
#750=CIRCLE('',#2121,35.);
#751=CIRCLE('',#2122,35.);
#752=CIRCLE('',#2123,35.);
#753=CIRCLE('',#2124,35.);
#754=CIRCLE('',#2125,35.);
#755=CIRCLE('',#2126,35.);
#756=CIRCLE('',#2127,35.);
#757=CIRCLE('',#2128,35.);
#758=CIRCLE('',#2129,35.);
#759=CIRCLE('',#2130,35.);
#760=CIRCLE('',#2132,1.6);
#761=CIRCLE('',#2134,1.6);
#762=CIRCLE('',#2136,1.6);
#763=CIRCLE('',#2137,1.6);
#764=CIRCLE('',#2139,1.6);
#765=CIRCLE('',#2140,1.6);
#766=CIRCLE('',#2142,1.6);
#767=CIRCLE('',#2143,1.6);
#768=CIRCLE('',#2149,3.);
#769=CIRCLE('',#2151,3.);
#770=CIRCLE('',#2153,1.6);
#771=CIRCLE('',#2155,3.);
#772=CIRCLE('',#2157,3.);
#773=CIRCLE('',#2159,1.6);
#774=CIRCLE('',#2161,3.);
#775=CIRCLE('',#2163,3.);
#776=CIRCLE('',#2165,1.6);
#777=CIRCLE('',#2167,3.);
#778=CIRCLE('',#2169,3.);
#779=CIRCLE('',#2171,1.6);
#780=CIRCLE('',#2173,3.);
#781=CIRCLE('',#2175,3.);
#782=CIRCLE('',#2177,1.6);
#783=CIRCLE('',#2179,3.);
#784=CIRCLE('',#2181,3.);
#785=CIRCLE('',#2183,1.6);
#786=CIRCLE('',#2185,3.);
#787=CIRCLE('',#2187,3.);
#788=CIRCLE('',#2189,1.6);
#789=CIRCLE('',#2191,3.);
#790=CIRCLE('',#2193,3.);
#791=CIRCLE('',#2195,1.6);
#792=CIRCLE('',#2197,1.6);
#793=CIRCLE('',#2198,1.6);
#794=CIRCLE('',#2201,1.6);
#795=CIRCLE('',#2202,1.6);
#796=VERTEX_POINT('',#2859);
#797=VERTEX_POINT('',#2861);
#798=VERTEX_POINT('',#2865);
#799=VERTEX_POINT('',#2868);
#800=VERTEX_POINT('',#2870);
#801=VERTEX_POINT('',#2874);
#802=VERTEX_POINT('',#2877);
#803=VERTEX_POINT('',#2879);
#804=VERTEX_POINT('',#2883);
#805=VERTEX_POINT('',#2886);
#806=VERTEX_POINT('',#2888);
#807=VERTEX_POINT('',#2892);
#808=VERTEX_POINT('',#2895);
#809=VERTEX_POINT('',#2896);
#810=VERTEX_POINT('',#2898);
#811=VERTEX_POINT('',#2900);
#812=VERTEX_POINT('',#2904);
#813=VERTEX_POINT('',#2905);
#814=VERTEX_POINT('',#2910);
#815=VERTEX_POINT('',#2913);
#816=VERTEX_POINT('',#2914);
#817=VERTEX_POINT('',#2921);
#818=VERTEX_POINT('',#2923);
#819=VERTEX_POINT('',#2926);
#820=VERTEX_POINT('',#2930);
#821=VERTEX_POINT('',#2932);
#822=VERTEX_POINT('',#2936);
#823=VERTEX_POINT('',#2937);
#824=VERTEX_POINT('',#2942);
#825=VERTEX_POINT('',#2945);
#826=VERTEX_POINT('',#2946);
#827=VERTEX_POINT('',#2956);
#828=VERTEX_POINT('',#2959);
#829=VERTEX_POINT('',#2961);
#830=VERTEX_POINT('',#2964);
#831=VERTEX_POINT('',#2966);
#832=VERTEX_POINT('',#2970);
#833=VERTEX_POINT('',#2973);
#834=VERTEX_POINT('',#2975);
#835=VERTEX_POINT('',#2979);
#836=VERTEX_POINT('',#2982);
#837=VERTEX_POINT('',#2984);
#838=VERTEX_POINT('',#2988);
#839=VERTEX_POINT('',#2991);
#840=VERTEX_POINT('',#2993);
#841=VERTEX_POINT('',#2997);
#842=VERTEX_POINT('',#3000);
#843=VERTEX_POINT('',#3004);
#844=VERTEX_POINT('',#3005);
#845=VERTEX_POINT('',#3007);
#846=VERTEX_POINT('',#3009);
#847=VERTEX_POINT('',#3013);
#848=VERTEX_POINT('',#3015);
#849=VERTEX_POINT('',#3019);
#850=VERTEX_POINT('',#3021);
#851=VERTEX_POINT('',#3025);
#852=VERTEX_POINT('',#3027);
#853=VERTEX_POINT('',#3031);
#854=VERTEX_POINT('',#3033);
#855=VERTEX_POINT('',#3037);
#856=VERTEX_POINT('',#3039);
#857=VERTEX_POINT('',#3043);
#858=VERTEX_POINT('',#3045);
#859=VERTEX_POINT('',#3052);
#860=VERTEX_POINT('',#3053);
#861=VERTEX_POINT('',#3055);
#862=VERTEX_POINT('',#3057);
#863=VERTEX_POINT('',#3061);
#864=VERTEX_POINT('',#3063);
#865=VERTEX_POINT('',#3067);
#866=VERTEX_POINT('',#3069);
#867=VERTEX_POINT('',#3073);
#868=VERTEX_POINT('',#3075);
#869=VERTEX_POINT('',#3079);
#870=VERTEX_POINT('',#3081);
#871=VERTEX_POINT('',#3085);
#872=VERTEX_POINT('',#3087);
#873=VERTEX_POINT('',#3091);
#874=VERTEX_POINT('',#3093);
#875=VERTEX_POINT('',#3100);
#876=VERTEX_POINT('',#3101);
#877=VERTEX_POINT('',#3103);
#878=VERTEX_POINT('',#3105);
#879=VERTEX_POINT('',#3109);
#880=VERTEX_POINT('',#3110);
#881=VERTEX_POINT('',#3112);
#882=VERTEX_POINT('',#3114);
#883=VERTEX_POINT('',#3118);
#884=VERTEX_POINT('',#3119);
#885=VERTEX_POINT('',#3121);
#886=VERTEX_POINT('',#3123);
#887=VERTEX_POINT('',#3127);
#888=VERTEX_POINT('',#3128);
#889=VERTEX_POINT('',#3130);
#890=VERTEX_POINT('',#3132);
#891=VERTEX_POINT('',#3136);
#892=VERTEX_POINT('',#3137);
#893=VERTEX_POINT('',#3139);
#894=VERTEX_POINT('',#3141);
#895=VERTEX_POINT('',#3145);
#896=VERTEX_POINT('',#3146);
#897=VERTEX_POINT('',#3148);
#898=VERTEX_POINT('',#3150);
#899=VERTEX_POINT('',#3154);
#900=VERTEX_POINT('',#3155);
#901=VERTEX_POINT('',#3157);
#902=VERTEX_POINT('',#3159);
#903=VERTEX_POINT('',#3163);
#904=VERTEX_POINT('',#3164);
#905=VERTEX_POINT('',#3166);
#906=VERTEX_POINT('',#3168);
#907=VERTEX_POINT('',#3172);
#908=VERTEX_POINT('',#3173);
#909=VERTEX_POINT('',#3175);
#910=VERTEX_POINT('',#3177);
#911=VERTEX_POINT('',#3181);
#912=VERTEX_POINT('',#3182);
#913=VERTEX_POINT('',#3184);
#914=VERTEX_POINT('',#3186);
#915=VERTEX_POINT('',#3190);
#916=VERTEX_POINT('',#3191);
#917=VERTEX_POINT('',#3193);
#918=VERTEX_POINT('',#3195);
#919=VERTEX_POINT('',#3199);
#920=VERTEX_POINT('',#3200);
#921=VERTEX_POINT('',#3202);
#922=VERTEX_POINT('',#3204);
#923=VERTEX_POINT('',#3226);
#924=VERTEX_POINT('',#3228);
#925=VERTEX_POINT('',#3244);
#926=VERTEX_POINT('',#3247);
#927=VERTEX_POINT('',#3250);
#928=VERTEX_POINT('',#3253);
#929=VERTEX_POINT('',#3256);
#930=VERTEX_POINT('',#3259);
#931=VERTEX_POINT('',#3262);
#932=VERTEX_POINT('',#3266);
#933=VERTEX_POINT('',#3269);
#934=VERTEX_POINT('',#3272);
#935=VERTEX_POINT('',#3274);
#936=VERTEX_POINT('',#3277);
#937=VERTEX_POINT('',#3279);
#938=VERTEX_POINT('',#3282);
#939=VERTEX_POINT('',#3284);
#940=VERTEX_POINT('',#3295);
#941=VERTEX_POINT('',#3302);
#942=VERTEX_POINT('',#3305);
#943=VERTEX_POINT('',#3312);
#944=VERTEX_POINT('',#3315);
#945=VERTEX_POINT('',#3322);
#946=VERTEX_POINT('',#3325);
#947=VERTEX_POINT('',#3332);
#948=VERTEX_POINT('',#3335);
#949=VERTEX_POINT('',#3342);
#950=VERTEX_POINT('',#3345);
#951=VERTEX_POINT('',#3352);
#952=VERTEX_POINT('',#3355);
#953=VERTEX_POINT('',#3362);
#954=VERTEX_POINT('',#3365);
#955=VERTEX_POINT('',#3372);
#956=VERTEX_POINT('',#3375);
#957=VERTEX_POINT('',#3377);
#958=VERTEX_POINT('',#3381);
#959=VERTEX_POINT('',#3383);
#960=EDGE_CURVE('',#796,#796,#656,.T.);
#961=EDGE_CURVE('',#796,#797,#378,.T.);
#962=EDGE_CURVE('',#797,#797,#657,.T.);
#963=EDGE_CURVE('',#798,#798,#658,.T.);
#964=EDGE_CURVE('',#799,#799,#659,.T.);
#965=EDGE_CURVE('',#799,#800,#379,.T.);
#966=EDGE_CURVE('',#800,#800,#660,.T.);
#967=EDGE_CURVE('',#801,#801,#661,.T.);
#968=EDGE_CURVE('',#802,#802,#662,.T.);
#969=EDGE_CURVE('',#802,#803,#380,.T.);
#970=EDGE_CURVE('',#803,#803,#663,.T.);
#971=EDGE_CURVE('',#804,#804,#664,.T.);
#972=EDGE_CURVE('',#805,#805,#665,.T.);
#973=EDGE_CURVE('',#805,#806,#381,.T.);
#974=EDGE_CURVE('',#806,#806,#666,.T.);
#975=EDGE_CURVE('',#807,#807,#667,.T.);
#976=EDGE_CURVE('',#808,#809,#668,.T.);
#977=EDGE_CURVE('',#809,#810,#669,.T.);
#978=EDGE_CURVE('',#810,#811,#670,.T.);
#979=EDGE_CURVE('',#811,#808,#671,.T.);
#980=EDGE_CURVE('',#812,#813,#672,.T.);
#981=EDGE_CURVE('',#813,#811,#673,.T.);
#982=EDGE_CURVE('',#811,#810,#674,.T.);
#983=EDGE_CURVE('',#810,#812,#675,.T.);
#984=EDGE_CURVE('',#814,#814,#676,.T.);
#985=EDGE_CURVE('',#815,#816,#677,.T.);
#986=EDGE_CURVE('',#816,#813,#678,.T.);
#987=EDGE_CURVE('',#813,#812,#679,.T.);
#988=EDGE_CURVE('',#812,#815,#680,.T.);
#989=EDGE_CURVE('',#816,#815,#681,.T.);
#990=EDGE_CURVE('',#815,#817,#682,.T.);
#991=EDGE_CURVE('',#817,#818,#683,.T.);
#992=EDGE_CURVE('',#818,#816,#684,.T.);
#993=EDGE_CURVE('',#819,#819,#685,.T.);
#994=EDGE_CURVE('',#818,#817,#686,.T.);
#995=EDGE_CURVE('',#817,#820,#687,.T.);
#996=EDGE_CURVE('',#820,#821,#688,.T.);
#997=EDGE_CURVE('',#821,#818,#689,.T.);
#998=EDGE_CURVE('',#822,#823,#690,.T.);
#999=EDGE_CURVE('',#823,#821,#691,.T.);
#1000=EDGE_CURVE('',#821,#820,#692,.T.);
#1001=EDGE_CURVE('',#820,#822,#693,.T.);
#1002=EDGE_CURVE('',#824,#824,#694,.T.);
#1003=EDGE_CURVE('',#825,#826,#695,.T.);
#1004=EDGE_CURVE('',#826,#823,#696,.T.);
#1005=EDGE_CURVE('',#823,#822,#697,.T.);
#1006=EDGE_CURVE('',#822,#825,#698,.T.);
#1007=EDGE_CURVE('',#826,#825,#699,.T.);
#1008=EDGE_CURVE('',#825,#809,#700,.T.);
#1009=EDGE_CURVE('',#809,#808,#701,.T.);
#1010=EDGE_CURVE('',#808,#826,#702,.T.);
#1011=EDGE_CURVE('',#827,#827,#703,.T.);
#1012=EDGE_CURVE('',#828,#828,#704,.T.);
#1013=EDGE_CURVE('',#829,#829,#705,.T.);
#1014=EDGE_CURVE('',#830,#830,#706,.T.);
#1015=EDGE_CURVE('',#830,#831,#382,.T.);
#1016=EDGE_CURVE('',#831,#831,#707,.T.);
#1017=EDGE_CURVE('',#832,#832,#708,.T.);
#1018=EDGE_CURVE('',#833,#833,#709,.T.);
#1019=EDGE_CURVE('',#833,#834,#383,.T.);
#1020=EDGE_CURVE('',#834,#834,#710,.T.);
#1021=EDGE_CURVE('',#835,#835,#711,.T.);
#1022=EDGE_CURVE('',#836,#836,#712,.T.);
#1023=EDGE_CURVE('',#836,#837,#384,.T.);
#1024=EDGE_CURVE('',#837,#837,#713,.T.);
#1025=EDGE_CURVE('',#838,#838,#714,.T.);
#1026=EDGE_CURVE('',#839,#839,#715,.T.);
#1027=EDGE_CURVE('',#839,#840,#385,.T.);
#1028=EDGE_CURVE('',#840,#840,#716,.T.);
#1029=EDGE_CURVE('',#841,#841,#717,.T.);
#1030=EDGE_CURVE('',#829,#842,#386,.T.);
#1031=EDGE_CURVE('',#842,#842,#718,.T.);
#1032=EDGE_CURVE('',#843,#844,#387,.T.);
#1033=EDGE_CURVE('',#843,#845,#388,.T.);
#1034=EDGE_CURVE('',#846,#845,#389,.T.);
#1035=EDGE_CURVE('',#844,#846,#390,.T.);
#1036=EDGE_CURVE('',#847,#843,#719,.T.);
#1037=EDGE_CURVE('',#847,#848,#391,.T.);
#1038=EDGE_CURVE('',#845,#848,#720,.T.);
#1039=EDGE_CURVE('',#849,#847,#392,.T.);
#1040=EDGE_CURVE('',#849,#850,#393,.T.);
#1041=EDGE_CURVE('',#848,#850,#394,.T.);
#1042=EDGE_CURVE('',#851,#849,#721,.T.);
#1043=EDGE_CURVE('',#851,#852,#395,.T.);
#1044=EDGE_CURVE('',#850,#852,#722,.T.);
#1045=EDGE_CURVE('',#853,#851,#396,.T.);
#1046=EDGE_CURVE('',#853,#854,#397,.T.);
#1047=EDGE_CURVE('',#852,#854,#398,.T.);
#1048=EDGE_CURVE('',#855,#853,#723,.T.);
#1049=EDGE_CURVE('',#855,#856,#399,.T.);
#1050=EDGE_CURVE('',#854,#856,#724,.T.);
#1051=EDGE_CURVE('',#857,#855,#400,.T.);
#1052=EDGE_CURVE('',#857,#858,#401,.T.);
#1053=EDGE_CURVE('',#856,#858,#402,.T.);
#1054=EDGE_CURVE('',#844,#857,#725,.T.);
#1055=EDGE_CURVE('',#858,#846,#726,.T.);
#1056=EDGE_CURVE('',#859,#860,#403,.T.);
#1057=EDGE_CURVE('',#859,#861,#404,.T.);
#1058=EDGE_CURVE('',#862,#861,#405,.T.);
#1059=EDGE_CURVE('',#860,#862,#406,.T.);
#1060=EDGE_CURVE('',#863,#859,#727,.T.);
#1061=EDGE_CURVE('',#863,#864,#407,.T.);
#1062=EDGE_CURVE('',#861,#864,#728,.T.);
#1063=EDGE_CURVE('',#865,#863,#408,.T.);
#1064=EDGE_CURVE('',#865,#866,#409,.T.);
#1065=EDGE_CURVE('',#864,#866,#410,.T.);
#1066=EDGE_CURVE('',#867,#865,#729,.T.);
#1067=EDGE_CURVE('',#867,#868,#411,.T.);
#1068=EDGE_CURVE('',#866,#868,#730,.T.);
#1069=EDGE_CURVE('',#869,#867,#412,.T.);
#1070=EDGE_CURVE('',#869,#870,#413,.T.);
#1071=EDGE_CURVE('',#868,#870,#414,.T.);
#1072=EDGE_CURVE('',#871,#869,#731,.T.);
#1073=EDGE_CURVE('',#871,#872,#415,.T.);
#1074=EDGE_CURVE('',#870,#872,#732,.T.);
#1075=EDGE_CURVE('',#873,#871,#416,.T.);
#1076=EDGE_CURVE('',#873,#874,#417,.T.);
#1077=EDGE_CURVE('',#872,#874,#418,.T.);
#1078=EDGE_CURVE('',#860,#873,#733,.T.);
#1079=EDGE_CURVE('',#874,#862,#734,.T.);
#1080=EDGE_CURVE('',#875,#876,#419,.T.);
#1081=EDGE_CURVE('',#877,#875,#420,.T.);
#1082=EDGE_CURVE('',#877,#878,#421,.T.);
#1083=EDGE_CURVE('',#876,#878,#422,.T.);
#1084=EDGE_CURVE('',#879,#880,#423,.T.);
#1085=EDGE_CURVE('',#881,#879,#424,.T.);
#1086=EDGE_CURVE('',#881,#882,#425,.T.);
#1087=EDGE_CURVE('',#880,#882,#426,.T.);
#1088=EDGE_CURVE('',#883,#884,#427,.T.);
#1089=EDGE_CURVE('',#885,#883,#428,.T.);
#1090=EDGE_CURVE('',#885,#886,#429,.T.);
#1091=EDGE_CURVE('',#884,#886,#430,.T.);
#1092=EDGE_CURVE('',#887,#888,#431,.T.);
#1093=EDGE_CURVE('',#889,#887,#432,.T.);
#1094=EDGE_CURVE('',#889,#890,#433,.T.);
#1095=EDGE_CURVE('',#888,#890,#434,.T.);
#1096=EDGE_CURVE('',#891,#892,#435,.T.);
#1097=EDGE_CURVE('',#893,#891,#436,.T.);
#1098=EDGE_CURVE('',#893,#894,#437,.T.);
#1099=EDGE_CURVE('',#892,#894,#438,.T.);
#1100=EDGE_CURVE('',#895,#896,#439,.T.);
#1101=EDGE_CURVE('',#897,#895,#440,.T.);
#1102=EDGE_CURVE('',#897,#898,#441,.T.);
#1103=EDGE_CURVE('',#896,#898,#442,.T.);
#1104=EDGE_CURVE('',#899,#900,#443,.T.);
#1105=EDGE_CURVE('',#901,#899,#444,.T.);
#1106=EDGE_CURVE('',#901,#902,#445,.T.);
#1107=EDGE_CURVE('',#900,#902,#446,.T.);
#1108=EDGE_CURVE('',#903,#904,#447,.T.);
#1109=EDGE_CURVE('',#905,#903,#448,.T.);
#1110=EDGE_CURVE('',#905,#906,#449,.T.);
#1111=EDGE_CURVE('',#904,#906,#450,.T.);
#1112=EDGE_CURVE('',#907,#908,#451,.T.);
#1113=EDGE_CURVE('',#909,#907,#452,.T.);
#1114=EDGE_CURVE('',#909,#910,#453,.T.);
#1115=EDGE_CURVE('',#908,#910,#454,.T.);
#1116=EDGE_CURVE('',#911,#912,#455,.T.);
#1117=EDGE_CURVE('',#913,#911,#456,.T.);
#1118=EDGE_CURVE('',#913,#914,#457,.T.);
#1119=EDGE_CURVE('',#912,#914,#458,.T.);
#1120=EDGE_CURVE('',#915,#916,#459,.T.);
#1121=EDGE_CURVE('',#917,#915,#460,.T.);
#1122=EDGE_CURVE('',#917,#918,#461,.T.);
#1123=EDGE_CURVE('',#916,#918,#462,.T.);
#1124=EDGE_CURVE('',#919,#920,#463,.T.);
#1125=EDGE_CURVE('',#921,#919,#464,.T.);
#1126=EDGE_CURVE('',#921,#922,#465,.T.);
#1127=EDGE_CURVE('',#920,#922,#466,.T.);
#1128=EDGE_CURVE('',#902,#913,#735,.T.);
#1129=EDGE_CURVE('',#900,#911,#736,.T.);
#1130=EDGE_CURVE('',#894,#921,#737,.T.);
#1131=EDGE_CURVE('',#892,#919,#738,.T.);
#1132=EDGE_CURVE('',#890,#897,#739,.T.);
#1133=EDGE_CURVE('',#888,#895,#740,.T.);
#1134=EDGE_CURVE('',#908,#883,#741,.T.);
#1135=EDGE_CURVE('',#910,#885,#742,.T.);
#1136=EDGE_CURVE('',#878,#905,#743,.T.);
#1137=EDGE_CURVE('',#876,#903,#744,.T.);
#1138=EDGE_CURVE('',#916,#879,#745,.T.);
#1139=EDGE_CURVE('',#918,#881,#746,.T.);
#1140=EDGE_CURVE('',#808,#923,#467,.T.);
#1141=EDGE_CURVE('',#923,#924,#468,.T.);
#1142=EDGE_CURVE('',#884,#924,#747,.T.);
#1143=EDGE_CURVE('',#886,#889,#748,.T.);
#1144=EDGE_CURVE('',#896,#887,#749,.T.);
#1145=EDGE_CURVE('',#898,#893,#750,.T.);
#1146=EDGE_CURVE('',#920,#891,#751,.T.);
#1147=EDGE_CURVE('',#922,#917,#752,.T.);
#1148=EDGE_CURVE('',#880,#915,#753,.T.);
#1149=EDGE_CURVE('',#882,#877,#754,.T.);
#1150=EDGE_CURVE('',#904,#875,#755,.T.);
#1151=EDGE_CURVE('',#906,#901,#756,.T.);
#1152=EDGE_CURVE('',#912,#899,#757,.T.);
#1153=EDGE_CURVE('',#914,#909,#758,.T.);
#1154=EDGE_CURVE('',#924,#907,#759,.T.);
#1155=EDGE_CURVE('',#808,#923,#469,.T.);
#1156=EDGE_CURVE('',#811,#925,#470,.T.);
#1157=EDGE_CURVE('',#811,#925,#471,.T.);
#1158=EDGE_CURVE('',#813,#926,#472,.T.);
#1159=EDGE_CURVE('',#813,#926,#473,.T.);
#1160=EDGE_CURVE('',#816,#927,#474,.T.);
#1161=EDGE_CURVE('',#816,#927,#475,.T.);
#1162=EDGE_CURVE('',#818,#928,#476,.T.);
#1163=EDGE_CURVE('',#818,#928,#477,.T.);
#1164=EDGE_CURVE('',#821,#929,#478,.T.);
#1165=EDGE_CURVE('',#821,#929,#479,.T.);
#1166=EDGE_CURVE('',#823,#930,#480,.T.);
#1167=EDGE_CURVE('',#823,#930,#481,.T.);
#1168=EDGE_CURVE('',#826,#931,#482,.T.);
#1169=EDGE_CURVE('',#826,#931,#483,.T.);
#1170=EDGE_CURVE('',#932,#932,#760,.T.);
#1171=EDGE_CURVE('',#933,#933,#761,.T.);
#1172=EDGE_CURVE('',#934,#934,#762,.T.);
#1173=EDGE_CURVE('',#935,#935,#763,.T.);
#1174=EDGE_CURVE('',#936,#936,#764,.T.);
#1175=EDGE_CURVE('',#937,#937,#765,.T.);
#1176=EDGE_CURVE('',#938,#938,#766,.T.);
#1177=EDGE_CURVE('',#939,#939,#767,.T.);
#1178=EDGE_CURVE('',#832,#798,#484,.T.);
#1179=EDGE_CURVE('',#838,#801,#485,.T.);
#1180=EDGE_CURVE('',#841,#804,#486,.T.);
#1181=EDGE_CURVE('',#835,#807,#487,.T.);
#1182=EDGE_CURVE('',#931,#940,#768,.T.);
#1183=EDGE_CURVE('',#825,#940,#488,.T.);
#1184=EDGE_CURVE('',#825,#940,#489,.T.);
#1185=EDGE_CURVE('',#940,#931,#769,.T.);
#1186=EDGE_CURVE('',#941,#941,#770,.T.);
#1187=EDGE_CURVE('',#815,#942,#490,.T.);
#1188=EDGE_CURVE('',#942,#927,#771,.T.);
#1189=EDGE_CURVE('',#815,#942,#491,.T.);
#1190=EDGE_CURVE('',#927,#942,#772,.T.);
#1191=EDGE_CURVE('',#943,#943,#773,.T.);
#1192=EDGE_CURVE('',#928,#944,#774,.T.);
#1193=EDGE_CURVE('',#817,#944,#492,.T.);
#1194=EDGE_CURVE('',#817,#944,#493,.T.);
#1195=EDGE_CURVE('',#944,#928,#775,.T.);
#1196=EDGE_CURVE('',#945,#945,#776,.T.);
#1197=EDGE_CURVE('',#809,#946,#494,.T.);
#1198=EDGE_CURVE('',#946,#923,#777,.T.);
#1199=EDGE_CURVE('',#809,#946,#495,.T.);
#1200=EDGE_CURVE('',#923,#946,#778,.T.);
#1201=EDGE_CURVE('',#947,#947,#779,.T.);
#1202=EDGE_CURVE('',#930,#948,#780,.T.);
#1203=EDGE_CURVE('',#822,#948,#496,.T.);
#1204=EDGE_CURVE('',#822,#948,#497,.T.);
#1205=EDGE_CURVE('',#948,#930,#781,.T.);
#1206=EDGE_CURVE('',#949,#949,#782,.T.);
#1207=EDGE_CURVE('',#812,#950,#498,.T.);
#1208=EDGE_CURVE('',#950,#926,#783,.T.);
#1209=EDGE_CURVE('',#812,#950,#499,.T.);
#1210=EDGE_CURVE('',#926,#950,#784,.T.);
#1211=EDGE_CURVE('',#951,#951,#785,.T.);
#1212=EDGE_CURVE('',#929,#952,#786,.T.);
#1213=EDGE_CURVE('',#820,#952,#500,.T.);
#1214=EDGE_CURVE('',#820,#952,#501,.T.);
#1215=EDGE_CURVE('',#952,#929,#787,.T.);
#1216=EDGE_CURVE('',#953,#953,#788,.T.);
#1217=EDGE_CURVE('',#810,#954,#502,.T.);
#1218=EDGE_CURVE('',#954,#925,#789,.T.);
#1219=EDGE_CURVE('',#810,#954,#503,.T.);
#1220=EDGE_CURVE('',#925,#954,#790,.T.);
#1221=EDGE_CURVE('',#955,#955,#791,.T.);
#1222=EDGE_CURVE('',#956,#956,#792,.T.);
#1223=EDGE_CURVE('',#957,#957,#793,.T.);
#1224=EDGE_CURVE('',#958,#958,#794,.T.);
#1225=EDGE_CURVE('',#959,#959,#795,.T.);
#1226=EDGE_CURVE('',#949,#935,#504,.T.);
#1227=EDGE_CURVE('',#945,#957,#505,.T.);
#1228=EDGE_CURVE('',#955,#936,#506,.T.);
#1229=EDGE_CURVE('',#940,#828,#507,.T.);
#1230=EDGE_CURVE('',#827,#959,#508,.T.);
#1231=EDGE_CURVE('',#824,#933,#509,.T.);
#1232=EDGE_CURVE('',#953,#956,#510,.T.);
#1233=EDGE_CURVE('',#819,#958,#511,.T.);
#1234=EDGE_CURVE('',#951,#938,#512,.T.);
#1235=EDGE_CURVE('',#947,#937,#513,.T.);
#1236=EDGE_CURVE('',#941,#934,#514,.T.);
#1237=EDGE_CURVE('',#943,#939,#515,.T.);
#1238=EDGE_CURVE('',#814,#932,#516,.T.);
#1239=ORIENTED_EDGE('',*,*,#960,.F.);
#1240=ORIENTED_EDGE('',*,*,#961,.T.);
#1241=ORIENTED_EDGE('',*,*,#962,.F.);
#1242=ORIENTED_EDGE('',*,*,#961,.F.);
#1243=ORIENTED_EDGE('',*,*,#960,.T.);
#1244=ORIENTED_EDGE('',*,*,#963,.T.);
#1245=ORIENTED_EDGE('',*,*,#964,.F.);
#1246=ORIENTED_EDGE('',*,*,#965,.T.);
#1247=ORIENTED_EDGE('',*,*,#966,.F.);
#1248=ORIENTED_EDGE('',*,*,#965,.F.);
#1249=ORIENTED_EDGE('',*,*,#964,.T.);
#1250=ORIENTED_EDGE('',*,*,#967,.T.);
#1251=ORIENTED_EDGE('',*,*,#968,.F.);
#1252=ORIENTED_EDGE('',*,*,#969,.T.);
#1253=ORIENTED_EDGE('',*,*,#970,.F.);
#1254=ORIENTED_EDGE('',*,*,#969,.F.);
#1255=ORIENTED_EDGE('',*,*,#968,.T.);
#1256=ORIENTED_EDGE('',*,*,#971,.T.);
#1257=ORIENTED_EDGE('',*,*,#972,.F.);
#1258=ORIENTED_EDGE('',*,*,#973,.T.);
#1259=ORIENTED_EDGE('',*,*,#974,.F.);
#1260=ORIENTED_EDGE('',*,*,#973,.F.);
#1261=ORIENTED_EDGE('',*,*,#972,.T.);
#1262=ORIENTED_EDGE('',*,*,#975,.T.);
#1263=ORIENTED_EDGE('',*,*,#976,.T.);
#1264=ORIENTED_EDGE('',*,*,#977,.T.);
#1265=ORIENTED_EDGE('',*,*,#978,.T.);
#1266=ORIENTED_EDGE('',*,*,#979,.T.);
#1267=ORIENTED_EDGE('',*,*,#980,.T.);
#1268=ORIENTED_EDGE('',*,*,#981,.T.);
#1269=ORIENTED_EDGE('',*,*,#982,.T.);
#1270=ORIENTED_EDGE('',*,*,#983,.T.);
#1271=ORIENTED_EDGE('',*,*,#984,.T.);
#1272=ORIENTED_EDGE('',*,*,#985,.T.);
#1273=ORIENTED_EDGE('',*,*,#986,.T.);
#1274=ORIENTED_EDGE('',*,*,#987,.T.);
#1275=ORIENTED_EDGE('',*,*,#988,.T.);
#1276=ORIENTED_EDGE('',*,*,#989,.T.);
#1277=ORIENTED_EDGE('',*,*,#990,.T.);
#1278=ORIENTED_EDGE('',*,*,#991,.T.);
#1279=ORIENTED_EDGE('',*,*,#992,.T.);
#1280=ORIENTED_EDGE('',*,*,#993,.T.);
#1281=ORIENTED_EDGE('',*,*,#994,.T.);
#1282=ORIENTED_EDGE('',*,*,#995,.T.);
#1283=ORIENTED_EDGE('',*,*,#996,.T.);
#1284=ORIENTED_EDGE('',*,*,#997,.T.);
#1285=ORIENTED_EDGE('',*,*,#998,.T.);
#1286=ORIENTED_EDGE('',*,*,#999,.T.);
#1287=ORIENTED_EDGE('',*,*,#1000,.T.);
#1288=ORIENTED_EDGE('',*,*,#1001,.T.);
#1289=ORIENTED_EDGE('',*,*,#1002,.T.);
#1290=ORIENTED_EDGE('',*,*,#1003,.T.);
#1291=ORIENTED_EDGE('',*,*,#1004,.T.);
#1292=ORIENTED_EDGE('',*,*,#1005,.T.);
#1293=ORIENTED_EDGE('',*,*,#1006,.T.);
#1294=ORIENTED_EDGE('',*,*,#1007,.T.);
#1295=ORIENTED_EDGE('',*,*,#1008,.T.);
#1296=ORIENTED_EDGE('',*,*,#1009,.T.);
#1297=ORIENTED_EDGE('',*,*,#1010,.T.);
#1298=ORIENTED_EDGE('',*,*,#1011,.T.);
#1299=ORIENTED_EDGE('',*,*,#1012,.F.);
#1300=ORIENTED_EDGE('',*,*,#1013,.T.);
#1301=ORIENTED_EDGE('',*,*,#1014,.F.);
#1302=ORIENTED_EDGE('',*,*,#1015,.T.);
#1303=ORIENTED_EDGE('',*,*,#1016,.F.);
#1304=ORIENTED_EDGE('',*,*,#1015,.F.);
#1305=ORIENTED_EDGE('',*,*,#1014,.T.);
#1306=ORIENTED_EDGE('',*,*,#1017,.T.);
#1307=ORIENTED_EDGE('',*,*,#1018,.F.);
#1308=ORIENTED_EDGE('',*,*,#1019,.T.);
#1309=ORIENTED_EDGE('',*,*,#1020,.F.);
#1310=ORIENTED_EDGE('',*,*,#1019,.F.);
#1311=ORIENTED_EDGE('',*,*,#1018,.T.);
#1312=ORIENTED_EDGE('',*,*,#1021,.T.);
#1313=ORIENTED_EDGE('',*,*,#1022,.F.);
#1314=ORIENTED_EDGE('',*,*,#1023,.T.);
#1315=ORIENTED_EDGE('',*,*,#1024,.F.);
#1316=ORIENTED_EDGE('',*,*,#1023,.F.);
#1317=ORIENTED_EDGE('',*,*,#1022,.T.);
#1318=ORIENTED_EDGE('',*,*,#1025,.T.);
#1319=ORIENTED_EDGE('',*,*,#1026,.F.);
#1320=ORIENTED_EDGE('',*,*,#1027,.T.);
#1321=ORIENTED_EDGE('',*,*,#1028,.F.);
#1322=ORIENTED_EDGE('',*,*,#1027,.F.);
#1323=ORIENTED_EDGE('',*,*,#1026,.T.);
#1324=ORIENTED_EDGE('',*,*,#1029,.T.);
#1325=ORIENTED_EDGE('',*,*,#1013,.F.);
#1326=ORIENTED_EDGE('',*,*,#1030,.T.);
#1327=ORIENTED_EDGE('',*,*,#1031,.F.);
#1328=ORIENTED_EDGE('',*,*,#1030,.F.);
#1329=ORIENTED_EDGE('',*,*,#1032,.F.);
#1330=ORIENTED_EDGE('',*,*,#1033,.T.);
#1331=ORIENTED_EDGE('',*,*,#1034,.F.);
#1332=ORIENTED_EDGE('',*,*,#1035,.F.);
#1333=ORIENTED_EDGE('',*,*,#1036,.F.);
#1334=ORIENTED_EDGE('',*,*,#1037,.T.);
#1335=ORIENTED_EDGE('',*,*,#1038,.F.);
#1336=ORIENTED_EDGE('',*,*,#1033,.F.);
#1337=ORIENTED_EDGE('',*,*,#1039,.F.);
#1338=ORIENTED_EDGE('',*,*,#1040,.T.);
#1339=ORIENTED_EDGE('',*,*,#1041,.F.);
#1340=ORIENTED_EDGE('',*,*,#1037,.F.);
#1341=ORIENTED_EDGE('',*,*,#1042,.F.);
#1342=ORIENTED_EDGE('',*,*,#1043,.T.);
#1343=ORIENTED_EDGE('',*,*,#1044,.F.);
#1344=ORIENTED_EDGE('',*,*,#1040,.F.);
#1345=ORIENTED_EDGE('',*,*,#1045,.F.);
#1346=ORIENTED_EDGE('',*,*,#1046,.T.);
#1347=ORIENTED_EDGE('',*,*,#1047,.F.);
#1348=ORIENTED_EDGE('',*,*,#1043,.F.);
#1349=ORIENTED_EDGE('',*,*,#1048,.F.);
#1350=ORIENTED_EDGE('',*,*,#1049,.T.);
#1351=ORIENTED_EDGE('',*,*,#1050,.F.);
#1352=ORIENTED_EDGE('',*,*,#1046,.F.);
#1353=ORIENTED_EDGE('',*,*,#1051,.F.);
#1354=ORIENTED_EDGE('',*,*,#1052,.T.);
#1355=ORIENTED_EDGE('',*,*,#1053,.F.);
#1356=ORIENTED_EDGE('',*,*,#1049,.F.);
#1357=ORIENTED_EDGE('',*,*,#1054,.F.);
#1358=ORIENTED_EDGE('',*,*,#1035,.T.);
#1359=ORIENTED_EDGE('',*,*,#1055,.F.);
#1360=ORIENTED_EDGE('',*,*,#1052,.F.);
#1361=ORIENTED_EDGE('',*,*,#1056,.F.);
#1362=ORIENTED_EDGE('',*,*,#1057,.T.);
#1363=ORIENTED_EDGE('',*,*,#1058,.F.);
#1364=ORIENTED_EDGE('',*,*,#1059,.F.);
#1365=ORIENTED_EDGE('',*,*,#1060,.F.);
#1366=ORIENTED_EDGE('',*,*,#1061,.T.);
#1367=ORIENTED_EDGE('',*,*,#1062,.F.);
#1368=ORIENTED_EDGE('',*,*,#1057,.F.);
#1369=ORIENTED_EDGE('',*,*,#1063,.F.);
#1370=ORIENTED_EDGE('',*,*,#1064,.T.);
#1371=ORIENTED_EDGE('',*,*,#1065,.F.);
#1372=ORIENTED_EDGE('',*,*,#1061,.F.);
#1373=ORIENTED_EDGE('',*,*,#1066,.F.);
#1374=ORIENTED_EDGE('',*,*,#1067,.T.);
#1375=ORIENTED_EDGE('',*,*,#1068,.F.);
#1376=ORIENTED_EDGE('',*,*,#1064,.F.);
#1377=ORIENTED_EDGE('',*,*,#1069,.F.);
#1378=ORIENTED_EDGE('',*,*,#1070,.T.);
#1379=ORIENTED_EDGE('',*,*,#1071,.F.);
#1380=ORIENTED_EDGE('',*,*,#1067,.F.);
#1381=ORIENTED_EDGE('',*,*,#1072,.F.);
#1382=ORIENTED_EDGE('',*,*,#1073,.T.);
#1383=ORIENTED_EDGE('',*,*,#1074,.F.);
#1384=ORIENTED_EDGE('',*,*,#1070,.F.);
#1385=ORIENTED_EDGE('',*,*,#1075,.F.);
#1386=ORIENTED_EDGE('',*,*,#1076,.T.);
#1387=ORIENTED_EDGE('',*,*,#1077,.F.);
#1388=ORIENTED_EDGE('',*,*,#1073,.F.);
#1389=ORIENTED_EDGE('',*,*,#1078,.F.);
#1390=ORIENTED_EDGE('',*,*,#1059,.T.);
#1391=ORIENTED_EDGE('',*,*,#1079,.F.);
#1392=ORIENTED_EDGE('',*,*,#1076,.F.);
#1393=ORIENTED_EDGE('',*,*,#1080,.F.);
#1394=ORIENTED_EDGE('',*,*,#1081,.F.);
#1395=ORIENTED_EDGE('',*,*,#1082,.T.);
#1396=ORIENTED_EDGE('',*,*,#1083,.F.);
#1397=ORIENTED_EDGE('',*,*,#1084,.F.);
#1398=ORIENTED_EDGE('',*,*,#1085,.F.);
#1399=ORIENTED_EDGE('',*,*,#1086,.T.);
#1400=ORIENTED_EDGE('',*,*,#1087,.F.);
#1401=ORIENTED_EDGE('',*,*,#1088,.F.);
#1402=ORIENTED_EDGE('',*,*,#1089,.F.);
#1403=ORIENTED_EDGE('',*,*,#1090,.T.);
#1404=ORIENTED_EDGE('',*,*,#1091,.F.);
#1405=ORIENTED_EDGE('',*,*,#1092,.F.);
#1406=ORIENTED_EDGE('',*,*,#1093,.F.);
#1407=ORIENTED_EDGE('',*,*,#1094,.T.);
#1408=ORIENTED_EDGE('',*,*,#1095,.F.);
#1409=ORIENTED_EDGE('',*,*,#1096,.F.);
#1410=ORIENTED_EDGE('',*,*,#1097,.F.);
#1411=ORIENTED_EDGE('',*,*,#1098,.T.);
#1412=ORIENTED_EDGE('',*,*,#1099,.F.);
#1413=ORIENTED_EDGE('',*,*,#1100,.F.);
#1414=ORIENTED_EDGE('',*,*,#1101,.F.);
#1415=ORIENTED_EDGE('',*,*,#1102,.T.);
#1416=ORIENTED_EDGE('',*,*,#1103,.F.);
#1417=ORIENTED_EDGE('',*,*,#1104,.F.);
#1418=ORIENTED_EDGE('',*,*,#1105,.F.);
#1419=ORIENTED_EDGE('',*,*,#1106,.T.);
#1420=ORIENTED_EDGE('',*,*,#1107,.F.);
#1421=ORIENTED_EDGE('',*,*,#1108,.F.);
#1422=ORIENTED_EDGE('',*,*,#1109,.F.);
#1423=ORIENTED_EDGE('',*,*,#1110,.T.);
#1424=ORIENTED_EDGE('',*,*,#1111,.F.);
#1425=ORIENTED_EDGE('',*,*,#1112,.F.);
#1426=ORIENTED_EDGE('',*,*,#1113,.F.);
#1427=ORIENTED_EDGE('',*,*,#1114,.T.);
#1428=ORIENTED_EDGE('',*,*,#1115,.F.);
#1429=ORIENTED_EDGE('',*,*,#1116,.F.);
#1430=ORIENTED_EDGE('',*,*,#1117,.F.);
#1431=ORIENTED_EDGE('',*,*,#1118,.T.);
#1432=ORIENTED_EDGE('',*,*,#1119,.F.);
#1433=ORIENTED_EDGE('',*,*,#1120,.F.);
#1434=ORIENTED_EDGE('',*,*,#1121,.F.);
#1435=ORIENTED_EDGE('',*,*,#1122,.T.);
#1436=ORIENTED_EDGE('',*,*,#1123,.F.);
#1437=ORIENTED_EDGE('',*,*,#1124,.F.);
#1438=ORIENTED_EDGE('',*,*,#1125,.F.);
#1439=ORIENTED_EDGE('',*,*,#1126,.T.);
#1440=ORIENTED_EDGE('',*,*,#1127,.F.);
#1441=ORIENTED_EDGE('',*,*,#1107,.T.);
#1442=ORIENTED_EDGE('',*,*,#1128,.T.);
#1443=ORIENTED_EDGE('',*,*,#1117,.T.);
#1444=ORIENTED_EDGE('',*,*,#1129,.F.);
#1445=ORIENTED_EDGE('',*,*,#1099,.T.);
#1446=ORIENTED_EDGE('',*,*,#1130,.T.);
#1447=ORIENTED_EDGE('',*,*,#1125,.T.);
#1448=ORIENTED_EDGE('',*,*,#1131,.F.);
#1449=ORIENTED_EDGE('',*,*,#1095,.T.);
#1450=ORIENTED_EDGE('',*,*,#1132,.T.);
#1451=ORIENTED_EDGE('',*,*,#1101,.T.);
#1452=ORIENTED_EDGE('',*,*,#1133,.F.);
#1453=ORIENTED_EDGE('',*,*,#1089,.T.);
#1454=ORIENTED_EDGE('',*,*,#1134,.F.);
#1455=ORIENTED_EDGE('',*,*,#1115,.T.);
#1456=ORIENTED_EDGE('',*,*,#1135,.T.);
#1457=ORIENTED_EDGE('',*,*,#1083,.T.);
#1458=ORIENTED_EDGE('',*,*,#1136,.T.);
#1459=ORIENTED_EDGE('',*,*,#1109,.T.);
#1460=ORIENTED_EDGE('',*,*,#1137,.F.);
#1461=ORIENTED_EDGE('',*,*,#1085,.T.);
#1462=ORIENTED_EDGE('',*,*,#1138,.F.);
#1463=ORIENTED_EDGE('',*,*,#1123,.T.);
#1464=ORIENTED_EDGE('',*,*,#1139,.T.);
#1465=ORIENTED_EDGE('',*,*,#1140,.T.);
#1466=ORIENTED_EDGE('',*,*,#1141,.T.);
#1467=ORIENTED_EDGE('',*,*,#1142,.F.);
#1468=ORIENTED_EDGE('',*,*,#1091,.T.);
#1469=ORIENTED_EDGE('',*,*,#1143,.T.);
#1470=ORIENTED_EDGE('',*,*,#1093,.T.);
#1471=ORIENTED_EDGE('',*,*,#1144,.F.);
#1472=ORIENTED_EDGE('',*,*,#1103,.T.);
#1473=ORIENTED_EDGE('',*,*,#1145,.T.);
#1474=ORIENTED_EDGE('',*,*,#1097,.T.);
#1475=ORIENTED_EDGE('',*,*,#1146,.F.);
#1476=ORIENTED_EDGE('',*,*,#1127,.T.);
#1477=ORIENTED_EDGE('',*,*,#1147,.T.);
#1478=ORIENTED_EDGE('',*,*,#1121,.T.);
#1479=ORIENTED_EDGE('',*,*,#1148,.F.);
#1480=ORIENTED_EDGE('',*,*,#1087,.T.);
#1481=ORIENTED_EDGE('',*,*,#1149,.T.);
#1482=ORIENTED_EDGE('',*,*,#1081,.T.);
#1483=ORIENTED_EDGE('',*,*,#1150,.F.);
#1484=ORIENTED_EDGE('',*,*,#1111,.T.);
#1485=ORIENTED_EDGE('',*,*,#1151,.T.);
#1486=ORIENTED_EDGE('',*,*,#1105,.T.);
#1487=ORIENTED_EDGE('',*,*,#1152,.F.);
#1488=ORIENTED_EDGE('',*,*,#1119,.T.);
#1489=ORIENTED_EDGE('',*,*,#1153,.T.);
#1490=ORIENTED_EDGE('',*,*,#1113,.T.);
#1491=ORIENTED_EDGE('',*,*,#1154,.F.);
#1492=ORIENTED_EDGE('',*,*,#1141,.F.);
#1493=ORIENTED_EDGE('',*,*,#1155,.F.);
#1494=ORIENTED_EDGE('',*,*,#979,.F.);
#1495=ORIENTED_EDGE('',*,*,#1156,.T.);
#1496=ORIENTED_EDGE('',*,*,#1157,.F.);
#1497=ORIENTED_EDGE('',*,*,#981,.F.);
#1498=ORIENTED_EDGE('',*,*,#1158,.T.);
#1499=ORIENTED_EDGE('',*,*,#1159,.F.);
#1500=ORIENTED_EDGE('',*,*,#986,.F.);
#1501=ORIENTED_EDGE('',*,*,#1160,.T.);
#1502=ORIENTED_EDGE('',*,*,#1161,.F.);
#1503=ORIENTED_EDGE('',*,*,#992,.F.);
#1504=ORIENTED_EDGE('',*,*,#1162,.T.);
#1505=ORIENTED_EDGE('',*,*,#1163,.F.);
#1506=ORIENTED_EDGE('',*,*,#997,.F.);
#1507=ORIENTED_EDGE('',*,*,#1164,.T.);
#1508=ORIENTED_EDGE('',*,*,#1165,.F.);
#1509=ORIENTED_EDGE('',*,*,#999,.F.);
#1510=ORIENTED_EDGE('',*,*,#1166,.T.);
#1511=ORIENTED_EDGE('',*,*,#1167,.F.);
#1512=ORIENTED_EDGE('',*,*,#1004,.F.);
#1513=ORIENTED_EDGE('',*,*,#1168,.T.);
#1514=ORIENTED_EDGE('',*,*,#1169,.F.);
#1515=ORIENTED_EDGE('',*,*,#1010,.F.);
#1516=ORIENTED_EDGE('',*,*,#1104,.T.);
#1517=ORIENTED_EDGE('',*,*,#1129,.T.);
#1518=ORIENTED_EDGE('',*,*,#1116,.T.);
#1519=ORIENTED_EDGE('',*,*,#1152,.T.);
#1520=ORIENTED_EDGE('',*,*,#1170,.T.);
#1521=ORIENTED_EDGE('',*,*,#1096,.T.);
#1522=ORIENTED_EDGE('',*,*,#1131,.T.);
#1523=ORIENTED_EDGE('',*,*,#1124,.T.);
#1524=ORIENTED_EDGE('',*,*,#1146,.T.);
#1525=ORIENTED_EDGE('',*,*,#1171,.T.);
#1526=ORIENTED_EDGE('',*,*,#1092,.T.);
#1527=ORIENTED_EDGE('',*,*,#1133,.T.);
#1528=ORIENTED_EDGE('',*,*,#1100,.T.);
#1529=ORIENTED_EDGE('',*,*,#1144,.T.);
#1530=ORIENTED_EDGE('',*,*,#1172,.T.);
#1531=ORIENTED_EDGE('',*,*,#1173,.T.);
#1532=ORIENTED_EDGE('',*,*,#1088,.T.);
#1533=ORIENTED_EDGE('',*,*,#1142,.T.);
#1534=ORIENTED_EDGE('',*,*,#1154,.T.);
#1535=ORIENTED_EDGE('',*,*,#1112,.T.);
#1536=ORIENTED_EDGE('',*,*,#1134,.T.);
#1537=ORIENTED_EDGE('',*,*,#1174,.T.);
#1538=ORIENTED_EDGE('',*,*,#1175,.T.);
#1539=ORIENTED_EDGE('',*,*,#1080,.T.);
#1540=ORIENTED_EDGE('',*,*,#1137,.T.);
#1541=ORIENTED_EDGE('',*,*,#1108,.T.);
#1542=ORIENTED_EDGE('',*,*,#1150,.T.);
#1543=ORIENTED_EDGE('',*,*,#1176,.T.);
#1544=ORIENTED_EDGE('',*,*,#1177,.T.);
#1545=ORIENTED_EDGE('',*,*,#1017,.F.);
#1546=ORIENTED_EDGE('',*,*,#1178,.T.);
#1547=ORIENTED_EDGE('',*,*,#963,.F.);
#1548=ORIENTED_EDGE('',*,*,#1178,.F.);
#1549=ORIENTED_EDGE('',*,*,#1025,.F.);
#1550=ORIENTED_EDGE('',*,*,#1179,.T.);
#1551=ORIENTED_EDGE('',*,*,#967,.F.);
#1552=ORIENTED_EDGE('',*,*,#1179,.F.);
#1553=ORIENTED_EDGE('',*,*,#1029,.F.);
#1554=ORIENTED_EDGE('',*,*,#1180,.T.);
#1555=ORIENTED_EDGE('',*,*,#971,.F.);
#1556=ORIENTED_EDGE('',*,*,#1180,.F.);
#1557=ORIENTED_EDGE('',*,*,#1021,.F.);
#1558=ORIENTED_EDGE('',*,*,#1181,.T.);
#1559=ORIENTED_EDGE('',*,*,#975,.F.);
#1560=ORIENTED_EDGE('',*,*,#1181,.F.);
#1561=ORIENTED_EDGE('',*,*,#1169,.T.);
#1562=ORIENTED_EDGE('',*,*,#1182,.T.);
#1563=ORIENTED_EDGE('',*,*,#1183,.F.);
#1564=ORIENTED_EDGE('',*,*,#1007,.F.);
#1565=ORIENTED_EDGE('',*,*,#1168,.F.);
#1566=ORIENTED_EDGE('',*,*,#1003,.F.);
#1567=ORIENTED_EDGE('',*,*,#1184,.T.);
#1568=ORIENTED_EDGE('',*,*,#1185,.T.);
#1569=ORIENTED_EDGE('',*,*,#1182,.F.);
#1570=ORIENTED_EDGE('',*,*,#1185,.F.);
#1571=ORIENTED_EDGE('',*,*,#1186,.F.);
#1572=ORIENTED_EDGE('',*,*,#1187,.T.);
#1573=ORIENTED_EDGE('',*,*,#1188,.T.);
#1574=ORIENTED_EDGE('',*,*,#1160,.F.);
#1575=ORIENTED_EDGE('',*,*,#985,.F.);
#1576=ORIENTED_EDGE('',*,*,#1189,.F.);
#1577=ORIENTED_EDGE('',*,*,#989,.F.);
#1578=ORIENTED_EDGE('',*,*,#1161,.T.);
#1579=ORIENTED_EDGE('',*,*,#1190,.T.);
#1580=ORIENTED_EDGE('',*,*,#1188,.F.);
#1581=ORIENTED_EDGE('',*,*,#1190,.F.);
#1582=ORIENTED_EDGE('',*,*,#1191,.F.);
#1583=ORIENTED_EDGE('',*,*,#1163,.T.);
#1584=ORIENTED_EDGE('',*,*,#1192,.T.);
#1585=ORIENTED_EDGE('',*,*,#1193,.F.);
#1586=ORIENTED_EDGE('',*,*,#994,.F.);
#1587=ORIENTED_EDGE('',*,*,#1162,.F.);
#1588=ORIENTED_EDGE('',*,*,#991,.F.);
#1589=ORIENTED_EDGE('',*,*,#1194,.T.);
#1590=ORIENTED_EDGE('',*,*,#1195,.T.);
#1591=ORIENTED_EDGE('',*,*,#1192,.F.);
#1592=ORIENTED_EDGE('',*,*,#1195,.F.);
#1593=ORIENTED_EDGE('',*,*,#1196,.F.);
#1594=ORIENTED_EDGE('',*,*,#1197,.T.);
#1595=ORIENTED_EDGE('',*,*,#1198,.T.);
#1596=ORIENTED_EDGE('',*,*,#1140,.F.);
#1597=ORIENTED_EDGE('',*,*,#1009,.F.);
#1598=ORIENTED_EDGE('',*,*,#1199,.F.);
#1599=ORIENTED_EDGE('',*,*,#976,.F.);
#1600=ORIENTED_EDGE('',*,*,#1155,.T.);
#1601=ORIENTED_EDGE('',*,*,#1200,.T.);
#1602=ORIENTED_EDGE('',*,*,#1198,.F.);
#1603=ORIENTED_EDGE('',*,*,#1200,.F.);
#1604=ORIENTED_EDGE('',*,*,#1201,.F.);
#1605=ORIENTED_EDGE('',*,*,#1167,.T.);
#1606=ORIENTED_EDGE('',*,*,#1202,.T.);
#1607=ORIENTED_EDGE('',*,*,#1203,.F.);
#1608=ORIENTED_EDGE('',*,*,#1005,.F.);
#1609=ORIENTED_EDGE('',*,*,#1166,.F.);
#1610=ORIENTED_EDGE('',*,*,#998,.F.);
#1611=ORIENTED_EDGE('',*,*,#1204,.T.);
#1612=ORIENTED_EDGE('',*,*,#1205,.T.);
#1613=ORIENTED_EDGE('',*,*,#1202,.F.);
#1614=ORIENTED_EDGE('',*,*,#1205,.F.);
#1615=ORIENTED_EDGE('',*,*,#1206,.F.);
#1616=ORIENTED_EDGE('',*,*,#1207,.T.);
#1617=ORIENTED_EDGE('',*,*,#1208,.T.);
#1618=ORIENTED_EDGE('',*,*,#1158,.F.);
#1619=ORIENTED_EDGE('',*,*,#980,.F.);
#1620=ORIENTED_EDGE('',*,*,#1209,.F.);
#1621=ORIENTED_EDGE('',*,*,#987,.F.);
#1622=ORIENTED_EDGE('',*,*,#1159,.T.);
#1623=ORIENTED_EDGE('',*,*,#1210,.T.);
#1624=ORIENTED_EDGE('',*,*,#1208,.F.);
#1625=ORIENTED_EDGE('',*,*,#1210,.F.);
#1626=ORIENTED_EDGE('',*,*,#1211,.F.);
#1627=ORIENTED_EDGE('',*,*,#1165,.T.);
#1628=ORIENTED_EDGE('',*,*,#1212,.T.);
#1629=ORIENTED_EDGE('',*,*,#1213,.F.);
#1630=ORIENTED_EDGE('',*,*,#1000,.F.);
#1631=ORIENTED_EDGE('',*,*,#1164,.F.);
#1632=ORIENTED_EDGE('',*,*,#996,.F.);
#1633=ORIENTED_EDGE('',*,*,#1214,.T.);
#1634=ORIENTED_EDGE('',*,*,#1215,.T.);
#1635=ORIENTED_EDGE('',*,*,#1212,.F.);
#1636=ORIENTED_EDGE('',*,*,#1215,.F.);
#1637=ORIENTED_EDGE('',*,*,#1216,.F.);
#1638=ORIENTED_EDGE('',*,*,#1217,.T.);
#1639=ORIENTED_EDGE('',*,*,#1218,.T.);
#1640=ORIENTED_EDGE('',*,*,#1156,.F.);
#1641=ORIENTED_EDGE('',*,*,#978,.F.);
#1642=ORIENTED_EDGE('',*,*,#1219,.F.);
#1643=ORIENTED_EDGE('',*,*,#982,.F.);
#1644=ORIENTED_EDGE('',*,*,#1157,.T.);
#1645=ORIENTED_EDGE('',*,*,#1220,.T.);
#1646=ORIENTED_EDGE('',*,*,#1218,.F.);
#1647=ORIENTED_EDGE('',*,*,#1220,.F.);
#1648=ORIENTED_EDGE('',*,*,#1221,.F.);
#1649=ORIENTED_EDGE('',*,*,#1084,.T.);
#1650=ORIENTED_EDGE('',*,*,#1148,.T.);
#1651=ORIENTED_EDGE('',*,*,#1120,.T.);
#1652=ORIENTED_EDGE('',*,*,#1138,.T.);
#1653=ORIENTED_EDGE('',*,*,#1222,.T.);
#1654=ORIENTED_EDGE('',*,*,#1223,.T.);
#1655=ORIENTED_EDGE('',*,*,#1031,.T.);
#1656=ORIENTED_EDGE('',*,*,#962,.T.);
#1657=ORIENTED_EDGE('',*,*,#966,.T.);
#1658=ORIENTED_EDGE('',*,*,#970,.T.);
#1659=ORIENTED_EDGE('',*,*,#974,.T.);
#1660=ORIENTED_EDGE('',*,*,#1032,.T.);
#1661=ORIENTED_EDGE('',*,*,#1054,.T.);
#1662=ORIENTED_EDGE('',*,*,#1051,.T.);
#1663=ORIENTED_EDGE('',*,*,#1048,.T.);
#1664=ORIENTED_EDGE('',*,*,#1045,.T.);
#1665=ORIENTED_EDGE('',*,*,#1042,.T.);
#1666=ORIENTED_EDGE('',*,*,#1039,.T.);
#1667=ORIENTED_EDGE('',*,*,#1036,.T.);
#1668=ORIENTED_EDGE('',*,*,#1056,.T.);
#1669=ORIENTED_EDGE('',*,*,#1078,.T.);
#1670=ORIENTED_EDGE('',*,*,#1075,.T.);
#1671=ORIENTED_EDGE('',*,*,#1072,.T.);
#1672=ORIENTED_EDGE('',*,*,#1069,.T.);
#1673=ORIENTED_EDGE('',*,*,#1066,.T.);
#1674=ORIENTED_EDGE('',*,*,#1063,.T.);
#1675=ORIENTED_EDGE('',*,*,#1060,.T.);
#1676=ORIENTED_EDGE('',*,*,#1135,.F.);
#1677=ORIENTED_EDGE('',*,*,#1114,.F.);
#1678=ORIENTED_EDGE('',*,*,#1153,.F.);
#1679=ORIENTED_EDGE('',*,*,#1118,.F.);
#1680=ORIENTED_EDGE('',*,*,#1128,.F.);
#1681=ORIENTED_EDGE('',*,*,#1106,.F.);
#1682=ORIENTED_EDGE('',*,*,#1151,.F.);
#1683=ORIENTED_EDGE('',*,*,#1110,.F.);
#1684=ORIENTED_EDGE('',*,*,#1136,.F.);
#1685=ORIENTED_EDGE('',*,*,#1082,.F.);
#1686=ORIENTED_EDGE('',*,*,#1149,.F.);
#1687=ORIENTED_EDGE('',*,*,#1086,.F.);
#1688=ORIENTED_EDGE('',*,*,#1139,.F.);
#1689=ORIENTED_EDGE('',*,*,#1122,.F.);
#1690=ORIENTED_EDGE('',*,*,#1147,.F.);
#1691=ORIENTED_EDGE('',*,*,#1126,.F.);
#1692=ORIENTED_EDGE('',*,*,#1130,.F.);
#1693=ORIENTED_EDGE('',*,*,#1098,.F.);
#1694=ORIENTED_EDGE('',*,*,#1145,.F.);
#1695=ORIENTED_EDGE('',*,*,#1102,.F.);
#1696=ORIENTED_EDGE('',*,*,#1132,.F.);
#1697=ORIENTED_EDGE('',*,*,#1094,.F.);
#1698=ORIENTED_EDGE('',*,*,#1143,.F.);
#1699=ORIENTED_EDGE('',*,*,#1090,.F.);
#1700=ORIENTED_EDGE('',*,*,#1016,.T.);
#1701=ORIENTED_EDGE('',*,*,#1020,.T.);
#1702=ORIENTED_EDGE('',*,*,#1024,.T.);
#1703=ORIENTED_EDGE('',*,*,#1028,.T.);
#1704=ORIENTED_EDGE('',*,*,#1034,.T.);
#1705=ORIENTED_EDGE('',*,*,#1038,.T.);
#1706=ORIENTED_EDGE('',*,*,#1041,.T.);
#1707=ORIENTED_EDGE('',*,*,#1044,.T.);
#1708=ORIENTED_EDGE('',*,*,#1047,.T.);
#1709=ORIENTED_EDGE('',*,*,#1050,.T.);
#1710=ORIENTED_EDGE('',*,*,#1053,.T.);
#1711=ORIENTED_EDGE('',*,*,#1055,.T.);
#1712=ORIENTED_EDGE('',*,*,#1058,.T.);
#1713=ORIENTED_EDGE('',*,*,#1062,.T.);
#1714=ORIENTED_EDGE('',*,*,#1065,.T.);
#1715=ORIENTED_EDGE('',*,*,#1068,.T.);
#1716=ORIENTED_EDGE('',*,*,#1071,.T.);
#1717=ORIENTED_EDGE('',*,*,#1074,.T.);
#1718=ORIENTED_EDGE('',*,*,#1077,.T.);
#1719=ORIENTED_EDGE('',*,*,#1079,.T.);
#1720=ORIENTED_EDGE('',*,*,#1224,.F.);
#1721=ORIENTED_EDGE('',*,*,#1225,.F.);
#1722=ORIENTED_EDGE('',*,*,#1206,.T.);
#1723=ORIENTED_EDGE('',*,*,#1226,.T.);
#1724=ORIENTED_EDGE('',*,*,#1173,.F.);
#1725=ORIENTED_EDGE('',*,*,#1226,.F.);
#1726=ORIENTED_EDGE('',*,*,#1196,.T.);
#1727=ORIENTED_EDGE('',*,*,#1227,.T.);
#1728=ORIENTED_EDGE('',*,*,#1223,.F.);
#1729=ORIENTED_EDGE('',*,*,#1227,.F.);
#1730=ORIENTED_EDGE('',*,*,#1221,.T.);
#1731=ORIENTED_EDGE('',*,*,#1228,.T.);
#1732=ORIENTED_EDGE('',*,*,#1174,.F.);
#1733=ORIENTED_EDGE('',*,*,#1228,.F.);
#1734=ORIENTED_EDGE('',*,*,#1183,.T.);
#1735=ORIENTED_EDGE('',*,*,#1229,.T.);
#1736=ORIENTED_EDGE('',*,*,#1012,.T.);
#1737=ORIENTED_EDGE('',*,*,#1229,.F.);
#1738=ORIENTED_EDGE('',*,*,#1184,.F.);
#1739=ORIENTED_EDGE('',*,*,#1006,.F.);
#1740=ORIENTED_EDGE('',*,*,#1203,.T.);
#1741=ORIENTED_EDGE('',*,*,#1204,.F.);
#1742=ORIENTED_EDGE('',*,*,#1001,.F.);
#1743=ORIENTED_EDGE('',*,*,#1213,.T.);
#1744=ORIENTED_EDGE('',*,*,#1214,.F.);
#1745=ORIENTED_EDGE('',*,*,#995,.F.);
#1746=ORIENTED_EDGE('',*,*,#1193,.T.);
#1747=ORIENTED_EDGE('',*,*,#1194,.F.);
#1748=ORIENTED_EDGE('',*,*,#990,.F.);
#1749=ORIENTED_EDGE('',*,*,#1189,.T.);
#1750=ORIENTED_EDGE('',*,*,#1187,.F.);
#1751=ORIENTED_EDGE('',*,*,#988,.F.);
#1752=ORIENTED_EDGE('',*,*,#1209,.T.);
#1753=ORIENTED_EDGE('',*,*,#1207,.F.);
#1754=ORIENTED_EDGE('',*,*,#983,.F.);
#1755=ORIENTED_EDGE('',*,*,#1219,.T.);
#1756=ORIENTED_EDGE('',*,*,#1217,.F.);
#1757=ORIENTED_EDGE('',*,*,#977,.F.);
#1758=ORIENTED_EDGE('',*,*,#1199,.T.);
#1759=ORIENTED_EDGE('',*,*,#1197,.F.);
#1760=ORIENTED_EDGE('',*,*,#1008,.F.);
#1761=ORIENTED_EDGE('',*,*,#1011,.F.);
#1762=ORIENTED_EDGE('',*,*,#1230,.T.);
#1763=ORIENTED_EDGE('',*,*,#1225,.T.);
#1764=ORIENTED_EDGE('',*,*,#1230,.F.);
#1765=ORIENTED_EDGE('',*,*,#1002,.F.);
#1766=ORIENTED_EDGE('',*,*,#1231,.T.);
#1767=ORIENTED_EDGE('',*,*,#1171,.F.);
#1768=ORIENTED_EDGE('',*,*,#1231,.F.);
#1769=ORIENTED_EDGE('',*,*,#1216,.T.);
#1770=ORIENTED_EDGE('',*,*,#1232,.T.);
#1771=ORIENTED_EDGE('',*,*,#1222,.F.);
#1772=ORIENTED_EDGE('',*,*,#1232,.F.);
#1773=ORIENTED_EDGE('',*,*,#993,.F.);
#1774=ORIENTED_EDGE('',*,*,#1233,.T.);
#1775=ORIENTED_EDGE('',*,*,#1224,.T.);
#1776=ORIENTED_EDGE('',*,*,#1233,.F.);
#1777=ORIENTED_EDGE('',*,*,#1211,.T.);
#1778=ORIENTED_EDGE('',*,*,#1234,.T.);
#1779=ORIENTED_EDGE('',*,*,#1176,.F.);
#1780=ORIENTED_EDGE('',*,*,#1234,.F.);
#1781=ORIENTED_EDGE('',*,*,#1201,.T.);
#1782=ORIENTED_EDGE('',*,*,#1235,.T.);
#1783=ORIENTED_EDGE('',*,*,#1175,.F.);
#1784=ORIENTED_EDGE('',*,*,#1235,.F.);
#1785=ORIENTED_EDGE('',*,*,#1186,.T.);
#1786=ORIENTED_EDGE('',*,*,#1236,.T.);
#1787=ORIENTED_EDGE('',*,*,#1172,.F.);
#1788=ORIENTED_EDGE('',*,*,#1236,.F.);
#1789=ORIENTED_EDGE('',*,*,#1191,.T.);
#1790=ORIENTED_EDGE('',*,*,#1237,.T.);
#1791=ORIENTED_EDGE('',*,*,#1177,.F.);
#1792=ORIENTED_EDGE('',*,*,#1237,.F.);
#1793=ORIENTED_EDGE('',*,*,#984,.F.);
#1794=ORIENTED_EDGE('',*,*,#1238,.T.);
#1795=ORIENTED_EDGE('',*,*,#1170,.F.);
#1796=ORIENTED_EDGE('',*,*,#1238,.F.);
#1797=CYLINDRICAL_SURFACE('',#1966,2.5);
#1798=CYLINDRICAL_SURFACE('',#1971,2.5);
#1799=CYLINDRICAL_SURFACE('',#1976,2.5);
#1800=CYLINDRICAL_SURFACE('',#1981,2.5);
#1801=CYLINDRICAL_SURFACE('',#2033,2.5);
#1802=CYLINDRICAL_SURFACE('',#2038,2.5);
#1803=CYLINDRICAL_SURFACE('',#2043,2.5);
#1804=CYLINDRICAL_SURFACE('',#2048,2.5);
#1805=CYLINDRICAL_SURFACE('',#2053,25.);
#1806=CYLINDRICAL_SURFACE('',#2056,2.);
#1807=CYLINDRICAL_SURFACE('',#2060,2.);
#1808=CYLINDRICAL_SURFACE('',#2064,2.);
#1809=CYLINDRICAL_SURFACE('',#2068,2.);
#1810=CYLINDRICAL_SURFACE('',#2072,2.);
#1811=CYLINDRICAL_SURFACE('',#2076,2.);
#1812=CYLINDRICAL_SURFACE('',#2080,2.);
#1813=CYLINDRICAL_SURFACE('',#2084,2.);
#1814=CYLINDRICAL_SURFACE('',#2099,29.);
#1815=CYLINDRICAL_SURFACE('',#2102,29.);
#1816=CYLINDRICAL_SURFACE('',#2105,29.);
#1817=CYLINDRICAL_SURFACE('',#2108,29.);
#1818=CYLINDRICAL_SURFACE('',#2111,29.);
#1819=CYLINDRICAL_SURFACE('',#2114,29.);
#1820=CYLINDRICAL_SURFACE('',#2117,35.);
#1821=CYLINDRICAL_SURFACE('',#2144,0.5);
#1822=CYLINDRICAL_SURFACE('',#2145,0.5);
#1823=CYLINDRICAL_SURFACE('',#2146,0.5);
#1824=CYLINDRICAL_SURFACE('',#2147,0.499999999999999);
#1825=CYLINDRICAL_SURFACE('',#2148,3.);
#1826=CYLINDRICAL_SURFACE('',#2150,3.);
#1827=CYLINDRICAL_SURFACE('',#2154,3.);
#1828=CYLINDRICAL_SURFACE('',#2156,3.);
#1829=CYLINDRICAL_SURFACE('',#2160,3.);
#1830=CYLINDRICAL_SURFACE('',#2162,3.);
#1831=CYLINDRICAL_SURFACE('',#2166,3.);
#1832=CYLINDRICAL_SURFACE('',#2168,3.);
#1833=CYLINDRICAL_SURFACE('',#2172,3.);
#1834=CYLINDRICAL_SURFACE('',#2174,3.);
#1835=CYLINDRICAL_SURFACE('',#2178,3.);
#1836=CYLINDRICAL_SURFACE('',#2180,3.);
#1837=CYLINDRICAL_SURFACE('',#2184,3.);
#1838=CYLINDRICAL_SURFACE('',#2186,3.);
#1839=CYLINDRICAL_SURFACE('',#2190,3.);
#1840=CYLINDRICAL_SURFACE('',#2192,3.);
#1841=CYLINDRICAL_SURFACE('',#2203,1.6);
#1842=CYLINDRICAL_SURFACE('',#2204,1.6);
#1843=CYLINDRICAL_SURFACE('',#2205,1.6);
#1844=CYLINDRICAL_SURFACE('',#2206,29.);
#1845=CYLINDRICAL_SURFACE('',#2207,1.6);
#1846=CYLINDRICAL_SURFACE('',#2208,1.6);
#1847=CYLINDRICAL_SURFACE('',#2209,1.6);
#1848=CYLINDRICAL_SURFACE('',#2210,1.6);
#1849=CYLINDRICAL_SURFACE('',#2211,1.6);
#1850=CYLINDRICAL_SURFACE('',#2212,1.6);
#1851=CYLINDRICAL_SURFACE('',#2213,1.6);
#1852=CYLINDRICAL_SURFACE('',#2214,1.6);
#1853=CYLINDRICAL_SURFACE('',#2215,1.6);
#1854=ADVANCED_FACE('',(#113),#1797,.T.);
#1855=ADVANCED_FACE('',(#114,#15),#60,.F.);
#1856=ADVANCED_FACE('',(#115),#1798,.T.);
#1857=ADVANCED_FACE('',(#116,#16),#61,.F.);
#1858=ADVANCED_FACE('',(#117),#1799,.T.);
#1859=ADVANCED_FACE('',(#118,#17),#62,.F.);
#1860=ADVANCED_FACE('',(#119),#1800,.T.);
#1861=ADVANCED_FACE('',(#120,#18),#63,.F.);
#1862=ADVANCED_FACE('',(#121),#64,.T.);
#1863=ADVANCED_FACE('',(#122,#19),#65,.T.);
#1864=ADVANCED_FACE('',(#123),#66,.T.);
#1865=ADVANCED_FACE('',(#124,#20),#67,.T.);
#1866=ADVANCED_FACE('',(#125),#68,.T.);
#1867=ADVANCED_FACE('',(#126,#21),#69,.T.);
#1868=ADVANCED_FACE('',(#127),#70,.T.);
#1869=ADVANCED_FACE('',(#128,#22),#71,.T.);
#1870=ADVANCED_FACE('',(#129,#23),#72,.T.);
#1871=ADVANCED_FACE('',(#130),#1801,.T.);
#1872=ADVANCED_FACE('',(#131,#24),#73,.T.);
#1873=ADVANCED_FACE('',(#132),#1802,.T.);
#1874=ADVANCED_FACE('',(#133,#25),#74,.T.);
#1875=ADVANCED_FACE('',(#134),#1803,.T.);
#1876=ADVANCED_FACE('',(#135,#26),#75,.T.);
#1877=ADVANCED_FACE('',(#136),#1804,.T.);
#1878=ADVANCED_FACE('',(#137,#27),#76,.T.);
#1879=ADVANCED_FACE('',(#138),#1805,.F.);
#1880=ADVANCED_FACE('',(#139),#77,.F.);
#1881=ADVANCED_FACE('',(#140),#1806,.F.);
#1882=ADVANCED_FACE('',(#141),#78,.F.);
#1883=ADVANCED_FACE('',(#142),#1807,.F.);
#1884=ADVANCED_FACE('',(#143),#79,.F.);
#1885=ADVANCED_FACE('',(#144),#1808,.F.);
#1886=ADVANCED_FACE('',(#145),#80,.F.);
#1887=ADVANCED_FACE('',(#146),#1809,.F.);
#1888=ADVANCED_FACE('',(#147),#81,.F.);
#1889=ADVANCED_FACE('',(#148),#1810,.F.);
#1890=ADVANCED_FACE('',(#149),#82,.F.);
#1891=ADVANCED_FACE('',(#150),#1811,.F.);
#1892=ADVANCED_FACE('',(#151),#83,.F.);
#1893=ADVANCED_FACE('',(#152),#1812,.F.);
#1894=ADVANCED_FACE('',(#153),#84,.F.);
#1895=ADVANCED_FACE('',(#154),#1813,.F.);
#1896=ADVANCED_FACE('',(#155),#85,.F.);
#1897=ADVANCED_FACE('',(#156),#86,.F.);
#1898=ADVANCED_FACE('',(#157),#87,.F.);
#1899=ADVANCED_FACE('',(#158),#88,.F.);
#1900=ADVANCED_FACE('',(#159),#89,.F.);
#1901=ADVANCED_FACE('',(#160),#90,.F.);
#1902=ADVANCED_FACE('',(#161),#91,.F.);
#1903=ADVANCED_FACE('',(#162),#92,.F.);
#1904=ADVANCED_FACE('',(#163),#93,.F.);
#1905=ADVANCED_FACE('',(#164),#94,.F.);
#1906=ADVANCED_FACE('',(#165),#95,.F.);
#1907=ADVANCED_FACE('',(#166),#96,.F.);
#1908=ADVANCED_FACE('',(#167),#1814,.F.);
#1909=ADVANCED_FACE('',(#168),#1815,.F.);
#1910=ADVANCED_FACE('',(#169),#1816,.F.);
#1911=ADVANCED_FACE('',(#170),#1817,.F.);
#1912=ADVANCED_FACE('',(#171),#1818,.F.);
#1913=ADVANCED_FACE('',(#172),#1819,.F.);
#1914=ADVANCED_FACE('',(#173),#1820,.T.);
#1915=ADVANCED_FACE('',(#174,#28),#97,.F.);
#1916=ADVANCED_FACE('',(#175,#29),#98,.F.);
#1917=ADVANCED_FACE('',(#176,#30,#31),#99,.F.);
#1918=ADVANCED_FACE('',(#177,#32,#33),#100,.F.);
#1919=ADVANCED_FACE('',(#178,#34,#35),#101,.F.);
#1920=ADVANCED_FACE('',(#179),#1821,.F.);
#1921=ADVANCED_FACE('',(#180),#1822,.F.);
#1922=ADVANCED_FACE('',(#181),#1823,.F.);
#1923=ADVANCED_FACE('',(#182),#1824,.F.);
#1924=ADVANCED_FACE('',(#183),#1825,.F.);
#1925=ADVANCED_FACE('',(#184),#1826,.F.);
#1926=ADVANCED_FACE('',(#185,#36),#102,.T.);
#1927=ADVANCED_FACE('',(#186),#1827,.F.);
#1928=ADVANCED_FACE('',(#187),#1828,.F.);
#1929=ADVANCED_FACE('',(#188,#37),#103,.T.);
#1930=ADVANCED_FACE('',(#189),#1829,.F.);
#1931=ADVANCED_FACE('',(#190),#1830,.F.);
#1932=ADVANCED_FACE('',(#191,#38),#104,.T.);
#1933=ADVANCED_FACE('',(#192),#1831,.F.);
#1934=ADVANCED_FACE('',(#193),#1832,.F.);
#1935=ADVANCED_FACE('',(#194,#39),#105,.T.);
#1936=ADVANCED_FACE('',(#195),#1833,.F.);
#1937=ADVANCED_FACE('',(#196),#1834,.F.);
#1938=ADVANCED_FACE('',(#197,#40),#106,.T.);
#1939=ADVANCED_FACE('',(#198),#1835,.F.);
#1940=ADVANCED_FACE('',(#199),#1836,.F.);
#1941=ADVANCED_FACE('',(#200,#41),#107,.T.);
#1942=ADVANCED_FACE('',(#201),#1837,.F.);
#1943=ADVANCED_FACE('',(#202),#1838,.F.);
#1944=ADVANCED_FACE('',(#203,#42),#108,.T.);
#1945=ADVANCED_FACE('',(#204),#1839,.F.);
#1946=ADVANCED_FACE('',(#205),#1840,.F.);
#1947=ADVANCED_FACE('',(#206,#43),#109,.T.);
#1948=ADVANCED_FACE('',(#207,#44,#45),#110,.F.);
#1949=ADVANCED_FACE('',(#208,#46,#47,#48,#49,#50,#51),#111,.T.);
#1950=ADVANCED_FACE('',(#209,#52,#53,#54,#55,#56,#57,#58,#59),#112,.F.);
#1951=ADVANCED_FACE('',(#210),#1841,.F.);
#1952=ADVANCED_FACE('',(#211),#1842,.F.);
#1953=ADVANCED_FACE('',(#212),#1843,.F.);
#1954=ADVANCED_FACE('',(#213),#1844,.F.);
#1955=ADVANCED_FACE('',(#214),#1845,.F.);
#1956=ADVANCED_FACE('',(#215),#1846,.F.);
#1957=ADVANCED_FACE('',(#216),#1847,.F.);
#1958=ADVANCED_FACE('',(#217),#1848,.F.);
#1959=ADVANCED_FACE('',(#218),#1849,.F.);
#1960=ADVANCED_FACE('',(#219),#1850,.F.);
#1961=ADVANCED_FACE('',(#220),#1851,.F.);
#1962=ADVANCED_FACE('',(#221),#1852,.F.);
#1963=ADVANCED_FACE('',(#222),#1853,.F.);
#1964=CLOSED_SHELL('',(#1854,#1855,#1856,#1857,#1858,#1859,#1860,#1861,
#1862,#1863,#1864,#1865,#1866,#1867,#1868,#1869,#1870,#1871,#1872,#1873,
#1874,#1875,#1876,#1877,#1878,#1879,#1880,#1881,#1882,#1883,#1884,#1885,
#1886,#1887,#1888,#1889,#1890,#1891,#1892,#1893,#1894,#1895,#1896,#1897,
#1898,#1899,#1900,#1901,#1902,#1903,#1904,#1905,#1906,#1907,#1908,#1909,
#1910,#1911,#1912,#1913,#1914,#1915,#1916,#1917,#1918,#1919,#1920,#1921,
#1922,#1923,#1924,#1925,#1926,#1927,#1928,#1929,#1930,#1931,#1932,#1933,
#1934,#1935,#1936,#1937,#1938,#1939,#1940,#1941,#1942,#1943,#1944,#1945,
#1946,#1947,#1948,#1949,#1950,#1951,#1952,#1953,#1954,#1955,#1956,#1957,
#1958,#1959,#1960,#1961,#1962,#1963));
#1965=AXIS2_PLACEMENT_3D('',#2857,#2216,#2217);
#1966=AXIS2_PLACEMENT_3D('',#2858,#2218,#2219);
#1967=AXIS2_PLACEMENT_3D('',#2860,#2220,#2221);
#1968=AXIS2_PLACEMENT_3D('',#2863,#2223,#2224);
#1969=AXIS2_PLACEMENT_3D('',#2864,#2225,#2226);
#1970=AXIS2_PLACEMENT_3D('',#2866,#2227,#2228);
#1971=AXIS2_PLACEMENT_3D('',#2867,#2229,#2230);
#1972=AXIS2_PLACEMENT_3D('',#2869,#2231,#2232);
#1973=AXIS2_PLACEMENT_3D('',#2872,#2234,#2235);
#1974=AXIS2_PLACEMENT_3D('',#2873,#2236,#2237);
#1975=AXIS2_PLACEMENT_3D('',#2875,#2238,#2239);
#1976=AXIS2_PLACEMENT_3D('',#2876,#2240,#2241);
#1977=AXIS2_PLACEMENT_3D('',#2878,#2242,#2243);
#1978=AXIS2_PLACEMENT_3D('',#2881,#2245,#2246);
#1979=AXIS2_PLACEMENT_3D('',#2882,#2247,#2248);
#1980=AXIS2_PLACEMENT_3D('',#2884,#2249,#2250);
#1981=AXIS2_PLACEMENT_3D('',#2885,#2251,#2252);
#1982=AXIS2_PLACEMENT_3D('',#2887,#2253,#2254);
#1983=AXIS2_PLACEMENT_3D('',#2890,#2256,#2257);
#1984=AXIS2_PLACEMENT_3D('',#2891,#2258,#2259);
#1985=AXIS2_PLACEMENT_3D('',#2893,#2260,#2261);
#1986=AXIS2_PLACEMENT_3D('',#2894,#2262,#2263);
#1987=AXIS2_PLACEMENT_3D('',#2897,#2264,#2265);
#1988=AXIS2_PLACEMENT_3D('',#2899,#2266,#2267);
#1989=AXIS2_PLACEMENT_3D('',#2901,#2268,#2269);
#1990=AXIS2_PLACEMENT_3D('',#2902,#2270,#2271);
#1991=AXIS2_PLACEMENT_3D('',#2903,#2272,#2273);
#1992=AXIS2_PLACEMENT_3D('',#2906,#2274,#2275);
#1993=AXIS2_PLACEMENT_3D('',#2907,#2276,#2277);
#1994=AXIS2_PLACEMENT_3D('',#2908,#2278,#2279);
#1995=AXIS2_PLACEMENT_3D('',#2909,#2280,#2281);
#1996=AXIS2_PLACEMENT_3D('',#2911,#2282,#2283);
#1997=AXIS2_PLACEMENT_3D('',#2912,#2284,#2285);
#1998=AXIS2_PLACEMENT_3D('',#2915,#2286,#2287);
#1999=AXIS2_PLACEMENT_3D('',#2916,#2288,#2289);
#2000=AXIS2_PLACEMENT_3D('',#2917,#2290,#2291);
#2001=AXIS2_PLACEMENT_3D('',#2918,#2292,#2293);
#2002=AXIS2_PLACEMENT_3D('',#2919,#2294,#2295);
#2003=AXIS2_PLACEMENT_3D('',#2920,#2296,#2297);
#2004=AXIS2_PLACEMENT_3D('',#2922,#2298,#2299);
#2005=AXIS2_PLACEMENT_3D('',#2924,#2300,#2301);
#2006=AXIS2_PLACEMENT_3D('',#2925,#2302,#2303);
#2007=AXIS2_PLACEMENT_3D('',#2927,#2304,#2305);
#2008=AXIS2_PLACEMENT_3D('',#2928,#2306,#2307);
#2009=AXIS2_PLACEMENT_3D('',#2929,#2308,#2309);
#2010=AXIS2_PLACEMENT_3D('',#2931,#2310,#2311);
#2011=AXIS2_PLACEMENT_3D('',#2933,#2312,#2313);
#2012=AXIS2_PLACEMENT_3D('',#2934,#2314,#2315);
#2013=AXIS2_PLACEMENT_3D('',#2935,#2316,#2317);
#2014=AXIS2_PLACEMENT_3D('',#2938,#2318,#2319);
#2015=AXIS2_PLACEMENT_3D('',#2939,#2320,#2321);
#2016=AXIS2_PLACEMENT_3D('',#2940,#2322,#2323);
#2017=AXIS2_PLACEMENT_3D('',#2941,#2324,#2325);
#2018=AXIS2_PLACEMENT_3D('',#2943,#2326,#2327);
#2019=AXIS2_PLACEMENT_3D('',#2944,#2328,#2329);
#2020=AXIS2_PLACEMENT_3D('',#2947,#2330,#2331);
#2021=AXIS2_PLACEMENT_3D('',#2948,#2332,#2333);
#2022=AXIS2_PLACEMENT_3D('',#2949,#2334,#2335);
#2023=AXIS2_PLACEMENT_3D('',#2950,#2336,#2337);
#2024=AXIS2_PLACEMENT_3D('',#2951,#2338,#2339);
#2025=AXIS2_PLACEMENT_3D('',#2952,#2340,#2341);
#2026=AXIS2_PLACEMENT_3D('',#2953,#2342,#2343);
#2027=AXIS2_PLACEMENT_3D('',#2954,#2344,#2345);
#2028=AXIS2_PLACEMENT_3D('',#2955,#2346,#2347);
#2029=AXIS2_PLACEMENT_3D('',#2957,#2348,#2349);
#2030=AXIS2_PLACEMENT_3D('',#2958,#2350,#2351);
#2031=AXIS2_PLACEMENT_3D('',#2960,#2352,#2353);
#2032=AXIS2_PLACEMENT_3D('',#2962,#2354,#2355);
#2033=AXIS2_PLACEMENT_3D('',#2963,#2356,#2357);
#2034=AXIS2_PLACEMENT_3D('',#2965,#2358,#2359);
#2035=AXIS2_PLACEMENT_3D('',#2968,#2361,#2362);
#2036=AXIS2_PLACEMENT_3D('',#2969,#2363,#2364);
#2037=AXIS2_PLACEMENT_3D('',#2971,#2365,#2366);
#2038=AXIS2_PLACEMENT_3D('',#2972,#2367,#2368);
#2039=AXIS2_PLACEMENT_3D('',#2974,#2369,#2370);
#2040=AXIS2_PLACEMENT_3D('',#2977,#2372,#2373);
#2041=AXIS2_PLACEMENT_3D('',#2978,#2374,#2375);
#2042=AXIS2_PLACEMENT_3D('',#2980,#2376,#2377);
#2043=AXIS2_PLACEMENT_3D('',#2981,#2378,#2379);
#2044=AXIS2_PLACEMENT_3D('',#2983,#2380,#2381);
#2045=AXIS2_PLACEMENT_3D('',#2986,#2383,#2384);
#2046=AXIS2_PLACEMENT_3D('',#2987,#2385,#2386);
#2047=AXIS2_PLACEMENT_3D('',#2989,#2387,#2388);
#2048=AXIS2_PLACEMENT_3D('',#2990,#2389,#2390);
#2049=AXIS2_PLACEMENT_3D('',#2992,#2391,#2392);
#2050=AXIS2_PLACEMENT_3D('',#2995,#2394,#2395);
#2051=AXIS2_PLACEMENT_3D('',#2996,#2396,#2397);
#2052=AXIS2_PLACEMENT_3D('',#2998,#2398,#2399);
#2053=AXIS2_PLACEMENT_3D('',#2999,#2400,#2401);
#2054=AXIS2_PLACEMENT_3D('',#3002,#2403,#2404);
#2055=AXIS2_PLACEMENT_3D('',#3003,#2405,#2406);
#2056=AXIS2_PLACEMENT_3D('',#3012,#2411,#2412);
#2057=AXIS2_PLACEMENT_3D('',#3014,#2413,#2414);
#2058=AXIS2_PLACEMENT_3D('',#3017,#2416,#2417);
#2059=AXIS2_PLACEMENT_3D('',#3018,#2418,#2419);
#2060=AXIS2_PLACEMENT_3D('',#3024,#2423,#2424);
#2061=AXIS2_PLACEMENT_3D('',#3026,#2425,#2426);
#2062=AXIS2_PLACEMENT_3D('',#3029,#2428,#2429);
#2063=AXIS2_PLACEMENT_3D('',#3030,#2430,#2431);
#2064=AXIS2_PLACEMENT_3D('',#3036,#2435,#2436);
#2065=AXIS2_PLACEMENT_3D('',#3038,#2437,#2438);
#2066=AXIS2_PLACEMENT_3D('',#3041,#2440,#2441);
#2067=AXIS2_PLACEMENT_3D('',#3042,#2442,#2443);
#2068=AXIS2_PLACEMENT_3D('',#3048,#2447,#2448);
#2069=AXIS2_PLACEMENT_3D('',#3049,#2449,#2450);
#2070=AXIS2_PLACEMENT_3D('',#3050,#2451,#2452);
#2071=AXIS2_PLACEMENT_3D('',#3051,#2453,#2454);
#2072=AXIS2_PLACEMENT_3D('',#3060,#2459,#2460);
#2073=AXIS2_PLACEMENT_3D('',#3062,#2461,#2462);
#2074=AXIS2_PLACEMENT_3D('',#3065,#2464,#2465);
#2075=AXIS2_PLACEMENT_3D('',#3066,#2466,#2467);
#2076=AXIS2_PLACEMENT_3D('',#3072,#2471,#2472);
#2077=AXIS2_PLACEMENT_3D('',#3074,#2473,#2474);
#2078=AXIS2_PLACEMENT_3D('',#3077,#2476,#2477);
#2079=AXIS2_PLACEMENT_3D('',#3078,#2478,#2479);
#2080=AXIS2_PLACEMENT_3D('',#3084,#2483,#2484);
#2081=AXIS2_PLACEMENT_3D('',#3086,#2485,#2486);
#2082=AXIS2_PLACEMENT_3D('',#3089,#2488,#2489);
#2083=AXIS2_PLACEMENT_3D('',#3090,#2490,#2491);
#2084=AXIS2_PLACEMENT_3D('',#3096,#2495,#2496);
#2085=AXIS2_PLACEMENT_3D('',#3097,#2497,#2498);
#2086=AXIS2_PLACEMENT_3D('',#3098,#2499,#2500);
#2087=AXIS2_PLACEMENT_3D('',#3099,#2501,#2502);
#2088=AXIS2_PLACEMENT_3D('',#3108,#2507,#2508);
#2089=AXIS2_PLACEMENT_3D('',#3117,#2513,#2514);
#2090=AXIS2_PLACEMENT_3D('',#3126,#2519,#2520);
#2091=AXIS2_PLACEMENT_3D('',#3135,#2525,#2526);
#2092=AXIS2_PLACEMENT_3D('',#3144,#2531,#2532);
#2093=AXIS2_PLACEMENT_3D('',#3153,#2537,#2538);
#2094=AXIS2_PLACEMENT_3D('',#3162,#2543,#2544);
#2095=AXIS2_PLACEMENT_3D('',#3171,#2549,#2550);
#2096=AXIS2_PLACEMENT_3D('',#3180,#2555,#2556);
#2097=AXIS2_PLACEMENT_3D('',#3189,#2561,#2562);
#2098=AXIS2_PLACEMENT_3D('',#3198,#2567,#2568);
#2099=AXIS2_PLACEMENT_3D('',#3207,#2573,#2574);
#2100=AXIS2_PLACEMENT_3D('',#3208,#2575,#2576);
#2101=AXIS2_PLACEMENT_3D('',#3209,#2577,#2578);
#2102=AXIS2_PLACEMENT_3D('',#3210,#2579,#2580);
#2103=AXIS2_PLACEMENT_3D('',#3211,#2581,#2582);
#2104=AXIS2_PLACEMENT_3D('',#3212,#2583,#2584);
#2105=AXIS2_PLACEMENT_3D('',#3213,#2585,#2586);
#2106=AXIS2_PLACEMENT_3D('',#3214,#2587,#2588);
#2107=AXIS2_PLACEMENT_3D('',#3215,#2589,#2590);
#2108=AXIS2_PLACEMENT_3D('',#3216,#2591,#2592);
#2109=AXIS2_PLACEMENT_3D('',#3217,#2593,#2594);
#2110=AXIS2_PLACEMENT_3D('',#3218,#2595,#2596);
#2111=AXIS2_PLACEMENT_3D('',#3219,#2597,#2598);
#2112=AXIS2_PLACEMENT_3D('',#3220,#2599,#2600);
#2113=AXIS2_PLACEMENT_3D('',#3221,#2601,#2602);
#2114=AXIS2_PLACEMENT_3D('',#3222,#2603,#2604);
#2115=AXIS2_PLACEMENT_3D('',#3223,#2605,#2606);
#2116=AXIS2_PLACEMENT_3D('',#3224,#2607,#2608);
#2117=AXIS2_PLACEMENT_3D('',#3225,#2609,#2610);
#2118=AXIS2_PLACEMENT_3D('',#3230,#2613,#2614);
#2119=AXIS2_PLACEMENT_3D('',#3231,#2615,#2616);
#2120=AXIS2_PLACEMENT_3D('',#3232,#2617,#2618);
#2121=AXIS2_PLACEMENT_3D('',#3233,#2619,#2620);
#2122=AXIS2_PLACEMENT_3D('',#3234,#2621,#2622);
#2123=AXIS2_PLACEMENT_3D('',#3235,#2623,#2624);
#2124=AXIS2_PLACEMENT_3D('',#3236,#2625,#2626);
#2125=AXIS2_PLACEMENT_3D('',#3237,#2627,#2628);
#2126=AXIS2_PLACEMENT_3D('',#3238,#2629,#2630);
#2127=AXIS2_PLACEMENT_3D('',#3239,#2631,#2632);
#2128=AXIS2_PLACEMENT_3D('',#3240,#2633,#2634);
#2129=AXIS2_PLACEMENT_3D('',#3241,#2635,#2636);
#2130=AXIS2_PLACEMENT_3D('',#3242,#2637,#2638);
#2131=AXIS2_PLACEMENT_3D('',#3265,#2654,#2655);
#2132=AXIS2_PLACEMENT_3D('',#3267,#2656,#2657);
#2133=AXIS2_PLACEMENT_3D('',#3268,#2658,#2659);
#2134=AXIS2_PLACEMENT_3D('',#3270,#2660,#2661);
#2135=AXIS2_PLACEMENT_3D('',#3271,#2662,#2663);
#2136=AXIS2_PLACEMENT_3D('',#3273,#2664,#2665);
#2137=AXIS2_PLACEMENT_3D('',#3275,#2666,#2667);
#2138=AXIS2_PLACEMENT_3D('',#3276,#2668,#2669);
#2139=AXIS2_PLACEMENT_3D('',#3278,#2670,#2671);
#2140=AXIS2_PLACEMENT_3D('',#3280,#2672,#2673);
#2141=AXIS2_PLACEMENT_3D('',#3281,#2674,#2675);
#2142=AXIS2_PLACEMENT_3D('',#3283,#2676,#2677);
#2143=AXIS2_PLACEMENT_3D('',#3285,#2678,#2679);
#2144=AXIS2_PLACEMENT_3D('',#3286,#2680,#2681);
#2145=AXIS2_PLACEMENT_3D('',#3288,#2683,#2684);
#2146=AXIS2_PLACEMENT_3D('',#3290,#2686,#2687);
#2147=AXIS2_PLACEMENT_3D('',#3292,#2689,#2690);
#2148=AXIS2_PLACEMENT_3D('',#3294,#2692,#2693);
#2149=AXIS2_PLACEMENT_3D('',#3296,#2694,#2695);
#2150=AXIS2_PLACEMENT_3D('',#3298,#2697,#2698);
#2151=AXIS2_PLACEMENT_3D('',#3300,#2700,#2701);
#2152=AXIS2_PLACEMENT_3D('',#3301,#2702,#2703);
#2153=AXIS2_PLACEMENT_3D('',#3303,#2704,#2705);
#2154=AXIS2_PLACEMENT_3D('',#3304,#2706,#2707);
#2155=AXIS2_PLACEMENT_3D('',#3307,#2709,#2710);
#2156=AXIS2_PLACEMENT_3D('',#3308,#2711,#2712);
#2157=AXIS2_PLACEMENT_3D('',#3310,#2714,#2715);
#2158=AXIS2_PLACEMENT_3D('',#3311,#2716,#2717);
#2159=AXIS2_PLACEMENT_3D('',#3313,#2718,#2719);
#2160=AXIS2_PLACEMENT_3D('',#3314,#2720,#2721);
#2161=AXIS2_PLACEMENT_3D('',#3316,#2722,#2723);
#2162=AXIS2_PLACEMENT_3D('',#3318,#2725,#2726);
#2163=AXIS2_PLACEMENT_3D('',#3320,#2728,#2729);
#2164=AXIS2_PLACEMENT_3D('',#3321,#2730,#2731);
#2165=AXIS2_PLACEMENT_3D('',#3323,#2732,#2733);
#2166=AXIS2_PLACEMENT_3D('',#3324,#2734,#2735);
#2167=AXIS2_PLACEMENT_3D('',#3327,#2737,#2738);
#2168=AXIS2_PLACEMENT_3D('',#3328,#2739,#2740);
#2169=AXIS2_PLACEMENT_3D('',#3330,#2742,#2743);
#2170=AXIS2_PLACEMENT_3D('',#3331,#2744,#2745);
#2171=AXIS2_PLACEMENT_3D('',#3333,#2746,#2747);
#2172=AXIS2_PLACEMENT_3D('',#3334,#2748,#2749);
#2173=AXIS2_PLACEMENT_3D('',#3336,#2750,#2751);
#2174=AXIS2_PLACEMENT_3D('',#3338,#2753,#2754);
#2175=AXIS2_PLACEMENT_3D('',#3340,#2756,#2757);
#2176=AXIS2_PLACEMENT_3D('',#3341,#2758,#2759);
#2177=AXIS2_PLACEMENT_3D('',#3343,#2760,#2761);
#2178=AXIS2_PLACEMENT_3D('',#3344,#2762,#2763);
#2179=AXIS2_PLACEMENT_3D('',#3347,#2765,#2766);
#2180=AXIS2_PLACEMENT_3D('',#3348,#2767,#2768);
#2181=AXIS2_PLACEMENT_3D('',#3350,#2770,#2771);
#2182=AXIS2_PLACEMENT_3D('',#3351,#2772,#2773);
#2183=AXIS2_PLACEMENT_3D('',#3353,#2774,#2775);
#2184=AXIS2_PLACEMENT_3D('',#3354,#2776,#2777);
#2185=AXIS2_PLACEMENT_3D('',#3356,#2778,#2779);
#2186=AXIS2_PLACEMENT_3D('',#3358,#2781,#2782);
#2187=AXIS2_PLACEMENT_3D('',#3360,#2784,#2785);
#2188=AXIS2_PLACEMENT_3D('',#3361,#2786,#2787);
#2189=AXIS2_PLACEMENT_3D('',#3363,#2788,#2789);
#2190=AXIS2_PLACEMENT_3D('',#3364,#2790,#2791);
#2191=AXIS2_PLACEMENT_3D('',#3367,#2793,#2794);
#2192=AXIS2_PLACEMENT_3D('',#3368,#2795,#2796);
#2193=AXIS2_PLACEMENT_3D('',#3370,#2798,#2799);
#2194=AXIS2_PLACEMENT_3D('',#3371,#2800,#2801);
#2195=AXIS2_PLACEMENT_3D('',#3373,#2802,#2803);
#2196=AXIS2_PLACEMENT_3D('',#3374,#2804,#2805);
#2197=AXIS2_PLACEMENT_3D('',#3376,#2806,#2807);
#2198=AXIS2_PLACEMENT_3D('',#3378,#2808,#2809);
#2199=AXIS2_PLACEMENT_3D('',#3379,#2810,#2811);
#2200=AXIS2_PLACEMENT_3D('',#3380,#2812,#2813);
#2201=AXIS2_PLACEMENT_3D('',#3382,#2814,#2815);
#2202=AXIS2_PLACEMENT_3D('',#3384,#2816,#2817);
#2203=AXIS2_PLACEMENT_3D('',#3385,#2818,#2819);
#2204=AXIS2_PLACEMENT_3D('',#3387,#2821,#2822);
#2205=AXIS2_PLACEMENT_3D('',#3389,#2824,#2825);
#2206=AXIS2_PLACEMENT_3D('',#3391,#2827,#2828);
#2207=AXIS2_PLACEMENT_3D('',#3393,#2830,#2831);
#2208=AXIS2_PLACEMENT_3D('',#3395,#2833,#2834);
#2209=AXIS2_PLACEMENT_3D('',#3397,#2836,#2837);
#2210=AXIS2_PLACEMENT_3D('',#3399,#2839,#2840);
#2211=AXIS2_PLACEMENT_3D('',#3401,#2842,#2843);
#2212=AXIS2_PLACEMENT_3D('',#3403,#2845,#2846);
#2213=AXIS2_PLACEMENT_3D('',#3405,#2848,#2849);
#2214=AXIS2_PLACEMENT_3D('',#3407,#2851,#2852);
#2215=AXIS2_PLACEMENT_3D('',#3409,#2854,#2855);
#2216=DIRECTION('axis',(0.,0.,1.));
#2217=DIRECTION('refdir',(1.,0.,0.));
#2218=DIRECTION('center_axis',(0.,-1.,9.95799250102959E-17));
#2219=DIRECTION('ref_axis',(1.,0.,0.));
#2220=DIRECTION('center_axis',(0.,-1.,9.95799250102959E-17));
#2221=DIRECTION('ref_axis',(1.,0.,0.));
#2222=DIRECTION('',(0.,1.,-9.95799250102959E-17));
#2223=DIRECTION('center_axis',(0.,1.,-9.95799250102959E-17));
#2224=DIRECTION('ref_axis',(1.,0.,0.));
#2225=DIRECTION('center_axis',(0.,1.,-9.95799250102959E-17));
#2226=DIRECTION('ref_axis',(1.,0.,0.));
#2227=DIRECTION('center_axis',(0.,1.,-9.95799250102959E-17));
#2228=DIRECTION('ref_axis',(1.,0.,0.));
#2229=DIRECTION('center_axis',(0.,-1.,9.95799250102959E-17));
#2230=DIRECTION('ref_axis',(1.,0.,0.));
#2231=DIRECTION('center_axis',(0.,-1.,9.95799250102959E-17));
#2232=DIRECTION('ref_axis',(1.,0.,0.));
#2233=DIRECTION('',(0.,1.,-9.95799250102959E-17));
#2234=DIRECTION('center_axis',(0.,1.,-9.95799250102959E-17));
#2235=DIRECTION('ref_axis',(1.,0.,0.));
#2236=DIRECTION('center_axis',(0.,1.,-9.95799250102959E-17));
#2237=DIRECTION('ref_axis',(1.,0.,0.));
#2238=DIRECTION('center_axis',(0.,1.,-9.95799250102959E-17));
#2239=DIRECTION('ref_axis',(1.,0.,0.));
#2240=DIRECTION('center_axis',(0.,-1.,9.95799250102959E-17));
#2241=DIRECTION('ref_axis',(1.,0.,0.));
#2242=DIRECTION('center_axis',(0.,-1.,9.95799250102959E-17));
#2243=DIRECTION('ref_axis',(1.,0.,0.));
#2244=DIRECTION('',(0.,1.,-9.95799250102959E-17));
#2245=DIRECTION('center_axis',(0.,1.,-9.95799250102959E-17));
#2246=DIRECTION('ref_axis',(1.,0.,0.));
#2247=DIRECTION('center_axis',(0.,1.,-9.95799250102959E-17));
#2248=DIRECTION('ref_axis',(1.,0.,0.));
#2249=DIRECTION('center_axis',(0.,1.,-9.95799250102959E-17));
#2250=DIRECTION('ref_axis',(1.,0.,0.));
#2251=DIRECTION('center_axis',(0.,-1.,9.95799250102959E-17));
#2252=DIRECTION('ref_axis',(1.,0.,0.));
#2253=DIRECTION('center_axis',(0.,-1.,9.95799250102959E-17));
#2254=DIRECTION('ref_axis',(1.,0.,0.));
#2255=DIRECTION('',(0.,1.,-9.9579925010296E-17));
#2256=DIRECTION('center_axis',(0.,1.,-9.95799250102959E-17));
#2257=DIRECTION('ref_axis',(1.,0.,0.));
#2258=DIRECTION('center_axis',(0.,1.,-9.95799250102959E-17));
#2259=DIRECTION('ref_axis',(1.,0.,0.));
#2260=DIRECTION('center_axis',(0.,1.,-9.95799250102959E-17));
#2261=DIRECTION('ref_axis',(1.,0.,0.));
#2262=DIRECTION('center_axis',(0.,-1.,9.95799250102959E-17));
#2263=DIRECTION('ref_axis',(-1.,0.,0.));
#2264=DIRECTION('center_axis',(0.,1.,-9.95799250102959E-17));
#2265=DIRECTION('ref_axis',(-1.,0.,0.));
#2266=DIRECTION('center_axis',(0.,1.,-9.95799250102959E-17));
#2267=DIRECTION('ref_axis',(-1.,0.,0.));
#2268=DIRECTION('center_axis',(0.,1.,-9.95799250102959E-17));
#2269=DIRECTION('ref_axis',(-1.,0.,0.));
#2270=DIRECTION('center_axis',(0.,-1.,9.95799250102959E-17));
#2271=DIRECTION('ref_axis',(-1.,0.,0.));
#2272=DIRECTION('center_axis',(0.,-1.,9.95799250102959E-17));
#2273=DIRECTION('ref_axis',(-1.,0.,0.));
#2274=DIRECTION('center_axis',(0.,1.,-9.95799250102959E-17));
#2275=DIRECTION('ref_axis',(-1.,0.,0.));
#2276=DIRECTION('center_axis',(0.,-1.,9.95799250102959E-17));
#2277=DIRECTION('ref_axis',(-1.,0.,0.));
#2278=DIRECTION('center_axis',(0.,1.,-9.95799250102959E-17));
#2279=DIRECTION('ref_axis',(-1.,0.,0.));
#2280=DIRECTION('center_axis',(0.,1.,-9.95799250102959E-17));
#2281=DIRECTION('ref_axis',(-1.,0.,0.));
#2282=DIRECTION('center_axis',(0.,1.,-9.95799250102959E-17));
#2283=DIRECTION('ref_axis',(-1.,0.,0.));
#2284=DIRECTION('center_axis',(0.,-1.,9.95799250102959E-17));
#2285=DIRECTION('ref_axis',(-1.,0.,0.));
#2286=DIRECTION('center_axis',(0.,1.,-9.95799250102959E-17));
#2287=DIRECTION('ref_axis',(-1.,0.,0.));
#2288=DIRECTION('center_axis',(0.,-1.,9.95799250102959E-17));
#2289=DIRECTION('ref_axis',(-1.,0.,0.));
#2290=DIRECTION('center_axis',(0.,1.,-9.95799250102959E-17));
#2291=DIRECTION('ref_axis',(-1.,0.,0.));
#2292=DIRECTION('center_axis',(0.,1.,-9.95799250102959E-17));
#2293=DIRECTION('ref_axis',(-1.,0.,0.));
#2294=DIRECTION('center_axis',(0.,-1.,9.95799250102959E-17));
#2295=DIRECTION('ref_axis',(-1.,0.,0.));
#2296=DIRECTION('center_axis',(0.,1.,-9.95799250102959E-17));
#2297=DIRECTION('ref_axis',(-1.,0.,0.));
#2298=DIRECTION('center_axis',(0.,1.,-9.95799250102959E-17));
#2299=DIRECTION('ref_axis',(-1.,0.,0.));
#2300=DIRECTION('center_axis',(0.,1.,-9.95799250102959E-17));
#2301=DIRECTION('ref_axis',(-1.,0.,0.));
#2302=DIRECTION('center_axis',(0.,-1.,9.95799250102959E-17));
#2303=DIRECTION('ref_axis',(-1.,0.,0.));
#2304=DIRECTION('center_axis',(0.,1.,-9.95799250102959E-17));
#2305=DIRECTION('ref_axis',(-1.,0.,0.));
#2306=DIRECTION('center_axis',(0.,-1.,9.95799250102959E-17));
#2307=DIRECTION('ref_axis',(-1.,0.,0.));
#2308=DIRECTION('center_axis',(0.,1.,-9.95799250102959E-17));
#2309=DIRECTION('ref_axis',(-1.,0.,0.));
#2310=DIRECTION('center_axis',(0.,1.,-9.95799250102959E-17));
#2311=DIRECTION('ref_axis',(-1.,0.,0.));
#2312=DIRECTION('center_axis',(0.,1.,-9.95799250102959E-17));
#2313=DIRECTION('ref_axis',(-1.,0.,0.));
#2314=DIRECTION('center_axis',(0.,-1.,9.95799250102959E-17));
#2315=DIRECTION('ref_axis',(-1.,0.,0.));
#2316=DIRECTION('center_axis',(0.,-1.,9.95799250102959E-17));
#2317=DIRECTION('ref_axis',(-1.,0.,0.));
#2318=DIRECTION('center_axis',(0.,1.,-9.95799250102959E-17));
#2319=DIRECTION('ref_axis',(-1.,0.,0.));
#2320=DIRECTION('center_axis',(0.,-1.,9.95799250102959E-17));
#2321=DIRECTION('ref_axis',(-1.,0.,0.));
#2322=DIRECTION('center_axis',(0.,1.,-9.95799250102959E-17));
#2323=DIRECTION('ref_axis',(-1.,0.,0.));
#2324=DIRECTION('center_axis',(0.,1.,-9.95799250102959E-17));
#2325=DIRECTION('ref_axis',(-1.,0.,0.));
#2326=DIRECTION('center_axis',(0.,1.,-9.95799250102959E-17));
#2327=DIRECTION('ref_axis',(-1.,0.,0.));
#2328=DIRECTION('center_axis',(0.,-1.,9.95799250102959E-17));
#2329=DIRECTION('ref_axis',(-1.,0.,0.));
#2330=DIRECTION('center_axis',(0.,1.,-9.95799250102959E-17));
#2331=DIRECTION('ref_axis',(-1.,0.,0.));
#2332=DIRECTION('center_axis',(0.,-1.,9.95799250102959E-17));
#2333=DIRECTION('ref_axis',(-1.,0.,0.));
#2334=DIRECTION('center_axis',(0.,1.,-9.95799250102959E-17));
#2335=DIRECTION('ref_axis',(-1.,0.,0.));
#2336=DIRECTION('center_axis',(0.,1.,-9.95799250102959E-17));
#2337=DIRECTION('ref_axis',(-1.,0.,0.));
#2338=DIRECTION('center_axis',(0.,-1.,9.95799250102959E-17));
#2339=DIRECTION('ref_axis',(-1.,0.,0.));
#2340=DIRECTION('center_axis',(0.,1.,-9.95799250102959E-17));
#2341=DIRECTION('ref_axis',(-1.,0.,0.));
#2342=DIRECTION('center_axis',(0.,1.,-9.95799250102959E-17));
#2343=DIRECTION('ref_axis',(-1.,0.,0.));
#2344=DIRECTION('center_axis',(0.,1.,-9.95799250102959E-17));
#2345=DIRECTION('ref_axis',(-1.,0.,0.));
#2346=DIRECTION('center_axis',(0.,-1.,9.95799250102959E-17));
#2347=DIRECTION('ref_axis',(-1.,0.,0.));
#2348=DIRECTION('center_axis',(0.,1.,-9.95799250102959E-17));
#2349=DIRECTION('ref_axis',(-1.,0.,0.));
#2350=DIRECTION('center_axis',(0.,-1.,9.95799250102959E-17));
#2351=DIRECTION('ref_axis',(-1.,0.,0.));
#2352=DIRECTION('center_axis',(0.,1.,-9.95799250102959E-17));
#2353=DIRECTION('ref_axis',(-1.,0.,0.));
#2354=DIRECTION('center_axis',(0.,1.,-9.95799250102959E-17));
#2355=DIRECTION('ref_axis',(-1.,0.,0.));
#2356=DIRECTION('center_axis',(0.,1.,-9.95799250102959E-17));
#2357=DIRECTION('ref_axis',(1.,0.,0.));
#2358=DIRECTION('center_axis',(0.,1.,-9.95799250102959E-17));
#2359=DIRECTION('ref_axis',(1.,0.,0.));
#2360=DIRECTION('',(0.,-1.,9.95799250102959E-17));
#2361=DIRECTION('center_axis',(0.,-1.,9.95799250102959E-17));
#2362=DIRECTION('ref_axis',(1.,0.,0.));
#2363=DIRECTION('center_axis',(0.,1.,-9.95799250102959E-17));
#2364=DIRECTION('ref_axis',(1.,0.,0.));
#2365=DIRECTION('center_axis',(0.,-1.,9.95799250102959E-17));
#2366=DIRECTION('ref_axis',(1.,0.,0.));
#2367=DIRECTION('center_axis',(0.,1.,-9.95799250102959E-17));
#2368=DIRECTION('ref_axis',(1.,0.,0.));
#2369=DIRECTION('center_axis',(0.,1.,-9.95799250102959E-17));
#2370=DIRECTION('ref_axis',(1.,0.,0.));
#2371=DIRECTION('',(0.,-1.,9.9579925010296E-17));
#2372=DIRECTION('center_axis',(0.,-1.,9.95799250102959E-17));
#2373=DIRECTION('ref_axis',(1.,0.,0.));
#2374=DIRECTION('center_axis',(0.,1.,-9.95799250102959E-17));
#2375=DIRECTION('ref_axis',(1.,0.,0.));
#2376=DIRECTION('center_axis',(0.,-1.,9.95799250102959E-17));
#2377=DIRECTION('ref_axis',(1.,0.,0.));
#2378=DIRECTION('center_axis',(0.,1.,-9.95799250102959E-17));
#2379=DIRECTION('ref_axis',(1.,0.,0.));
#2380=DIRECTION('center_axis',(0.,1.,-9.95799250102959E-17));
#2381=DIRECTION('ref_axis',(1.,0.,0.));
#2382=DIRECTION('',(0.,-1.,9.95799250102959E-17));
#2383=DIRECTION('center_axis',(0.,-1.,9.95799250102959E-17));
#2384=DIRECTION('ref_axis',(1.,0.,0.));
#2385=DIRECTION('center_axis',(0.,1.,-9.95799250102959E-17));
#2386=DIRECTION('ref_axis',(1.,0.,0.));
#2387=DIRECTION('center_axis',(0.,-1.,9.95799250102959E-17));
#2388=DIRECTION('ref_axis',(1.,0.,0.));
#2389=DIRECTION('center_axis',(0.,1.,-9.95799250102959E-17));
#2390=DIRECTION('ref_axis',(1.,0.,0.));
#2391=DIRECTION('center_axis',(0.,1.,-9.95799250102959E-17));
#2392=DIRECTION('ref_axis',(1.,0.,0.));
#2393=DIRECTION('',(0.,-1.,9.95799250102959E-17));
#2394=DIRECTION('center_axis',(0.,-1.,9.95799250102959E-17));
#2395=DIRECTION('ref_axis',(1.,0.,0.));
#2396=DIRECTION('center_axis',(0.,1.,-9.95799250102959E-17));
#2397=DIRECTION('ref_axis',(1.,0.,0.));
#2398=DIRECTION('center_axis',(0.,-1.,9.95799250102959E-17));
#2399=DIRECTION('ref_axis',(1.,0.,0.));
#2400=DIRECTION('center_axis',(0.,-1.,9.95799250102959E-17));
#2401=DIRECTION('ref_axis',(-1.,0.,0.));
#2402=DIRECTION('',(0.,1.,-9.95799250102959E-17));
#2403=DIRECTION('center_axis',(0.,-1.,9.95799250102959E-17));
#2404=DIRECTION('ref_axis',(-1.,0.,0.));
#2405=DIRECTION('center_axis',(0.,-9.95799250102959E-17,-1.));
#2406=DIRECTION('ref_axis',(-1.,0.,0.));
#2407=DIRECTION('',(-1.,0.,0.));
#2408=DIRECTION('',(0.,1.,-9.95799250102959E-17));
#2409=DIRECTION('',(1.,0.,0.));
#2410=DIRECTION('',(0.,1.,-9.95799250102959E-17));
#2411=DIRECTION('center_axis',(0.,1.,-9.95799250102959E-17));
#2412=DIRECTION('ref_axis',(0.,-9.95799250102959E-17,-1.));
#2413=DIRECTION('center_axis',(0.,1.,-9.95799250102959E-17));
#2414=DIRECTION('ref_axis',(0.,-9.95799250102959E-17,-1.));
#2415=DIRECTION('',(0.,1.,-9.95799250102959E-17));
#2416=DIRECTION('center_axis',(0.,-1.,9.95799250102959E-17));
#2417=DIRECTION('ref_axis',(0.,-9.95799250102959E-17,-1.));
#2418=DIRECTION('center_axis',(1.,1.16374658984669E-32,1.16865582066503E-16));
#2419=DIRECTION('ref_axis',(1.16865582066503E-16,-9.95799250102959E-17,
-1.));
#2420=DIRECTION('',(1.16865582066503E-16,-9.95799250102959E-17,-1.));
#2421=DIRECTION('',(0.,1.,-9.95799250102959E-17));
#2422=DIRECTION('',(-1.16865582066503E-16,9.95799250102959E-17,1.));
#2423=DIRECTION('center_axis',(0.,1.,-9.95799250102959E-17));
#2424=DIRECTION('ref_axis',(1.,-5.52779627684386E-32,-5.55111512312579E-16));
#2425=DIRECTION('center_axis',(0.,1.,-9.95799250102959E-17));
#2426=DIRECTION('ref_axis',(1.,-5.52779627684386E-32,-5.55111512312579E-16));
#2427=DIRECTION('',(0.,1.,-9.95799250102959E-17));
#2428=DIRECTION('center_axis',(0.,-1.,9.95799250102959E-17));
#2429=DIRECTION('ref_axis',(1.,-5.52779627684386E-32,-5.55111512312579E-16));
#2430=DIRECTION('center_axis',(0.,9.95799250102959E-17,1.));
#2431=DIRECTION('ref_axis',(1.,0.,0.));
#2432=DIRECTION('',(1.,0.,0.));
#2433=DIRECTION('',(0.,1.,-9.95799250102959E-17));
#2434=DIRECTION('',(-1.,0.,0.));
#2435=DIRECTION('center_axis',(0.,1.,-9.95799250102959E-17));
#2436=DIRECTION('ref_axis',(0.,9.95799250102959E-17,1.));
#2437=DIRECTION('center_axis',(0.,1.,-9.95799250102959E-17));
#2438=DIRECTION('ref_axis',(0.,9.95799250102959E-17,1.));
#2439=DIRECTION('',(0.,1.,-9.95799250102959E-17));
#2440=DIRECTION('center_axis',(0.,-1.,9.95799250102959E-17));
#2441=DIRECTION('ref_axis',(0.,9.95799250102959E-17,1.));
#2442=DIRECTION('center_axis',(-1.,0.,0.));
#2443=DIRECTION('ref_axis',(0.,9.95799250102959E-17,1.));
#2444=DIRECTION('',(0.,9.95799250102959E-17,1.));
#2445=DIRECTION('',(0.,1.,-9.95799250102959E-17));
#2446=DIRECTION('',(0.,-9.95799250102959E-17,-1.));
#2447=DIRECTION('center_axis',(0.,1.,-9.95799250102959E-17));
#2448=DIRECTION('ref_axis',(-1.,0.,0.));
#2449=DIRECTION('center_axis',(0.,1.,-9.95799250102959E-17));
#2450=DIRECTION('ref_axis',(-1.,0.,0.));
#2451=DIRECTION('center_axis',(0.,-1.,9.95799250102959E-17));
#2452=DIRECTION('ref_axis',(-1.,0.,0.));
#2453=DIRECTION('center_axis',(1.,0.,0.));
#2454=DIRECTION('ref_axis',(0.,-9.95799250102959E-17,-1.));
#2455=DIRECTION('',(0.,-9.95799250102959E-17,-1.));
#2456=DIRECTION('',(0.,1.,-9.95799250102959E-17));
#2457=DIRECTION('',(0.,9.95799250102959E-17,1.));
#2458=DIRECTION('',(0.,1.,-9.95799250102959E-17));
#2459=DIRECTION('center_axis',(0.,1.,-9.95799250102959E-17));
#2460=DIRECTION('ref_axis',(1.,-5.52779627684385E-32,-5.55111512312578E-16));
#2461=DIRECTION('center_axis',(0.,1.,-9.95799250102959E-17));
#2462=DIRECTION('ref_axis',(1.,-5.52779627684385E-32,-5.55111512312578E-16));
#2463=DIRECTION('',(0.,1.,-9.95799250102959E-17));
#2464=DIRECTION('center_axis',(0.,-1.,9.95799250102959E-17));
#2465=DIRECTION('ref_axis',(1.,-5.52779627684385E-32,-5.55111512312578E-16));
#2466=DIRECTION('center_axis',(0.,9.95799250102959E-17,1.));
#2467=DIRECTION('ref_axis',(1.,0.,0.));
#2468=DIRECTION('',(1.,0.,0.));
#2469=DIRECTION('',(0.,1.,-9.95799250102959E-17));
#2470=DIRECTION('',(-1.,0.,0.));
#2471=DIRECTION('center_axis',(0.,1.,-9.95799250102959E-17));
#2472=DIRECTION('ref_axis',(0.,9.95799250102959E-17,1.));
#2473=DIRECTION('center_axis',(0.,1.,-9.95799250102959E-17));
#2474=DIRECTION('ref_axis',(0.,9.95799250102959E-17,1.));
#2475=DIRECTION('',(0.,1.,-9.95799250102959E-17));
#2476=DIRECTION('center_axis',(0.,-1.,9.95799250102959E-17));
#2477=DIRECTION('ref_axis',(0.,9.95799250102959E-17,1.));
#2478=DIRECTION('center_axis',(-1.,1.16374658984669E-32,1.16865582066503E-16));
#2479=DIRECTION('ref_axis',(1.16865582066503E-16,9.95799250102959E-17,1.));
#2480=DIRECTION('',(1.16865582066503E-16,9.95799250102959E-17,1.));
#2481=DIRECTION('',(0.,1.,-9.95799250102959E-17));
#2482=DIRECTION('',(-1.16865582066503E-16,-9.95799250102959E-17,-1.));
#2483=DIRECTION('center_axis',(0.,1.,-9.95799250102959E-17));
#2484=DIRECTION('ref_axis',(-1.,-1.10555925536877E-31,-1.11022302462516E-15));
#2485=DIRECTION('center_axis',(0.,1.,-9.95799250102959E-17));
#2486=DIRECTION('ref_axis',(-1.,-1.10555925536877E-31,-1.11022302462516E-15));
#2487=DIRECTION('',(0.,1.,-9.95799250102959E-17));
#2488=DIRECTION('center_axis',(0.,-1.,9.95799250102959E-17));
#2489=DIRECTION('ref_axis',(-1.,-1.10555925536877E-31,-1.11022302462516E-15));
#2490=DIRECTION('center_axis',(0.,-9.95799250102959E-17,-1.));
#2491=DIRECTION('ref_axis',(-1.,0.,0.));
#2492=DIRECTION('',(-1.,0.,0.));
#2493=DIRECTION('',(0.,1.,-9.95799250102959E-17));
#2494=DIRECTION('',(1.,0.,0.));
#2495=DIRECTION('center_axis',(0.,1.,-9.95799250102959E-17));
#2496=DIRECTION('ref_axis',(0.,-9.95799250102959E-17,-1.));
#2497=DIRECTION('center_axis',(0.,1.,-9.95799250102959E-17));
#2498=DIRECTION('ref_axis',(0.,-9.95799250102959E-17,-1.));
#2499=DIRECTION('center_axis',(0.,-1.,9.95799250102959E-17));
#2500=DIRECTION('ref_axis',(0.,-9.95799250102959E-17,-1.));
#2501=DIRECTION('center_axis',(0.64278760968654,-7.62826482003417E-17,-0.766044443118978));
#2502=DIRECTION('ref_axis',(0.766044443118978,6.4008741970133E-17,0.64278760968654));
#2503=DIRECTION('',(0.766044443118978,6.4008741970133E-17,0.64278760968654));
#2504=DIRECTION('',(0.,1.,-9.95799250102959E-17));
#2505=DIRECTION('',(0.766044443118978,6.4008741970133E-17,0.64278760968654));
#2506=DIRECTION('',(0.,-1.,9.95799250102959E-17));
#2507=DIRECTION('center_axis',(0.17364817766693,9.80670821945137E-17,0.984807753012208));
#2508=DIRECTION('ref_axis',(-0.984807753012208,1.72918725102475E-17,0.17364817766693));
#2509=DIRECTION('',(-0.984807753012208,1.72918725102475E-17,0.17364817766693));
#2510=DIRECTION('',(0.,1.,-9.95799250102959E-17));
#2511=DIRECTION('',(-0.984807753012208,1.72918725102475E-17,0.17364817766693));
#2512=DIRECTION('',(0.,-1.,9.95799250102959E-17));
#2513=DIRECTION('center_axis',(-0.17364817766693,-9.80670821945137E-17,
-0.984807753012208));
#2514=DIRECTION('ref_axis',(0.984807753012208,-1.72918725102474E-17,-0.17364817766693));
#2515=DIRECTION('',(0.984807753012208,-1.72918725102474E-17,-0.17364817766693));
#2516=DIRECTION('',(0.,1.,-9.95799250102959E-17));
#2517=DIRECTION('',(0.984807753012208,-1.72918725102474E-17,-0.17364817766693));
#2518=DIRECTION('',(0.,-1.,9.95799250102959E-17));
#2519=DIRECTION('center_axis',(-0.64278760968654,7.62826482003417E-17,0.766044443118978));
#2520=DIRECTION('ref_axis',(-0.766044443118978,-6.4008741970133E-17,-0.64278760968654));
#2521=DIRECTION('',(-0.766044443118978,-6.4008741970133E-17,-0.64278760968654));
#2522=DIRECTION('',(0.,1.,-9.95799250102959E-17));
#2523=DIRECTION('',(-0.766044443118978,-6.4008741970133E-17,-0.642787609686539));
#2524=DIRECTION('',(0.,-1.,9.95799250102959E-17));
#2525=DIRECTION('center_axis',(-0.984807753012208,-1.72918725102475E-17,
-0.173648177666931));
#2526=DIRECTION('ref_axis',(0.173648177666931,-9.80670821945137E-17,-0.984807753012208));
#2527=DIRECTION('',(0.173648177666931,-9.80670821945137E-17,-0.984807753012208));
#2528=DIRECTION('',(0.,1.,-9.95799250102959E-17));
#2529=DIRECTION('',(0.173648177666931,-9.80670821945137E-17,-0.984807753012208));
#2530=DIRECTION('',(0.,-1.,9.95799250102959E-17));
#2531=DIRECTION('center_axis',(0.984807753012208,-1.72918725102475E-17,
-0.17364817766693));
#2532=DIRECTION('ref_axis',(0.17364817766693,9.80670821945137E-17,0.984807753012208));
#2533=DIRECTION('',(0.17364817766693,9.80670821945137E-17,0.984807753012208));
#2534=DIRECTION('',(0.,1.,-9.95799250102959E-17));
#2535=DIRECTION('',(0.17364817766693,9.80670821945138E-17,0.984807753012208));
#2536=DIRECTION('',(0.,-1.,9.95799250102959E-17));
#2537=DIRECTION('center_axis',(0.984807753012208,1.72918725102475E-17,0.17364817766693));
#2538=DIRECTION('ref_axis',(-0.17364817766693,9.80670821945137E-17,0.984807753012208));
#2539=DIRECTION('',(-0.17364817766693,9.80670821945137E-17,0.984807753012208));
#2540=DIRECTION('',(0.,1.,-9.95799250102959E-17));
#2541=DIRECTION('',(-0.17364817766693,9.80670821945138E-17,0.984807753012208));
#2542=DIRECTION('',(0.,-1.,9.95799250102959E-17));
#2543=DIRECTION('center_axis',(-0.984807753012208,1.72918725102474E-17,
0.17364817766693));
#2544=DIRECTION('ref_axis',(-0.17364817766693,-9.80670821945137E-17,-0.984807753012208));
#2545=DIRECTION('',(-0.17364817766693,-9.80670821945137E-17,-0.984807753012208));
#2546=DIRECTION('',(0.,1.,-9.95799250102959E-17));
#2547=DIRECTION('',(-0.17364817766693,-9.80670821945137E-17,-0.984807753012208));
#2548=DIRECTION('',(0.,-1.,9.95799250102959E-17));
#2549=DIRECTION('center_axis',(0.766044443118978,6.4008741970133E-17,0.64278760968654));
#2550=DIRECTION('ref_axis',(-0.64278760968654,7.62826482003417E-17,0.766044443118978));
#2551=DIRECTION('',(-0.64278760968654,7.62826482003417E-17,0.766044443118978));
#2552=DIRECTION('',(0.,1.,-9.95799250102959E-17));
#2553=DIRECTION('',(-0.64278760968654,7.62826482003417E-17,0.766044443118978));
#2554=DIRECTION('',(0.,-1.,9.95799250102959E-17));
#2555=DIRECTION('center_axis',(-0.939692620785908,-3.40583402243808E-17,
-0.342020143325669));
#2556=DIRECTION('ref_axis',(0.342020143325669,-9.35745207105892E-17,-0.939692620785908));
#2557=DIRECTION('',(0.342020143325669,-9.35745207105892E-17,-0.939692620785908));
#2558=DIRECTION('',(0.,1.,-9.95799250102959E-17));
#2559=DIRECTION('',(0.342020143325669,-9.35745207105892E-17,-0.939692620785908));
#2560=DIRECTION('',(0.,-1.,9.95799250102959E-17));
#2561=DIRECTION('center_axis',(-0.766044443118978,-6.4008741970133E-17,
-0.642787609686539));
#2562=DIRECTION('ref_axis',(0.642787609686539,-7.62826482003417E-17,-0.766044443118978));
#2563=DIRECTION('',(0.642787609686539,-7.62826482003417E-17,-0.766044443118978));
#2564=DIRECTION('',(0.,1.,-9.95799250102959E-17));
#2565=DIRECTION('',(0.642787609686539,-7.62826482003417E-17,-0.766044443118978));
#2566=DIRECTION('',(0.,-1.,9.95799250102959E-17));
#2567=DIRECTION('center_axis',(0.939692620785908,3.40583402243808E-17,0.342020143325669));
#2568=DIRECTION('ref_axis',(-0.342020143325669,9.35745207105892E-17,0.939692620785908));
#2569=DIRECTION('',(-0.342020143325669,9.35745207105892E-17,0.939692620785908));
#2570=DIRECTION('',(0.,1.,-9.95799250102959E-17));
#2571=DIRECTION('',(-0.342020143325669,9.35745207105892E-17,0.939692620785908));
#2572=DIRECTION('',(0.,-1.,9.95799250102959E-17));
#2573=DIRECTION('center_axis',(0.,-1.,9.95799250102959E-17));
#2574=DIRECTION('ref_axis',(-1.,0.,0.));
#2575=DIRECTION('center_axis',(0.,-1.,9.95799250102959E-17));
#2576=DIRECTION('ref_axis',(-1.,0.,0.));
#2577=DIRECTION('center_axis',(0.,-1.,9.95799250102959E-17));
#2578=DIRECTION('ref_axis',(-1.,0.,0.));
#2579=DIRECTION('center_axis',(0.,-1.,9.95799250102959E-17));
#2580=DIRECTION('ref_axis',(-1.,0.,0.));
#2581=DIRECTION('center_axis',(0.,-1.,9.95799250102959E-17));
#2582=DIRECTION('ref_axis',(-1.,0.,0.));
#2583=DIRECTION('center_axis',(0.,-1.,9.95799250102959E-17));
#2584=DIRECTION('ref_axis',(-1.,0.,0.));
#2585=DIRECTION('center_axis',(0.,-1.,9.95799250102959E-17));
#2586=DIRECTION('ref_axis',(-1.,0.,0.));
#2587=DIRECTION('center_axis',(0.,-1.,9.95799250102959E-17));
#2588=DIRECTION('ref_axis',(-1.,0.,0.));
#2589=DIRECTION('center_axis',(0.,-1.,9.95799250102959E-17));
#2590=DIRECTION('ref_axis',(-1.,0.,0.));
#2591=DIRECTION('center_axis',(0.,-1.,9.95799250102959E-17));
#2592=DIRECTION('ref_axis',(-1.,0.,0.));
#2593=DIRECTION('center_axis',(0.,-1.,9.95799250102959E-17));
#2594=DIRECTION('ref_axis',(-1.,0.,0.));
#2595=DIRECTION('center_axis',(0.,-1.,9.95799250102959E-17));
#2596=DIRECTION('ref_axis',(-1.,0.,0.));
#2597=DIRECTION('center_axis',(0.,-1.,9.95799250102959E-17));
#2598=DIRECTION('ref_axis',(-1.,0.,0.));
#2599=DIRECTION('center_axis',(0.,-1.,9.95799250102959E-17));
#2600=DIRECTION('ref_axis',(-1.,0.,0.));
#2601=DIRECTION('center_axis',(0.,-1.,9.95799250102959E-17));
#2602=DIRECTION('ref_axis',(-1.,0.,0.));
#2603=DIRECTION('center_axis',(0.,-1.,9.95799250102959E-17));
#2604=DIRECTION('ref_axis',(-1.,0.,0.));
#2605=DIRECTION('center_axis',(0.,-1.,9.95799250102959E-17));
#2606=DIRECTION('ref_axis',(-1.,0.,0.));
#2607=DIRECTION('center_axis',(0.,-1.,9.95799250102959E-17));
#2608=DIRECTION('ref_axis',(-1.,0.,0.));
#2609=DIRECTION('center_axis',(0.,-1.,9.95799250102959E-17));
#2610=DIRECTION('ref_axis',(-0.965925826289068,2.57731811025454E-17,0.258819045102521));
#2611=DIRECTION('',(0.,1.,-9.95799250102959E-17));
#2612=DIRECTION('',(0.,1.,-9.95799250102959E-17));
#2613=DIRECTION('center_axis',(0.,1.,-9.95799250102959E-17));
#2614=DIRECTION('ref_axis',(-1.,0.,0.));
#2615=DIRECTION('center_axis',(0.,-1.,9.95799250102959E-17));
#2616=DIRECTION('ref_axis',(-1.,0.,0.));
#2617=DIRECTION('center_axis',(0.,1.,-9.95799250102959E-17));
#2618=DIRECTION('ref_axis',(-1.,0.,0.));
#2619=DIRECTION('center_axis',(0.,-1.,9.95799250102959E-17));
#2620=DIRECTION('ref_axis',(-1.,0.,0.));
#2621=DIRECTION('center_axis',(0.,1.,-9.95799250102959E-17));
#2622=DIRECTION('ref_axis',(-1.,0.,0.));
#2623=DIRECTION('center_axis',(0.,-1.,9.95799250102959E-17));
#2624=DIRECTION('ref_axis',(-1.,0.,0.));
#2625=DIRECTION('center_axis',(0.,1.,-9.95799250102959E-17));
#2626=DIRECTION('ref_axis',(-1.,0.,0.));
#2627=DIRECTION('center_axis',(0.,-1.,9.95799250102959E-17));
#2628=DIRECTION('ref_axis',(-1.,0.,0.));
#2629=DIRECTION('center_axis',(0.,1.,-9.95799250102959E-17));
#2630=DIRECTION('ref_axis',(-1.,0.,0.));
#2631=DIRECTION('center_axis',(0.,-1.,9.95799250102959E-17));
#2632=DIRECTION('ref_axis',(-1.,0.,0.));
#2633=DIRECTION('center_axis',(0.,1.,-9.95799250102959E-17));
#2634=DIRECTION('ref_axis',(-1.,0.,0.));
#2635=DIRECTION('center_axis',(0.,-1.,9.95799250102959E-17));
#2636=DIRECTION('ref_axis',(-1.,0.,0.));
#2637=DIRECTION('center_axis',(0.,1.,-9.95799250102959E-17));
#2638=DIRECTION('ref_axis',(-1.,0.,0.));
#2639=DIRECTION('',(0.,1.,-9.95799250102959E-17));
#2640=DIRECTION('',(0.,1.,-9.95799250102959E-17));
#2641=DIRECTION('',(0.,1.,-9.95799250102959E-17));
#2642=DIRECTION('',(0.,1.,-9.95799250102959E-17));
#2643=DIRECTION('',(0.,1.,-9.95799250102959E-17));
#2644=DIRECTION('',(0.,1.,-9.95799250102959E-17));
#2645=DIRECTION('',(0.,1.,-9.95799250102959E-17));
#2646=DIRECTION('',(0.,1.,-9.95799250102959E-17));
#2647=DIRECTION('',(0.,1.,-9.95799250102959E-17));
#2648=DIRECTION('',(0.,1.,-9.95799250102959E-17));
#2649=DIRECTION('',(0.,1.,-9.95799250102959E-17));
#2650=DIRECTION('',(0.,1.,-9.95799250102959E-17));
#2651=DIRECTION('',(0.,1.,-9.95799250102959E-17));
#2652=DIRECTION('',(0.,1.,-9.95799250102959E-17));
#2653=DIRECTION('',(0.,1.,-9.95799250102959E-17));
#2654=DIRECTION('center_axis',(0.,-1.,9.95799250102959E-17));
#2655=DIRECTION('ref_axis',(-1.,0.,0.));
#2656=DIRECTION('center_axis',(0.,-1.,9.95799250102959E-17));
#2657=DIRECTION('ref_axis',(-1.,0.,0.));
#2658=DIRECTION('center_axis',(0.,-1.,9.95799250102959E-17));
#2659=DIRECTION('ref_axis',(-1.,0.,0.));
#2660=DIRECTION('center_axis',(0.,-1.,9.95799250102959E-17));
#2661=DIRECTION('ref_axis',(-1.,0.,0.));
#2662=DIRECTION('center_axis',(0.,-1.,9.95799250102959E-17));
#2663=DIRECTION('ref_axis',(-1.,0.,0.));
#2664=DIRECTION('center_axis',(0.,-1.,9.95799250102959E-17));
#2665=DIRECTION('ref_axis',(-1.,0.,0.));
#2666=DIRECTION('center_axis',(0.,-1.,9.95799250102959E-17));
#2667=DIRECTION('ref_axis',(-1.,0.,0.));
#2668=DIRECTION('center_axis',(0.,-1.,9.95799250102959E-17));
#2669=DIRECTION('ref_axis',(-1.,0.,0.));
#2670=DIRECTION('center_axis',(0.,-1.,9.95799250102959E-17));
#2671=DIRECTION('ref_axis',(-1.,0.,0.));
#2672=DIRECTION('center_axis',(0.,-1.,9.95799250102959E-17));
#2673=DIRECTION('ref_axis',(-1.,0.,0.));
#2674=DIRECTION('center_axis',(0.,-1.,9.95799250102959E-17));
#2675=DIRECTION('ref_axis',(-1.,0.,0.));
#2676=DIRECTION('center_axis',(0.,-1.,9.95799250102959E-17));
#2677=DIRECTION('ref_axis',(-1.,0.,0.));
#2678=DIRECTION('center_axis',(0.,-1.,9.95799250102959E-17));
#2679=DIRECTION('ref_axis',(-1.,0.,0.));
#2680=DIRECTION('center_axis',(0.,1.,-9.95799250102959E-17));
#2681=DIRECTION('ref_axis',(-1.,0.,0.));
#2682=DIRECTION('',(0.,-1.,9.95799250102959E-17));
#2683=DIRECTION('center_axis',(0.,1.,-9.95799250102959E-17));
#2684=DIRECTION('ref_axis',(-1.,0.,0.));
#2685=DIRECTION('',(0.,-1.,9.95799250102959E-17));
#2686=DIRECTION('center_axis',(0.,1.,-9.95799250102959E-17));
#2687=DIRECTION('ref_axis',(-1.,0.,0.));
#2688=DIRECTION('',(0.,-1.,9.95799250102959E-17));
#2689=DIRECTION('center_axis',(0.,1.,-9.95799250102959E-17));
#2690=DIRECTION('ref_axis',(-1.,0.,0.));
#2691=DIRECTION('',(0.,-1.,9.9579925010296E-17));
#2692=DIRECTION('center_axis',(0.,1.,-9.95799250102959E-17));
#2693=DIRECTION('ref_axis',(0.707106781186547,-7.04136402448282E-17,-0.707106781186548));
#2694=DIRECTION('center_axis',(0.,1.,-9.95799250102959E-17));
#2695=DIRECTION('ref_axis',(-1.,0.,0.));
#2696=DIRECTION('',(0.,1.,-9.95799250102959E-17));
#2697=DIRECTION('center_axis',(0.,1.,-9.95799250102959E-17));
#2698=DIRECTION('ref_axis',(-1.,0.,0.));
#2699=DIRECTION('',(0.,1.,-9.95799250102959E-17));
#2700=DIRECTION('center_axis',(0.,1.,-9.95799250102959E-17));
#2701=DIRECTION('ref_axis',(-1.,0.,0.));
#2702=DIRECTION('center_axis',(0.,-1.,9.95799250102959E-17));
#2703=DIRECTION('ref_axis',(-1.,0.,0.));
#2704=DIRECTION('center_axis',(0.,-1.,9.95799250102959E-17));
#2705=DIRECTION('ref_axis',(-1.,0.,0.));
#2706=DIRECTION('center_axis',(0.,1.,-9.95799250102959E-17));
#2707=DIRECTION('ref_axis',(0.707106781186546,-7.04136402448283E-17,-0.707106781186549));
#2708=DIRECTION('',(0.,1.,-9.95799250102959E-17));
#2709=DIRECTION('center_axis',(0.,1.,-9.95799250102959E-17));
#2710=DIRECTION('ref_axis',(-1.,0.,0.));
#2711=DIRECTION('center_axis',(0.,1.,-9.95799250102959E-17));
#2712=DIRECTION('ref_axis',(-1.,0.,0.));
#2713=DIRECTION('',(0.,1.,-9.95799250102959E-17));
#2714=DIRECTION('center_axis',(0.,1.,-9.95799250102959E-17));
#2715=DIRECTION('ref_axis',(-1.,0.,0.));
#2716=DIRECTION('center_axis',(0.,-1.,9.95799250102959E-17));
#2717=DIRECTION('ref_axis',(-1.,0.,0.));
#2718=DIRECTION('center_axis',(0.,-1.,9.95799250102959E-17));
#2719=DIRECTION('ref_axis',(-1.,0.,0.));
#2720=DIRECTION('center_axis',(0.,1.,-9.95799250102959E-17));
#2721=DIRECTION('ref_axis',(0.258819045102521,9.61868213473735E-17,0.965925826289068));
#2722=DIRECTION('center_axis',(0.,1.,-9.95799250102959E-17));
#2723=DIRECTION('ref_axis',(-1.,0.,0.));
#2724=DIRECTION('',(0.,1.,-9.95799250102959E-17));
#2725=DIRECTION('center_axis',(0.,1.,-9.95799250102959E-17));
#2726=DIRECTION('ref_axis',(-1.,0.,0.));
#2727=DIRECTION('',(0.,1.,-9.95799250102959E-17));
#2728=DIRECTION('center_axis',(0.,1.,-9.95799250102959E-17));
#2729=DIRECTION('ref_axis',(-1.,0.,0.));
#2730=DIRECTION('center_axis',(0.,-1.,9.95799250102959E-17));
#2731=DIRECTION('ref_axis',(-1.,0.,0.));
#2732=DIRECTION('center_axis',(0.,-1.,9.95799250102959E-17));
#2733=DIRECTION('ref_axis',(-1.,0.,0.));
#2734=DIRECTION('center_axis',(0.,1.,-9.95799250102959E-17));
#2735=DIRECTION('ref_axis',(0.258819045102522,9.61868213473735E-17,0.965925826289068));
#2736=DIRECTION('',(0.,1.,-9.95799250102959E-17));
#2737=DIRECTION('center_axis',(0.,1.,-9.95799250102959E-17));
#2738=DIRECTION('ref_axis',(-1.,0.,0.));
#2739=DIRECTION('center_axis',(0.,1.,-9.95799250102959E-17));
#2740=DIRECTION('ref_axis',(-1.,0.,0.));
#2741=DIRECTION('',(0.,1.,-9.95799250102959E-17));
#2742=DIRECTION('center_axis',(0.,1.,-9.95799250102959E-17));
#2743=DIRECTION('ref_axis',(-1.,0.,0.));
#2744=DIRECTION('center_axis',(0.,-1.,9.95799250102959E-17));
#2745=DIRECTION('ref_axis',(-1.,0.,0.));
#2746=DIRECTION('center_axis',(0.,-1.,9.95799250102959E-17));
#2747=DIRECTION('ref_axis',(-1.,0.,0.));
#2748=DIRECTION('center_axis',(0.,1.,-9.95799250102959E-17));
#2749=DIRECTION('ref_axis',(0.965925826289068,-2.57731811025455E-17,-0.258819045102522));
#2750=DIRECTION('center_axis',(0.,1.,-9.95799250102959E-17));
#2751=DIRECTION('ref_axis',(-1.,0.,0.));
#2752=DIRECTION('',(0.,1.,-9.95799250102959E-17));
#2753=DIRECTION('center_axis',(0.,1.,-9.95799250102959E-17));
#2754=DIRECTION('ref_axis',(-1.,0.,0.));
#2755=DIRECTION('',(0.,1.,-9.95799250102959E-17));
#2756=DIRECTION('center_axis',(0.,1.,-9.95799250102959E-17));
#2757=DIRECTION('ref_axis',(-1.,0.,0.));
#2758=DIRECTION('center_axis',(0.,-1.,9.95799250102959E-17));
#2759=DIRECTION('ref_axis',(-1.,0.,0.));
#2760=DIRECTION('center_axis',(0.,-1.,9.95799250102959E-17));
#2761=DIRECTION('ref_axis',(-1.,0.,0.));
#2762=DIRECTION('center_axis',(0.,1.,-9.95799250102959E-17));
#2763=DIRECTION('ref_axis',(0.965925826289068,-2.57731811025455E-17,-0.258819045102522));
#2764=DIRECTION('',(0.,1.,-9.95799250102959E-17));
#2765=DIRECTION('center_axis',(0.,1.,-9.95799250102959E-17));
#2766=DIRECTION('ref_axis',(-1.,0.,0.));
#2767=DIRECTION('center_axis',(0.,1.,-9.95799250102959E-17));
#2768=DIRECTION('ref_axis',(-1.,0.,0.));
#2769=DIRECTION('',(0.,1.,-9.95799250102959E-17));
#2770=DIRECTION('center_axis',(0.,1.,-9.95799250102959E-17));
#2771=DIRECTION('ref_axis',(-1.,0.,0.));
#2772=DIRECTION('center_axis',(0.,-1.,9.95799250102959E-17));
#2773=DIRECTION('ref_axis',(-1.,0.,0.));
#2774=DIRECTION('center_axis',(0.,-1.,9.95799250102959E-17));
#2775=DIRECTION('ref_axis',(-1.,0.,0.));
#2776=DIRECTION('center_axis',(0.,1.,-9.95799250102959E-17));
#2777=DIRECTION('ref_axis',(0.707106781186548,7.04136402448281E-17,0.707106781186547));
#2778=DIRECTION('center_axis',(0.,1.,-9.95799250102959E-17));
#2779=DIRECTION('ref_axis',(-1.,0.,0.));
#2780=DIRECTION('',(0.,1.,-9.95799250102959E-17));
#2781=DIRECTION('center_axis',(0.,1.,-9.95799250102959E-17));
#2782=DIRECTION('ref_axis',(-1.,0.,0.));
#2783=DIRECTION('',(0.,1.,-9.95799250102959E-17));
#2784=DIRECTION('center_axis',(0.,1.,-9.95799250102959E-17));
#2785=DIRECTION('ref_axis',(-1.,0.,0.));
#2786=DIRECTION('center_axis',(0.,-1.,9.95799250102959E-17));
#2787=DIRECTION('ref_axis',(-1.,0.,0.));
#2788=DIRECTION('center_axis',(0.,-1.,9.95799250102959E-17));
#2789=DIRECTION('ref_axis',(-1.,0.,0.));
#2790=DIRECTION('center_axis',(0.,1.,-9.95799250102959E-17));
#2791=DIRECTION('ref_axis',(0.707106781186547,7.04136402448282E-17,0.707106781186548));
#2792=DIRECTION('',(0.,1.,-9.95799250102959E-17));
#2793=DIRECTION('center_axis',(0.,1.,-9.95799250102959E-17));
#2794=DIRECTION('ref_axis',(-1.,0.,0.));
#2795=DIRECTION('center_axis',(0.,1.,-9.95799250102959E-17));
#2796=DIRECTION('ref_axis',(-1.,0.,0.));
#2797=DIRECTION('',(0.,1.,-9.95799250102959E-17));
#2798=DIRECTION('center_axis',(0.,1.,-9.95799250102959E-17));
#2799=DIRECTION('ref_axis',(-1.,0.,0.));
#2800=DIRECTION('center_axis',(0.,-1.,9.95799250102959E-17));
#2801=DIRECTION('ref_axis',(-1.,0.,0.));
#2802=DIRECTION('center_axis',(0.,-1.,9.95799250102959E-17));
#2803=DIRECTION('ref_axis',(-1.,0.,0.));
#2804=DIRECTION('center_axis',(0.,-1.,9.95799250102959E-17));
#2805=DIRECTION('ref_axis',(-1.,0.,0.));
#2806=DIRECTION('center_axis',(0.,-1.,9.95799250102959E-17));
#2807=DIRECTION('ref_axis',(-1.,0.,0.));
#2808=DIRECTION('center_axis',(0.,-1.,9.95799250102959E-17));
#2809=DIRECTION('ref_axis',(-1.,0.,0.));
#2810=DIRECTION('center_axis',(0.,-1.,9.95799250102959E-17));
#2811=DIRECTION('ref_axis',(-1.,0.,0.));
#2812=DIRECTION('center_axis',(0.,-1.,9.95799250102959E-17));
#2813=DIRECTION('ref_axis',(-1.,0.,0.));
#2814=DIRECTION('center_axis',(0.,1.,-9.95799250102959E-17));
#2815=DIRECTION('ref_axis',(-1.,0.,0.));
#2816=DIRECTION('center_axis',(0.,1.,-9.95799250102959E-17));
#2817=DIRECTION('ref_axis',(-1.,0.,0.));
#2818=DIRECTION('center_axis',(0.,-1.,9.95799250102959E-17));
#2819=DIRECTION('ref_axis',(-1.,0.,0.));
#2820=DIRECTION('',(0.,1.,-9.9579925010296E-17));
#2821=DIRECTION('center_axis',(0.,-1.,9.95799250102959E-17));
#2822=DIRECTION('ref_axis',(-1.,0.,0.));
#2823=DIRECTION('',(0.,1.,-9.95799250102959E-17));
#2824=DIRECTION('center_axis',(0.,-1.,9.95799250102959E-17));
#2825=DIRECTION('ref_axis',(-1.,0.,0.));
#2826=DIRECTION('',(0.,1.,-9.95799250102959E-17));
#2827=DIRECTION('center_axis',(0.,-1.,9.95799250102959E-17));
#2828=DIRECTION('ref_axis',(-0.707106781186547,-7.04136402448282E-17,-0.707106781186548));
#2829=DIRECTION('',(0.,1.,-9.9579925010296E-17));
#2830=DIRECTION('center_axis',(0.,-1.,9.95799250102959E-17));
#2831=DIRECTION('ref_axis',(-1.,0.,0.));
#2832=DIRECTION('',(0.,1.,-9.95799250102959E-17));
#2833=DIRECTION('center_axis',(0.,-1.,9.95799250102959E-17));
#2834=DIRECTION('ref_axis',(-1.,0.,0.));
#2835=DIRECTION('',(0.,1.,-9.9579925010296E-17));
#2836=DIRECTION('center_axis',(0.,-1.,9.95799250102959E-17));
#2837=DIRECTION('ref_axis',(-1.,0.,0.));
#2838=DIRECTION('',(0.,1.,-9.95799250102959E-17));
#2839=DIRECTION('center_axis',(0.,-1.,9.95799250102959E-17));
#2840=DIRECTION('ref_axis',(-1.,0.,0.));
#2841=DIRECTION('',(0.,1.,-9.95799250102959E-17));
#2842=DIRECTION('center_axis',(0.,-1.,9.95799250102959E-17));
#2843=DIRECTION('ref_axis',(-1.,0.,0.));
#2844=DIRECTION('',(0.,1.,-9.9579925010296E-17));
#2845=DIRECTION('center_axis',(0.,-1.,9.95799250102959E-17));
#2846=DIRECTION('ref_axis',(-1.,0.,0.));
#2847=DIRECTION('',(0.,1.,-9.95799250102959E-17));
#2848=DIRECTION('center_axis',(0.,-1.,9.95799250102959E-17));
#2849=DIRECTION('ref_axis',(-1.,0.,0.));
#2850=DIRECTION('',(0.,1.,-9.95799250102959E-17));
#2851=DIRECTION('center_axis',(0.,-1.,9.95799250102959E-17));
#2852=DIRECTION('ref_axis',(-1.,0.,0.));
#2853=DIRECTION('',(0.,1.,-9.95799250102959E-17));
#2854=DIRECTION('center_axis',(0.,-1.,9.95799250102959E-17));
#2855=DIRECTION('ref_axis',(-1.,0.,0.));
#2856=DIRECTION('',(0.,1.,-9.9579925010296E-17));
#2857=CARTESIAN_POINT('',(0.,0.,0.));
#2858=CARTESIAN_POINT('Origin',(5.50000000000001,-15.,-80.0000000000001));
#2859=CARTESIAN_POINT('',(3.00000000000001,-19.,-80.0000000000001));
#2860=CARTESIAN_POINT('Origin',(5.50000000000001,-19.,-80.0000000000001));
#2861=CARTESIAN_POINT('',(3.00000000000001,-18.,-80.0000000000001));
#2862=CARTESIAN_POINT('',(3.00000000000001,-15.,-80.0000000000001));
#2863=CARTESIAN_POINT('Origin',(5.50000000000001,-18.,-80.0000000000001));
#2864=CARTESIAN_POINT('Origin',(5.50000000000001,-19.,-80.0000000000001));
#2865=CARTESIAN_POINT('',(6.00000000000001,-19.,-80.0000000000001));
#2866=CARTESIAN_POINT('Origin',(5.50000000000001,-19.,-80.0000000000001));
#2867=CARTESIAN_POINT('Origin',(5.50000000000001,-15.,-98.0000000000001));
#2868=CARTESIAN_POINT('',(3.00000000000001,-19.,-98.0000000000001));
#2869=CARTESIAN_POINT('Origin',(5.50000000000001,-19.,-98.0000000000001));
#2870=CARTESIAN_POINT('',(3.00000000000001,-17.9999999999999,-98.0000000000001));
#2871=CARTESIAN_POINT('',(3.00000000000001,-15.,-98.0000000000001));
#2872=CARTESIAN_POINT('Origin',(5.50000000000001,-17.9999999999999,-98.0000000000001));
#2873=CARTESIAN_POINT('Origin',(5.50000000000001,-19.,-98.0000000000001));
#2874=CARTESIAN_POINT('',(6.00000000000001,-19.,-98.0000000000001));
#2875=CARTESIAN_POINT('Origin',(5.50000000000001,-19.,-98.0000000000001));
#2876=CARTESIAN_POINT('Origin',(-5.50000000000001,-15.,-98.0000000000001));
#2877=CARTESIAN_POINT('',(-8.00000000000001,-19.,-98.0000000000001));
#2878=CARTESIAN_POINT('Origin',(-5.50000000000001,-19.,-98.0000000000001));
#2879=CARTESIAN_POINT('',(-8.00000000000001,-17.9999999999999,-98.0000000000001));
#2880=CARTESIAN_POINT('',(-8.00000000000001,-15.,-98.0000000000001));
#2881=CARTESIAN_POINT('Origin',(-5.50000000000001,-17.9999999999999,-98.0000000000001));
#2882=CARTESIAN_POINT('Origin',(-5.50000000000001,-19.,-98.0000000000001));
#2883=CARTESIAN_POINT('',(-5.00000000000001,-19.,-98.0000000000001));
#2884=CARTESIAN_POINT('Origin',(-5.50000000000001,-19.,-98.0000000000001));
#2885=CARTESIAN_POINT('Origin',(-5.50000000000001,-15.,-80.0000000000001));
#2886=CARTESIAN_POINT('',(-8.00000000000001,-19.,-80.0000000000001));
#2887=CARTESIAN_POINT('Origin',(-5.50000000000001,-19.,-80.0000000000001));
#2888=CARTESIAN_POINT('',(-8.00000000000001,-18.,-80.0000000000001));
#2889=CARTESIAN_POINT('',(-8.00000000000001,-15.,-80.0000000000001));
#2890=CARTESIAN_POINT('Origin',(-5.50000000000001,-18.,-80.0000000000001));
#2891=CARTESIAN_POINT('Origin',(-5.50000000000001,-19.,-80.0000000000001));
#2892=CARTESIAN_POINT('',(-5.00000000000001,-19.,-80.0000000000001));
#2893=CARTESIAN_POINT('Origin',(-5.50000000000001,-19.,-80.0000000000001));
#2894=CARTESIAN_POINT('Origin',(0.,-27.,-89.0000000000001));
#2895=CARTESIAN_POINT('',(33.8074039201174,-27.,-98.0586665785883));
#2896=CARTESIAN_POINT('',(28.011848962383,-27.,-96.5057523079732));
#2897=CARTESIAN_POINT('Origin',(30.9096264412502,-27.,-97.2822094432807));
#2898=CARTESIAN_POINT('',(20.5060966544099,-27.,-109.50609665441));
#2899=CARTESIAN_POINT('Origin',(0.,-27.,-89.0000000000001));
#2900=CARTESIAN_POINT('',(24.7487373415292,-27.,-113.748737341529));
#2901=CARTESIAN_POINT('Origin',(22.6274169979695,-27.,-111.62741699797));
#2902=CARTESIAN_POINT('Origin',(0.,-27.,-89.0000000000001));
#2903=CARTESIAN_POINT('Origin',(0.,-27.,-89.0000000000001));
#2904=CARTESIAN_POINT('',(-7.50575230797311,-27.,-117.011848962383));
#2905=CARTESIAN_POINT('',(-9.05866657858825,-27.,-122.807403920117));
#2906=CARTESIAN_POINT('Origin',(-8.28220944328068,-27.,-119.90962644125));
#2907=CARTESIAN_POINT('Origin',(0.,-27.,-89.0000000000001));
#2908=CARTESIAN_POINT('Origin',(22.6274169979695,-27.,-111.62741699797));
#2909=CARTESIAN_POINT('Origin',(0.,-27.,-89.0000000000001));
#2910=CARTESIAN_POINT('',(9.88220944328067,-27.,-119.90962644125));
#2911=CARTESIAN_POINT('Origin',(8.28220944328066,-27.,-119.90962644125));
#2912=CARTESIAN_POINT('Origin',(0.,-27.,-89.0000000000001));
#2913=CARTESIAN_POINT('',(-20.5060966544099,-27.,-109.50609665441));
#2914=CARTESIAN_POINT('',(-24.7487373415292,-27.,-113.748737341529));
#2915=CARTESIAN_POINT('Origin',(-22.6274169979695,-27.,-111.62741699797));
#2916=CARTESIAN_POINT('Origin',(0.,-27.,-89.0000000000001));
#2917=CARTESIAN_POINT('Origin',(-8.28220944328068,-27.,-119.90962644125));
#2918=CARTESIAN_POINT('Origin',(0.,-27.,-89.0000000000001));
#2919=CARTESIAN_POINT('Origin',(0.,-27.,-89.0000000000001));
#2920=CARTESIAN_POINT('Origin',(-22.6274169979695,-27.,-111.62741699797));
#2921=CARTESIAN_POINT('',(-28.011848962383,-27.,-81.494247692027));
#2922=CARTESIAN_POINT('Origin',(0.,-27.,-89.0000000000001));
#2923=CARTESIAN_POINT('',(-33.8074039201174,-27.,-79.9413334214118));
#2924=CARTESIAN_POINT('Origin',(-30.9096264412502,-27.,-80.7177905567194));
#2925=CARTESIAN_POINT('Origin',(0.,-27.,-89.0000000000001));
#2926=CARTESIAN_POINT('',(-29.3096264412502,-27.,-97.2822094432807));
#2927=CARTESIAN_POINT('Origin',(-30.9096264412502,-27.,-97.2822094432807));
#2928=CARTESIAN_POINT('Origin',(0.,-27.,-89.0000000000001));
#2929=CARTESIAN_POINT('Origin',(-30.9096264412502,-27.,-80.7177905567194));
#2930=CARTESIAN_POINT('',(-20.5060966544099,-27.,-68.4939033455902));
#2931=CARTESIAN_POINT('Origin',(0.,-27.,-89.0000000000001));
#2932=CARTESIAN_POINT('',(-24.7487373415292,-27.,-64.2512626584709));
#2933=CARTESIAN_POINT('Origin',(-22.6274169979695,-27.,-66.3725830020306));
#2934=CARTESIAN_POINT('Origin',(0.,-27.,-89.0000000000001));
#2935=CARTESIAN_POINT('Origin',(0.,-27.,-89.0000000000001));
#2936=CARTESIAN_POINT('',(7.50575230797311,-27.,-60.9881510376171));
#2937=CARTESIAN_POINT('',(9.05866657858825,-27.,-55.1925960798827));
#2938=CARTESIAN_POINT('Origin',(8.28220944328068,-27.,-58.0903735587499));
#2939=CARTESIAN_POINT('Origin',(0.,-27.,-89.0000000000001));
#2940=CARTESIAN_POINT('Origin',(-22.6274169979695,-27.,-66.3725830020306));
#2941=CARTESIAN_POINT('Origin',(0.,-27.,-89.0000000000001));
#2942=CARTESIAN_POINT('',(-6.68220944328066,-27.,-58.0903735587499));
#2943=CARTESIAN_POINT('Origin',(-8.28220944328066,-27.,-58.0903735587499));
#2944=CARTESIAN_POINT('Origin',(0.,-27.,-89.0000000000001));
#2945=CARTESIAN_POINT('',(20.5060966544099,-27.,-68.4939033455902));
#2946=CARTESIAN_POINT('',(24.7487373415292,-27.,-64.2512626584709));
#2947=CARTESIAN_POINT('Origin',(22.6274169979695,-27.,-66.3725830020306));
#2948=CARTESIAN_POINT('Origin',(0.,-27.,-89.0000000000001));
#2949=CARTESIAN_POINT('Origin',(8.28220944328068,-27.,-58.0903735587499));
#2950=CARTESIAN_POINT('Origin',(0.,-27.,-89.0000000000001));
#2951=CARTESIAN_POINT('Origin',(0.,-27.,-89.0000000000001));
#2952=CARTESIAN_POINT('Origin',(22.6274169979695,-27.,-66.3725830020306));
#2953=CARTESIAN_POINT('Origin',(0.,-27.,-89.0000000000001));
#2954=CARTESIAN_POINT('Origin',(30.9096264412502,-27.,-97.2822094432807));
#2955=CARTESIAN_POINT('Origin',(0.,-27.,-89.0000000000001));
#2956=CARTESIAN_POINT('',(32.5096264412502,-27.,-80.7177905567194));
#2957=CARTESIAN_POINT('Origin',(30.9096264412502,-27.,-80.7177905567194));
#2958=CARTESIAN_POINT('Origin',(0.,-20.,-89.0000000000001));
#2959=CARTESIAN_POINT('',(20.5060966544099,-20.,-68.4939033455902));
#2960=CARTESIAN_POINT('Origin',(0.,-20.,-89.0000000000001));
#2961=CARTESIAN_POINT('',(25.,-20.,-89.0000000000001));
#2962=CARTESIAN_POINT('Origin',(0.,-20.,-89.0000000000001));
#2963=CARTESIAN_POINT('Origin',(5.50000000000001,-16.,-80.0000000000001));
#2964=CARTESIAN_POINT('',(3.00000000000001,-15.,-80.0000000000001));
#2965=CARTESIAN_POINT('Origin',(5.50000000000001,-15.,-80.0000000000001));
#2966=CARTESIAN_POINT('',(3.00000000000001,-16.,-80.0000000000001));
#2967=CARTESIAN_POINT('',(3.00000000000001,-16.,-80.0000000000001));
#2968=CARTESIAN_POINT('Origin',(5.50000000000001,-16.,-80.0000000000001));
#2969=CARTESIAN_POINT('Origin',(5.50000000000001,-15.,-80.0000000000001));
#2970=CARTESIAN_POINT('',(6.00000000000001,-15.,-80.0000000000001));
#2971=CARTESIAN_POINT('Origin',(5.50000000000001,-15.,-80.0000000000001));
#2972=CARTESIAN_POINT('Origin',(-5.50000000000001,-16.,-80.0000000000001));
#2973=CARTESIAN_POINT('',(-8.00000000000001,-15.,-80.0000000000001));
#2974=CARTESIAN_POINT('Origin',(-5.50000000000001,-15.,-80.0000000000001));
#2975=CARTESIAN_POINT('',(-8.00000000000001,-16.,-80.0000000000001));
#2976=CARTESIAN_POINT('',(-8.00000000000001,-16.,-80.0000000000001));
#2977=CARTESIAN_POINT('Origin',(-5.50000000000001,-16.,-80.0000000000001));
#2978=CARTESIAN_POINT('Origin',(-5.50000000000001,-15.,-80.0000000000001));
#2979=CARTESIAN_POINT('',(-5.00000000000001,-15.,-80.0000000000001));
#2980=CARTESIAN_POINT('Origin',(-5.50000000000001,-15.,-80.0000000000001));
#2981=CARTESIAN_POINT('Origin',(5.50000000000001,-16.,-98.0000000000001));
#2982=CARTESIAN_POINT('',(3.00000000000001,-15.,-98.0000000000001));
#2983=CARTESIAN_POINT('Origin',(5.50000000000001,-15.,-98.0000000000001));
#2984=CARTESIAN_POINT('',(3.00000000000001,-16.,-98.0000000000001));
#2985=CARTESIAN_POINT('',(3.00000000000001,-16.,-98.0000000000001));
#2986=CARTESIAN_POINT('Origin',(5.50000000000001,-16.,-98.0000000000001));
#2987=CARTESIAN_POINT('Origin',(5.50000000000001,-15.,-98.0000000000001));
#2988=CARTESIAN_POINT('',(6.00000000000001,-15.,-98.0000000000001));
#2989=CARTESIAN_POINT('Origin',(5.50000000000001,-15.,-98.0000000000001));
#2990=CARTESIAN_POINT('Origin',(-5.50000000000001,-16.,-98.0000000000001));
#2991=CARTESIAN_POINT('',(-8.00000000000001,-15.,-98.0000000000001));
#2992=CARTESIAN_POINT('Origin',(-5.50000000000001,-15.,-98.0000000000001));
#2993=CARTESIAN_POINT('',(-8.00000000000001,-16.,-98.0000000000001));
#2994=CARTESIAN_POINT('',(-8.00000000000001,-16.,-98.0000000000001));
#2995=CARTESIAN_POINT('Origin',(-5.50000000000001,-16.,-98.0000000000001));
#2996=CARTESIAN_POINT('Origin',(-5.50000000000001,-15.,-98.0000000000001));
#2997=CARTESIAN_POINT('',(-5.00000000000001,-15.,-98.0000000000001));
#2998=CARTESIAN_POINT('Origin',(-5.50000000000001,-15.,-98.0000000000001));
#2999=CARTESIAN_POINT('Origin',(0.,-18.,-89.0000000000001));
#3000=CARTESIAN_POINT('',(25.,-18.,-89.0000000000001));
#3001=CARTESIAN_POINT('',(25.,-18.,-89.0000000000001));
#3002=CARTESIAN_POINT('Origin',(0.,-18.,-89.0000000000001));
#3003=CARTESIAN_POINT('Origin',(-14.9999997094273,-18.,-100.500000171363));
#3004=CARTESIAN_POINT('',(-14.9999997094273,-18.,-100.500000171363));
#3005=CARTESIAN_POINT('',(-18.9999997094274,-18.,-100.500000171363));
#3006=CARTESIAN_POINT('',(-7.49999985471367,-18.,-100.500000171363));
#3007=CARTESIAN_POINT('',(-14.9999997094273,-16.,-100.500000171363));
#3008=CARTESIAN_POINT('',(-14.9999997094273,-18.,-100.500000171363));
#3009=CARTESIAN_POINT('',(-18.9999997094274,-16.,-100.500000171363));
#3010=CARTESIAN_POINT('',(-7.49999985471367,-16.,-100.500000171363));
#3011=CARTESIAN_POINT('',(-18.9999997094274,-18.,-100.500000171363));
#3012=CARTESIAN_POINT('Origin',(-14.9999997094273,-17.9999999999999,-98.5000001713635));
#3013=CARTESIAN_POINT('',(-12.9999997094274,-17.9999999999999,-98.5000001713635));
#3014=CARTESIAN_POINT('Origin',(-14.9999997094273,-17.9999999999999,-98.5000001713635));
#3015=CARTESIAN_POINT('',(-12.9999997094274,-16.,-98.5000001713635));
#3016=CARTESIAN_POINT('',(-12.9999997094274,-17.9999999999999,-98.5000001713635));
#3017=CARTESIAN_POINT('Origin',(-14.9999997094273,-16.,-98.5000001713635));
#3018=CARTESIAN_POINT('Origin',(-12.9999997094274,-18.,-79.5000002570451));
#3019=CARTESIAN_POINT('',(-12.9999997094274,-18.,-79.5000002570451));
#3020=CARTESIAN_POINT('',(-12.9999997094274,-18.,-84.2500001285226));
#3021=CARTESIAN_POINT('',(-12.9999997094274,-16.,-79.5000002570451));
#3022=CARTESIAN_POINT('',(-12.9999997094274,-18.,-79.5000002570451));
#3023=CARTESIAN_POINT('',(-12.9999997094274,-16.,-84.2500001285226));
#3024=CARTESIAN_POINT('Origin',(-14.9999997094273,-18.,-79.5000002570451));
#3025=CARTESIAN_POINT('',(-14.9999997094273,-17.9999999999999,-77.5000002570451));
#3026=CARTESIAN_POINT('Origin',(-14.9999997094273,-18.,-79.5000002570451));
#3027=CARTESIAN_POINT('',(-14.9999997094273,-16.,-77.5000002570451));
#3028=CARTESIAN_POINT('',(-14.9999997094273,-17.9999999999999,-77.5000002570451));
#3029=CARTESIAN_POINT('Origin',(-14.9999997094273,-16.,-79.5000002570451));
#3030=CARTESIAN_POINT('Origin',(-18.9999997094274,-17.9999999999999,-77.5000002570451));
#3031=CARTESIAN_POINT('',(-18.9999997094274,-17.9999999999999,-77.5000002570451));
#3032=CARTESIAN_POINT('',(-9.49999985471369,-17.9999999999999,-77.5000002570451));
#3033=CARTESIAN_POINT('',(-18.9999997094274,-16.,-77.5000002570451));
#3034=CARTESIAN_POINT('',(-18.9999997094274,-17.9999999999999,-77.5000002570451));
#3035=CARTESIAN_POINT('',(-9.49999985471369,-16.,-77.5000002570451));
#3036=CARTESIAN_POINT('Origin',(-18.9999997094274,-18.,-79.5000002570451));
#3037=CARTESIAN_POINT('',(-20.9999997094274,-18.,-79.5000002570451));
#3038=CARTESIAN_POINT('Origin',(-18.9999997094274,-18.,-79.5000002570451));
#3039=CARTESIAN_POINT('',(-20.9999997094274,-16.,-79.5000002570451));
#3040=CARTESIAN_POINT('',(-20.9999997094274,-18.,-79.5000002570451));
#3041=CARTESIAN_POINT('Origin',(-18.9999997094274,-16.,-79.5000002570451));
#3042=CARTESIAN_POINT('Origin',(-20.9999997094274,-17.9999999999999,-98.5000001713635));
#3043=CARTESIAN_POINT('',(-20.9999997094274,-17.9999999999999,-98.5000001713635));
#3044=CARTESIAN_POINT('',(-20.9999997094274,-17.9999999999999,-93.7500000856818));
#3045=CARTESIAN_POINT('',(-20.9999997094274,-16.,-98.5000001713635));
#3046=CARTESIAN_POINT('',(-20.9999997094274,-17.9999999999999,-98.5000001713635));
#3047=CARTESIAN_POINT('',(-20.9999997094274,-16.,-93.7500000856818));
#3048=CARTESIAN_POINT('Origin',(-18.9999997094274,-17.9999999999999,-98.5000001713635));
#3049=CARTESIAN_POINT('Origin',(-18.9999997094274,-17.9999999999999,-98.5000001713635));
#3050=CARTESIAN_POINT('Origin',(-18.9999997094274,-16.,-98.5000001713635));
#3051=CARTESIAN_POINT('Origin',(20.9999997094274,-18.,-79.5000002570451));
#3052=CARTESIAN_POINT('',(20.9999997094274,-18.,-79.5000002570451));
#3053=CARTESIAN_POINT('',(20.9999997094274,-17.9999999999999,-98.5000001713635));
#3054=CARTESIAN_POINT('',(20.9999997094274,-18.,-84.2500001285226));
#3055=CARTESIAN_POINT('',(20.9999997094274,-16.,-79.5000002570451));
#3056=CARTESIAN_POINT('',(20.9999997094274,-18.,-79.5000002570451));
#3057=CARTESIAN_POINT('',(20.9999997094274,-16.,-98.5000001713635));
#3058=CARTESIAN_POINT('',(20.9999997094274,-16.,-84.2500001285226));
#3059=CARTESIAN_POINT('',(20.9999997094274,-17.9999999999999,-98.5000001713635));
#3060=CARTESIAN_POINT('Origin',(18.9999997094274,-18.,-79.5000002570451));
#3061=CARTESIAN_POINT('',(18.9999997094274,-17.9999999999999,-77.5000002570451));
#3062=CARTESIAN_POINT('Origin',(18.9999997094274,-18.,-79.5000002570451));
#3063=CARTESIAN_POINT('',(18.9999997094274,-16.,-77.5000002570451));
#3064=CARTESIAN_POINT('',(18.9999997094274,-17.9999999999999,-77.5000002570451));
#3065=CARTESIAN_POINT('Origin',(18.9999997094274,-16.,-79.5000002570451));
#3066=CARTESIAN_POINT('Origin',(14.9999997094273,-17.9999999999999,-77.5000002570451));
#3067=CARTESIAN_POINT('',(14.9999997094273,-17.9999999999999,-77.5000002570451));
#3068=CARTESIAN_POINT('',(7.49999985471367,-17.9999999999999,-77.5000002570451));
#3069=CARTESIAN_POINT('',(14.9999997094273,-16.,-77.5000002570451));
#3070=CARTESIAN_POINT('',(14.9999997094273,-17.9999999999999,-77.5000002570451));
#3071=CARTESIAN_POINT('',(7.49999985471367,-16.,-77.5000002570451));
#3072=CARTESIAN_POINT('Origin',(14.9999997094273,-18.,-79.5000002570451));
#3073=CARTESIAN_POINT('',(12.9999997094274,-18.,-79.5000002570451));
#3074=CARTESIAN_POINT('Origin',(14.9999997094273,-18.,-79.5000002570451));
#3075=CARTESIAN_POINT('',(12.9999997094274,-16.,-79.5000002570451));
#3076=CARTESIAN_POINT('',(12.9999997094274,-18.,-79.5000002570451));
#3077=CARTESIAN_POINT('Origin',(14.9999997094273,-16.,-79.5000002570451));
#3078=CARTESIAN_POINT('Origin',(12.9999997094274,-17.9999999999999,-98.5000001713635));
#3079=CARTESIAN_POINT('',(12.9999997094274,-17.9999999999999,-98.5000001713635));
#3080=CARTESIAN_POINT('',(12.9999997094274,-17.9999999999999,-93.7500000856818));
#3081=CARTESIAN_POINT('',(12.9999997094274,-16.,-98.5000001713635));
#3082=CARTESIAN_POINT('',(12.9999997094274,-17.9999999999999,-98.5000001713635));
#3083=CARTESIAN_POINT('',(12.9999997094274,-16.,-93.7500000856818));
#3084=CARTESIAN_POINT('Origin',(14.9999997094273,-17.9999999999999,-98.5000001713635));
#3085=CARTESIAN_POINT('',(14.9999997094273,-18.,-100.500000171363));
#3086=CARTESIAN_POINT('Origin',(14.9999997094273,-17.9999999999999,-98.5000001713635));
#3087=CARTESIAN_POINT('',(14.9999997094273,-16.,-100.500000171363));
#3088=CARTESIAN_POINT('',(14.9999997094273,-18.,-100.500000171363));
#3089=CARTESIAN_POINT('Origin',(14.9999997094273,-16.,-98.5000001713635));
#3090=CARTESIAN_POINT('Origin',(18.9999997094274,-18.,-100.500000171363));
#3091=CARTESIAN_POINT('',(18.9999997094274,-18.,-100.500000171363));
#3092=CARTESIAN_POINT('',(9.49999985471369,-18.,-100.500000171363));
#3093=CARTESIAN_POINT('',(18.9999997094274,-16.,-100.500000171363));
#3094=CARTESIAN_POINT('',(18.9999997094274,-18.,-100.500000171363));
#3095=CARTESIAN_POINT('',(9.49999985471369,-16.,-100.500000171363));
#3096=CARTESIAN_POINT('Origin',(18.9999997094274,-17.9999999999999,-98.5000001713635));
#3097=CARTESIAN_POINT('Origin',(18.9999997094274,-17.9999999999999,-98.5000001713635));
#3098=CARTESIAN_POINT('Origin',(18.9999997094274,-16.,-98.5000001713635));
#3099=CARTESIAN_POINT('Origin',(-26.8115559086875,-8.99999999999996,-111.497566674269));
#3100=CARTESIAN_POINT('',(-26.8115559086875,-8.99999999999996,-111.497566674269));
#3101=CARTESIAN_POINT('',(-22.2152888504504,-8.99999999999996,-107.64084068091));
#3102=CARTESIAN_POINT('',(-13.4057779543438,-8.99999999999996,-100.248783337134));
#3103=CARTESIAN_POINT('',(-26.8115559086875,-16.,-111.497566674269));
#3104=CARTESIAN_POINT('',(-26.8115555091642,-11.,-111.497566339029));
#3105=CARTESIAN_POINT('',(-22.2152888504504,-16.,-107.64084068091));
#3106=CARTESIAN_POINT('',(0.,-16.,-89.0000000000001));
#3107=CARTESIAN_POINT('',(-22.2152888504504,-11.,-107.64084068091));
#3108=CARTESIAN_POINT('Origin',(-28.559424837354,-8.99999999999996,-83.9642028476591));
#3109=CARTESIAN_POINT('',(-28.559424837354,-8.99999999999996,-83.9642028476591));
#3110=CARTESIAN_POINT('',(-34.4682718690446,-8.99999999999996,-82.922313691093));
#3111=CARTESIAN_POINT('',(-14.279712418677,-8.99999999999996,-86.4821014238296));
#3112=CARTESIAN_POINT('',(-28.559424837354,-16.,-83.9642028476591));
#3113=CARTESIAN_POINT('',(-28.559424837354,-11.,-83.9642028476591));
#3114=CARTESIAN_POINT('',(-34.4682718690446,-16.,-82.922313691093));
#3115=CARTESIAN_POINT('',(0.,-16.,-89.0000000000001));
#3116=CARTESIAN_POINT('',(-34.4682713554273,-11.,-82.9223137816575));
#3117=CARTESIAN_POINT('Origin',(28.559424837354,-8.99999999999996,-94.0357971523411));
#3118=CARTESIAN_POINT('',(28.559424837354,-8.99999999999996,-94.0357971523411));
#3119=CARTESIAN_POINT('',(34.4682718690446,-8.99999999999996,-95.0776863089072));
#3120=CARTESIAN_POINT('',(14.279712418677,-8.99999999999996,-91.5178985761706));
#3121=CARTESIAN_POINT('',(28.559424837354,-16.,-94.0357971523411));
#3122=CARTESIAN_POINT('',(28.559424837354,-11.,-94.0357971523411));
#3123=CARTESIAN_POINT('',(34.4682718690446,-16.,-95.0776863089072));
#3124=CARTESIAN_POINT('',(0.,-16.,-89.0000000000001));
#3125=CARTESIAN_POINT('',(34.4682713554273,-11.,-95.0776862183426));
#3126=CARTESIAN_POINT('Origin',(26.8115559086875,-8.99999999999996,-66.5024333257313));
#3127=CARTESIAN_POINT('',(26.8115559086875,-8.99999999999996,-66.5024333257313));
#3128=CARTESIAN_POINT('',(22.2152888504504,-8.99999999999996,-70.3591593190904));
#3129=CARTESIAN_POINT('',(13.4057779543438,-8.99999999999996,-77.7512166628657));
#3130=CARTESIAN_POINT('',(26.8115559086875,-16.,-66.5024333257313));
#3131=CARTESIAN_POINT('',(26.8115555091642,-11.,-66.5024336609712));
#3132=CARTESIAN_POINT('',(22.2152888504504,-16.,-70.3591593190904));
#3133=CARTESIAN_POINT('',(0.,-16.,-89.0000000000001));
#3134=CARTESIAN_POINT('',(22.2152888504504,-11.,-70.3591593190904));
#3135=CARTESIAN_POINT('Origin',(-6.07768630890716,-8.99999999999996,-54.5317281309556));
#3136=CARTESIAN_POINT('',(-6.07768630890714,-8.99999999999996,-54.5317281309555));
#3137=CARTESIAN_POINT('',(-5.03579715234098,-8.99999999999996,-60.4405751626461));
#3138=CARTESIAN_POINT('',(-3.03884315445357,-8.99999999999996,-71.7658640654778));
#3139=CARTESIAN_POINT('',(-6.07768630890714,-16.,-54.5317281309555));
#3140=CARTESIAN_POINT('',(-6.07768621834257,-11.,-54.5317286445728));
#3141=CARTESIAN_POINT('',(-5.03579715234098,-16.,-60.440575162646));
#3142=CARTESIAN_POINT('',(0.,-16.,-89.0000000000001));
#3143=CARTESIAN_POINT('',(-5.035797152341,-11.,-60.440575162646));
#3144=CARTESIAN_POINT('Origin',(5.03579715234098,-8.99999999999996,-60.440575162646));
#3145=CARTESIAN_POINT('',(5.03579715234098,-8.99999999999996,-60.4405751626461));
#3146=CARTESIAN_POINT('',(6.07768630890714,-8.99999999999996,-54.5317281309555));
#3147=CARTESIAN_POINT('',(2.5178985761705,-8.99999999999996,-74.7202875813231));
#3148=CARTESIAN_POINT('',(5.03579715234098,-16.,-60.440575162646));
#3149=CARTESIAN_POINT('',(5.03579715234098,-11.,-60.440575162646));
#3150=CARTESIAN_POINT('',(6.07768630890714,-16.,-54.5317281309555));
#3151=CARTESIAN_POINT('',(0.,-16.,-89.0000000000001));
#3152=CARTESIAN_POINT('',(6.07768621834257,-11.,-54.5317286445728));
#3153=CARTESIAN_POINT('Origin',(6.07768630890714,-8.99999999999996,-123.468271869045));
#3154=CARTESIAN_POINT('',(6.07768630890714,-8.99999999999996,-123.468271869045));
#3155=CARTESIAN_POINT('',(5.03579715234098,-8.99999999999996,-117.559424837354));
#3156=CARTESIAN_POINT('',(3.03884315445357,-8.99999999999996,-106.234135934522));
#3157=CARTESIAN_POINT('',(6.07768630890714,-16.,-123.468271869045));
#3158=CARTESIAN_POINT('',(6.07768621834255,-11.,-123.468271355427));
#3159=CARTESIAN_POINT('',(5.03579715234098,-16.,-117.559424837354));
#3160=CARTESIAN_POINT('',(0.,-16.,-89.0000000000001));
#3161=CARTESIAN_POINT('',(5.03579715234098,-11.,-117.559424837354));
#3162=CARTESIAN_POINT('Origin',(-5.03579715234096,-8.99999999999996,-117.559424837354));
#3163=CARTESIAN_POINT('',(-5.03579715234098,-8.99999999999996,-117.559424837354));
#3164=CARTESIAN_POINT('',(-6.07768630890712,-8.99999999999996,-123.468271869045));
#3165=CARTESIAN_POINT('',(-2.51789857617048,-8.99999999999996,-103.279712418677));
#3166=CARTESIAN_POINT('',(-5.03579715234098,-16.,-117.559424837354));
#3167=CARTESIAN_POINT('',(-5.03579715234096,-11.,-117.559424837354));
#3168=CARTESIAN_POINT('',(-6.07768630890712,-16.,-123.468271869045));
#3169=CARTESIAN_POINT('',(0.,-16.,-89.0000000000001));
#3170=CARTESIAN_POINT('',(-6.07768621834255,-11.,-123.468271355427));
#3171=CARTESIAN_POINT('Origin',(22.4975666742687,-8.99999999999996,-115.811555908688));
#3172=CARTESIAN_POINT('',(22.4975666742687,-8.99999999999996,-115.811555908688));
#3173=CARTESIAN_POINT('',(18.6408406809097,-8.99999999999996,-111.21528885045));
#3174=CARTESIAN_POINT('',(11.2487833371344,-8.99999999999996,-102.405777954344));
#3175=CARTESIAN_POINT('',(22.4975666742687,-16.,-115.811555908688));
#3176=CARTESIAN_POINT('',(22.4975663390289,-11.,-115.811555509164));
#3177=CARTESIAN_POINT('',(18.6408406809097,-16.,-111.21528885045));
#3178=CARTESIAN_POINT('',(0.,-16.,-89.0000000000001));
#3179=CARTESIAN_POINT('',(18.6408406809096,-11.,-111.21528885045));
#3180=CARTESIAN_POINT('Origin',(9.91858415644442,-8.99999999999996,-116.251086002791));
#3181=CARTESIAN_POINT('',(9.91858415644442,-8.99999999999996,-116.251086002791));
#3182=CARTESIAN_POINT('',(11.9707051947758,-8.99999999999996,-121.889242217595));
#3183=CARTESIAN_POINT('',(4.9592920782222,-8.99999999999996,-102.625543001396));
#3184=CARTESIAN_POINT('',(9.91858415644442,-16.,-116.251086002791));
#3185=CARTESIAN_POINT('',(9.91858415644442,-11.,-116.251086002791));
#3186=CARTESIAN_POINT('',(11.9707051947758,-16.,-121.889242217595));
#3187=CARTESIAN_POINT('',(0.,-16.,-89.0000000000001));
#3188=CARTESIAN_POINT('',(11.9707050163984,-11.,-121.889241727507));
#3189=CARTESIAN_POINT('Origin',(-22.4975666742687,-8.99999999999996,-62.1884440913126));
#3190=CARTESIAN_POINT('',(-22.4975666742687,-8.99999999999996,-62.1884440913126));
#3191=CARTESIAN_POINT('',(-18.6408406809096,-8.99999999999996,-66.7847111495497));
#3192=CARTESIAN_POINT('',(-11.2487833371344,-8.99999999999996,-75.5942220456563));
#3193=CARTESIAN_POINT('',(-22.4975666742687,-16.,-62.1884440913125));
#3194=CARTESIAN_POINT('',(-22.4975663390289,-11.,-62.1884444908358));
#3195=CARTESIAN_POINT('',(-18.6408406809096,-16.,-66.7847111495497));
#3196=CARTESIAN_POINT('',(0.,-16.,-89.0000000000001));
#3197=CARTESIAN_POINT('',(-18.6408406809096,-11.,-66.7847111495497));
#3198=CARTESIAN_POINT('Origin',(-9.9185841564444,-8.99999999999996,-61.7489139972087));
#3199=CARTESIAN_POINT('',(-9.9185841564444,-8.99999999999996,-61.7489139972088));
#3200=CARTESIAN_POINT('',(-11.9707051947758,-8.99999999999996,-56.1107577824054));
#3201=CARTESIAN_POINT('',(-4.9592920782222,-8.99999999999996,-75.3744569986044));
#3202=CARTESIAN_POINT('',(-9.9185841564444,-16.,-61.7489139972087));
#3203=CARTESIAN_POINT('',(-9.9185841564444,-11.,-61.7489139972087));
#3204=CARTESIAN_POINT('',(-11.9707051947758,-16.,-56.1107577824054));
#3205=CARTESIAN_POINT('',(0.,-16.,-89.0000000000001));
#3206=CARTESIAN_POINT('',(-11.9707050163984,-11.,-56.1107582724933));
#3207=CARTESIAN_POINT('Origin',(0.,-11.,-89.0000000000001));
#3208=CARTESIAN_POINT('Origin',(0.,-16.,-89.0000000000001));
#3209=CARTESIAN_POINT('Origin',(0.,-8.99999999999996,-89.0000000000001));
#3210=CARTESIAN_POINT('Origin',(0.,-11.,-89.0000000000001));
#3211=CARTESIAN_POINT('Origin',(0.,-16.,-89.0000000000001));
#3212=CARTESIAN_POINT('Origin',(0.,-8.99999999999996,-89.0000000000001));
#3213=CARTESIAN_POINT('Origin',(0.,-11.,-89.0000000000001));
#3214=CARTESIAN_POINT('Origin',(0.,-16.,-89.0000000000001));
#3215=CARTESIAN_POINT('Origin',(0.,-8.99999999999996,-89.0000000000001));
#3216=CARTESIAN_POINT('Origin',(0.,-11.,-89.0000000000001));
#3217=CARTESIAN_POINT('Origin',(0.,-8.99999999999996,-89.0000000000001));
#3218=CARTESIAN_POINT('Origin',(0.,-16.,-89.0000000000001));
#3219=CARTESIAN_POINT('Origin',(0.,-11.,-89.0000000000001));
#3220=CARTESIAN_POINT('Origin',(0.,-16.,-89.0000000000001));
#3221=CARTESIAN_POINT('Origin',(0.,-8.99999999999996,-89.0000000000001));
#3222=CARTESIAN_POINT('Origin',(0.,-11.,-89.0000000000001));
#3223=CARTESIAN_POINT('Origin',(0.,-8.99999999999996,-89.0000000000001));
#3224=CARTESIAN_POINT('Origin',(0.,-16.,-89.0000000000001));
#3225=CARTESIAN_POINT('Origin',(0.,-11.,-89.0000000000001));
#3226=CARTESIAN_POINT('',(33.8074039201174,-22.,-98.0586665785883));
#3227=CARTESIAN_POINT('',(33.8074039201174,-25.,-98.0586665785883));
#3228=CARTESIAN_POINT('',(33.8074039201174,-8.99999999999995,-98.0586665785883));
#3229=CARTESIAN_POINT('',(33.8074039201174,-11.,-98.0586665785883));
#3230=CARTESIAN_POINT('Origin',(0.,-8.99999999999996,-89.0000000000001));
#3231=CARTESIAN_POINT('Origin',(0.,-16.,-89.0000000000001));
#3232=CARTESIAN_POINT('Origin',(0.,-8.99999999999996,-89.0000000000001));
#3233=CARTESIAN_POINT('Origin',(0.,-16.,-89.0000000000001));
#3234=CARTESIAN_POINT('Origin',(0.,-8.99999999999996,-89.0000000000001));
#3235=CARTESIAN_POINT('Origin',(0.,-16.,-89.0000000000001));
#3236=CARTESIAN_POINT('Origin',(0.,-8.99999999999996,-89.0000000000001));
#3237=CARTESIAN_POINT('Origin',(0.,-16.,-89.0000000000001));
#3238=CARTESIAN_POINT('Origin',(0.,-8.99999999999996,-89.0000000000001));
#3239=CARTESIAN_POINT('Origin',(0.,-16.,-89.0000000000001));
#3240=CARTESIAN_POINT('Origin',(0.,-8.99999999999996,-89.0000000000001));
#3241=CARTESIAN_POINT('Origin',(0.,-16.,-89.0000000000001));
#3242=CARTESIAN_POINT('Origin',(0.,-8.99999999999996,-89.0000000000001));
#3243=CARTESIAN_POINT('',(33.8074039201174,-25.,-98.0586665785883));
#3244=CARTESIAN_POINT('',(24.7487373415292,-22.,-113.748737341529));
#3245=CARTESIAN_POINT('',(24.7487373415292,-24.9999999999999,-113.748737341529));
#3246=CARTESIAN_POINT('',(24.7487373415292,-24.9999999999999,-113.748737341529));
#3247=CARTESIAN_POINT('',(-9.05866657858825,-22.,-122.807403920117));
#3248=CARTESIAN_POINT('',(-9.05866657858825,-24.9999999999999,-122.807403920117));
#3249=CARTESIAN_POINT('',(-9.05866657858825,-24.9999999999999,-122.807403920117));
#3250=CARTESIAN_POINT('',(-24.7487373415292,-22.,-113.748737341529));
#3251=CARTESIAN_POINT('',(-24.7487373415292,-24.9999999999999,-113.748737341529));
#3252=CARTESIAN_POINT('',(-24.7487373415292,-24.9999999999999,-113.748737341529));
#3253=CARTESIAN_POINT('',(-33.8074039201174,-22.,-79.9413334214119));
#3254=CARTESIAN_POINT('',(-33.8074039201174,-25.,-79.9413334214119));
#3255=CARTESIAN_POINT('',(-33.8074039201174,-25.,-79.9413334214119));
#3256=CARTESIAN_POINT('',(-24.7487373415292,-22.,-64.2512626584709));
#3257=CARTESIAN_POINT('',(-24.7487373415292,-25.,-64.2512626584709));
#3258=CARTESIAN_POINT('',(-24.7487373415292,-25.,-64.2512626584709));
#3259=CARTESIAN_POINT('',(9.05866657858825,-22.,-55.1925960798827));
#3260=CARTESIAN_POINT('',(9.05866657858825,-25.,-55.1925960798827));
#3261=CARTESIAN_POINT('',(9.05866657858825,-25.,-55.1925960798827));
#3262=CARTESIAN_POINT('',(24.7487373415292,-22.,-64.2512626584709));
#3263=CARTESIAN_POINT('',(24.7487373415292,-25.,-64.2512626584709));
#3264=CARTESIAN_POINT('',(24.7487373415292,-25.,-64.2512626584709));
#3265=CARTESIAN_POINT('Origin',(0.,-8.99999999999996,-89.0000000000001));
#3266=CARTESIAN_POINT('',(9.88220944328067,-8.99999999999996,-119.90962644125));
#3267=CARTESIAN_POINT('Origin',(8.28220944328066,-8.99999999999996,-119.90962644125));
#3268=CARTESIAN_POINT('Origin',(0.,-8.99999999999996,-89.0000000000001));
#3269=CARTESIAN_POINT('',(-6.68220944328066,-8.99999999999996,-58.0903735587499));
#3270=CARTESIAN_POINT('Origin',(-8.28220944328066,-8.99999999999996,-58.0903735587499));
#3271=CARTESIAN_POINT('Origin',(0.,-8.99999999999996,-89.0000000000001));
#3272=CARTESIAN_POINT('',(24.2274169979695,-8.99999999999996,-66.3725830020306));
#3273=CARTESIAN_POINT('Origin',(22.6274169979695,-8.99999999999996,-66.3725830020306));
#3274=CARTESIAN_POINT('',(9.88220944328067,-8.99999999999996,-58.0903735587499));
#3275=CARTESIAN_POINT('Origin',(8.28220944328066,-8.99999999999996,-58.0903735587499));
#3276=CARTESIAN_POINT('Origin',(0.,-8.99999999999996,-89.0000000000001));
#3277=CARTESIAN_POINT('',(24.2274169979695,-8.99999999999996,-111.62741699797));
#3278=CARTESIAN_POINT('Origin',(22.6274169979695,-8.99999999999996,-111.62741699797));
#3279=CARTESIAN_POINT('',(32.5096264412502,-8.99999999999996,-97.2822094432808));
#3280=CARTESIAN_POINT('Origin',(30.9096264412502,-8.99999999999996,-97.2822094432808));
#3281=CARTESIAN_POINT('Origin',(0.,-8.99999999999996,-89.0000000000001));
#3282=CARTESIAN_POINT('',(-6.68220944328066,-8.99999999999996,-119.90962644125));
#3283=CARTESIAN_POINT('Origin',(-8.28220944328066,-8.99999999999996,-119.90962644125));
#3284=CARTESIAN_POINT('',(-21.0274169979695,-8.99999999999996,-111.62741699797));
#3285=CARTESIAN_POINT('Origin',(-22.6274169979695,-8.99999999999996,-111.62741699797));
#3286=CARTESIAN_POINT('Origin',(5.50000000000001,-18.,-80.0000000000001));
#3287=CARTESIAN_POINT('',(6.00000000000001,-18.,-80.0000000000001));
#3288=CARTESIAN_POINT('Origin',(5.50000000000001,-17.9999999999999,-98.0000000000001));
#3289=CARTESIAN_POINT('',(6.00000000000001,-17.9999999999999,-98.0000000000001));
#3290=CARTESIAN_POINT('Origin',(-5.50000000000001,-17.9999999999999,-98.0000000000001));
#3291=CARTESIAN_POINT('',(-5.00000000000001,-17.9999999999999,-98.0000000000001));
#3292=CARTESIAN_POINT('Origin',(-5.50000000000001,-18.,-80.0000000000001));
#3293=CARTESIAN_POINT('',(-5.00000000000001,-18.,-80.0000000000001));
#3294=CARTESIAN_POINT('Origin',(22.6274169979695,-25.,-66.3725830020306));
#3295=CARTESIAN_POINT('',(20.5060966544099,-22.,-68.4939033455902));
#3296=CARTESIAN_POINT('Origin',(22.6274169979695,-22.,-66.3725830020306));
#3297=CARTESIAN_POINT('',(20.5060966544099,-25.,-68.4939033455902));
#3298=CARTESIAN_POINT('Origin',(22.6274169979695,-25.,-66.3725830020306));
#3299=CARTESIAN_POINT('',(20.5060966544099,-25.,-68.4939033455902));
#3300=CARTESIAN_POINT('Origin',(22.6274169979695,-22.,-66.3725830020306));
#3301=CARTESIAN_POINT('Origin',(22.6274169979695,-22.,-66.3725830020306));
#3302=CARTESIAN_POINT('',(24.2274169979695,-22.,-66.3725830020306));
#3303=CARTESIAN_POINT('Origin',(22.6274169979695,-22.,-66.3725830020306));
#3304=CARTESIAN_POINT('Origin',(-22.6274169979695,-24.9999999999999,-111.62741699797));
#3305=CARTESIAN_POINT('',(-20.5060966544099,-22.,-109.50609665441));
#3306=CARTESIAN_POINT('',(-20.5060966544099,-24.9999999999999,-109.50609665441));
#3307=CARTESIAN_POINT('Origin',(-22.6274169979695,-22.,-111.62741699797));
#3308=CARTESIAN_POINT('Origin',(-22.6274169979695,-24.9999999999999,-111.62741699797));
#3309=CARTESIAN_POINT('',(-20.5060966544099,-24.9999999999999,-109.50609665441));
#3310=CARTESIAN_POINT('Origin',(-22.6274169979695,-22.,-111.62741699797));
#3311=CARTESIAN_POINT('Origin',(-22.6274169979695,-22.,-111.62741699797));
#3312=CARTESIAN_POINT('',(-21.0274169979695,-22.,-111.62741699797));
#3313=CARTESIAN_POINT('Origin',(-22.6274169979695,-22.,-111.62741699797));
#3314=CARTESIAN_POINT('Origin',(-30.9096264412502,-25.,-80.7177905567194));
#3315=CARTESIAN_POINT('',(-28.011848962383,-22.,-81.494247692027));
#3316=CARTESIAN_POINT('Origin',(-30.9096264412502,-22.,-80.7177905567194));
#3317=CARTESIAN_POINT('',(-28.011848962383,-25.,-81.494247692027));
#3318=CARTESIAN_POINT('Origin',(-30.9096264412502,-25.,-80.7177905567194));
#3319=CARTESIAN_POINT('',(-28.011848962383,-25.,-81.494247692027));
#3320=CARTESIAN_POINT('Origin',(-30.9096264412502,-22.,-80.7177905567194));
#3321=CARTESIAN_POINT('Origin',(-30.9096264412502,-22.,-80.7177905567194));
#3322=CARTESIAN_POINT('',(-29.3096264412502,-22.,-80.7177905567194));
#3323=CARTESIAN_POINT('Origin',(-30.9096264412502,-22.,-80.7177905567194));
#3324=CARTESIAN_POINT('Origin',(30.9096264412502,-25.,-97.2822094432807));
#3325=CARTESIAN_POINT('',(28.011848962383,-22.,-96.5057523079732));
#3326=CARTESIAN_POINT('',(28.011848962383,-25.,-96.5057523079732));
#3327=CARTESIAN_POINT('Origin',(30.9096264412502,-22.,-97.2822094432807));
#3328=CARTESIAN_POINT('Origin',(30.9096264412502,-25.,-97.2822094432807));
#3329=CARTESIAN_POINT('',(28.011848962383,-25.,-96.5057523079732));
#3330=CARTESIAN_POINT('Origin',(30.9096264412502,-22.,-97.2822094432807));
#3331=CARTESIAN_POINT('Origin',(30.9096264412502,-22.,-97.2822094432807));
#3332=CARTESIAN_POINT('',(32.5096264412502,-22.,-97.2822094432807));
#3333=CARTESIAN_POINT('Origin',(30.9096264412502,-22.,-97.2822094432807));
#3334=CARTESIAN_POINT('Origin',(8.28220944328068,-25.,-58.0903735587499));
#3335=CARTESIAN_POINT('',(7.50575230797311,-22.,-60.9881510376171));
#3336=CARTESIAN_POINT('Origin',(8.28220944328068,-22.,-58.0903735587499));
#3337=CARTESIAN_POINT('',(7.50575230797311,-25.,-60.9881510376171));
#3338=CARTESIAN_POINT('Origin',(8.28220944328068,-25.,-58.0903735587499));
#3339=CARTESIAN_POINT('',(7.50575230797311,-25.,-60.9881510376171));
#3340=CARTESIAN_POINT('Origin',(8.28220944328068,-22.,-58.0903735587499));
#3341=CARTESIAN_POINT('Origin',(8.28220944328068,-22.,-58.0903735587499));
#3342=CARTESIAN_POINT('',(9.88220944328067,-22.,-58.0903735587499));
#3343=CARTESIAN_POINT('Origin',(8.28220944328066,-22.,-58.0903735587499));
#3344=CARTESIAN_POINT('Origin',(-8.28220944328068,-24.9999999999999,-119.90962644125));
#3345=CARTESIAN_POINT('',(-7.50575230797311,-22.,-117.011848962383));
#3346=CARTESIAN_POINT('',(-7.50575230797311,-24.9999999999999,-117.011848962383));
#3347=CARTESIAN_POINT('Origin',(-8.28220944328068,-22.,-119.90962644125));
#3348=CARTESIAN_POINT('Origin',(-8.28220944328068,-24.9999999999999,-119.90962644125));
#3349=CARTESIAN_POINT('',(-7.50575230797311,-24.9999999999999,-117.011848962383));
#3350=CARTESIAN_POINT('Origin',(-8.28220944328068,-22.,-119.90962644125));
#3351=CARTESIAN_POINT('Origin',(-8.28220944328068,-22.,-119.90962644125));
#3352=CARTESIAN_POINT('',(-6.68220944328066,-22.,-119.90962644125));
#3353=CARTESIAN_POINT('Origin',(-8.28220944328066,-22.,-119.90962644125));
#3354=CARTESIAN_POINT('Origin',(-22.6274169979695,-25.,-66.3725830020306));
#3355=CARTESIAN_POINT('',(-20.5060966544099,-22.,-68.4939033455902));
#3356=CARTESIAN_POINT('Origin',(-22.6274169979695,-22.,-66.3725830020306));
#3357=CARTESIAN_POINT('',(-20.5060966544099,-25.,-68.4939033455902));
#3358=CARTESIAN_POINT('Origin',(-22.6274169979695,-25.,-66.3725830020306));
#3359=CARTESIAN_POINT('',(-20.5060966544099,-25.,-68.4939033455902));
#3360=CARTESIAN_POINT('Origin',(-22.6274169979695,-22.,-66.3725830020306));
#3361=CARTESIAN_POINT('Origin',(-22.6274169979695,-22.,-66.3725830020306));
#3362=CARTESIAN_POINT('',(-21.0274169979695,-22.,-66.3725830020306));
#3363=CARTESIAN_POINT('Origin',(-22.6274169979695,-22.,-66.3725830020306));
#3364=CARTESIAN_POINT('Origin',(22.6274169979695,-24.9999999999999,-111.62741699797));
#3365=CARTESIAN_POINT('',(20.5060966544099,-22.,-109.50609665441));
#3366=CARTESIAN_POINT('',(20.5060966544099,-24.9999999999999,-109.50609665441));
#3367=CARTESIAN_POINT('Origin',(22.6274169979695,-22.,-111.62741699797));
#3368=CARTESIAN_POINT('Origin',(22.6274169979695,-24.9999999999999,-111.62741699797));
#3369=CARTESIAN_POINT('',(20.5060966544099,-24.9999999999999,-109.50609665441));
#3370=CARTESIAN_POINT('Origin',(22.6274169979695,-22.,-111.62741699797));
#3371=CARTESIAN_POINT('Origin',(22.6274169979695,-22.,-111.62741699797));
#3372=CARTESIAN_POINT('',(24.2274169979695,-22.,-111.62741699797));
#3373=CARTESIAN_POINT('Origin',(22.6274169979695,-22.,-111.62741699797));
#3374=CARTESIAN_POINT('Origin',(0.,-8.99999999999996,-89.0000000000001));
#3375=CARTESIAN_POINT('',(-21.0274169979695,-8.99999999999996,-66.3725830020306));
#3376=CARTESIAN_POINT('Origin',(-22.6274169979695,-8.99999999999996,-66.3725830020306));
#3377=CARTESIAN_POINT('',(-29.3096264412502,-8.99999999999996,-80.7177905567194));
#3378=CARTESIAN_POINT('Origin',(-30.9096264412502,-8.99999999999996,-80.7177905567194));
#3379=CARTESIAN_POINT('Origin',(0.,-18.,-89.0000000000001));
#3380=CARTESIAN_POINT('Origin',(0.,-16.,-89.0000000000001));
#3381=CARTESIAN_POINT('',(-29.3096264412502,-16.,-97.2822094432807));
#3382=CARTESIAN_POINT('Origin',(-30.9096264412502,-16.,-97.2822094432807));
#3383=CARTESIAN_POINT('',(32.5096264412502,-16.,-80.7177905567195));
#3384=CARTESIAN_POINT('Origin',(30.9096264412502,-16.,-80.7177905567194));
#3385=CARTESIAN_POINT('Origin',(8.28220944328066,-11.,-58.0903735587499));
#3386=CARTESIAN_POINT('',(9.88220944328066,-11.,-58.0903735587499));
#3387=CARTESIAN_POINT('Origin',(-30.9096264412502,-11.,-80.7177905567194));
#3388=CARTESIAN_POINT('',(-29.3096264412502,-11.,-80.7177905567194));
#3389=CARTESIAN_POINT('Origin',(22.6274169979695,-11.,-111.62741699797));
#3390=CARTESIAN_POINT('',(24.2274169979695,-11.,-111.62741699797));
#3391=CARTESIAN_POINT('Origin',(0.,-11.,-89.0000000000001));
#3392=CARTESIAN_POINT('',(20.5060966544099,-11.,-68.4939033455902));
#3393=CARTESIAN_POINT('Origin',(30.9096264412502,-11.,-80.7177905567195));
#3394=CARTESIAN_POINT('',(32.5096264412502,-11.,-80.7177905567195));
#3395=CARTESIAN_POINT('Origin',(-8.28220944328066,-11.,-58.0903735587499));
#3396=CARTESIAN_POINT('',(-6.68220944328066,-11.,-58.0903735587499));
#3397=CARTESIAN_POINT('Origin',(-22.6274169979695,-11.,-66.3725830020306));
#3398=CARTESIAN_POINT('',(-21.0274169979695,-11.,-66.3725830020306));
#3399=CARTESIAN_POINT('Origin',(-30.9096264412502,-11.,-97.2822094432807));
#3400=CARTESIAN_POINT('',(-29.3096264412502,-11.,-97.2822094432807));
#3401=CARTESIAN_POINT('Origin',(-8.28220944328066,-11.,-119.90962644125));
#3402=CARTESIAN_POINT('',(-6.68220944328066,-11.,-119.90962644125));
#3403=CARTESIAN_POINT('Origin',(30.9096264412502,-11.,-97.2822094432808));
#3404=CARTESIAN_POINT('',(32.5096264412502,-11.,-97.2822094432808));
#3405=CARTESIAN_POINT('Origin',(22.6274169979695,-11.,-66.3725830020306));
#3406=CARTESIAN_POINT('',(24.2274169979695,-11.,-66.3725830020306));
#3407=CARTESIAN_POINT('Origin',(-22.6274169979695,-11.,-111.62741699797));
#3408=CARTESIAN_POINT('',(-21.0274169979695,-11.,-111.62741699797));
#3409=CARTESIAN_POINT('Origin',(8.28220944328066,-11.,-119.90962644125));
#3410=CARTESIAN_POINT('',(9.88220944328066,-11.,-119.90962644125));
#3411=UNCERTAINTY_MEASURE_WITH_UNIT(LENGTH_MEASURE(0.01),#3415,
'DISTANCE_ACCURACY_VALUE',
'Maximum model space distance between geometric entities at asserted c
onnectivities');
#3412=UNCERTAINTY_MEASURE_WITH_UNIT(LENGTH_MEASURE(0.01),#3415,
'DISTANCE_ACCURACY_VALUE',
'Maximum model space distance between geometric entities at asserted c
onnectivities');
#3413=(
GEOMETRIC_REPRESENTATION_CONTEXT(3)
GLOBAL_UNCERTAINTY_ASSIGNED_CONTEXT((#3411))
GLOBAL_UNIT_ASSIGNED_CONTEXT((#3415,#3416,#3417))
REPRESENTATION_CONTEXT('','3D')
);
#3414=(
GEOMETRIC_REPRESENTATION_CONTEXT(3)
GLOBAL_UNCERTAINTY_ASSIGNED_CONTEXT((#3412))
GLOBAL_UNIT_ASSIGNED_CONTEXT((#3415,#3416,#3417))
REPRESENTATION_CONTEXT('','3D')
);
#3415=(
LENGTH_UNIT()
NAMED_UNIT(*)
SI_UNIT(.MILLI.,.METRE.)
);
#3416=(
NAMED_UNIT(*)
PLANE_ANGLE_UNIT()
SI_UNIT($,.RADIAN.)
);
#3417=(
NAMED_UNIT(*)
SI_UNIT($,.STERADIAN.)
SOLID_ANGLE_UNIT()
);
#3418=SHAPE_DEFINITION_REPRESENTATION(#3419,#3420);
#3419=PRODUCT_DEFINITION_SHAPE('',$,#3422);
#3420=SHAPE_REPRESENTATION('',(#1965),#3413);
#3421=PRODUCT_DEFINITION_CONTEXT('part definition',#3426,'design');
#3422=PRODUCT_DEFINITION('encoder-mount','encoder-mount v7',#3423,#3421);
#3423=PRODUCT_DEFINITION_FORMATION('',$,#3428);
#3424=PRODUCT_RELATED_PRODUCT_CATEGORY('encoder-mount v7',
'encoder-mount v7',(#3428));
#3425=APPLICATION_PROTOCOL_DEFINITION('international standard',
'automotive_design',2009,#3426);
#3426=APPLICATION_CONTEXT(
'Core Data for Automotive Mechanical Design Process');
#3427=PRODUCT_CONTEXT('part definition',#3426,'mechanical');
#3428=PRODUCT('encoder-mount','encoder-mount v7',$,(#3427));
#3429=PRESENTATION_STYLE_ASSIGNMENT((#3430));
#3430=SURFACE_STYLE_USAGE(.BOTH.,#3431);
#3431=SURFACE_SIDE_STYLE('',(#3432));
#3432=SURFACE_STYLE_FILL_AREA(#3433);
#3433=FILL_AREA_STYLE('Steel - Satin',(#3434));
#3434=FILL_AREA_STYLE_COLOUR('Steel - Satin',#3435);
#3435=COLOUR_RGB('Steel - Satin',0.627450980392157,0.627450980392157,0.627450980392157);
ENDSEC;
END-ISO-10303-21;
